{"id": 102231016, "node_id": "MDEwOlJlcG9zaXRvcnkxMDIyMzEwMTY=", "name": "spring-boot-microservices", "full_name": "eiselems/spring-boot-microservices", "private": false, "owner": {"login": "eiselems", "id": 5188694, "node_id": "MDQ6VXNlcjUxODg2OTQ=", "avatar_url": "https://avatars.githubusercontent.com/u/5188694?v=4", "gravatar_id": "", "url": "https://api.github.com/users/eiselems", "html_url": "https://github.com/eiselems", "followers_url": "https://api.github.com/users/eiselems/followers", "following_url": "https://api.github.com/users/eiselems/following{/other_user}", "gists_url": "https://api.github.com/users/eiselems/gists{/gist_id}", "starred_url": "https://api.github.com/users/eiselems/starred{/owner}{/repo}", "subscriptions_url": "https://api.github.com/users/eiselems/subscriptions", "organizations_url": "https://api.github.com/users/eiselems/orgs", "repos_url": "https://api.github.com/users/eiselems/repos", "events_url": "https://api.github.com/users/eiselems/events{/privacy}", "received_events_url": "https://api.github.com/users/eiselems/received_events", "type": "User", "site_admin": false}, "html_url": "https://github.com/eiselems/spring-boot-microservices", "description": "This repo is part of a tutorial about writing microservices using Spring Boot", "fork": false, "url": "https://api.github.com/repos/eiselems/spring-boot-microservices", "forks_url": "https://api.github.com/repos/eiselems/spring-boot-microservices/forks", "keys_url": "https://api.github.com/repos/eiselems/spring-boot-microservices/keys{/key_id}", "collaborators_url": "https://api.github.com/repos/eiselems/spring-boot-microservices/collaborators{/collaborator}", "teams_url": "https://api.github.com/repos/eiselems/spring-boot-microservices/teams", "hooks_url": "https://api.github.com/repos/eiselems/spring-boot-microservices/hooks", "issue_events_url": "https://api.github.com/repos/eiselems/spring-boot-microservices/issues/events{/number}", "events_url": "https://api.github.com/repos/eiselems/spring-boot-microservices/events", "assignees_url": "https://api.github.com/repos/eiselems/spring-boot-microservices/assignees{/user}", "branches_url": "https://api.github.com/repos/eiselems/spring-boot-microservices/branches{/branch}", "tags_url": "https://api.github.com/repos/eiselems/spring-boot-microservices/tags", "blobs_url": "https://api.github.com/repos/eiselems/spring-boot-microservices/git/blobs{/sha}", "git_tags_url": "https://api.github.com/repos/eiselems/spring-boot-microservices/git/tags{/sha}", "git_refs_url": "https://api.github.com/repos/eiselems/spring-boot-microservices/git/refs{/sha}", "trees_url": "https://api.github.com/repos/eiselems/spring-boot-microservices/git/trees{/sha}", "statuses_url": "https://api.github.com/repos/eiselems/spring-boot-microservices/statuses/{sha}", "languages_url": "https://api.github.com/repos/eiselems/spring-boot-microservices/languages", "stargazers_url": "https://api.github.com/repos/eiselems/spring-boot-microservices/stargazers", "contributors_url": "https://api.github.com/repos/eiselems/spring-boot-microservices/contributors", "subscribers_url": "https://api.github.com/repos/eiselems/spring-boot-microservices/subscribers", "subscription_url": "https://api.github.com/repos/eiselems/spring-boot-microservices/subscription", "commits_url": "https://api.github.com/repos/eiselems/spring-boot-microservices/commits{/sha}", "git_commits_url": "https://api.github.com/repos/eiselems/spring-boot-microservices/git/commits{/sha}", "comments_url": "https://api.github.com/repos/eiselems/spring-boot-microservices/comments{/number}", "issue_comment_url": "https://api.github.com/repos/eiselems/spring-boot-microservices/issues/comments{/number}", "contents_url": "https://api.github.com/repos/eiselems/spring-boot-microservices/contents/{+path}", "compare_url": "https://api.github.com/repos/eiselems/spring-boot-microservices/compare/{base}...{head}", "merges_url": "https://api.github.com/repos/eiselems/spring-boot-microservices/merges", "archive_url": "https://api.github.com/repos/eiselems/spring-boot-microservices/{archive_format}{/ref}", "downloads_url": "https://api.github.com/repos/eiselems/spring-boot-microservices/downloads", "issues_url": "https://api.github.com/repos/eiselems/spring-boot-microservices/issues{/number}", "pulls_url": "https://api.github.com/repos/eiselems/spring-boot-microservices/pulls{/number}", "milestones_url": "https://api.github.com/repos/eiselems/spring-boot-microservices/milestones{/number}", "notifications_url": "https://api.github.com/repos/eiselems/spring-boot-microservices/notifications{?since,all,participating}", "labels_url": "https://api.github.com/repos/eiselems/spring-boot-microservices/labels{/name}", "releases_url": "https://api.github.com/repos/eiselems/spring-boot-microservices/releases{/id}", "deployments_url": "https://api.github.com/repos/eiselems/spring-boot-microservices/deployments", "created_at": "2017-09-03T00:19:39Z", "updated_at": "2022-02-07T19:33:37Z", "pushed_at": "2018-09-01T19:02:29Z", "git_url": "git://github.com/eiselems/spring-boot-microservices.git", "ssh_url": "git@github.com:eiselems/spring-boot-microservices.git", "clone_url": "https://github.com/eiselems/spring-boot-microservices.git", "svn_url": "https://github.com/eiselems/spring-boot-microservices", "homepage": "", "size": 118, "stargazers_count": 83, "watchers_count": 83, "language": "Java", "has_issues": true, "has_projects": true, "has_downloads": true, "has_wiki": true, "has_pages": false, "forks_count": 59, "mirror_url": null, "archived": false, "disabled": false, "open_issues_count": 0, "license": null, "allow_forking": true, "is_template": false, "topics": ["microservice", "microservices-architecture", "netflix-oss", "spring-boot", "spring-boot-microservice", "tutorial"], "visibility": "public", "forks": 59, "open_issues": 0, "watchers": 83, "default_branch": "master", "score": 1.0, "__project_size": 466243, "__java_files_sizes": 5160, "__java_files_loc": 171, "contributors_url_calculated": 1, "commits_url_calculated": 17}