{"SCOM": {"py/object": "Statistics.InterestingStatistics", "classValues": [{"py/tuple": [1, 82]}, {"py/tuple": [1, 86]}, {"py/tuple": [1, 50]}, {"py/tuple": [1, 66]}, {"py/tuple": [0.0, 127]}]}, "LSCC": {"py/object": "Statistics.InterestingStatistics", "classValues": [{"py/tuple": [1, 82]}, {"py/tuple": [1, 86]}, {"py/tuple": [1, 50]}, {"py/tuple": [1, 66]}, {"py/tuple": [0, 127]}]}, "CC": {"py/object": "Statistics.InterestingStatistics", "classValues": [{"py/tuple": [1, 82]}, {"py/tuple": [1, 86]}, {"py/tuple": [1, 50]}, {"py/tuple": [1, 66]}, {"py/tuple": [1, 127]}]}, "LCOM5": {"py/object": "Statistics.InterestingStatistics", "classValues": [{"py/tuple": [0, 82]}, {"py/tuple": [0, 86]}, {"py/tuple": [0, 50]}, {"py/tuple": [0, 66]}, {"py/tuple": [0, 127]}]}, "CBAMU": {"py/object": "Statistics.InterestingStatistics", "classValues": [{"py/tuple": [0.0, 82]}, {"py/tuple": [0.0, 86]}, {"py/tuple": [0.0, 50]}, {"py/tuple": [0.0, 66]}, {"py/tuple": [0.16666666666666666, 127]}]}}