{"id": 133891781, "node_id": "MDEwOlJlcG9zaXRvcnkxMzM4OTE3ODE=", "name": "JsonLube", "full_name": "alibaba/JsonLube", "private": false, "owner": {"login": "alibaba", "id": 1961952, "node_id": "MDEyOk9yZ2FuaXphdGlvbjE5NjE5NTI=", "avatar_url": "https://avatars.githubusercontent.com/u/1961952?v=4", "gravatar_id": "", "url": "https://api.github.com/users/alibaba", "html_url": "https://github.com/alibaba", "followers_url": "https://api.github.com/users/alibaba/followers", "following_url": "https://api.github.com/users/alibaba/following{/other_user}", "gists_url": "https://api.github.com/users/alibaba/gists{/gist_id}", "starred_url": "https://api.github.com/users/alibaba/starred{/owner}{/repo}", "subscriptions_url": "https://api.github.com/users/alibaba/subscriptions", "organizations_url": "https://api.github.com/users/alibaba/orgs", "repos_url": "https://api.github.com/users/alibaba/repos", "events_url": "https://api.github.com/users/alibaba/events{/privacy}", "received_events_url": "https://api.github.com/users/alibaba/received_events", "type": "Organization", "site_admin": false}, "html_url": "https://github.com/alibaba/JsonLube", "description": "\u4e3a\u4e86\u9ad8\u6548\u5730\u5c06Json\u5bf9\u8c61\u8f6c\u5316\u6210Java bean\u5bf9\u8c61\uff0c\u4f20\u7edf\u4e0a\u6211\u4eec\u662f\u5728\u8fd0\u884c\u662f\u5229\u7528\u53cd\u5c04\u6765\u5b9e\u73b0\u3002\u4f46\u662f\u5728\u79fb\u52a8\u5e73\u53f0\u4e0a\uff0c\u9762\u5bf9\u590d\u6742\u7684Json\uff0c\u91c7\u7528\u53cd\u5c04\u7684\u65b9\u5f0f\u5f80\u5f80\u6027\u80fd\u6bd4\u8f83\u5dee\uff0c\u4e3a\u4e86\u8ffd\u6c42\u6781\u81f4\u7684\u6027\u80fd\uff0c\u6211\u4eec\u53ef\u4ee5\u91c7\u7528Android\u539f\u751f\u7684Json\u5e93\u8fdb\u884c\u89e3\u6790\u3002\u4f46\u662f\u9762\u5bf9\u4e00\u4e2a\u590d\u6742\u7684\u5927Json\uff0c\u57fa\u4e8e\u539f\u751fJson\u5e93\u53bb\u624b\u52a8\u89e3\u6790\u5de5\u4f5c\u91cf\u592a\u5927\uff0c\u4e14\u5bb9\u6613\u51fa\u9519\u3002JsonLube\u662f\u4e3a\u6b64\u800c\u8bbe\u8ba1\u7684\u3002JsonLube\u4f1a\u5728\u7f16\u8bd1\u671f\u81ea\u52a8\u751f\u6210Json\u89e3\u6790\u4ee3\u7801\uff0c\u7528\u6237\u4f7f\u7528\u65b9\u5f0f\u7b80\u5355\uff0c\u4f46\u662f\u5374\u80fd\u6536\u83b7\u539f\u751f\u89e3\u6790\u7684\u6027\u80fd\u3002", "fork": false, "url": "https://api.github.com/repos/alibaba/JsonLube", "forks_url": "https://api.github.com/repos/alibaba/JsonLube/forks", "keys_url": "https://api.github.com/repos/alibaba/JsonLube/keys{/key_id}", "collaborators_url": "https://api.github.com/repos/alibaba/JsonLube/collaborators{/collaborator}", "teams_url": "https://api.github.com/repos/alibaba/JsonLube/teams", "hooks_url": "https://api.github.com/repos/alibaba/JsonLube/hooks", "issue_events_url": "https://api.github.com/repos/alibaba/JsonLube/issues/events{/number}", "events_url": "https://api.github.com/repos/alibaba/JsonLube/events", "assignees_url": "https://api.github.com/repos/alibaba/JsonLube/assignees{/user}", "branches_url": "https://api.github.com/repos/alibaba/JsonLube/branches{/branch}", "tags_url": "https://api.github.com/repos/alibaba/JsonLube/tags", "blobs_url": "https://api.github.com/repos/alibaba/JsonLube/git/blobs{/sha}", "git_tags_url": "https://api.github.com/repos/alibaba/JsonLube/git/tags{/sha}", "git_refs_url": "https://api.github.com/repos/alibaba/JsonLube/git/refs{/sha}", "trees_url": "https://api.github.com/repos/alibaba/JsonLube/git/trees{/sha}", "statuses_url": "https://api.github.com/repos/alibaba/JsonLube/statuses/{sha}", "languages_url": "https://api.github.com/repos/alibaba/JsonLube/languages", "stargazers_url": "https://api.github.com/repos/alibaba/JsonLube/stargazers", "contributors_url": "https://api.github.com/repos/alibaba/JsonLube/contributors", "subscribers_url": "https://api.github.com/repos/alibaba/JsonLube/subscribers", "subscription_url": "https://api.github.com/repos/alibaba/JsonLube/subscription", "commits_url": "https://api.github.com/repos/alibaba/JsonLube/commits{/sha}", "git_commits_url": "https://api.github.com/repos/alibaba/JsonLube/git/commits{/sha}", "comments_url": "https://api.github.com/repos/alibaba/JsonLube/comments{/number}", "issue_comment_url": "https://api.github.com/repos/alibaba/JsonLube/issues/comments{/number}", "contents_url": "https://api.github.com/repos/alibaba/JsonLube/contents/{+path}", "compare_url": "https://api.github.com/repos/alibaba/JsonLube/compare/{base}...{head}", "merges_url": "https://api.github.com/repos/alibaba/JsonLube/merges", "archive_url": "https://api.github.com/repos/alibaba/JsonLube/{archive_format}{/ref}", "downloads_url": "https://api.github.com/repos/alibaba/JsonLube/downloads", "issues_url": "https://api.github.com/repos/alibaba/JsonLube/issues{/number}", "pulls_url": "https://api.github.com/repos/alibaba/JsonLube/pulls{/number}", "milestones_url": "https://api.github.com/repos/alibaba/JsonLube/milestones{/number}", "notifications_url": "https://api.github.com/repos/alibaba/JsonLube/notifications{?since,all,participating}", "labels_url": "https://api.github.com/repos/alibaba/JsonLube/labels{/name}", "releases_url": "https://api.github.com/repos/alibaba/JsonLube/releases{/id}", "deployments_url": "https://api.github.com/repos/alibaba/JsonLube/deployments", "created_at": "2018-05-18T02:19:59Z", "updated_at": "2022-02-26T09:24:07Z", "pushed_at": "2019-11-07T06:42:10Z", "git_url": "git://github.com/alibaba/JsonLube.git", "ssh_url": "git@github.com:alibaba/JsonLube.git", "clone_url": "https://github.com/alibaba/JsonLube.git", "svn_url": "https://github.com/alibaba/JsonLube", "homepage": null, "size": 5467, "stargazers_count": 188, "watchers_count": 188, "language": "Java", "has_issues": true, "has_projects": true, "has_downloads": true, "has_wiki": true, "has_pages": false, "forks_count": 44, "mirror_url": null, "archived": false, "disabled": false, "open_issues_count": 4, "license": null, "allow_forking": true, "is_template": false, "topics": ["android"], "visibility": "public", "forks": 44, "open_issues": 4, "watchers": 188, "default_branch": "master", "score": 1.0, "__project_size": 24296851, "__java_files_sizes": 90054, "__java_files_loc": 2476, "contributors_url_calculated": 1, "commits_url_calculated": 12}