{"SCOM": {"py/object": "Statistics.InterestingStatistics", "classValues": [{"py/tuple": [0.3333333333333333, 44]}, {"py/tuple": [1, 9]}, {"py/tuple": [0.3333333333333333, 41]}, {"py/tuple": [1, 9]}, {"py/tuple": [0.0, 21]}, {"py/tuple": [1, 8]}, {"py/tuple": [0.0, 8]}, {"py/tuple": [0.0, 37]}, {"py/tuple": [1.0, 31]}, {"py/tuple": [1.0, 9]}, {"py/tuple": [0.8333333333333334, 41]}, {"py/tuple": [0.0, 20]}]}, "LSCC": {"py/object": "Statistics.InterestingStatistics", "classValues": [{"py/tuple": [0.16666666666666666, 44]}, {"py/tuple": [1, 9]}, {"py/tuple": [0.16666666666666666, 41]}, {"py/tuple": [1, 9]}, {"py/tuple": [0, 21]}, {"py/tuple": [1, 8]}, {"py/tuple": [0.0, 8]}, {"py/tuple": [0, 37]}, {"py/tuple": [1.0, 31]}, {"py/tuple": [1.0, 9]}, {"py/tuple": [0.5, 41]}, {"py/tuple": [0, 20]}]}, "CC": {"py/object": "Statistics.InterestingStatistics", "classValues": [{"py/tuple": [0.16666666666666666, 44]}, {"py/tuple": [1, 9]}, {"py/tuple": [0.16666666666666666, 41]}, {"py/tuple": [1, 9]}, {"py/tuple": [1, 21]}, {"py/tuple": [1, 8]}, {"py/tuple": [0.0, 8]}, {"py/tuple": [1, 37]}, {"py/tuple": [1.0, 31]}, {"py/tuple": [1.0, 9]}, {"py/tuple": [0.6666666666666666, 41]}, {"py/tuple": [1, 20]}]}, "LCOM5": {"py/object": "Statistics.InterestingStatistics", "classValues": [{"py/tuple": [0.5, 44]}, {"py/tuple": [0, 9]}, {"py/tuple": [0.5, 41]}, {"py/tuple": [0, 9]}, {"py/tuple": [0, 21]}, {"py/tuple": [1.0, 8]}, {"py/tuple": [1.0, 8]}, {"py/tuple": [0, 37]}, {"py/tuple": [0.0, 31]}, {"py/tuple": [0.0, 9]}, {"py/tuple": [0.33333333333333337, 41]}, {"py/tuple": [0, 20]}]}, "CBAMU": {"py/object": "Statistics.InterestingStatistics", "classValues": [{"py/tuple": [0.25, 44]}, {"py/tuple": [0.0, 9]}, {"py/tuple": [0.25, 41]}, {"py/tuple": [0.0, 9]}, {"py/tuple": [0.25, 21]}, {"py/tuple": [0.0, 8]}, {"py/tuple": [0.0, 8]}, {"py/tuple": [0.08333333333333333, 37]}, {"py/tuple": [0.5, 31]}, {"py/tuple": [0.5, 9]}, {"py/tuple": [0.3333333333333333, 41]}, {"py/tuple": [0.0, 20]}]}}