{"id": 1200836, "node_id": "MDEwOlJlcG9zaXRvcnkxMjAwODM2", "name": "Skein3Fish", "full_name": "wernerd/Skein3Fish", "private": false, "owner": {"login": "wernerd", "id": 516497, "node_id": "MDQ6VXNlcjUxNjQ5Nw==", "avatar_url": "https://avatars.githubusercontent.com/u/516497?v=4", "gravatar_id": "", "url": "https://api.github.com/users/wernerd", "html_url": "https://github.com/wernerd", "followers_url": "https://api.github.com/users/wernerd/followers", "following_url": "https://api.github.com/users/wernerd/following{/other_user}", "gists_url": "https://api.github.com/users/wernerd/gists{/gist_id}", "starred_url": "https://api.github.com/users/wernerd/starred{/owner}{/repo}", "subscriptions_url": "https://api.github.com/users/wernerd/subscriptions", "organizations_url": "https://api.github.com/users/wernerd/orgs", "repos_url": "https://api.github.com/users/wernerd/repos", "events_url": "https://api.github.com/users/wernerd/events{/privacy}", "received_events_url": "https://api.github.com/users/wernerd/received_events", "type": "User", "site_admin": false}, "html_url": "https://github.com/wernerd/Skein3Fish", "description": "A Skein and Threefish software suite for C, Java, and Go", "fork": false, "url": "https://api.github.com/repos/wernerd/Skein3Fish", "forks_url": "https://api.github.com/repos/wernerd/Skein3Fish/forks", "keys_url": "https://api.github.com/repos/wernerd/Skein3Fish/keys{/key_id}", "collaborators_url": "https://api.github.com/repos/wernerd/Skein3Fish/collaborators{/collaborator}", "teams_url": "https://api.github.com/repos/wernerd/Skein3Fish/teams", "hooks_url": "https://api.github.com/repos/wernerd/Skein3Fish/hooks", "issue_events_url": "https://api.github.com/repos/wernerd/Skein3Fish/issues/events{/number}", "events_url": "https://api.github.com/repos/wernerd/Skein3Fish/events", "assignees_url": "https://api.github.com/repos/wernerd/Skein3Fish/assignees{/user}", "branches_url": "https://api.github.com/repos/wernerd/Skein3Fish/branches{/branch}", "tags_url": "https://api.github.com/repos/wernerd/Skein3Fish/tags", "blobs_url": "https://api.github.com/repos/wernerd/Skein3Fish/git/blobs{/sha}", "git_tags_url": "https://api.github.com/repos/wernerd/Skein3Fish/git/tags{/sha}", "git_refs_url": "https://api.github.com/repos/wernerd/Skein3Fish/git/refs{/sha}", "trees_url": "https://api.github.com/repos/wernerd/Skein3Fish/git/trees{/sha}", "statuses_url": "https://api.github.com/repos/wernerd/Skein3Fish/statuses/{sha}", "languages_url": "https://api.github.com/repos/wernerd/Skein3Fish/languages", "stargazers_url": "https://api.github.com/repos/wernerd/Skein3Fish/stargazers", "contributors_url": "https://api.github.com/repos/wernerd/Skein3Fish/contributors", "subscribers_url": "https://api.github.com/repos/wernerd/Skein3Fish/subscribers", "subscription_url": "https://api.github.com/repos/wernerd/Skein3Fish/subscription", "commits_url": "https://api.github.com/repos/wernerd/Skein3Fish/commits{/sha}", "git_commits_url": "https://api.github.com/repos/wernerd/Skein3Fish/git/commits{/sha}", "comments_url": "https://api.github.com/repos/wernerd/Skein3Fish/comments{/number}", "issue_comment_url": "https://api.github.com/repos/wernerd/Skein3Fish/issues/comments{/number}", "contents_url": "https://api.github.com/repos/wernerd/Skein3Fish/contents/{+path}", "compare_url": "https://api.github.com/repos/wernerd/Skein3Fish/compare/{base}...{head}", "merges_url": "https://api.github.com/repos/wernerd/Skein3Fish/merges", "archive_url": "https://api.github.com/repos/wernerd/Skein3Fish/{archive_format}{/ref}", "downloads_url": "https://api.github.com/repos/wernerd/Skein3Fish/downloads", "issues_url": "https://api.github.com/repos/wernerd/Skein3Fish/issues{/number}", "pulls_url": "https://api.github.com/repos/wernerd/Skein3Fish/pulls{/number}", "milestones_url": "https://api.github.com/repos/wernerd/Skein3Fish/milestones{/number}", "notifications_url": "https://api.github.com/repos/wernerd/Skein3Fish/notifications{?since,all,participating}", "labels_url": "https://api.github.com/repos/wernerd/Skein3Fish/labels{/name}", "releases_url": "https://api.github.com/repos/wernerd/Skein3Fish/releases{/id}", "deployments_url": "https://api.github.com/repos/wernerd/Skein3Fish/deployments", "created_at": "2010-12-27T16:47:50Z", "updated_at": "2022-01-25T17:21:31Z", "pushed_at": "2015-08-31T23:32:24Z", "git_url": "git://github.com/wernerd/Skein3Fish.git", "ssh_url": "git@github.com:wernerd/Skein3Fish.git", "clone_url": "https://github.com/wernerd/Skein3Fish.git", "svn_url": "https://github.com/wernerd/Skein3Fish", "homepage": "", "size": 1392, "stargazers_count": 62, "watchers_count": 62, "language": "Java", "has_issues": true, "has_projects": true, "has_downloads": true, "has_wiki": true, "has_pages": false, "forks_count": 22, "mirror_url": null, "archived": false, "disabled": false, "open_issues_count": 4, "license": null, "allow_forking": true, "is_template": false, "topics": [], "visibility": "public", "forks": 22, "open_issues": 4, "watchers": 62, "default_branch": "master", "score": 1.0, "__project_size": 3592470, "__java_files_sizes": 676149, "__java_files_loc": 18393, "contributors_url_calculated": 1, "commits_url_calculated": 43}