{"id": 115895479, "node_id": "MDEwOlJlcG9zaXRvcnkxMTU4OTU0Nzk=", "name": "DUMLRacer", "full_name": "CunningLogic/DUMLRacer", "private": false, "owner": {"login": "CunningLogic", "id": 616385, "node_id": "MDQ6VXNlcjYxNjM4NQ==", "avatar_url": "https://avatars.githubusercontent.com/u/616385?v=4", "gravatar_id": "", "url": "https://api.github.com/users/CunningLogic", "html_url": "https://github.com/CunningLogic", "followers_url": "https://api.github.com/users/CunningLogic/followers", "following_url": "https://api.github.com/users/CunningLogic/following{/other_user}", "gists_url": "https://api.github.com/users/CunningLogic/gists{/gist_id}", "starred_url": "https://api.github.com/users/CunningLogic/starred{/owner}{/repo}", "subscriptions_url": "https://api.github.com/users/CunningLogic/subscriptions", "organizations_url": "https://api.github.com/users/CunningLogic/orgs", "repos_url": "https://api.github.com/users/CunningLogic/repos", "events_url": "https://api.github.com/users/CunningLogic/events{/privacy}", "received_events_url": "https://api.github.com/users/CunningLogic/received_events", "type": "User", "site_admin": false}, "html_url": "https://github.com/CunningLogic/DUMLRacer", "description": "Root Exploit for DJI Drones and Controllers (up to and including v01.04.0200)", "fork": false, "url": "https://api.github.com/repos/CunningLogic/DUMLRacer", "forks_url": "https://api.github.com/repos/CunningLogic/DUMLRacer/forks", "keys_url": "https://api.github.com/repos/CunningLogic/DUMLRacer/keys{/key_id}", "collaborators_url": "https://api.github.com/repos/CunningLogic/DUMLRacer/collaborators{/collaborator}", "teams_url": "https://api.github.com/repos/CunningLogic/DUMLRacer/teams", "hooks_url": "https://api.github.com/repos/CunningLogic/DUMLRacer/hooks", "issue_events_url": "https://api.github.com/repos/CunningLogic/DUMLRacer/issues/events{/number}", "events_url": "https://api.github.com/repos/CunningLogic/DUMLRacer/events", "assignees_url": "https://api.github.com/repos/CunningLogic/DUMLRacer/assignees{/user}", "branches_url": "https://api.github.com/repos/CunningLogic/DUMLRacer/branches{/branch}", "tags_url": "https://api.github.com/repos/CunningLogic/DUMLRacer/tags", "blobs_url": "https://api.github.com/repos/CunningLogic/DUMLRacer/git/blobs{/sha}", "git_tags_url": "https://api.github.com/repos/CunningLogic/DUMLRacer/git/tags{/sha}", "git_refs_url": "https://api.github.com/repos/CunningLogic/DUMLRacer/git/refs{/sha}", "trees_url": "https://api.github.com/repos/CunningLogic/DUMLRacer/git/trees{/sha}", "statuses_url": "https://api.github.com/repos/CunningLogic/DUMLRacer/statuses/{sha}", "languages_url": "https://api.github.com/repos/CunningLogic/DUMLRacer/languages", "stargazers_url": "https://api.github.com/repos/CunningLogic/DUMLRacer/stargazers", "contributors_url": "https://api.github.com/repos/CunningLogic/DUMLRacer/contributors", "subscribers_url": "https://api.github.com/repos/CunningLogic/DUMLRacer/subscribers", "subscription_url": "https://api.github.com/repos/CunningLogic/DUMLRacer/subscription", "commits_url": "https://api.github.com/repos/CunningLogic/DUMLRacer/commits{/sha}", "git_commits_url": "https://api.github.com/repos/CunningLogic/DUMLRacer/git/commits{/sha}", "comments_url": "https://api.github.com/repos/CunningLogic/DUMLRacer/comments{/number}", "issue_comment_url": "https://api.github.com/repos/CunningLogic/DUMLRacer/issues/comments{/number}", "contents_url": "https://api.github.com/repos/CunningLogic/DUMLRacer/contents/{+path}", "compare_url": "https://api.github.com/repos/CunningLogic/DUMLRacer/compare/{base}...{head}", "merges_url": "https://api.github.com/repos/CunningLogic/DUMLRacer/merges", "archive_url": "https://api.github.com/repos/CunningLogic/DUMLRacer/{archive_format}{/ref}", "downloads_url": "https://api.github.com/repos/CunningLogic/DUMLRacer/downloads", "issues_url": "https://api.github.com/repos/CunningLogic/DUMLRacer/issues{/number}", "pulls_url": "https://api.github.com/repos/CunningLogic/DUMLRacer/pulls{/number}", "milestones_url": "https://api.github.com/repos/CunningLogic/DUMLRacer/milestones{/number}", "notifications_url": "https://api.github.com/repos/CunningLogic/DUMLRacer/notifications{?since,all,participating}", "labels_url": "https://api.github.com/repos/CunningLogic/DUMLRacer/labels{/name}", "releases_url": "https://api.github.com/repos/CunningLogic/DUMLRacer/releases{/id}", "deployments_url": "https://api.github.com/repos/CunningLogic/DUMLRacer/deployments", "created_at": "2018-01-01T02:29:27Z", "updated_at": "2021-10-15T14:36:45Z", "pushed_at": "2018-11-20T13:48:48Z", "git_url": "git://github.com/CunningLogic/DUMLRacer.git", "ssh_url": "git@github.com:CunningLogic/DUMLRacer.git", "clone_url": "https://github.com/CunningLogic/DUMLRacer.git", "svn_url": "https://github.com/CunningLogic/DUMLRacer", "homepage": "", "size": 1681, "stargazers_count": 105, "watchers_count": 105, "language": "Java", "has_issues": true, "has_projects": true, "has_downloads": true, "has_wiki": true, "has_pages": false, "forks_count": 36, "mirror_url": null, "archived": false, "disabled": false, "open_issues_count": 0, "license": null, "allow_forking": true, "is_template": false, "topics": [], "visibility": "public", "forks": 36, "open_issues": 0, "watchers": 105, "default_branch": "master", "score": 1.0, "__project_size": 4465043, "__java_files_sizes": 18063, "__java_files_loc": 512, "contributors_url_calculated": 4, "commits_url_calculated": 35}