{"CRC": {"className": "CRC", "members": {"py/set": ["seed", "crc"]}, "methods": {"calc": {"memberReferences": {"py/set": ["crc", "seed"]}, "methodName": "calc", "methodReferences": {"py/set": []}, "py/object": "JavaParserVisitor.MethodInfo"}, "pktCRC": {"memberReferences": {"py/set": []}, "methodName": "pktCRC", "methodReferences": {"py/set": []}, "py/object": "JavaParserVisitor.MethodInfo"}}, "possibleFather": "", "py/object": "JavaParserVisitor.ClassInfo", "span": 56}, "Main": {"className": "Main", "members": {"py/set": ["ftpClient", "isGL", "classLoader", "isRC", "activePort"]}, "methods": {"connect": {"memberReferences": {"py/set": ["activePort"]}, "methodName": "connect", "methodReferences": {"py/set": []}, "py/object": "JavaParserVisitor.MethodInfo"}, "getFileSizePacket": {"memberReferences": {"py/set": ["isRC", "isGL"]}, "methodName": "getFileSizePacket", "methodReferences": {"py/set": []}, "py/object": "JavaParserVisitor.MethodInfo"}, "getHashPacket": {"memberReferences": {"py/set": ["isRC", "isGL"]}, "methodName": "getHashPacket", "methodReferences": {"py/set": []}, "py/object": "JavaParserVisitor.MethodInfo"}, "getReportPacket": {"memberReferences": {"py/set": ["isRC", "isGL"]}, "methodName": "getReportPacket", "methodReferences": {"py/set": []}, "py/object": "JavaParserVisitor.MethodInfo"}, "getUpgradePacket": {"memberReferences": {"py/set": ["isRC", "isGL"]}, "methodName": "getUpgradePacket", "methodReferences": {"py/set": []}, "py/object": "JavaParserVisitor.MethodInfo"}, "isToArray": {"memberReferences": {"py/set": []}, "methodName": "isToArray", "methodReferences": {"py/set": []}, "py/object": "JavaParserVisitor.MethodInfo"}, "main": {"memberReferences": {"py/set": ["classLoader", "ftpClient", "isGL", "isRC", "activePort"]}, "methodName": "main", "methodReferences": {"py/set": ["getHashPacket", "uploadFile", "connect", "getUpgradePacket", "getReportPacket", "write", "printHelp", "isToArray", "getFileSizePacket"]}, "py/object": "JavaParserVisitor.MethodInfo"}, "printHelp": {"memberReferences": {"py/set": []}, "methodName": "printHelp", "methodReferences": {"py/set": []}, "py/object": "JavaParserVisitor.MethodInfo"}, "uploadFile": {"memberReferences": {"py/set": ["ftpClient", "activePort"]}, "methodName": "uploadFile", "methodReferences": {"py/set": ["connect"]}, "py/object": "JavaParserVisitor.MethodInfo"}, "write": {"memberReferences": {"py/set": ["activePort"]}, "methodName": "write", "methodReferences": {"py/set": []}, "py/object": "JavaParserVisitor.MethodInfo"}}, "possibleFather": "", "py/object": "JavaParserVisitor.ClassInfo", "span": 430}}