{"SCOM": {"py/object": "Statistics.InterestingStatistics", "classValues": [{"py/tuple": [0.0, 56]}, {"py/tuple": [0.23111111111111113, 430]}]}, "LSCC": {"py/object": "Statistics.InterestingStatistics", "classValues": [{"py/tuple": [0.0, 56]}, {"py/tuple": [0.12, 430]}]}, "CC": {"py/object": "Statistics.InterestingStatistics", "classValues": [{"py/tuple": [0.0, 56]}, {"py/tuple": [0.23111111111111113, 430]}]}, "LCOM5": {"py/object": "Statistics.InterestingStatistics", "classValues": [{"py/tuple": [0.5, 56]}, {"py/tuple": [0.6599999999999999, 430]}]}, "CBAMU": {"py/object": "Statistics.InterestingStatistics", "classValues": [{"py/tuple": [0.25, 56]}, {"py/tuple": [0.22555555555555556, 430]}]}}