{"DemoApplication": {"className": "DemoApplication", "members": {"py/set": ["serverPort"]}, "methods": {"main": {"memberReferences": {"py/set": ["serverPort"]}, "methodName": "main", "methodReferences": {"py/set": ["run"]}, "py/object": "JavaParserVisitor.MethodInfo"}, "run": {"memberReferences": {"py/set": ["serverPort"]}, "methodName": "run", "methodReferences": {"py/set": []}, "py/object": "JavaParserVisitor.MethodInfo"}}, "possibleFather": "", "py/object": "JavaParserVisitor.ClassInfo", "span": 18}, "DemoApplicationTests": {"className": "DemoApplicationTests", "members": {"py/set": []}, "methods": {"contextLoads": {"memberReferences": {"py/set": []}, "methodName": "contextLoads", "methodReferences": {"py/set": []}, "py/object": "JavaParserVisitor.MethodInfo"}}, "possibleFather": "", "py/object": "JavaParserVisitor.ClassInfo", "span": 3}, "RedisTest": {"className": "RedisTest", "members": {"py/set": ["stringRedisTemplate"]}, "methods": {"execute": {"memberReferences": {"py/set": []}, "methodName": "execute", "methodReferences": {"py/set": []}, "py/object": "JavaParserVisitor.MethodInfo"}, "test": {"memberReferences": {"py/set": []}, "methodName": "test", "methodReferences": {"py/set": []}, "py/object": "JavaParserVisitor.MethodInfo"}, "testJRedis": {"memberReferences": {"py/set": []}, "methodName": "testJRedis", "methodReferences": {"py/set": []}, "py/object": "JavaParserVisitor.MethodInfo"}, "testRedisTransaction": {"memberReferences": {"py/set": ["stringRedisTemplate"]}, "methodName": "testRedisTransaction", "methodReferences": {"py/set": ["execute"]}, "py/object": "JavaParserVisitor.MethodInfo"}}, "possibleFather": "", "py/object": "JavaParserVisitor.ClassInfo", "span": 63}, "RedissonConfig": {"className": "RedissonConfig", "members": {"py/set": ["failedAttempts", "subscriptionConnectionPoolSize", "retryInterval", "dnsMonitoringInterval", "dnsMonitoring", "address", "pingTimeout", "clientName", "reconnectionTimeout", "timeout", "database", "codec", "connectionPoolSize", "retryAttempts", "connectionMinimumIdleSize", "password", "connectTimeout", "subscriptionsPerConnection", "subscriptionConnectionMinimumIdleSize", "idleConnectionTimeout", "thread"]}, "methods": {"redisson": {"memberReferences": {"py/set": ["failedAttempts", "subscriptionConnectionPoolSize", "retryInterval", "dnsMonitoringInterval", "dnsMonitoring", "address", "pingTimeout", "clientName", "reconnectionTimeout", "timeout", "database", "retryAttempts", "connectionPoolSize", "connectionMinimumIdleSize", "password", "connectTimeout", "subscriptionsPerConnection", "subscriptionConnectionMinimumIdleSize", "idleConnectionTimeout"]}, "methodName": "redisson", "methodReferences": {"py/set": []}, "py/object": "JavaParserVisitor.MethodInfo"}}, "possibleFather": "", "py/object": "JavaParserVisitor.ClassInfo", "span": 53}, "SetController": {"className": "SetController", "members": {"py/set": ["successNum", "redisTemplate"]}, "methods": {"execute": {"memberReferences": {"py/set": []}, "methodName": "execute", "methodReferences": {"py/set": []}, "py/object": "JavaParserVisitor.MethodInfo"}, "initSku": {"memberReferences": {"py/set": []}, "methodName": "initSku", "methodReferences": {"py/set": []}, "py/object": "JavaParserVisitor.MethodInfo"}, "reduceSku5": {"memberReferences": {"py/set": ["redisTemplate"]}, "methodName": "reduceSku5", "methodReferences": {"py/set": ["execute"]}, "py/object": "JavaParserVisitor.MethodInfo"}, "successNum": {"memberReferences": {"py/set": []}, "methodName": "successNum", "methodReferences": {"py/set": []}, "py/object": "JavaParserVisitor.MethodInfo"}}, "possibleFather": "", "py/object": "JavaParserVisitor.ClassInfo", "span": 52}, "SetControllerTest": {"className": "SetControllerTest", "members": {"py/set": ["setController"]}, "methods": {"initSku": {"memberReferences": {"py/set": []}, "methodName": "initSku", "methodReferences": {"py/set": []}, "py/object": "JavaParserVisitor.MethodInfo"}}, "possibleFather": "", "py/object": "JavaParserVisitor.ClassInfo", "span": 5}, "SpikeController": {"className": "SpikeController", "members": {"py/set": ["stringRedisTemplate", "successNum", "redissonClient"]}, "methods": {"execute": {"memberReferences": {"py/set": []}, "methodName": "execute", "methodReferences": {"py/set": []}, "py/object": "JavaParserVisitor.MethodInfo"}, "initSku": {"memberReferences": {"py/set": []}, "methodName": "initSku", "methodReferences": {"py/set": []}, "py/object": "JavaParserVisitor.MethodInfo"}, "reduceSku": {"memberReferences": {"py/set": []}, "methodName": "reduceSku", "methodReferences": {"py/set": []}, "py/object": "JavaParserVisitor.MethodInfo"}, "reduceSku2": {"memberReferences": {"py/set": ["stringRedisTemplate"]}, "methodName": "reduceSku2", "methodReferences": {"py/set": ["execute"]}, "py/object": "JavaParserVisitor.MethodInfo"}, "reduceSku3": {"memberReferences": {"py/set": []}, "methodName": "reduceSku3", "methodReferences": {"py/set": []}, "py/object": "JavaParserVisitor.MethodInfo"}, "reduceSku4": {"memberReferences": {"py/set": []}, "methodName": "reduceSku4", "methodReferences": {"py/set": []}, "py/object": "JavaParserVisitor.MethodInfo"}, "successNum": {"memberReferences": {"py/set": []}, "methodName": "successNum", "methodReferences": {"py/set": []}, "py/object": "JavaParserVisitor.MethodInfo"}}, "possibleFather": "", "py/object": "JavaParserVisitor.ClassInfo", "span": 129}, "SysUser": {"className": "SysUser", "members": {"py/set": ["deleteEnum", "loginName", "createDate", "email", "lockVersion", "id"]}, "methods": {}, "possibleFather": "", "py/object": "JavaParserVisitor.ClassInfo", "span": 20}, "SysUserController": {"className": "SysUserController", "members": {"py/set": ["sysUserService"]}, "methods": {"list": {"memberReferences": {"py/set": []}, "methodName": "list", "methodReferences": {"py/set": []}, "py/object": "JavaParserVisitor.MethodInfo"}}, "possibleFather": "", "py/object": "JavaParserVisitor.ClassInfo", "span": 10}, "SysUserServiceImpl": {"className": "SysUserServiceImpl", "members": {"py/set": ["sysUserDao"]}, "methods": {"findAll": {"memberReferences": {"py/set": []}, "methodName": "findAll", "methodReferences": {"py/set": []}, "py/object": "JavaParserVisitor.MethodInfo"}}, "possibleFather": "", "py/object": "JavaParserVisitor.ClassInfo", "span": 10}}