{"id": 107537300, "node_id": "MDEwOlJlcG9zaXRvcnkxMDc1MzczMDA=", "name": "jd-intellij", "full_name": "bric3/jd-intellij", "private": false, "owner": {"login": "bric3", "id": 803621, "node_id": "MDQ6VXNlcjgwMzYyMQ==", "avatar_url": "https://avatars.githubusercontent.com/u/803621?v=4", "gravatar_id": "", "url": "https://api.github.com/users/bric3", "html_url": "https://github.com/bric3", "followers_url": "https://api.github.com/users/bric3/followers", "following_url": "https://api.github.com/users/bric3/following{/other_user}", "gists_url": "https://api.github.com/users/bric3/gists{/gist_id}", "starred_url": "https://api.github.com/users/bric3/starred{/owner}{/repo}", "subscriptions_url": "https://api.github.com/users/bric3/subscriptions", "organizations_url": "https://api.github.com/users/bric3/orgs", "repos_url": "https://api.github.com/users/bric3/repos", "events_url": "https://api.github.com/users/bric3/events{/privacy}", "received_events_url": "https://api.github.com/users/bric3/received_events", "type": "User", "site_admin": false}, "html_url": "https://github.com/bric3/jd-intellij", "description": "Plugin that brought the first true Java decompiler in IntelliJ, now it's an alternative to the IntelliJ's integrated FernFlower. Note that updates are sparse just as my spare time ;)", "fork": false, "url": "https://api.github.com/repos/bric3/jd-intellij", "forks_url": "https://api.github.com/repos/bric3/jd-intellij/forks", "keys_url": "https://api.github.com/repos/bric3/jd-intellij/keys{/key_id}", "collaborators_url": "https://api.github.com/repos/bric3/jd-intellij/collaborators{/collaborator}", "teams_url": "https://api.github.com/repos/bric3/jd-intellij/teams", "hooks_url": "https://api.github.com/repos/bric3/jd-intellij/hooks", "issue_events_url": "https://api.github.com/repos/bric3/jd-intellij/issues/events{/number}", "events_url": "https://api.github.com/repos/bric3/jd-intellij/events", "assignees_url": "https://api.github.com/repos/bric3/jd-intellij/assignees{/user}", "branches_url": "https://api.github.com/repos/bric3/jd-intellij/branches{/branch}", "tags_url": "https://api.github.com/repos/bric3/jd-intellij/tags", "blobs_url": "https://api.github.com/repos/bric3/jd-intellij/git/blobs{/sha}", "git_tags_url": "https://api.github.com/repos/bric3/jd-intellij/git/tags{/sha}", "git_refs_url": "https://api.github.com/repos/bric3/jd-intellij/git/refs{/sha}", "trees_url": "https://api.github.com/repos/bric3/jd-intellij/git/trees{/sha}", "statuses_url": "https://api.github.com/repos/bric3/jd-intellij/statuses/{sha}", "languages_url": "https://api.github.com/repos/bric3/jd-intellij/languages", "stargazers_url": "https://api.github.com/repos/bric3/jd-intellij/stargazers", "contributors_url": "https://api.github.com/repos/bric3/jd-intellij/contributors", "subscribers_url": "https://api.github.com/repos/bric3/jd-intellij/subscribers", "subscription_url": "https://api.github.com/repos/bric3/jd-intellij/subscription", "commits_url": "https://api.github.com/repos/bric3/jd-intellij/commits{/sha}", "git_commits_url": "https://api.github.com/repos/bric3/jd-intellij/git/commits{/sha}", "comments_url": "https://api.github.com/repos/bric3/jd-intellij/comments{/number}", "issue_comment_url": "https://api.github.com/repos/bric3/jd-intellij/issues/comments{/number}", "contents_url": "https://api.github.com/repos/bric3/jd-intellij/contents/{+path}", "compare_url": "https://api.github.com/repos/bric3/jd-intellij/compare/{base}...{head}", "merges_url": "https://api.github.com/repos/bric3/jd-intellij/merges", "archive_url": "https://api.github.com/repos/bric3/jd-intellij/{archive_format}{/ref}", "downloads_url": "https://api.github.com/repos/bric3/jd-intellij/downloads", "issues_url": "https://api.github.com/repos/bric3/jd-intellij/issues{/number}", "pulls_url": "https://api.github.com/repos/bric3/jd-intellij/pulls{/number}", "milestones_url": "https://api.github.com/repos/bric3/jd-intellij/milestones{/number}", "notifications_url": "https://api.github.com/repos/bric3/jd-intellij/notifications{?since,all,participating}", "labels_url": "https://api.github.com/repos/bric3/jd-intellij/labels{/name}", "releases_url": "https://api.github.com/repos/bric3/jd-intellij/releases{/id}", "deployments_url": "https://api.github.com/repos/bric3/jd-intellij/deployments", "created_at": "2017-10-19T11:26:23Z", "updated_at": "2021-10-10T05:50:36Z", "pushed_at": "2021-06-06T15:17:17Z", "git_url": "git://github.com/bric3/jd-intellij.git", "ssh_url": "git@github.com:bric3/jd-intellij.git", "clone_url": "https://github.com/bric3/jd-intellij.git", "svn_url": "https://github.com/bric3/jd-intellij", "homepage": "http://plugins.jetbrains.com/plugin/7100", "size": 17895, "stargazers_count": 60, "watchers_count": 60, "language": "Java", "has_issues": true, "has_projects": true, "has_downloads": true, "has_wiki": false, "has_pages": false, "forks_count": 19, "mirror_url": null, "archived": false, "disabled": false, "open_issues_count": 14, "license": null, "allow_forking": true, "is_template": false, "topics": ["intellij", "java-decompiler", "jd-intellij"], "visibility": "public", "forks": 19, "open_issues": 14, "watchers": 60, "default_branch": "master", "score": 1.0, "__project_size": 19179886, "__java_files_sizes": 38120, "__java_files_loc": 1014, "contributors_url_calculated": 2, "commits_url_calculated": 158}