{"id": 102013800, "node_id": "MDEwOlJlcG9zaXRvcnkxMDIwMTM4MDA=", "name": "cloudterm", "full_name": "javaterminal/cloudterm", "private": false, "owner": {"login": "javaterminal", "id": 31566780, "node_id": "MDEyOk9yZ2FuaXphdGlvbjMxNTY2Nzgw", "avatar_url": "https://avatars.githubusercontent.com/u/31566780?v=4", "gravatar_id": "", "url": "https://api.github.com/users/javaterminal", "html_url": "https://github.com/javaterminal", "followers_url": "https://api.github.com/users/javaterminal/followers", "following_url": "https://api.github.com/users/javaterminal/following{/other_user}", "gists_url": "https://api.github.com/users/javaterminal/gists{/gist_id}", "starred_url": "https://api.github.com/users/javaterminal/starred{/owner}{/repo}", "subscriptions_url": "https://api.github.com/users/javaterminal/subscriptions", "organizations_url": "https://api.github.com/users/javaterminal/orgs", "repos_url": "https://api.github.com/users/javaterminal/repos", "events_url": "https://api.github.com/users/javaterminal/events{/privacy}", "received_events_url": "https://api.github.com/users/javaterminal/received_events", "type": "Organization", "site_admin": false}, "html_url": "https://github.com/javaterminal/cloudterm", "description": "Cloud Web Terminal Emulator. Opens your terminal to Web.", "fork": false, "url": "https://api.github.com/repos/javaterminal/cloudterm", "forks_url": "https://api.github.com/repos/javaterminal/cloudterm/forks", "keys_url": "https://api.github.com/repos/javaterminal/cloudterm/keys{/key_id}", "collaborators_url": "https://api.github.com/repos/javaterminal/cloudterm/collaborators{/collaborator}", "teams_url": "https://api.github.com/repos/javaterminal/cloudterm/teams", "hooks_url": "https://api.github.com/repos/javaterminal/cloudterm/hooks", "issue_events_url": "https://api.github.com/repos/javaterminal/cloudterm/issues/events{/number}", "events_url": "https://api.github.com/repos/javaterminal/cloudterm/events", "assignees_url": "https://api.github.com/repos/javaterminal/cloudterm/assignees{/user}", "branches_url": "https://api.github.com/repos/javaterminal/cloudterm/branches{/branch}", "tags_url": "https://api.github.com/repos/javaterminal/cloudterm/tags", "blobs_url": "https://api.github.com/repos/javaterminal/cloudterm/git/blobs{/sha}", "git_tags_url": "https://api.github.com/repos/javaterminal/cloudterm/git/tags{/sha}", "git_refs_url": "https://api.github.com/repos/javaterminal/cloudterm/git/refs{/sha}", "trees_url": "https://api.github.com/repos/javaterminal/cloudterm/git/trees{/sha}", "statuses_url": "https://api.github.com/repos/javaterminal/cloudterm/statuses/{sha}", "languages_url": "https://api.github.com/repos/javaterminal/cloudterm/languages", "stargazers_url": "https://api.github.com/repos/javaterminal/cloudterm/stargazers", "contributors_url": "https://api.github.com/repos/javaterminal/cloudterm/contributors", "subscribers_url": "https://api.github.com/repos/javaterminal/cloudterm/subscribers", "subscription_url": "https://api.github.com/repos/javaterminal/cloudterm/subscription", "commits_url": "https://api.github.com/repos/javaterminal/cloudterm/commits{/sha}", "git_commits_url": "https://api.github.com/repos/javaterminal/cloudterm/git/commits{/sha}", "comments_url": "https://api.github.com/repos/javaterminal/cloudterm/comments{/number}", "issue_comment_url": "https://api.github.com/repos/javaterminal/cloudterm/issues/comments{/number}", "contents_url": "https://api.github.com/repos/javaterminal/cloudterm/contents/{+path}", "compare_url": "https://api.github.com/repos/javaterminal/cloudterm/compare/{base}...{head}", "merges_url": "https://api.github.com/repos/javaterminal/cloudterm/merges", "archive_url": "https://api.github.com/repos/javaterminal/cloudterm/{archive_format}{/ref}", "downloads_url": "https://api.github.com/repos/javaterminal/cloudterm/downloads", "issues_url": "https://api.github.com/repos/javaterminal/cloudterm/issues{/number}", "pulls_url": "https://api.github.com/repos/javaterminal/cloudterm/pulls{/number}", "milestones_url": "https://api.github.com/repos/javaterminal/cloudterm/milestones{/number}", "notifications_url": "https://api.github.com/repos/javaterminal/cloudterm/notifications{?since,all,participating}", "labels_url": "https://api.github.com/repos/javaterminal/cloudterm/labels{/name}", "releases_url": "https://api.github.com/repos/javaterminal/cloudterm/releases{/id}", "deployments_url": "https://api.github.com/repos/javaterminal/cloudterm/deployments", "created_at": "2017-08-31T15:08:52Z", "updated_at": "2022-03-01T08:19:31Z", "pushed_at": "2021-11-25T11:42:38Z", "git_url": "git://github.com/javaterminal/cloudterm.git", "ssh_url": "git@github.com:javaterminal/cloudterm.git", "clone_url": "https://github.com/javaterminal/cloudterm.git", "svn_url": "https://github.com/javaterminal/cloudterm", "homepage": "", "size": 1165, "stargazers_count": 58, "watchers_count": 58, "language": "Java", "has_issues": true, "has_projects": true, "has_downloads": true, "has_wiki": true, "has_pages": true, "forks_count": 35, "mirror_url": null, "archived": false, "disabled": false, "open_issues_count": 2, "license": {"key": "mit", "name": "MIT License", "spdx_id": "MIT", "url": "https://api.github.com/licenses/mit", "node_id": "MDc6TGljZW5zZTEz"}, "allow_forking": true, "is_template": false, "topics": ["cloud", "docker", "emulator", "java", "shell", "terminal", "tty", "web", "websocket"], "visibility": "public", "forks": 35, "open_issues": 2, "watchers": 58, "default_branch": "master", "score": 1.0, "__project_size": 5221873, "__java_files_sizes": 12538, "__java_files_loc": 410, "contributors_url_calculated": 3, "commits_url_calculated": 37}