{"id": 160923083, "node_id": "MDEwOlJlcG9zaXRvcnkxNjA5MjMwODM=", "name": "jerryWebSpider", "full_name": "jrhu05/jerryWebSpider", "private": false, "owner": {"login": "jrhu05", "id": 10461603, "node_id": "MDQ6VXNlcjEwNDYxNjAz", "avatar_url": "https://avatars.githubusercontent.com/u/10461603?v=4", "gravatar_id": "", "url": "https://api.github.com/users/jrhu05", "html_url": "https://github.com/jrhu05", "followers_url": "https://api.github.com/users/jrhu05/followers", "following_url": "https://api.github.com/users/jrhu05/following{/other_user}", "gists_url": "https://api.github.com/users/jrhu05/gists{/gist_id}", "starred_url": "https://api.github.com/users/jrhu05/starred{/owner}{/repo}", "subscriptions_url": "https://api.github.com/users/jrhu05/subscriptions", "organizations_url": "https://api.github.com/users/jrhu05/orgs", "repos_url": "https://api.github.com/users/jrhu05/repos", "events_url": "https://api.github.com/users/jrhu05/events{/privacy}", "received_events_url": "https://api.github.com/users/jrhu05/received_events", "type": "User", "site_admin": false}, "html_url": "https://github.com/jrhu05/jerryWebSpider", "description": "web\u722c\u866b\u5408\u96c6", "fork": false, "url": "https://api.github.com/repos/jrhu05/jerryWebSpider", "forks_url": "https://api.github.com/repos/jrhu05/jerryWebSpider/forks", "keys_url": "https://api.github.com/repos/jrhu05/jerryWebSpider/keys{/key_id}", "collaborators_url": "https://api.github.com/repos/jrhu05/jerryWebSpider/collaborators{/collaborator}", "teams_url": "https://api.github.com/repos/jrhu05/jerryWebSpider/teams", "hooks_url": "https://api.github.com/repos/jrhu05/jerryWebSpider/hooks", "issue_events_url": "https://api.github.com/repos/jrhu05/jerryWebSpider/issues/events{/number}", "events_url": "https://api.github.com/repos/jrhu05/jerryWebSpider/events", "assignees_url": "https://api.github.com/repos/jrhu05/jerryWebSpider/assignees{/user}", "branches_url": "https://api.github.com/repos/jrhu05/jerryWebSpider/branches{/branch}", "tags_url": "https://api.github.com/repos/jrhu05/jerryWebSpider/tags", "blobs_url": "https://api.github.com/repos/jrhu05/jerryWebSpider/git/blobs{/sha}", "git_tags_url": "https://api.github.com/repos/jrhu05/jerryWebSpider/git/tags{/sha}", "git_refs_url": "https://api.github.com/repos/jrhu05/jerryWebSpider/git/refs{/sha}", "trees_url": "https://api.github.com/repos/jrhu05/jerryWebSpider/git/trees{/sha}", "statuses_url": "https://api.github.com/repos/jrhu05/jerryWebSpider/statuses/{sha}", "languages_url": "https://api.github.com/repos/jrhu05/jerryWebSpider/languages", "stargazers_url": "https://api.github.com/repos/jrhu05/jerryWebSpider/stargazers", "contributors_url": "https://api.github.com/repos/jrhu05/jerryWebSpider/contributors", "subscribers_url": "https://api.github.com/repos/jrhu05/jerryWebSpider/subscribers", "subscription_url": "https://api.github.com/repos/jrhu05/jerryWebSpider/subscription", "commits_url": "https://api.github.com/repos/jrhu05/jerryWebSpider/commits{/sha}", "git_commits_url": "https://api.github.com/repos/jrhu05/jerryWebSpider/git/commits{/sha}", "comments_url": "https://api.github.com/repos/jrhu05/jerryWebSpider/comments{/number}", "issue_comment_url": "https://api.github.com/repos/jrhu05/jerryWebSpider/issues/comments{/number}", "contents_url": "https://api.github.com/repos/jrhu05/jerryWebSpider/contents/{+path}", "compare_url": "https://api.github.com/repos/jrhu05/jerryWebSpider/compare/{base}...{head}", "merges_url": "https://api.github.com/repos/jrhu05/jerryWebSpider/merges", "archive_url": "https://api.github.com/repos/jrhu05/jerryWebSpider/{archive_format}{/ref}", "downloads_url": "https://api.github.com/repos/jrhu05/jerryWebSpider/downloads", "issues_url": "https://api.github.com/repos/jrhu05/jerryWebSpider/issues{/number}", "pulls_url": "https://api.github.com/repos/jrhu05/jerryWebSpider/pulls{/number}", "milestones_url": "https://api.github.com/repos/jrhu05/jerryWebSpider/milestones{/number}", "notifications_url": "https://api.github.com/repos/jrhu05/jerryWebSpider/notifications{?since,all,participating}", "labels_url": "https://api.github.com/repos/jrhu05/jerryWebSpider/labels{/name}", "releases_url": "https://api.github.com/repos/jrhu05/jerryWebSpider/releases{/id}", "deployments_url": "https://api.github.com/repos/jrhu05/jerryWebSpider/deployments", "created_at": "2018-12-08T09:17:02Z", "updated_at": "2022-03-06T15:19:34Z", "pushed_at": "2021-06-04T01:41:31Z", "git_url": "git://github.com/jrhu05/jerryWebSpider.git", "ssh_url": "git@github.com:jrhu05/jerryWebSpider.git", "clone_url": "https://github.com/jrhu05/jerryWebSpider.git", "svn_url": "https://github.com/jrhu05/jerryWebSpider", "homepage": "", "size": 3688, "stargazers_count": 504, "watchers_count": 504, "language": "Java", "has_issues": true, "has_projects": true, "has_downloads": true, "has_wiki": true, "has_pages": false, "forks_count": 122, "mirror_url": null, "archived": false, "disabled": false, "open_issues_count": 16, "license": null, "allow_forking": true, "is_template": false, "topics": [], "visibility": "public", "forks": 122, "open_issues": 16, "watchers": 504, "default_branch": "master", "score": 1.0, "__project_size": 17930838, "__java_files_sizes": 80117, "__java_files_loc": 2178, "contributors_url_calculated": 1, "commits_url_calculated": 22}