{"SCOM": {"py/object": "Statistics.InterestingStatistics", "classValues": [{"py/tuple": [0.0, 15]}, {"py/tuple": [0.0, 123]}, {"py/tuple": [1, 7]}, {"py/tuple": [1, 5]}, {"py/tuple": [1, 7]}, {"py/tuple": [1.0, 54]}, {"py/tuple": [1, 3]}, {"py/tuple": [1, 3]}, {"py/tuple": [0.013333333333333334, 54]}, {"py/tuple": [1, 15]}, {"py/tuple": [0.0, 21]}, {"py/tuple": [0.0, 26]}, {"py/tuple": [0.0, 33]}, {"py/tuple": [0.1, 31]}, {"py/tuple": [0.013333333333333334, 54]}, {"py/tuple": [1, 15]}, {"py/tuple": [0.0, 17]}, {"py/tuple": [0.0, 42]}, {"py/tuple": [0.0, 29]}, {"py/tuple": [0.05333333333333334, 49]}, {"py/tuple": [1, 6]}, {"py/tuple": [1, 6]}, {"py/tuple": [0.0, 9]}, {"py/tuple": [0.0, 21]}, {"py/tuple": [0.04591836734693877, 67]}, {"py/tuple": [1, 19]}, {"py/tuple": [0.1, 25]}, {"py/tuple": [0.0, 80]}, {"py/tuple": [0.018518518518518517, 137]}, {"py/tuple": [1, 6]}, {"py/tuple": [0.009523809523809525, 71]}, {"py/tuple": [1, 16]}, {"py/tuple": [0.0, 13]}, {"py/tuple": [1, 5]}, {"py/tuple": [1, 5]}, {"py/tuple": [0.0, 62]}, {"py/tuple": [0.01038961038961039, 147]}, {"py/tuple": [0.0, 43]}, {"py/tuple": [0.0, 46]}]}, "LSCC": {"py/object": "Statistics.InterestingStatistics", "classValues": [{"py/tuple": [0, 15]}, {"py/tuple": [0.0, 123]}, {"py/tuple": [1, 7]}, {"py/tuple": [1, 5]}, {"py/tuple": [1, 7]}, {"py/tuple": [1.0, 54]}, {"py/tuple": [1, 3]}, {"py/tuple": [1, 3]}, {"py/tuple": [0.013333333333333334, 54]}, {"py/tuple": [1, 15]}, {"py/tuple": [0.0, 21]}, {"py/tuple": [0.0, 26]}, {"py/tuple": [0.0, 33]}, {"py/tuple": [0.05, 31]}, {"py/tuple": [0.013333333333333334, 54]}, {"py/tuple": [1, 15]}, {"py/tuple": [0.0, 17]}, {"py/tuple": [0.0, 42]}, {"py/tuple": [0.0, 29]}, {"py/tuple": [0.02666666666666667, 49]}, {"py/tuple": [1, 6]}, {"py/tuple": [1, 6]}, {"py/tuple": [0.0, 9]}, {"py/tuple": [0, 21]}, {"py/tuple": [0.015306122448979591, 67]}, {"py/tuple": [1, 19]}, {"py/tuple": [0.1, 25]}, {"py/tuple": [0.0, 80]}, {"py/tuple": [0.011111111111111112, 137]}, {"py/tuple": [1, 6]}, {"py/tuple": [0.009523809523809525, 71]}, {"py/tuple": [1, 16]}, {"py/tuple": [0.0, 13]}, {"py/tuple": [1, 5]}, {"py/tuple": [1, 5]}, {"py/tuple": [0.0, 62]}, {"py/tuple": [0.005194805194805195, 147]}, {"py/tuple": [0.0, 43]}, {"py/tuple": [0.0, 46]}]}, "CC": {"py/object": "Statistics.InterestingStatistics", "classValues": [{"py/tuple": [1, 15]}, {"py/tuple": [0.0, 123]}, {"py/tuple": [1, 7]}, {"py/tuple": [1, 5]}, {"py/tuple": [1, 7]}, {"py/tuple": [1.0, 54]}, {"py/tuple": [1, 3]}, {"py/tuple": [1, 3]}, {"py/tuple": [0.06666666666666667, 54]}, {"py/tuple": [1, 15]}, {"py/tuple": [0.0, 21]}, {"py/tuple": [0.0, 26]}, {"py/tuple": [0.0, 33]}, {"py/tuple": [0.1, 31]}, {"py/tuple": [0.06666666666666667, 54]}, {"py/tuple": [1, 15]}, {"py/tuple": [0.0, 17]}, {"py/tuple": [0.0, 42]}, {"py/tuple": [0.0, 29]}, {"py/tuple": [0.06666666666666667, 49]}, {"py/tuple": [1, 6]}, {"py/tuple": [1, 6]}, {"py/tuple": [0.0, 9]}, {"py/tuple": [1, 21]}, {"py/tuple": [0.03571428571428571, 67]}, {"py/tuple": [1, 19]}, {"py/tuple": [0.1, 25]}, {"py/tuple": [0.0, 80]}, {"py/tuple": [0.044444444444444446, 137]}, {"py/tuple": [1, 6]}, {"py/tuple": [0.047619047619047616, 71]}, {"py/tuple": [1, 16]}, {"py/tuple": [0.0, 13]}, {"py/tuple": [1, 5]}, {"py/tuple": [1, 5]}, {"py/tuple": [0.0, 62]}, {"py/tuple": [0.01818181818181818, 147]}, {"py/tuple": [0.0, 43]}, {"py/tuple": [0.0, 46]}]}, "LCOM5": {"py/object": "Statistics.InterestingStatistics", "classValues": [{"py/tuple": [0, 15]}, {"py/tuple": [1.0, 123]}, {"py/tuple": [0, 7]}, {"py/tuple": [1.0, 5]}, {"py/tuple": [0, 7]}, {"py/tuple": [0.0, 54]}, {"py/tuple": [0, 3]}, {"py/tuple": [0, 3]}, {"py/tuple": [0.8, 54]}, {"py/tuple": [0, 15]}, {"py/tuple": [0.8, 21]}, {"py/tuple": [0.5, 26]}, {"py/tuple": [0.6666666666666667, 33]}, {"py/tuple": [0.7, 31]}, {"py/tuple": [0.8, 54]}, {"py/tuple": [0, 15]}, {"py/tuple": [0.75, 17]}, {"py/tuple": [0.6666666666666667, 42]}, {"py/tuple": [1.0, 29]}, {"py/tuple": [0.7666666666666666, 49]}, {"py/tuple": [0.0, 6]}, {"py/tuple": [0, 6]}, {"py/tuple": [1.0, 9]}, {"py/tuple": [0, 21]}, {"py/tuple": [0.8214285714285714, 67]}, {"py/tuple": [0, 19]}, {"py/tuple": [0.6, 25]}, {"py/tuple": [1.0, 80]}, {"py/tuple": [0.85, 137]}, {"py/tuple": [0, 6]}, {"py/tuple": [0.8285714285714285, 71]}, {"py/tuple": [0, 16]}, {"py/tuple": [0.6666666666666667, 13]}, {"py/tuple": [0, 5]}, {"py/tuple": [1.0, 5]}, {"py/tuple": [1.0, 62]}, {"py/tuple": [0.8831168831168831, 147]}, {"py/tuple": [1.0, 43]}, {"py/tuple": [1.0, 46]}]}, "CBAMU": {"py/object": "Statistics.InterestingStatistics", "classValues": [{"py/tuple": [0.0, 15]}, {"py/tuple": [0.05, 123]}, {"py/tuple": [0.0, 7]}, {"py/tuple": [0.0, 5]}, {"py/tuple": [0.0, 7]}, {"py/tuple": [0.5, 54]}, {"py/tuple": [0.0, 3]}, {"py/tuple": [0.0, 3]}, {"py/tuple": [0.1, 54]}, {"py/tuple": [0.0, 15]}, {"py/tuple": [0.1, 21]}, {"py/tuple": [0.25, 26]}, {"py/tuple": [0.16666666666666666, 33]}, {"py/tuple": [0.15, 31]}, {"py/tuple": [0.1, 54]}, {"py/tuple": [0.0, 15]}, {"py/tuple": [0.125, 17]}, {"py/tuple": [0.16666666666666666, 42]}, {"py/tuple": [0.0, 29]}, {"py/tuple": [0.11666666666666667, 49]}, {"py/tuple": [0.5, 6]}, {"py/tuple": [0.0, 6]}, {"py/tuple": [0.0, 9]}, {"py/tuple": [0.0, 21]}, {"py/tuple": [0.08928571428571429, 67]}, {"py/tuple": [0.0, 19]}, {"py/tuple": [0.2, 25]}, {"py/tuple": [0.16666666666666666, 80]}, {"py/tuple": [0.10277777777777777, 137]}, {"py/tuple": [0.0, 6]}, {"py/tuple": [0.09761904761904762, 71]}, {"py/tuple": [0.0, 16]}, {"py/tuple": [0.16666666666666666, 13]}, {"py/tuple": [0.0, 5]}, {"py/tuple": [0.0, 5]}, {"py/tuple": [0.0, 62]}, {"py/tuple": [0.06298701298701298, 147]}, {"py/tuple": [0.0, 43]}, {"py/tuple": [0.0, 46]}]}}