{"SCOM": {"py/object": "Statistics.InterestingStatistics", "classValues": [{"py/tuple": [1.0, 39]}, {"py/tuple": [1, 1]}, {"py/tuple": [0.1111111111111111, 58]}, {"py/tuple": [0.0, 35]}, {"py/tuple": [0.011111111111111112, 239]}, {"py/tuple": [0.05555555555555555, 102]}, {"py/tuple": [1, 13]}, {"py/tuple": [1, 44]}, {"py/tuple": [0.13333333333333333, 69]}, {"py/tuple": [1.0, 45]}, {"py/tuple": [1, 98]}, {"py/tuple": [0.08590254283531577, 983]}, {"py/tuple": [0.0, 24]}, {"py/tuple": [1, 0]}, {"py/tuple": [1, 10]}, {"py/tuple": [1, 10]}, {"py/tuple": [1, 2]}, {"py/tuple": [1, 1]}, {"py/tuple": [1, 10]}]}, "LSCC": {"py/object": "Statistics.InterestingStatistics", "classValues": [{"py/tuple": [0.3333333333333333, 39]}, {"py/tuple": [1, 1]}, {"py/tuple": [0.1111111111111111, 58]}, {"py/tuple": [0.0, 35]}, {"py/tuple": [0.0049382716049382715, 239]}, {"py/tuple": [0.05555555555555555, 102]}, {"py/tuple": [1, 13]}, {"py/tuple": [1, 44]}, {"py/tuple": [0.06666666666666667, 69]}, {"py/tuple": [1.0, 45]}, {"py/tuple": [1, 98]}, {"py/tuple": [0.04807923169267707, 983]}, {"py/tuple": [0, 24]}, {"py/tuple": [1, 0]}, {"py/tuple": [1, 10]}, {"py/tuple": [1, 10]}, {"py/tuple": [1, 2]}, {"py/tuple": [1, 1]}, {"py/tuple": [1, 10]}]}, "CC": {"py/object": "Statistics.InterestingStatistics", "classValues": [{"py/tuple": [0.3333333333333333, 39]}, {"py/tuple": [1, 1]}, {"py/tuple": [0.16666666666666666, 58]}, {"py/tuple": [0.0, 35]}, {"py/tuple": [0.0049382716049382715, 239]}, {"py/tuple": [0.16666666666666666, 102]}, {"py/tuple": [1, 13]}, {"py/tuple": [1, 44]}, {"py/tuple": [0.06666666666666667, 69]}, {"py/tuple": [1.0, 45]}, {"py/tuple": [1, 98]}, {"py/tuple": [0.1356824501362318, 983]}, {"py/tuple": [1, 24]}, {"py/tuple": [1, 0]}, {"py/tuple": [1, 10]}, {"py/tuple": [1, 10]}, {"py/tuple": [1, 2]}, {"py/tuple": [1, 1]}, {"py/tuple": [1, 10]}]}, "LCOM5": {"py/object": "Statistics.InterestingStatistics", "classValues": [{"py/tuple": [0.33333333333333337, 39]}, {"py/tuple": [0, 1]}, {"py/tuple": [0.5833333333333333, 58]}, {"py/tuple": [0.5, 35]}, {"py/tuple": [0.8777777777777778, 239]}, {"py/tuple": [0.8333333333333334, 102]}, {"py/tuple": [0, 13]}, {"py/tuple": [0, 44]}, {"py/tuple": [0.6666666666666667, 69]}, {"py/tuple": [0.0, 45]}, {"py/tuple": [0, 98]}, {"py/tuple": [0.8418367346938775, 983]}, {"py/tuple": [0, 24]}, {"py/tuple": [0, 0]}, {"py/tuple": [0, 10]}, {"py/tuple": [0, 10]}, {"py/tuple": [0, 2]}, {"py/tuple": [0, 1]}, {"py/tuple": [0, 10]}]}, "CBAMU": {"py/object": "Statistics.InterestingStatistics", "classValues": [{"py/tuple": [0.3333333333333333, 39]}, {"py/tuple": [0.0, 1]}, {"py/tuple": [0.20833333333333334, 58]}, {"py/tuple": [0.25, 35]}, {"py/tuple": [0.06111111111111111, 239]}, {"py/tuple": [0.08333333333333333, 102]}, {"py/tuple": [0.0, 13]}, {"py/tuple": [0.0, 44]}, {"py/tuple": [0.16666666666666666, 69]}, {"py/tuple": [0.5, 45]}, {"py/tuple": [0.0, 98]}, {"py/tuple": [0.11143457382953181, 983]}, {"py/tuple": [0.0, 24]}, {"py/tuple": [0.0, 0]}, {"py/tuple": [0.0, 10]}, {"py/tuple": [0.0, 10]}, {"py/tuple": [0.0, 2]}, {"py/tuple": [0.0, 1]}, {"py/tuple": [0.0, 10]}]}}