{"id": 128018428, "node_id": "MDEwOlJlcG9zaXRvcnkxMjgwMTg0Mjg=", "name": "Sentinel", "full_name": "alibaba/Sentinel", "private": false, "owner": {"login": "alibaba", "id": 1961952, "node_id": "MDEyOk9yZ2FuaXphdGlvbjE5NjE5NTI=", "avatar_url": "https://avatars.githubusercontent.com/u/1961952?v=4", "gravatar_id": "", "url": "https://api.github.com/users/alibaba", "html_url": "https://github.com/alibaba", "followers_url": "https://api.github.com/users/alibaba/followers", "following_url": "https://api.github.com/users/alibaba/following{/other_user}", "gists_url": "https://api.github.com/users/alibaba/gists{/gist_id}", "starred_url": "https://api.github.com/users/alibaba/starred{/owner}{/repo}", "subscriptions_url": "https://api.github.com/users/alibaba/subscriptions", "organizations_url": "https://api.github.com/users/alibaba/orgs", "repos_url": "https://api.github.com/users/alibaba/repos", "events_url": "https://api.github.com/users/alibaba/events{/privacy}", "received_events_url": "https://api.github.com/users/alibaba/received_events", "type": "Organization", "site_admin": false}, "html_url": "https://github.com/alibaba/Sentinel", "description": "A powerful flow control component enabling reliability, resilience and monitoring for microservices. (\u9762\u5411\u4e91\u539f\u751f\u5fae\u670d\u52a1\u7684\u9ad8\u53ef\u7528\u6d41\u63a7\u9632\u62a4\u7ec4\u4ef6)", "fork": false, "url": "https://api.github.com/repos/alibaba/Sentinel", "forks_url": "https://api.github.com/repos/alibaba/Sentinel/forks", "keys_url": "https://api.github.com/repos/alibaba/Sentinel/keys{/key_id}", "collaborators_url": "https://api.github.com/repos/alibaba/Sentinel/collaborators{/collaborator}", "teams_url": "https://api.github.com/repos/alibaba/Sentinel/teams", "hooks_url": "https://api.github.com/repos/alibaba/Sentinel/hooks", "issue_events_url": "https://api.github.com/repos/alibaba/Sentinel/issues/events{/number}", "events_url": "https://api.github.com/repos/alibaba/Sentinel/events", "assignees_url": "https://api.github.com/repos/alibaba/Sentinel/assignees{/user}", "branches_url": "https://api.github.com/repos/alibaba/Sentinel/branches{/branch}", "tags_url": "https://api.github.com/repos/alibaba/Sentinel/tags", "blobs_url": "https://api.github.com/repos/alibaba/Sentinel/git/blobs{/sha}", "git_tags_url": "https://api.github.com/repos/alibaba/Sentinel/git/tags{/sha}", "git_refs_url": "https://api.github.com/repos/alibaba/Sentinel/git/refs{/sha}", "trees_url": "https://api.github.com/repos/alibaba/Sentinel/git/trees{/sha}", "statuses_url": "https://api.github.com/repos/alibaba/Sentinel/statuses/{sha}", "languages_url": "https://api.github.com/repos/alibaba/Sentinel/languages", "stargazers_url": "https://api.github.com/repos/alibaba/Sentinel/stargazers", "contributors_url": "https://api.github.com/repos/alibaba/Sentinel/contributors", "subscribers_url": "https://api.github.com/repos/alibaba/Sentinel/subscribers", "subscription_url": "https://api.github.com/repos/alibaba/Sentinel/subscription", "commits_url": "https://api.github.com/repos/alibaba/Sentinel/commits{/sha}", "git_commits_url": "https://api.github.com/repos/alibaba/Sentinel/git/commits{/sha}", "comments_url": "https://api.github.com/repos/alibaba/Sentinel/comments{/number}", "issue_comment_url": "https://api.github.com/repos/alibaba/Sentinel/issues/comments{/number}", "contents_url": "https://api.github.com/repos/alibaba/Sentinel/contents/{+path}", "compare_url": "https://api.github.com/repos/alibaba/Sentinel/compare/{base}...{head}", "merges_url": "https://api.github.com/repos/alibaba/Sentinel/merges", "archive_url": "https://api.github.com/repos/alibaba/Sentinel/{archive_format}{/ref}", "downloads_url": "https://api.github.com/repos/alibaba/Sentinel/downloads", "issues_url": "https://api.github.com/repos/alibaba/Sentinel/issues{/number}", "pulls_url": "https://api.github.com/repos/alibaba/Sentinel/pulls{/number}", "milestones_url": "https://api.github.com/repos/alibaba/Sentinel/milestones{/number}", "notifications_url": "https://api.github.com/repos/alibaba/Sentinel/notifications{?since,all,participating}", "labels_url": "https://api.github.com/repos/alibaba/Sentinel/labels{/name}", "releases_url": "https://api.github.com/repos/alibaba/Sentinel/releases{/id}", "deployments_url": "https://api.github.com/repos/alibaba/Sentinel/deployments", "created_at": "2018-04-04T06:37:33Z", "updated_at": "2021-12-15T16:18:45Z", "pushed_at": "2021-12-15T12:36:33Z", "git_url": "git://github.com/alibaba/Sentinel.git", "ssh_url": "git@github.com:alibaba/Sentinel.git", "clone_url": "https://github.com/alibaba/Sentinel.git", "svn_url": "https://github.com/alibaba/Sentinel", "homepage": "https://sentinelguard.io/", "size": 7241, "stargazers_count": 18039, "watchers_count": 18039, "language": "Java", "has_issues": true, "has_projects": true, "has_downloads": true, "has_wiki": true, "has_pages": false, "forks_count": 6355, "mirror_url": null, "archived": false, "disabled": false, "open_issues_count": 466, "license": {"key": "apache-2.0", "name": "Apache License 2.0", "spdx_id": "Apache-2.0", "url": "https://api.github.com/licenses/apache-2.0", "node_id": "MDc6TGljZW5zZTI="}, "allow_forking": true, "is_template": false, "topics": ["alibaba", "circuit-breaker", "hacktoberfest", "java", "microservice", "rate-limiting", "reliability"], "visibility": "public", "forks": 6355, "open_issues": 466, "watchers": 18039, "default_branch": "master", "score": 1.0, "__project_size": 16118844, "__java_files_sizes": 3632077, "__java_files_loc": 102392, "contributors_url_calculated": 160, "commits_url_calculated": 749}