{"id": 119676507, "node_id": "MDEwOlJlcG9zaXRvcnkxMTk2NzY1MDc=", "name": "Summer", "full_name": "yale8848/Summer", "private": false, "owner": {"login": "yale8848", "id": 2555005, "node_id": "MDQ6VXNlcjI1NTUwMDU=", "avatar_url": "https://avatars.githubusercontent.com/u/2555005?v=4", "gravatar_id": "", "url": "https://api.github.com/users/yale8848", "html_url": "https://github.com/yale8848", "followers_url": "https://api.github.com/users/yale8848/followers", "following_url": "https://api.github.com/users/yale8848/following{/other_user}", "gists_url": "https://api.github.com/users/yale8848/gists{/gist_id}", "starred_url": "https://api.github.com/users/yale8848/starred{/owner}{/repo}", "subscriptions_url": "https://api.github.com/users/yale8848/subscriptions", "organizations_url": "https://api.github.com/users/yale8848/orgs", "repos_url": "https://api.github.com/users/yale8848/repos", "events_url": "https://api.github.com/users/yale8848/events{/privacy}", "received_events_url": "https://api.github.com/users/yale8848/received_events", "type": "User", "site_admin": false}, "html_url": "https://github.com/yale8848/Summer", "description": "Vertx router with JAX-RS", "fork": false, "url": "https://api.github.com/repos/yale8848/Summer", "forks_url": "https://api.github.com/repos/yale8848/Summer/forks", "keys_url": "https://api.github.com/repos/yale8848/Summer/keys{/key_id}", "collaborators_url": "https://api.github.com/repos/yale8848/Summer/collaborators{/collaborator}", "teams_url": "https://api.github.com/repos/yale8848/Summer/teams", "hooks_url": "https://api.github.com/repos/yale8848/Summer/hooks", "issue_events_url": "https://api.github.com/repos/yale8848/Summer/issues/events{/number}", "events_url": "https://api.github.com/repos/yale8848/Summer/events", "assignees_url": "https://api.github.com/repos/yale8848/Summer/assignees{/user}", "branches_url": "https://api.github.com/repos/yale8848/Summer/branches{/branch}", "tags_url": "https://api.github.com/repos/yale8848/Summer/tags", "blobs_url": "https://api.github.com/repos/yale8848/Summer/git/blobs{/sha}", "git_tags_url": "https://api.github.com/repos/yale8848/Summer/git/tags{/sha}", "git_refs_url": "https://api.github.com/repos/yale8848/Summer/git/refs{/sha}", "trees_url": "https://api.github.com/repos/yale8848/Summer/git/trees{/sha}", "statuses_url": "https://api.github.com/repos/yale8848/Summer/statuses/{sha}", "languages_url": "https://api.github.com/repos/yale8848/Summer/languages", "stargazers_url": "https://api.github.com/repos/yale8848/Summer/stargazers", "contributors_url": "https://api.github.com/repos/yale8848/Summer/contributors", "subscribers_url": "https://api.github.com/repos/yale8848/Summer/subscribers", "subscription_url": "https://api.github.com/repos/yale8848/Summer/subscription", "commits_url": "https://api.github.com/repos/yale8848/Summer/commits{/sha}", "git_commits_url": "https://api.github.com/repos/yale8848/Summer/git/commits{/sha}", "comments_url": "https://api.github.com/repos/yale8848/Summer/comments{/number}", "issue_comment_url": "https://api.github.com/repos/yale8848/Summer/issues/comments{/number}", "contents_url": "https://api.github.com/repos/yale8848/Summer/contents/{+path}", "compare_url": "https://api.github.com/repos/yale8848/Summer/compare/{base}...{head}", "merges_url": "https://api.github.com/repos/yale8848/Summer/merges", "archive_url": "https://api.github.com/repos/yale8848/Summer/{archive_format}{/ref}", "downloads_url": "https://api.github.com/repos/yale8848/Summer/downloads", "issues_url": "https://api.github.com/repos/yale8848/Summer/issues{/number}", "pulls_url": "https://api.github.com/repos/yale8848/Summer/pulls{/number}", "milestones_url": "https://api.github.com/repos/yale8848/Summer/milestones{/number}", "notifications_url": "https://api.github.com/repos/yale8848/Summer/notifications{?since,all,participating}", "labels_url": "https://api.github.com/repos/yale8848/Summer/labels{/name}", "releases_url": "https://api.github.com/repos/yale8848/Summer/releases{/id}", "deployments_url": "https://api.github.com/repos/yale8848/Summer/deployments", "created_at": "2018-01-31T11:08:07Z", "updated_at": "2021-12-14T10:41:25Z", "pushed_at": "2018-12-26T11:05:57Z", "git_url": "git://github.com/yale8848/Summer.git", "ssh_url": "git@github.com:yale8848/Summer.git", "clone_url": "https://github.com/yale8848/Summer.git", "svn_url": "https://github.com/yale8848/Summer", "homepage": "", "size": 84, "stargazers_count": 63, "watchers_count": 63, "language": "Java", "has_issues": true, "has_projects": true, "has_downloads": true, "has_wiki": true, "has_pages": false, "forks_count": 10, "mirror_url": null, "archived": false, "disabled": false, "open_issues_count": 1, "license": {"key": "mit", "name": "MIT License", "spdx_id": "MIT", "url": "https://api.github.com/licenses/mit", "node_id": "MDc6TGljZW5zZTEz"}, "allow_forking": true, "is_template": false, "topics": ["asynchronous", "jax-rs", "reactor", "router", "vertx", "vertx-router", "vertx-web"], "visibility": "public", "forks": 10, "open_issues": 1, "watchers": 63, "default_branch": "master", "score": 1.0, "__project_size": 232721, "__java_files_sizes": 84307, "__java_files_loc": 3227, "contributors_url_calculated": 1, "commits_url_calculated": 48}