{"id": 143505750, "node_id": "MDEwOlJlcG9zaXRvcnkxNDM1MDU3NTA=", "name": "react-native-jitsi-meet", "full_name": "skrafft/react-native-jitsi-meet", "private": false, "owner": {"login": "skrafft", "id": 7993876, "node_id": "MDQ6VXNlcjc5OTM4NzY=", "avatar_url": "https://avatars.githubusercontent.com/u/7993876?v=4", "gravatar_id": "", "url": "https://api.github.com/users/skrafft", "html_url": "https://github.com/skrafft", "followers_url": "https://api.github.com/users/skrafft/followers", "following_url": "https://api.github.com/users/skrafft/following{/other_user}", "gists_url": "https://api.github.com/users/skrafft/gists{/gist_id}", "starred_url": "https://api.github.com/users/skrafft/starred{/owner}{/repo}", "subscriptions_url": "https://api.github.com/users/skrafft/subscriptions", "organizations_url": "https://api.github.com/users/skrafft/orgs", "repos_url": "https://api.github.com/users/skrafft/repos", "events_url": "https://api.github.com/users/skrafft/events{/privacy}", "received_events_url": "https://api.github.com/users/skrafft/received_events", "type": "User", "site_admin": false}, "html_url": "https://github.com/skrafft/react-native-jitsi-meet", "description": "React native wrapper for Jitsi Meet SDK", "fork": false, "url": "https://api.github.com/repos/skrafft/react-native-jitsi-meet", "forks_url": "https://api.github.com/repos/skrafft/react-native-jitsi-meet/forks", "keys_url": "https://api.github.com/repos/skrafft/react-native-jitsi-meet/keys{/key_id}", "collaborators_url": "https://api.github.com/repos/skrafft/react-native-jitsi-meet/collaborators{/collaborator}", "teams_url": "https://api.github.com/repos/skrafft/react-native-jitsi-meet/teams", "hooks_url": "https://api.github.com/repos/skrafft/react-native-jitsi-meet/hooks", "issue_events_url": "https://api.github.com/repos/skrafft/react-native-jitsi-meet/issues/events{/number}", "events_url": "https://api.github.com/repos/skrafft/react-native-jitsi-meet/events", "assignees_url": "https://api.github.com/repos/skrafft/react-native-jitsi-meet/assignees{/user}", "branches_url": "https://api.github.com/repos/skrafft/react-native-jitsi-meet/branches{/branch}", "tags_url": "https://api.github.com/repos/skrafft/react-native-jitsi-meet/tags", "blobs_url": "https://api.github.com/repos/skrafft/react-native-jitsi-meet/git/blobs{/sha}", "git_tags_url": "https://api.github.com/repos/skrafft/react-native-jitsi-meet/git/tags{/sha}", "git_refs_url": "https://api.github.com/repos/skrafft/react-native-jitsi-meet/git/refs{/sha}", "trees_url": "https://api.github.com/repos/skrafft/react-native-jitsi-meet/git/trees{/sha}", "statuses_url": "https://api.github.com/repos/skrafft/react-native-jitsi-meet/statuses/{sha}", "languages_url": "https://api.github.com/repos/skrafft/react-native-jitsi-meet/languages", "stargazers_url": "https://api.github.com/repos/skrafft/react-native-jitsi-meet/stargazers", "contributors_url": "https://api.github.com/repos/skrafft/react-native-jitsi-meet/contributors", "subscribers_url": "https://api.github.com/repos/skrafft/react-native-jitsi-meet/subscribers", "subscription_url": "https://api.github.com/repos/skrafft/react-native-jitsi-meet/subscription", "commits_url": "https://api.github.com/repos/skrafft/react-native-jitsi-meet/commits{/sha}", "git_commits_url": "https://api.github.com/repos/skrafft/react-native-jitsi-meet/git/commits{/sha}", "comments_url": "https://api.github.com/repos/skrafft/react-native-jitsi-meet/comments{/number}", "issue_comment_url": "https://api.github.com/repos/skrafft/react-native-jitsi-meet/issues/comments{/number}", "contents_url": "https://api.github.com/repos/skrafft/react-native-jitsi-meet/contents/{+path}", "compare_url": "https://api.github.com/repos/skrafft/react-native-jitsi-meet/compare/{base}...{head}", "merges_url": "https://api.github.com/repos/skrafft/react-native-jitsi-meet/merges", "archive_url": "https://api.github.com/repos/skrafft/react-native-jitsi-meet/{archive_format}{/ref}", "downloads_url": "https://api.github.com/repos/skrafft/react-native-jitsi-meet/downloads", "issues_url": "https://api.github.com/repos/skrafft/react-native-jitsi-meet/issues{/number}", "pulls_url": "https://api.github.com/repos/skrafft/react-native-jitsi-meet/pulls{/number}", "milestones_url": "https://api.github.com/repos/skrafft/react-native-jitsi-meet/milestones{/number}", "notifications_url": "https://api.github.com/repos/skrafft/react-native-jitsi-meet/notifications{?since,all,participating}", "labels_url": "https://api.github.com/repos/skrafft/react-native-jitsi-meet/labels{/name}", "releases_url": "https://api.github.com/repos/skrafft/react-native-jitsi-meet/releases{/id}", "deployments_url": "https://api.github.com/repos/skrafft/react-native-jitsi-meet/deployments", "created_at": "2018-08-04T06:58:52Z", "updated_at": "2022-03-12T11:46:11Z", "pushed_at": "2022-03-02T01:25:11Z", "git_url": "git://github.com/skrafft/react-native-jitsi-meet.git", "ssh_url": "git@github.com:skrafft/react-native-jitsi-meet.git", "clone_url": "https://github.com/skrafft/react-native-jitsi-meet.git", "svn_url": "https://github.com/skrafft/react-native-jitsi-meet", "homepage": null, "size": 78724, "stargazers_count": 240, "watchers_count": 240, "language": "Java", "has_issues": true, "has_projects": true, "has_downloads": true, "has_wiki": true, "has_pages": false, "forks_count": 302, "mirror_url": null, "archived": false, "disabled": false, "open_issues_count": 149, "license": {"key": "apache-2.0", "name": "Apache License 2.0", "spdx_id": "Apache-2.0", "url": "https://api.github.com/licenses/apache-2.0", "node_id": "MDc6TGljZW5zZTI="}, "allow_forking": true, "is_template": false, "topics": [], "visibility": "public", "forks": 302, "open_issues": 149, "watchers": 240, "default_branch": "master", "score": 1.0, "__project_size": 80804708, "__java_files_sizes": 40842, "__java_files_loc": 1124, "contributors_url_calculated": 9, "commits_url_calculated": 68}