{"SCOM": {"py/object": "Statistics.InterestingStatistics", "classValues": [{"py/tuple": [0.1576923076923077, 165]}, {"py/tuple": [1, 8]}, {"py/tuple": [0.047619047619047616, 67]}, {"py/tuple": [0.17575757575757575, 318]}, {"py/tuple": [0.0, 116]}, {"py/tuple": [0.1, 26]}, {"py/tuple": [0.8888888888888888, 77]}, {"py/tuple": [0.0, 150]}, {"py/tuple": [0.14285714285714288, 58]}, {"py/tuple": [0.0761904761904762, 68]}, {"py/tuple": [0.0, 41]}]}, "LSCC": {"py/object": "Statistics.InterestingStatistics", "classValues": [{"py/tuple": [0.019230769230769232, 165]}, {"py/tuple": [1, 8]}, {"py/tuple": [0.047619047619047616, 67]}, {"py/tuple": [0.06666666666666667, 318]}, {"py/tuple": [0.0, 116]}, {"py/tuple": [0.1, 26]}, {"py/tuple": [0.4444444444444444, 77]}, {"py/tuple": [0.0, 150]}, {"py/tuple": [0.09523809523809523, 58]}, {"py/tuple": [0.01904761904761905, 68]}, {"py/tuple": [0, 41]}]}, "CC": {"py/object": "Statistics.InterestingStatistics", "classValues": [{"py/tuple": [0.05384615384615386, 165]}, {"py/tuple": [1, 8]}, {"py/tuple": [0.047619047619047616, 67]}, {"py/tuple": [0.07407407407407408, 318]}, {"py/tuple": [0.0, 116]}, {"py/tuple": [0.1, 26]}, {"py/tuple": [0.5555555555555555, 77]}, {"py/tuple": [0.0, 150]}, {"py/tuple": [0.21428571428571427, 58]}, {"py/tuple": [0.023809523809523808, 68]}, {"py/tuple": [1, 41]}]}, "LCOM5": {"py/object": "Statistics.InterestingStatistics", "classValues": [{"py/tuple": [0.8307692307692307, 165]}, {"py/tuple": [0, 8]}, {"py/tuple": [0.7142857142857143, 67]}, {"py/tuple": [0.696969696969697, 318]}, {"py/tuple": [0.8571428571428572, 116]}, {"py/tuple": [0.6, 26]}, {"py/tuple": [0.33333333333333337, 77]}, {"py/tuple": [0.8888888888888888, 150]}, {"py/tuple": [0.7142857142857143, 58]}, {"py/tuple": [0.8285714285714285, 68]}, {"py/tuple": [0, 41]}]}, "CBAMU": {"py/object": "Statistics.InterestingStatistics", "classValues": [{"py/tuple": [0.08461538461538462, 165]}, {"py/tuple": [0.0, 8]}, {"py/tuple": [0.16666666666666666, 67]}, {"py/tuple": [0.15151515151515152, 318]}, {"py/tuple": [0.07142857142857142, 116]}, {"py/tuple": [0.2, 26]}, {"py/tuple": [0.3333333333333333, 77]}, {"py/tuple": [0.09027777777777778, 150]}, {"py/tuple": [0.14285714285714285, 58]}, {"py/tuple": [0.09761904761904762, 68]}, {"py/tuple": [0.0, 41]}]}}