{"id": 20773773, "node_id": "MDEwOlJlcG9zaXRvcnkyMDc3Mzc3Mw==", "name": "bazel", "full_name": "bazelbuild/bazel", "private": false, "owner": {"login": "bazelbuild", "id": 11684617, "node_id": "MDEyOk9yZ2FuaXphdGlvbjExNjg0NjE3", "avatar_url": "https://avatars.githubusercontent.com/u/11684617?v=4", "gravatar_id": "", "url": "https://api.github.com/users/bazelbuild", "html_url": "https://github.com/bazelbuild", "followers_url": "https://api.github.com/users/bazelbuild/followers", "following_url": "https://api.github.com/users/bazelbuild/following{/other_user}", "gists_url": "https://api.github.com/users/bazelbuild/gists{/gist_id}", "starred_url": "https://api.github.com/users/bazelbuild/starred{/owner}{/repo}", "subscriptions_url": "https://api.github.com/users/bazelbuild/subscriptions", "organizations_url": "https://api.github.com/users/bazelbuild/orgs", "repos_url": "https://api.github.com/users/bazelbuild/repos", "events_url": "https://api.github.com/users/bazelbuild/events{/privacy}", "received_events_url": "https://api.github.com/users/bazelbuild/received_events", "type": "Organization", "site_admin": false}, "html_url": "https://github.com/bazelbuild/bazel", "description": "a fast, scalable, multi-language and extensible build system", "fork": false, "url": "https://api.github.com/repos/bazelbuild/bazel", "forks_url": "https://api.github.com/repos/bazelbuild/bazel/forks", "keys_url": "https://api.github.com/repos/bazelbuild/bazel/keys{/key_id}", "collaborators_url": "https://api.github.com/repos/bazelbuild/bazel/collaborators{/collaborator}", "teams_url": "https://api.github.com/repos/bazelbuild/bazel/teams", "hooks_url": "https://api.github.com/repos/bazelbuild/bazel/hooks", "issue_events_url": "https://api.github.com/repos/bazelbuild/bazel/issues/events{/number}", "events_url": "https://api.github.com/repos/bazelbuild/bazel/events", "assignees_url": "https://api.github.com/repos/bazelbuild/bazel/assignees{/user}", "branches_url": "https://api.github.com/repos/bazelbuild/bazel/branches{/branch}", "tags_url": "https://api.github.com/repos/bazelbuild/bazel/tags", "blobs_url": "https://api.github.com/repos/bazelbuild/bazel/git/blobs{/sha}", "git_tags_url": "https://api.github.com/repos/bazelbuild/bazel/git/tags{/sha}", "git_refs_url": "https://api.github.com/repos/bazelbuild/bazel/git/refs{/sha}", "trees_url": "https://api.github.com/repos/bazelbuild/bazel/git/trees{/sha}", "statuses_url": "https://api.github.com/repos/bazelbuild/bazel/statuses/{sha}", "languages_url": "https://api.github.com/repos/bazelbuild/bazel/languages", "stargazers_url": "https://api.github.com/repos/bazelbuild/bazel/stargazers", "contributors_url": "https://api.github.com/repos/bazelbuild/bazel/contributors", "subscribers_url": "https://api.github.com/repos/bazelbuild/bazel/subscribers", "subscription_url": "https://api.github.com/repos/bazelbuild/bazel/subscription", "commits_url": "https://api.github.com/repos/bazelbuild/bazel/commits{/sha}", "git_commits_url": "https://api.github.com/repos/bazelbuild/bazel/git/commits{/sha}", "comments_url": "https://api.github.com/repos/bazelbuild/bazel/comments{/number}", "issue_comment_url": "https://api.github.com/repos/bazelbuild/bazel/issues/comments{/number}", "contents_url": "https://api.github.com/repos/bazelbuild/bazel/contents/{+path}", "compare_url": "https://api.github.com/repos/bazelbuild/bazel/compare/{base}...{head}", "merges_url": "https://api.github.com/repos/bazelbuild/bazel/merges", "archive_url": "https://api.github.com/repos/bazelbuild/bazel/{archive_format}{/ref}", "downloads_url": "https://api.github.com/repos/bazelbuild/bazel/downloads", "issues_url": "https://api.github.com/repos/bazelbuild/bazel/issues{/number}", "pulls_url": "https://api.github.com/repos/bazelbuild/bazel/pulls{/number}", "milestones_url": "https://api.github.com/repos/bazelbuild/bazel/milestones{/number}", "notifications_url": "https://api.github.com/repos/bazelbuild/bazel/notifications{?since,all,participating}", "labels_url": "https://api.github.com/repos/bazelbuild/bazel/labels{/name}", "releases_url": "https://api.github.com/repos/bazelbuild/bazel/releases{/id}", "deployments_url": "https://api.github.com/repos/bazelbuild/bazel/deployments", "created_at": "2014-06-12T16:00:38Z", "updated_at": "2021-12-15T16:18:54Z", "pushed_at": "2021-12-15T15:27:51Z", "git_url": "git://github.com/bazelbuild/bazel.git", "ssh_url": "git@github.com:bazelbuild/bazel.git", "clone_url": "https://github.com/bazelbuild/bazel.git", "svn_url": "https://github.com/bazelbuild/bazel", "homepage": "https://bazel.build", "size": 823965, "stargazers_count": 17779, "watchers_count": 17779, "language": "Java", "has_issues": true, "has_projects": true, "has_downloads": true, "has_wiki": true, "has_pages": false, "forks_count": 3201, "mirror_url": null, "archived": false, "disabled": false, "open_issues_count": 2325, "license": {"key": "apache-2.0", "name": "Apache License 2.0", "spdx_id": "Apache-2.0", "url": "https://api.github.com/licenses/apache-2.0", "node_id": "MDc6TGljZW5zZTI="}, "allow_forking": true, "is_template": false, "topics": ["bazel", "build", "build-system", "correct", "fast", "multi-language", "scalable", "test"], "visibility": "public", "forks": 3201, "open_issues": 2325, "watchers": 17779, "default_branch": "master", "score": 1.0, "__project_size": 1026492206, "__java_files_sizes": 47916375, "__java_files_loc": 1226615, "contributors_url_calculated": 328, "commits_url_calculated": 32600}