{"id": 177775992, "node_id": "MDEwOlJlcG9zaXRvcnkxNzc3NzU5OTI=", "name": "SpringBootDockerDemoDebug", "full_name": "IdeaUJetBrains/SpringBootDockerDemoDebug", "private": false, "owner": {"login": "IdeaUJetBrains", "id": 14996705, "node_id": "MDQ6VXNlcjE0OTk2NzA1", "avatar_url": "https://avatars.githubusercontent.com/u/14996705?v=4", "gravatar_id": "", "url": "https://api.github.com/users/IdeaUJetBrains", "html_url": "https://github.com/IdeaUJetBrains", "followers_url": "https://api.github.com/users/IdeaUJetBrains/followers", "following_url": "https://api.github.com/users/IdeaUJetBrains/following{/other_user}", "gists_url": "https://api.github.com/users/IdeaUJetBrains/gists{/gist_id}", "starred_url": "https://api.github.com/users/IdeaUJetBrains/starred{/owner}{/repo}", "subscriptions_url": "https://api.github.com/users/IdeaUJetBrains/subscriptions", "organizations_url": "https://api.github.com/users/IdeaUJetBrains/orgs", "repos_url": "https://api.github.com/users/IdeaUJetBrains/repos", "events_url": "https://api.github.com/users/IdeaUJetBrains/events{/privacy}", "received_events_url": "https://api.github.com/users/IdeaUJetBrains/received_events", "type": "User", "site_admin": false}, "html_url": "https://github.com/IdeaUJetBrains/SpringBootDockerDemoDebug", "description": "Test project for SpringBoot debug via docker", "fork": false, "url": "https://api.github.com/repos/IdeaUJetBrains/SpringBootDockerDemoDebug", "forks_url": "https://api.github.com/repos/IdeaUJetBrains/SpringBootDockerDemoDebug/forks", "keys_url": "https://api.github.com/repos/IdeaUJetBrains/SpringBootDockerDemoDebug/keys{/key_id}", "collaborators_url": "https://api.github.com/repos/IdeaUJetBrains/SpringBootDockerDemoDebug/collaborators{/collaborator}", "teams_url": "https://api.github.com/repos/IdeaUJetBrains/SpringBootDockerDemoDebug/teams", "hooks_url": "https://api.github.com/repos/IdeaUJetBrains/SpringBootDockerDemoDebug/hooks", "issue_events_url": "https://api.github.com/repos/IdeaUJetBrains/SpringBootDockerDemoDebug/issues/events{/number}", "events_url": "https://api.github.com/repos/IdeaUJetBrains/SpringBootDockerDemoDebug/events", "assignees_url": "https://api.github.com/repos/IdeaUJetBrains/SpringBootDockerDemoDebug/assignees{/user}", "branches_url": "https://api.github.com/repos/IdeaUJetBrains/SpringBootDockerDemoDebug/branches{/branch}", "tags_url": "https://api.github.com/repos/IdeaUJetBrains/SpringBootDockerDemoDebug/tags", "blobs_url": "https://api.github.com/repos/IdeaUJetBrains/SpringBootDockerDemoDebug/git/blobs{/sha}", "git_tags_url": "https://api.github.com/repos/IdeaUJetBrains/SpringBootDockerDemoDebug/git/tags{/sha}", "git_refs_url": "https://api.github.com/repos/IdeaUJetBrains/SpringBootDockerDemoDebug/git/refs{/sha}", "trees_url": "https://api.github.com/repos/IdeaUJetBrains/SpringBootDockerDemoDebug/git/trees{/sha}", "statuses_url": "https://api.github.com/repos/IdeaUJetBrains/SpringBootDockerDemoDebug/statuses/{sha}", "languages_url": "https://api.github.com/repos/IdeaUJetBrains/SpringBootDockerDemoDebug/languages", "stargazers_url": "https://api.github.com/repos/IdeaUJetBrains/SpringBootDockerDemoDebug/stargazers", "contributors_url": "https://api.github.com/repos/IdeaUJetBrains/SpringBootDockerDemoDebug/contributors", "subscribers_url": "https://api.github.com/repos/IdeaUJetBrains/SpringBootDockerDemoDebug/subscribers", "subscription_url": "https://api.github.com/repos/IdeaUJetBrains/SpringBootDockerDemoDebug/subscription", "commits_url": "https://api.github.com/repos/IdeaUJetBrains/SpringBootDockerDemoDebug/commits{/sha}", "git_commits_url": "https://api.github.com/repos/IdeaUJetBrains/SpringBootDockerDemoDebug/git/commits{/sha}", "comments_url": "https://api.github.com/repos/IdeaUJetBrains/SpringBootDockerDemoDebug/comments{/number}", "issue_comment_url": "https://api.github.com/repos/IdeaUJetBrains/SpringBootDockerDemoDebug/issues/comments{/number}", "contents_url": "https://api.github.com/repos/IdeaUJetBrains/SpringBootDockerDemoDebug/contents/{+path}", "compare_url": "https://api.github.com/repos/IdeaUJetBrains/SpringBootDockerDemoDebug/compare/{base}...{head}", "merges_url": "https://api.github.com/repos/IdeaUJetBrains/SpringBootDockerDemoDebug/merges", "archive_url": "https://api.github.com/repos/IdeaUJetBrains/SpringBootDockerDemoDebug/{archive_format}{/ref}", "downloads_url": "https://api.github.com/repos/IdeaUJetBrains/SpringBootDockerDemoDebug/downloads", "issues_url": "https://api.github.com/repos/IdeaUJetBrains/SpringBootDockerDemoDebug/issues{/number}", "pulls_url": "https://api.github.com/repos/IdeaUJetBrains/SpringBootDockerDemoDebug/pulls{/number}", "milestones_url": "https://api.github.com/repos/IdeaUJetBrains/SpringBootDockerDemoDebug/milestones{/number}", "notifications_url": "https://api.github.com/repos/IdeaUJetBrains/SpringBootDockerDemoDebug/notifications{?since,all,participating}", "labels_url": "https://api.github.com/repos/IdeaUJetBrains/SpringBootDockerDemoDebug/labels{/name}", "releases_url": "https://api.github.com/repos/IdeaUJetBrains/SpringBootDockerDemoDebug/releases{/id}", "deployments_url": "https://api.github.com/repos/IdeaUJetBrains/SpringBootDockerDemoDebug/deployments", "created_at": "2019-03-26T11:37:02Z", "updated_at": "2022-02-23T01:57:14Z", "pushed_at": "2022-01-28T11:49:33Z", "git_url": "git://github.com/IdeaUJetBrains/SpringBootDockerDemoDebug.git", "ssh_url": "git@github.com:IdeaUJetBrains/SpringBootDockerDemoDebug.git", "clone_url": "https://github.com/IdeaUJetBrains/SpringBootDockerDemoDebug.git", "svn_url": "https://github.com/IdeaUJetBrains/SpringBootDockerDemoDebug", "homepage": null, "size": 21712, "stargazers_count": 40, "watchers_count": 40, "language": "Java", "has_issues": true, "has_projects": true, "has_downloads": true, "has_wiki": true, "has_pages": false, "forks_count": 32, "mirror_url": null, "archived": false, "disabled": false, "open_issues_count": 3, "license": null, "allow_forking": true, "is_template": false, "topics": [], "visibility": "public", "forks": 32, "open_issues": 3, "watchers": 40, "default_branch": "master", "score": 1.0, "__project_size": 45282986, "__java_files_sizes": 3440, "__java_files_loc": 138, "contributors_url_calculated": 1, "commits_url_calculated": 4}