{"DemoApplication": {"className": "DemoApplication", "members": {"py/set": ["entitybusRepository"]}, "methods": {"main": {"memberReferences": {"py/set": []}, "methodName": "main", "methodReferences": {"py/set": ["run"]}, "py/object": "JavaParserVisitor.MethodInfo"}, "run": {"memberReferences": {"py/set": []}, "methodName": "run", "methodReferences": {"py/set": []}, "py/object": "JavaParserVisitor.MethodInfo"}}, "possibleFather": "", "py/object": "JavaParserVisitor.ClassInfo", "span": 18}, "Entitybus": {"className": "Entitybus", "members": {"py/set": ["enumber", "eid"]}, "methods": {"equals": {"memberReferences": {"py/set": ["enumber", "eid"]}, "methodName": "equals", "methodReferences": {"py/set": ["equals"]}, "py/object": "JavaParserVisitor.MethodInfo"}, "hashCode": {"memberReferences": {"py/set": ["enumber", "eid"]}, "methodName": "hashCode", "methodReferences": {"py/set": []}, "py/object": "JavaParserVisitor.MethodInfo"}}, "possibleFather": "", "py/object": "JavaParserVisitor.ClassInfo", "span": 43}, "EntitybusController": {"className": "EntitybusController", "members": {"py/set": ["entitybusRepository"]}, "methods": {"findAll1": {"memberReferences": {"py/set": []}, "methodName": "findAll1", "methodReferences": {"py/set": []}, "py/object": "JavaParserVisitor.MethodInfo"}, "postEntity": {"memberReferences": {"py/set": []}, "methodName": "postEntity", "methodReferences": {"py/set": []}, "py/object": "JavaParserVisitor.MethodInfo"}}, "possibleFather": "", "py/object": "JavaParserVisitor.ClassInfo", "span": 16}}