{"SCOM": {"py/object": "Statistics.InterestingStatistics", "classValues": [{"py/tuple": [0.0, 18]}, {"py/tuple": [1.0, 43]}, {"py/tuple": [0.0, 16]}]}, "LSCC": {"py/object": "Statistics.InterestingStatistics", "classValues": [{"py/tuple": [0.0, 18]}, {"py/tuple": [1.0, 43]}, {"py/tuple": [0.0, 16]}]}, "CC": {"py/object": "Statistics.InterestingStatistics", "classValues": [{"py/tuple": [0.0, 18]}, {"py/tuple": [1.0, 43]}, {"py/tuple": [0.0, 16]}]}, "LCOM5": {"py/object": "Statistics.InterestingStatistics", "classValues": [{"py/tuple": [1.0, 18]}, {"py/tuple": [0.0, 43]}, {"py/tuple": [1.0, 16]}]}, "CBAMU": {"py/object": "Statistics.InterestingStatistics", "classValues": [{"py/tuple": [0.25, 18]}, {"py/tuple": [0.5, 43]}, {"py/tuple": [0.0, 16]}]}}