{"id": 139153913, "node_id": "MDEwOlJlcG9zaXRvcnkxMzkxNTM5MTM=", "name": "XUpdate", "full_name": "xuexiangjys/XUpdate", "private": false, "owner": {"login": "xuexiangjys", "id": 15059629, "node_id": "MDQ6VXNlcjE1MDU5NjI5", "avatar_url": "https://avatars.githubusercontent.com/u/15059629?v=4", "gravatar_id": "", "url": "https://api.github.com/users/xuexiangjys", "html_url": "https://github.com/xuexiangjys", "followers_url": "https://api.github.com/users/xuexiangjys/followers", "following_url": "https://api.github.com/users/xuexiangjys/following{/other_user}", "gists_url": "https://api.github.com/users/xuexiangjys/gists{/gist_id}", "starred_url": "https://api.github.com/users/xuexiangjys/starred{/owner}{/repo}", "subscriptions_url": "https://api.github.com/users/xuexiangjys/subscriptions", "organizations_url": "https://api.github.com/users/xuexiangjys/orgs", "repos_url": "https://api.github.com/users/xuexiangjys/repos", "events_url": "https://api.github.com/users/xuexiangjys/events{/privacy}", "received_events_url": "https://api.github.com/users/xuexiangjys/received_events", "type": "User", "site_admin": false}, "html_url": "https://github.com/xuexiangjys/XUpdate", "description": "\ud83d\ude80A lightweight, high availability Android version update framework.(\u4e00\u4e2a\u8f7b\u91cf\u7ea7\u3001\u9ad8\u53ef\u7528\u6027\u7684Android\u7248\u672c\u66f4\u65b0\u6846\u67b6)", "fork": false, "url": "https://api.github.com/repos/xuexiangjys/XUpdate", "forks_url": "https://api.github.com/repos/xuexiangjys/XUpdate/forks", "keys_url": "https://api.github.com/repos/xuexiangjys/XUpdate/keys{/key_id}", "collaborators_url": "https://api.github.com/repos/xuexiangjys/XUpdate/collaborators{/collaborator}", "teams_url": "https://api.github.com/repos/xuexiangjys/XUpdate/teams", "hooks_url": "https://api.github.com/repos/xuexiangjys/XUpdate/hooks", "issue_events_url": "https://api.github.com/repos/xuexiangjys/XUpdate/issues/events{/number}", "events_url": "https://api.github.com/repos/xuexiangjys/XUpdate/events", "assignees_url": "https://api.github.com/repos/xuexiangjys/XUpdate/assignees{/user}", "branches_url": "https://api.github.com/repos/xuexiangjys/XUpdate/branches{/branch}", "tags_url": "https://api.github.com/repos/xuexiangjys/XUpdate/tags", "blobs_url": "https://api.github.com/repos/xuexiangjys/XUpdate/git/blobs{/sha}", "git_tags_url": "https://api.github.com/repos/xuexiangjys/XUpdate/git/tags{/sha}", "git_refs_url": "https://api.github.com/repos/xuexiangjys/XUpdate/git/refs{/sha}", "trees_url": "https://api.github.com/repos/xuexiangjys/XUpdate/git/trees{/sha}", "statuses_url": "https://api.github.com/repos/xuexiangjys/XUpdate/statuses/{sha}", "languages_url": "https://api.github.com/repos/xuexiangjys/XUpdate/languages", "stargazers_url": "https://api.github.com/repos/xuexiangjys/XUpdate/stargazers", "contributors_url": "https://api.github.com/repos/xuexiangjys/XUpdate/contributors", "subscribers_url": "https://api.github.com/repos/xuexiangjys/XUpdate/subscribers", "subscription_url": "https://api.github.com/repos/xuexiangjys/XUpdate/subscription", "commits_url": "https://api.github.com/repos/xuexiangjys/XUpdate/commits{/sha}", "git_commits_url": "https://api.github.com/repos/xuexiangjys/XUpdate/git/commits{/sha}", "comments_url": "https://api.github.com/repos/xuexiangjys/XUpdate/comments{/number}", "issue_comment_url": "https://api.github.com/repos/xuexiangjys/XUpdate/issues/comments{/number}", "contents_url": "https://api.github.com/repos/xuexiangjys/XUpdate/contents/{+path}", "compare_url": "https://api.github.com/repos/xuexiangjys/XUpdate/compare/{base}...{head}", "merges_url": "https://api.github.com/repos/xuexiangjys/XUpdate/merges", "archive_url": "https://api.github.com/repos/xuexiangjys/XUpdate/{archive_format}{/ref}", "downloads_url": "https://api.github.com/repos/xuexiangjys/XUpdate/downloads", "issues_url": "https://api.github.com/repos/xuexiangjys/XUpdate/issues{/number}", "pulls_url": "https://api.github.com/repos/xuexiangjys/XUpdate/pulls{/number}", "milestones_url": "https://api.github.com/repos/xuexiangjys/XUpdate/milestones{/number}", "notifications_url": "https://api.github.com/repos/xuexiangjys/XUpdate/notifications{?since,all,participating}", "labels_url": "https://api.github.com/repos/xuexiangjys/XUpdate/labels{/name}", "releases_url": "https://api.github.com/repos/xuexiangjys/XUpdate/releases{/id}", "deployments_url": "https://api.github.com/repos/xuexiangjys/XUpdate/deployments", "created_at": "2018-06-29T13:39:08Z", "updated_at": "2022-03-09T08:57:49Z", "pushed_at": "2022-01-18T15:37:56Z", "git_url": "git://github.com/xuexiangjys/XUpdate.git", "ssh_url": "git@github.com:xuexiangjys/XUpdate.git", "clone_url": "https://github.com/xuexiangjys/XUpdate.git", "svn_url": "https://github.com/xuexiangjys/XUpdate", "homepage": "https://github.com/xuexiangjys/XUpdate/wiki", "size": 36163, "stargazers_count": 1754, "watchers_count": 1754, "language": "Java", "has_issues": true, "has_projects": true, "has_downloads": true, "has_wiki": true, "has_pages": false, "forks_count": 316, "mirror_url": null, "archived": false, "disabled": false, "open_issues_count": 2, "license": {"key": "apache-2.0", "name": "Apache License 2.0", "spdx_id": "Apache-2.0", "url": "https://api.github.com/licenses/apache-2.0", "node_id": "MDc6TGljZW5zZTI="}, "allow_forking": true, "is_template": false, "topics": ["android", "android-ui", "apk", "update", "x-library", "xui", "xupdate"], "visibility": "public", "forks": 316, "open_issues": 2, "watchers": 1754, "default_branch": "master", "score": 1.0, "__project_size": 42936216, "__java_files_sizes": 378516, "__java_files_loc": 12197, "contributors_url_calculated": 1, "commits_url_calculated": 236}