{"SCOM": {"py/object": "Statistics.InterestingStatistics", "classValues": [{"py/tuple": [0.0, 9]}, {"py/tuple": [0.038461538461538464, 131]}, {"py/tuple": [0.25, 45]}, {"py/tuple": [0.09743589743589742, 300]}, {"py/tuple": [0.0, 76]}, {"py/tuple": [0.005263157894736841, 160]}, {"py/tuple": [0.00641025641025641, 141]}, {"py/tuple": [0.0, 38]}, {"py/tuple": [0.0347694633408919, 400]}, {"py/tuple": [0.16666666666666666, 71]}, {"py/tuple": [0.0, 133]}, {"py/tuple": [1, 22]}, {"py/tuple": [1, 8]}, {"py/tuple": [1, 14]}, {"py/tuple": [0.0, 30]}, {"py/tuple": [0.0, 63]}, {"py/tuple": [0.0, 21]}, {"py/tuple": [0.0, 41]}, {"py/tuple": [1.0, 39]}, {"py/tuple": [0.0, 107]}, {"py/tuple": [0.16296296296296298, 131]}, {"py/tuple": [1, 4]}, {"py/tuple": [0.0, 206]}, {"py/tuple": [0.0, 47]}, {"py/tuple": [0.0, 223]}, {"py/tuple": [0.3333333333333333, 37]}, {"py/tuple": [0.13480392156862744, 124]}, {"py/tuple": [0.21474358974358979, 440]}, {"py/tuple": [0.0, 261]}, {"py/tuple": [1, 29]}, {"py/tuple": [1, 6]}, {"py/tuple": [1, 3]}, {"py/tuple": [0.4457070707070709, 203]}, {"py/tuple": [0.05555555555555555, 110]}, {"py/tuple": [0.001693958215697346, 391]}, {"py/tuple": [0.6666666666666666, 72]}, {"py/tuple": [0.0, 98]}, {"py/tuple": [0.0, 19]}, {"py/tuple": [0.013888888888888888, 102]}, {"py/tuple": [0.0, 47]}, {"py/tuple": [0.0, 65]}, {"py/tuple": [0.052705901390111956, 473]}, {"py/tuple": [0.022222222222222223, 102]}, {"py/tuple": [0.13083213083213086, 172]}, {"py/tuple": [0.3, 47]}, {"py/tuple": [0.0, 39]}, {"py/tuple": [0.16666666666666666, 198]}, {"py/tuple": [0.0, 113]}, {"py/tuple": [0.05, 54]}, {"py/tuple": [0.0, 36]}, {"py/tuple": [0.1721056941295036, 384]}, {"py/tuple": [0.19138957307060758, 425]}, {"py/tuple": [0.17827296401515152, 506]}, {"py/tuple": [0.06017316017316018, 283]}, {"py/tuple": [0.1, 109]}, {"py/tuple": [1, 0]}, {"py/tuple": [0.4344193817878028, 305]}, {"py/tuple": [0.09491116522366523, 813]}, {"py/tuple": [0.008602150537634407, 407]}, {"py/tuple": [1.0, 40]}, {"py/tuple": [0.13333333333333333, 82]}, {"py/tuple": [0.02488888888888889, 357]}, {"py/tuple": [0.0, 75]}, {"py/tuple": [0.0, 78]}, {"py/tuple": [0.0, 277]}]}, "LSCC": {"py/object": "Statistics.InterestingStatistics", "classValues": [{"py/tuple": [0, 9]}, {"py/tuple": [0.038461538461538464, 131]}, {"py/tuple": [0.08333333333333333, 45]}, {"py/tuple": [0.07948717948717948, 300]}, {"py/tuple": [0, 76]}, {"py/tuple": [0.005263157894736842, 160]}, {"py/tuple": [0.00641025641025641, 141]}, {"py/tuple": [0, 38]}, {"py/tuple": [0.0049130763416477706, 400]}, {"py/tuple": [0.16666666666666666, 71]}, {"py/tuple": [0, 133]}, {"py/tuple": [1, 22]}, {"py/tuple": [1, 8]}, {"py/tuple": [1, 14]}, {"py/tuple": [0, 30]}, {"py/tuple": [0, 63]}, {"py/tuple": [0, 21]}, {"py/tuple": [0, 41]}, {"py/tuple": [1.0, 39]}, {"py/tuple": [0, 107]}, {"py/tuple": [0.07407407407407407, 131]}, {"py/tuple": [1, 4]}, {"py/tuple": [0, 206]}, {"py/tuple": [0, 47]}, {"py/tuple": [0, 223]}, {"py/tuple": [0.16666666666666666, 37]}, {"py/tuple": [0.03676470588235294, 124]}, {"py/tuple": [0.10683760683760683, 440]}, {"py/tuple": [0, 261]}, {"py/tuple": [1, 29]}, {"py/tuple": [1, 6]}, {"py/tuple": [1, 3]}, {"py/tuple": [0.25252525252525254, 203]}, {"py/tuple": [0.027777777777777776, 110]}, {"py/tuple": [0.0016939582156973462, 391]}, {"py/tuple": [0.6666666666666666, 72]}, {"py/tuple": [0.0, 98]}, {"py/tuple": [0, 19]}, {"py/tuple": [0.013888888888888888, 102]}, {"py/tuple": [0, 47]}, {"py/tuple": [0, 65]}, {"py/tuple": [0.008139718666034456, 473]}, {"py/tuple": [0.022222222222222223, 102]}, {"py/tuple": [0.023088023088023088, 172]}, {"py/tuple": [0.1, 47]}, {"py/tuple": [0.0, 39]}, {"py/tuple": [0.16666666666666666, 198]}, {"py/tuple": [0, 113]}, {"py/tuple": [0.05, 54]}, {"py/tuple": [0, 36]}, {"py/tuple": [0.09016754850088184, 384]}, {"py/tuple": [0.09359605911330049, 425]}, {"py/tuple": [0.07694128787878787, 506]}, {"py/tuple": [0.010533910533910534, 283]}, {"py/tuple": [0.1, 109]}, {"py/tuple": [1, 0]}, {"py/tuple": [0.27485380116959063, 305]}, {"py/tuple": [0.03273809523809524, 813]}, {"py/tuple": [0.0064516129032258064, 407]}, {"py/tuple": [1.0, 40]}, {"py/tuple": [0.13333333333333333, 82]}, {"py/tuple": [0.004, 357]}, {"py/tuple": [0.0, 75]}, {"py/tuple": [0, 78]}, {"py/tuple": [0.0, 277]}]}, "CC": {"py/object": "Statistics.InterestingStatistics", "classValues": [{"py/tuple": [1, 9]}, {"py/tuple": [0.038461538461538464, 131]}, {"py/tuple": [0.16666666666666666, 45]}, {"py/tuple": [0.11858974358974358, 300]}, {"py/tuple": [1, 76]}, {"py/tuple": [0.05263157894736842, 160]}, {"py/tuple": [0.01282051282051282, 141]}, {"py/tuple": [1, 38]}, {"py/tuple": [0.012786596119929453, 400]}, {"py/tuple": [0.3333333333333333, 71]}, {"py/tuple": [1, 133]}, {"py/tuple": [1, 22]}, {"py/tuple": [1, 8]}, {"py/tuple": [1, 14]}, {"py/tuple": [1, 30]}, {"py/tuple": [1, 63]}, {"py/tuple": [1, 21]}, {"py/tuple": [1, 41]}, {"py/tuple": [1.0, 39]}, {"py/tuple": [1, 107]}, {"py/tuple": [0.1, 131]}, {"py/tuple": [1, 4]}, {"py/tuple": [1, 206]}, {"py/tuple": [1, 47]}, {"py/tuple": [1, 223]}, {"py/tuple": [0.16666666666666666, 37]}, {"py/tuple": [0.07352941176470586, 124]}, {"py/tuple": [0.2914529914529913, 440]}, {"py/tuple": [1, 261]}, {"py/tuple": [1, 29]}, {"py/tuple": [1, 6]}, {"py/tuple": [1, 3]}, {"py/tuple": [0.4007575757575757, 203]}, {"py/tuple": [0.03888888888888888, 110]}, {"py/tuple": [0.011857707509881422, 391]}, {"py/tuple": [0.6666666666666666, 72]}, {"py/tuple": [0.0, 98]}, {"py/tuple": [1, 19]}, {"py/tuple": [0.027777777777777776, 102]}, {"py/tuple": [1, 47]}, {"py/tuple": [1, 65]}, {"py/tuple": [0.05664347146040512, 473]}, {"py/tuple": [0.022222222222222223, 102]}, {"py/tuple": [0.05627705627705628, 172]}, {"py/tuple": [0.1, 47]}, {"py/tuple": [0.0, 39]}, {"py/tuple": [0.3333333333333333, 198]}, {"py/tuple": [1, 113]}, {"py/tuple": [0.1, 54]}, {"py/tuple": [1, 36]}, {"py/tuple": [0.22584671354512628, 384]}, {"py/tuple": [0.22112042309086635, 425]}, {"py/tuple": [0.19817461053256508, 506]}, {"py/tuple": [0.029753086419753095, 283]}, {"py/tuple": [0.2, 109]}, {"py/tuple": [1, 0]}, {"py/tuple": [0.5054580896686157, 305]}, {"py/tuple": [0.2743813065241637, 813]}, {"py/tuple": [0.00967741935483871, 407]}, {"py/tuple": [1.0, 40]}, {"py/tuple": [0.13333333333333333, 82]}, {"py/tuple": [0.023333333333333334, 357]}, {"py/tuple": [0.0, 75]}, {"py/tuple": [1, 78]}, {"py/tuple": [0.0, 277]}]}, "LCOM5": {"py/object": "Statistics.InterestingStatistics", "classValues": [{"py/tuple": [0, 9]}, {"py/tuple": [0.7692307692307692, 131]}, {"py/tuple": [0.75, 45]}, {"py/tuple": [0.7230769230769231, 300]}, {"py/tuple": [0, 76]}, {"py/tuple": [0.9, 160]}, {"py/tuple": [0.8846153846153846, 141]}, {"py/tuple": [0, 38]}, {"py/tuple": [0.9183673469387755, 400]}, {"py/tuple": [0.6666666666666667, 71]}, {"py/tuple": [0, 133]}, {"py/tuple": [0.0, 22]}, {"py/tuple": [0, 8]}, {"py/tuple": [0, 14]}, {"py/tuple": [0, 30]}, {"py/tuple": [0, 63]}, {"py/tuple": [0, 21]}, {"py/tuple": [0, 41]}, {"py/tuple": [0.0, 39]}, {"py/tuple": [0, 107]}, {"py/tuple": [0.7, 131]}, {"py/tuple": [0, 4]}, {"py/tuple": [0, 206]}, {"py/tuple": [0, 47]}, {"py/tuple": [0, 223]}, {"py/tuple": [0.5, 37]}, {"py/tuple": [0.803921568627451, 124]}, {"py/tuple": [0.6794871794871795, 440]}, {"py/tuple": [0, 261]}, {"py/tuple": [0, 29]}, {"py/tuple": [0, 6]}, {"py/tuple": [0, 3]}, {"py/tuple": [0.5555555555555556, 203]}, {"py/tuple": [0.8, 110]}, {"py/tuple": [0.9813664596273292, 391]}, {"py/tuple": [0.16666666666666663, 72]}, {"py/tuple": [0.6666666666666667, 98]}, {"py/tuple": [0, 19]}, {"py/tuple": [0.8333333333333334, 102]}, {"py/tuple": [0, 47]}, {"py/tuple": [0, 65]}, {"py/tuple": [0.9283625730994152, 473]}, {"py/tuple": [0.8, 102]}, {"py/tuple": [0.8383838383838383, 172]}, {"py/tuple": [0.6, 47]}, {"py/tuple": [0.75, 39]}, {"py/tuple": [0.6666666666666667, 198]}, {"py/tuple": [0, 113]}, {"py/tuple": [0.8, 54]}, {"py/tuple": [0, 36]}, {"py/tuple": [0.7678571428571428, 384]}, {"py/tuple": [0.7528735632183908, 425]}, {"py/tuple": [0.7821969696969697, 506]}, {"py/tuple": [0.8914141414141414, 283]}, {"py/tuple": [0.6666666666666667, 109]}, {"py/tuple": [0, 0]}, {"py/tuple": [0.5939849624060151, 305]}, {"py/tuple": [0.8551136363636364, 813]}, {"py/tuple": [0.9139784946236559, 407]}, {"py/tuple": [0.0, 40]}, {"py/tuple": [0.6, 82]}, {"py/tuple": [0.92, 357]}, {"py/tuple": [0.8, 75]}, {"py/tuple": [0, 78]}, {"py/tuple": [1.0, 277]}]}, "CBAMU": {"py/object": "Statistics.InterestingStatistics", "classValues": [{"py/tuple": [0.0, 9]}, {"py/tuple": [0.125, 131]}, {"py/tuple": [0.125, 45]}, {"py/tuple": [0.20576923076923076, 300]}, {"py/tuple": [0.05, 76]}, {"py/tuple": [0.05, 160]}, {"py/tuple": [0.08012820512820513, 141]}, {"py/tuple": [0.0, 38]}, {"py/tuple": [0.0414777021919879, 400]}, {"py/tuple": [0.25, 71]}, {"py/tuple": [0.016666666666666666, 133]}, {"py/tuple": [0.5, 22]}, {"py/tuple": [0.0, 8]}, {"py/tuple": [0.0, 14]}, {"py/tuple": [0.0, 30]}, {"py/tuple": [0.011904761904761904, 63]}, {"py/tuple": [0.0, 21]}, {"py/tuple": [0.08333333333333333, 41]}, {"py/tuple": [0.5, 39]}, {"py/tuple": [0.022222222222222223, 107]}, {"py/tuple": [0.16666666666666666, 131]}, {"py/tuple": [0.0, 4]}, {"py/tuple": [0.20833333333333334, 206]}, {"py/tuple": [0.16666666666666666, 47]}, {"py/tuple": [0.031818181818181815, 223]}, {"py/tuple": [0.25, 37]}, {"py/tuple": [0.09803921568627451, 124]}, {"py/tuple": [0.1826923076923077, 440]}, {"py/tuple": [0.041666666666666664, 261]}, {"py/tuple": [0.0, 29]}, {"py/tuple": [0.0, 6]}, {"py/tuple": [0.0, 3]}, {"py/tuple": [0.24116161616161616, 203]}, {"py/tuple": [0.13333333333333333, 110]}, {"py/tuple": [0.04390175042348955, 391]}, {"py/tuple": [0.43333333333333335, 72]}, {"py/tuple": [0.25, 98]}, {"py/tuple": [0.0, 19]}, {"py/tuple": [0.09722222222222221, 102]}, {"py/tuple": [0.08333333333333333, 47]}, {"py/tuple": [0.0, 65]}, {"py/tuple": [0.04648727675043464, 473]}, {"py/tuple": [0.11111111111111112, 102]}, {"py/tuple": [0.08080808080808081, 172]}, {"py/tuple": [0.275, 47]}, {"py/tuple": [0.125, 39]}, {"py/tuple": [0.25, 198]}, {"py/tuple": [0.0, 113]}, {"py/tuple": [0.125, 54]}, {"py/tuple": [0.0, 36]}, {"py/tuple": [0.14384920634920634, 384]}, {"py/tuple": [0.15188834154351397, 425]}, {"py/tuple": [0.14204545454545453, 506]}, {"py/tuple": [0.054292929292929296, 283]}, {"py/tuple": [0.16666666666666666, 109]}, {"py/tuple": [0.0, 0]}, {"py/tuple": [0.224937343358396, 305]}, {"py/tuple": [0.08218344155844157, 813]}, {"py/tuple": [0.05268817204301075, 407]}, {"py/tuple": [0.5666666666666667, 40]}, {"py/tuple": [0.20555555555555557, 82]}, {"py/tuple": [0.04416666666666667, 357]}, {"py/tuple": [0.125, 75]}, {"py/tuple": [0.05, 78]}, {"py/tuple": [0.0025, 277]}]}}