{"SCOM": {"py/object": "Statistics.InterestingStatistics", "classValues": [{"py/tuple": [0.06767161410018545, 457]}, {"py/tuple": [1, 5]}, {"py/tuple": [1, 9]}]}, "LSCC": {"py/object": "Statistics.InterestingStatistics", "classValues": [{"py/tuple": [0.03355342136854742, 457]}, {"py/tuple": [1, 5]}, {"py/tuple": [1, 9]}]}, "CC": {"py/object": "Statistics.InterestingStatistics", "classValues": [{"py/tuple": [0.11193446498952922, 457]}, {"py/tuple": [1, 5]}, {"py/tuple": [1, 9]}]}, "LCOM5": {"py/object": "Statistics.InterestingStatistics", "classValues": [{"py/tuple": [0.8581632653061224, 457]}, {"py/tuple": [0, 5]}, {"py/tuple": [0, 9]}]}, "CBAMU": {"py/object": "Statistics.InterestingStatistics", "classValues": [{"py/tuple": [0.08394357743097239, 457]}, {"py/tuple": [0.0, 5]}, {"py/tuple": [0.0, 9]}]}}