{"id": 192742938, "node_id": "MDEwOlJlcG9zaXRvcnkxOTI3NDI5Mzg=", "name": "android-p2p-engine", "full_name": "cdnbye/android-p2p-engine", "private": false, "owner": {"login": "cdnbye", "id": 38153905, "node_id": "MDEyOk9yZ2FuaXphdGlvbjM4MTUzOTA1", "avatar_url": "https://avatars.githubusercontent.com/u/38153905?v=4", "gravatar_id": "", "url": "https://api.github.com/users/cdnbye", "html_url": "https://github.com/cdnbye", "followers_url": "https://api.github.com/users/cdnbye/followers", "following_url": "https://api.github.com/users/cdnbye/following{/other_user}", "gists_url": "https://api.github.com/users/cdnbye/gists{/gist_id}", "starred_url": "https://api.github.com/users/cdnbye/starred{/owner}{/repo}", "subscriptions_url": "https://api.github.com/users/cdnbye/subscriptions", "organizations_url": "https://api.github.com/users/cdnbye/orgs", "repos_url": "https://api.github.com/users/cdnbye/repos", "events_url": "https://api.github.com/users/cdnbye/events{/privacy}", "received_events_url": "https://api.github.com/users/cdnbye/received_events", "type": "Organization", "site_admin": false}, "html_url": "https://github.com/cdnbye/android-p2p-engine", "description": "Let your viewers become your unlimitedly scalable CDN.", "fork": false, "url": "https://api.github.com/repos/cdnbye/android-p2p-engine", "forks_url": "https://api.github.com/repos/cdnbye/android-p2p-engine/forks", "keys_url": "https://api.github.com/repos/cdnbye/android-p2p-engine/keys{/key_id}", "collaborators_url": "https://api.github.com/repos/cdnbye/android-p2p-engine/collaborators{/collaborator}", "teams_url": "https://api.github.com/repos/cdnbye/android-p2p-engine/teams", "hooks_url": "https://api.github.com/repos/cdnbye/android-p2p-engine/hooks", "issue_events_url": "https://api.github.com/repos/cdnbye/android-p2p-engine/issues/events{/number}", "events_url": "https://api.github.com/repos/cdnbye/android-p2p-engine/events", "assignees_url": "https://api.github.com/repos/cdnbye/android-p2p-engine/assignees{/user}", "branches_url": "https://api.github.com/repos/cdnbye/android-p2p-engine/branches{/branch}", "tags_url": "https://api.github.com/repos/cdnbye/android-p2p-engine/tags", "blobs_url": "https://api.github.com/repos/cdnbye/android-p2p-engine/git/blobs{/sha}", "git_tags_url": "https://api.github.com/repos/cdnbye/android-p2p-engine/git/tags{/sha}", "git_refs_url": "https://api.github.com/repos/cdnbye/android-p2p-engine/git/refs{/sha}", "trees_url": "https://api.github.com/repos/cdnbye/android-p2p-engine/git/trees{/sha}", "statuses_url": "https://api.github.com/repos/cdnbye/android-p2p-engine/statuses/{sha}", "languages_url": "https://api.github.com/repos/cdnbye/android-p2p-engine/languages", "stargazers_url": "https://api.github.com/repos/cdnbye/android-p2p-engine/stargazers", "contributors_url": "https://api.github.com/repos/cdnbye/android-p2p-engine/contributors", "subscribers_url": "https://api.github.com/repos/cdnbye/android-p2p-engine/subscribers", "subscription_url": "https://api.github.com/repos/cdnbye/android-p2p-engine/subscription", "commits_url": "https://api.github.com/repos/cdnbye/android-p2p-engine/commits{/sha}", "git_commits_url": "https://api.github.com/repos/cdnbye/android-p2p-engine/git/commits{/sha}", "comments_url": "https://api.github.com/repos/cdnbye/android-p2p-engine/comments{/number}", "issue_comment_url": "https://api.github.com/repos/cdnbye/android-p2p-engine/issues/comments{/number}", "contents_url": "https://api.github.com/repos/cdnbye/android-p2p-engine/contents/{+path}", "compare_url": "https://api.github.com/repos/cdnbye/android-p2p-engine/compare/{base}...{head}", "merges_url": "https://api.github.com/repos/cdnbye/android-p2p-engine/merges", "archive_url": "https://api.github.com/repos/cdnbye/android-p2p-engine/{archive_format}{/ref}", "downloads_url": "https://api.github.com/repos/cdnbye/android-p2p-engine/downloads", "issues_url": "https://api.github.com/repos/cdnbye/android-p2p-engine/issues{/number}", "pulls_url": "https://api.github.com/repos/cdnbye/android-p2p-engine/pulls{/number}", "milestones_url": "https://api.github.com/repos/cdnbye/android-p2p-engine/milestones{/number}", "notifications_url": "https://api.github.com/repos/cdnbye/android-p2p-engine/notifications{?since,all,participating}", "labels_url": "https://api.github.com/repos/cdnbye/android-p2p-engine/labels{/name}", "releases_url": "https://api.github.com/repos/cdnbye/android-p2p-engine/releases{/id}", "deployments_url": "https://api.github.com/repos/cdnbye/android-p2p-engine/deployments", "created_at": "2019-06-19T13:56:59Z", "updated_at": "2022-03-09T12:32:24Z", "pushed_at": "2022-01-09T09:58:46Z", "git_url": "git://github.com/cdnbye/android-p2p-engine.git", "ssh_url": "git@github.com:cdnbye/android-p2p-engine.git", "clone_url": "https://github.com/cdnbye/android-p2p-engine.git", "svn_url": "https://github.com/cdnbye/android-p2p-engine", "homepage": "https://swarmcloud.net/en/", "size": 17991, "stargazers_count": 86, "watchers_count": 86, "language": "Java", "has_issues": true, "has_projects": true, "has_downloads": true, "has_wiki": true, "has_pages": false, "forks_count": 51, "mirror_url": null, "archived": false, "disabled": false, "open_issues_count": 4, "license": null, "allow_forking": true, "is_template": false, "topics": ["android", "cdn", "cdnbye", "exoplayer", "hls", "ijkplayer", "iptv", "live", "m3u8", "p2p", "peer", "player", "sdk", "settopbox", "video", "vod", "webrtc", "xtream"], "visibility": "public", "forks": 51, "open_issues": 4, "watchers": 86, "default_branch": "v2", "score": 1.0, "__project_size": 22318490, "__java_files_sizes": 30510, "__java_files_loc": 867, "contributors_url_calculated": 2, "commits_url_calculated": 82}