{"BackGestureListener": {"className": "BackGestureListener", "members": {"py/set": ["mc"]}, "methods": {"BackGestureListener": {"memberReferences": {"py/set": ["mc"]}, "methodName": "BackGestureListener", "methodReferences": {"py/set": []}, "py/object": "JavaParserVisitor.MethodInfo"}, "onDown": {"memberReferences": {"py/set": []}, "methodName": "onDown", "methodReferences": {"py/set": []}, "py/object": "JavaParserVisitor.MethodInfo"}, "onFling": {"memberReferences": {"py/set": []}, "methodName": "onFling", "methodReferences": {"py/set": []}, "py/object": "JavaParserVisitor.MethodInfo"}, "onLongPress": {"memberReferences": {"py/set": []}, "methodName": "onLongPress", "methodReferences": {"py/set": []}, "py/object": "JavaParserVisitor.MethodInfo"}, "onScroll": {"memberReferences": {"py/set": []}, "methodName": "onScroll", "methodReferences": {"py/set": []}, "py/object": "JavaParserVisitor.MethodInfo"}, "onShowPress": {"memberReferences": {"py/set": []}, "methodName": "onShowPress", "methodReferences": {"py/set": []}, "py/object": "JavaParserVisitor.MethodInfo"}, "onSingleTapUp": {"memberReferences": {"py/set": []}, "methodName": "onSingleTapUp", "methodReferences": {"py/set": []}, "py/object": "JavaParserVisitor.MethodInfo"}}, "possibleFather": "", "py/object": "JavaParserVisitor.ClassInfo", "span": 46}, "BaseActivity": {"className": "BaseActivity", "members": {"py/set": ["mNeedBackGesture", "mGestureDetector"]}, "methods": {"dispatchTouchEvent": {"memberReferences": {"py/set": ["mNeedBackGesture"]}, "methodName": "dispatchTouchEvent", "methodReferences": {"py/set": []}, "py/object": "JavaParserVisitor.MethodInfo"}, "initGestureDetector": {"memberReferences": {"py/set": ["mGestureDetector"]}, "methodName": "initGestureDetector", "methodReferences": {"py/set": []}, "py/object": "JavaParserVisitor.MethodInfo"}, "onCreate": {"memberReferences": {"py/set": ["mGestureDetector"]}, "methodName": "onCreate", "methodReferences": {"py/set": ["initGestureDetector"]}, "py/object": "JavaParserVisitor.MethodInfo"}, "setNeedBackGesture": {"memberReferences": {"py/set": ["mNeedBackGesture"]}, "methodName": "setNeedBackGesture", "methodReferences": {"py/set": []}, "py/object": "JavaParserVisitor.MethodInfo"}}, "possibleFather": "Activity", "py/object": "JavaParserVisitor.ClassInfo", "span": 39}, "DownloadActivity": {"className": "DownloadActivity", "members": {"py/set": ["offloadV", "downloadingFile", "totalP2pUploaded", "file2", "uploadV", "file1", "peersV", "fileInfoV", "currentUrl", "progressV", "totalP2pDownloaded", "totalHttpDownloaded"]}, "methods": {"checkIfConnected": {"memberReferences": {"py/set": []}, "methodName": "checkIfConnected", "methodReferences": {"py/set": []}, "py/object": "JavaParserVisitor.MethodInfo"}, "clearData": {"memberReferences": {"py/set": ["totalP2pUploaded", "totalP2pDownloaded", "totalHttpDownloaded"]}, "methodName": "clearData", "methodReferences": {"py/set": ["refreshRatio", "checkIfConnected"]}, "py/object": "JavaParserVisitor.MethodInfo"}, "md5HashCode": {"memberReferences": {"py/set": []}, "methodName": "md5HashCode", "methodReferences": {"py/set": []}, "py/object": "JavaParserVisitor.MethodInfo"}, "onCacheAvailable": {"memberReferences": {"py/set": []}, "methodName": "onCacheAvailable", "methodReferences": {"py/set": []}, "py/object": "JavaParserVisitor.MethodInfo"}, "onClick": {"memberReferences": {"py/set": ["downloadingFile", "totalP2pDownloaded", "totalP2pUploaded", "totalHttpDownloaded", "currentUrl"]}, "methodName": "onClick", "methodReferences": {"py/set": ["clearData", "startDownload"]}, "py/object": "JavaParserVisitor.MethodInfo"}, "onCreate": {"memberReferences": {"py/set": ["offloadV", "uploadV", "peersV", "fileInfoV", "progressV"]}, "methodName": "onCreate", "methodReferences": {"py/set": []}, "py/object": "JavaParserVisitor.MethodInfo"}, "onDownloadFailed": {"memberReferences": {"py/set": ["currentUrl"]}, "methodName": "onDownloadFailed", "methodReferences": {"py/set": []}, "py/object": "JavaParserVisitor.MethodInfo"}, "onDownloadFinished": {"memberReferences": {"py/set": []}, "methodName": "onDownloadFinished", "methodReferences": {"py/set": ["md5HashCode"]}, "py/object": "JavaParserVisitor.MethodInfo"}, "onHttpDownloaded": {"memberReferences": {"py/set": ["totalHttpDownloaded"]}, "methodName": "onHttpDownloaded", "methodReferences": {"py/set": ["refreshRatio", "checkIfConnected"]}, "py/object": "JavaParserVisitor.MethodInfo"}, "onP2pDownloaded": {"memberReferences": {"py/set": ["totalP2pDownloaded"]}, "methodName": "onP2pDownloaded", "methodReferences": {"py/set": ["checkIfConnected"]}, "py/object": "JavaParserVisitor.MethodInfo"}, "onP2pUploaded": {"memberReferences": {"py/set": ["totalP2pUploaded"]}, "methodName": "onP2pUploaded", "methodReferences": {"py/set": ["checkIfConnected"]}, "py/object": "JavaParserVisitor.MethodInfo"}, "onPeers": {"memberReferences": {"py/set": []}, "methodName": "onPeers", "methodReferences": {"py/set": ["checkIfConnected"]}, "py/object": "JavaParserVisitor.MethodInfo"}, "onServerConnected": {"memberReferences": {"py/set": []}, "methodName": "onServerConnected", "methodReferences": {"py/set": ["checkIfConnected"]}, "py/object": "JavaParserVisitor.MethodInfo"}, "refreshRatio": {"memberReferences": {"py/set": []}, "methodName": "refreshRatio", "methodReferences": {"py/set": []}, "py/object": "JavaParserVisitor.MethodInfo"}, "run": {"memberReferences": {"py/set": []}, "methodName": "run", "methodReferences": {"py/set": []}, "py/object": "JavaParserVisitor.MethodInfo"}, "startDownload": {"memberReferences": {"py/set": ["downloadingFile"]}, "methodName": "startDownload", "methodReferences": {"py/set": ["md5HashCode"]}, "py/object": "JavaParserVisitor.MethodInfo"}}, "possibleFather": "BaseActivity", "py/object": "JavaParserVisitor.ClassInfo", "span": 307}, "ExampleInstrumentedTest": {"className": "ExampleInstrumentedTest", "members": {"py/set": []}, "methods": {"useAppContext": {"memberReferences": {"py/set": []}, "methodName": "useAppContext", "methodReferences": {"py/set": []}, "py/object": "JavaParserVisitor.MethodInfo"}}, "possibleFather": "", "py/object": "JavaParserVisitor.ClassInfo", "span": 6}, "ExampleUnitTest": {"className": "ExampleUnitTest", "members": {"py/set": []}, "methods": {"addition_isCorrect": {"memberReferences": {"py/set": []}, "methodName": "addition_isCorrect", "methodReferences": {"py/set": []}, "py/object": "JavaParserVisitor.MethodInfo"}}, "possibleFather": "", "py/object": "JavaParserVisitor.ClassInfo", "span": 3}, "ListEntry": {"className": "ListEntry", "members": {"py/set": ["title", "activityClass"]}, "methods": {"ListEntry": {"memberReferences": {"py/set": ["title", "activityClass"]}, "methodName": "ListEntry", "methodReferences": {"py/set": []}, "py/object": "JavaParserVisitor.MethodInfo"}, "toString": {"memberReferences": {"py/set": ["title"]}, "methodName": "toString", "methodReferences": {"py/set": []}, "py/object": "JavaParserVisitor.MethodInfo"}}, "possibleFather": "", "py/object": "JavaParserVisitor.ClassInfo", "span": 12}, "MenuActivity": {"className": "MenuActivity", "members": {"py/set": ["listView"]}, "methods": {"buildListData": {"memberReferences": {"py/set": []}, "methodName": "buildListData", "methodReferences": {"py/set": []}, "py/object": "JavaParserVisitor.MethodInfo"}, "onCreate": {"memberReferences": {"py/set": ["listView"]}, "methodName": "onCreate", "methodReferences": {"py/set": ["buildListData"]}, "py/object": "JavaParserVisitor.MethodInfo"}, "onItemClick": {"memberReferences": {"py/set": []}, "methodName": "onItemClick", "methodReferences": {"py/set": []}, "py/object": "JavaParserVisitor.MethodInfo"}, "onOtherException": {"memberReferences": {"py/set": []}, "methodName": "onOtherException", "methodReferences": {"py/set": []}, "py/object": "JavaParserVisitor.MethodInfo"}, "onSchedulerException": {"memberReferences": {"py/set": []}, "methodName": "onSchedulerException", "methodReferences": {"py/set": []}, "py/object": "JavaParserVisitor.MethodInfo"}, "onSignalException": {"memberReferences": {"py/set": []}, "methodName": "onSignalException", "methodReferences": {"py/set": []}, "py/object": "JavaParserVisitor.MethodInfo"}, "onTrackerException": {"memberReferences": {"py/set": []}, "methodName": "onTrackerException", "methodReferences": {"py/set": []}, "py/object": "JavaParserVisitor.MethodInfo"}}, "possibleFather": "FragmentActivity", "py/object": "JavaParserVisitor.ClassInfo", "span": 73}, "PlayerActivity": {"className": "PlayerActivity", "members": {"py/set": ["offloadV", "hls2", "totalP2pUploaded", "player", "uploadV", "mp4_2", "peersV", "ratioV", "currentUrl", "playerView", "dash1", "hls1", "totalP2pDownloaded", "mp4_1", "peerIdV", "connectedV", "totalHttpDownloaded"]}, "methods": {"buildMediaSource": {"memberReferences": {"py/set": []}, "methodName": "buildMediaSource", "methodReferences": {"py/set": []}, "py/object": "JavaParserVisitor.MethodInfo"}, "clearData": {"memberReferences": {"py/set": ["totalP2pUploaded", "totalP2pDownloaded", "totalHttpDownloaded"]}, "methodName": "clearData", "methodReferences": {"py/set": ["refreshRatio"]}, "py/object": "JavaParserVisitor.MethodInfo"}, "onBufferedDuration": {"memberReferences": {"py/set": []}, "methodName": "onBufferedDuration", "methodReferences": {"py/set": []}, "py/object": "JavaParserVisitor.MethodInfo"}, "onClick": {"memberReferences": {"py/set": ["totalP2pUploaded", "player", "currentUrl", "dash1", "totalP2pDownloaded", "totalHttpDownloaded"]}, "methodName": "onClick", "methodReferences": {"py/set": ["clearData", "startPlay"]}, "py/object": "JavaParserVisitor.MethodInfo"}, "onCreate": {"memberReferences": {"py/set": ["offloadV", "uploadV", "peersV", "ratioV", "playerView", "peerIdV", "connectedV"]}, "methodName": "onCreate", "methodReferences": {"py/set": []}, "py/object": "JavaParserVisitor.MethodInfo"}, "onCurrentPosition": {"memberReferences": {"py/set": []}, "methodName": "onCurrentPosition", "methodReferences": {"py/set": []}, "py/object": "JavaParserVisitor.MethodInfo"}, "onDestroy": {"memberReferences": {"py/set": ["player"]}, "methodName": "onDestroy", "methodReferences": {"py/set": []}, "py/object": "JavaParserVisitor.MethodInfo"}, "onHttpDownloaded": {"memberReferences": {"py/set": ["totalP2pDownloaded", "totalHttpDownloaded"]}, "methodName": "onHttpDownloaded", "methodReferences": {"py/set": ["refreshRatio"]}, "py/object": "JavaParserVisitor.MethodInfo"}, "onP2pDownloaded": {"memberReferences": {"py/set": ["totalP2pDownloaded", "totalHttpDownloaded"]}, "methodName": "onP2pDownloaded", "methodReferences": {"py/set": ["refreshRatio"]}, "py/object": "JavaParserVisitor.MethodInfo"}, "onP2pUploaded": {"memberReferences": {"py/set": ["totalP2pUploaded"]}, "methodName": "onP2pUploaded", "methodReferences": {"py/set": []}, "py/object": "JavaParserVisitor.MethodInfo"}, "onPeers": {"memberReferences": {"py/set": []}, "methodName": "onPeers", "methodReferences": {"py/set": []}, "py/object": "JavaParserVisitor.MethodInfo"}, "onServerConnected": {"memberReferences": {"py/set": []}, "methodName": "onServerConnected", "methodReferences": {"py/set": []}, "py/object": "JavaParserVisitor.MethodInfo"}, "refreshRatio": {"memberReferences": {"py/set": ["totalP2pDownloaded", "totalHttpDownloaded"]}, "methodName": "refreshRatio", "methodReferences": {"py/set": []}, "py/object": "JavaParserVisitor.MethodInfo"}, "startPlay": {"memberReferences": {"py/set": ["player"]}, "methodName": "startPlay", "methodReferences": {"py/set": ["buildMediaSource"]}, "py/object": "JavaParserVisitor.MethodInfo"}}, "possibleFather": "BaseActivity", "py/object": "JavaParserVisitor.ClassInfo", "span": 246}, "VideoPlayerConfig": {"className": "VideoPlayerConfig", "members": {"py/set": ["MIN_BUFFER_DURATION", "MAX_BUFFER_DURATION", "MIN_PLAYBACK_RESUME_BUFFER", "MIN_PLAYBACK_START_BUFFER"]}, "methods": {}, "possibleFather": "", "py/object": "JavaParserVisitor.ClassInfo", "span": 8}}