{"SCOM": {"py/object": "Statistics.InterestingStatistics", "classValues": [{"py/tuple": [0.16666666666666666, 46]}, {"py/tuple": [1, 29]}, {"py/tuple": [0.0, 16]}, {"py/tuple": [0.0, 62]}, {"py/tuple": [1, 0]}, {"py/tuple": [1, 16]}, {"py/tuple": [0.024816176470588234, 212]}, {"py/tuple": [0.0, 23]}, {"py/tuple": [0.029545454545454545, 102]}, {"py/tuple": [0.012121212121212121, 57]}, {"py/tuple": [0.0, 16]}, {"py/tuple": [0.04851540616246498, 436]}, {"py/tuple": [0.0, 23]}, {"py/tuple": [0.05263157894736842, 172]}, {"py/tuple": [0.0, 43]}, {"py/tuple": [0.00909090909090909, 168]}, {"py/tuple": [1, 11]}, {"py/tuple": [1, 32]}, {"py/tuple": [0.056818181818181816, 102]}, {"py/tuple": [0.1, 58]}, {"py/tuple": [1, 39]}, {"py/tuple": [0.0, 28]}, {"py/tuple": [0.16666666666666666, 18]}, {"py/tuple": [0.030303030303030304, 135]}, {"py/tuple": [0.0, 29]}, {"py/tuple": [0.0, 23]}, {"py/tuple": [0.16944444444444445, 117]}, {"py/tuple": [1, 5]}, {"py/tuple": [0.0, 12]}, {"py/tuple": [0.2152777777777778, 42]}, {"py/tuple": [1, 11]}, {"py/tuple": [0.045210727969348656, 172]}, {"py/tuple": [1, 20]}, {"py/tuple": [0.0, 92]}, {"py/tuple": [0.023809523809523808, 185]}, {"py/tuple": [0.0, 22]}, {"py/tuple": [0.0, 38]}, {"py/tuple": [0.05555555555555555, 102]}, {"py/tuple": [0.0, 44]}, {"py/tuple": [1, 0]}, {"py/tuple": [0.0, 21]}, {"py/tuple": [0.0, 20]}, {"py/tuple": [0.5416666666666666, 64]}, {"py/tuple": [0.3095238095238095, 55]}, {"py/tuple": [1, 3]}, {"py/tuple": [0.13095238095238096, 122]}, {"py/tuple": [1, 4]}, {"py/tuple": [0.047619047619047616, 79]}, {"py/tuple": [1, 2]}, {"py/tuple": [1, 8]}, {"py/tuple": [0.1, 23]}, {"py/tuple": [0.0, 65]}, {"py/tuple": [1.0, 17]}, {"py/tuple": [1.0, 15]}, {"py/tuple": [0.03404139433551198, 236]}, {"py/tuple": [0.0, 22]}, {"py/tuple": [0.03877005347593582, 253]}, {"py/tuple": [0.0, 29]}, {"py/tuple": [1, 17]}, {"py/tuple": [1, 3]}, {"py/tuple": [0.0, 15]}, {"py/tuple": [0.0, 22]}, {"py/tuple": [0.0, 24]}, {"py/tuple": [0.1111111111111111, 26]}, {"py/tuple": [1, 14]}, {"py/tuple": [0.0, 32]}, {"py/tuple": [0.0, 80]}, {"py/tuple": [0.0, 54]}, {"py/tuple": [0.0, 51]}, {"py/tuple": [1, 3]}, {"py/tuple": [0.2690476190476191, 114]}, {"py/tuple": [0.0, 13]}, {"py/tuple": [1, 34]}, {"py/tuple": [0.16326530612244894, 67]}, {"py/tuple": [1, 2]}, {"py/tuple": [0.0, 19]}, {"py/tuple": [1, 15]}, {"py/tuple": [0.0, 20]}, {"py/tuple": [0.0, 53]}, {"py/tuple": [0.0, 57]}, {"py/tuple": [1, 11]}, {"py/tuple": [0.16666666666666666, 27]}, {"py/tuple": [0.2857142857142857, 57]}, {"py/tuple": [0.17460317460317462, 40]}, {"py/tuple": [0.05310457516339869, 84]}, {"py/tuple": [1, 22]}, {"py/tuple": [0.2, 36]}, {"py/tuple": [0.06666666666666667, 54]}, {"py/tuple": [0.0, 166]}, {"py/tuple": [1, 37]}, {"py/tuple": [1.0, 28]}, {"py/tuple": [0.1, 26]}, {"py/tuple": [0.0, 58]}, {"py/tuple": [1, 11]}, {"py/tuple": [0.2916666666666667, 112]}, {"py/tuple": [0.1388888888888889, 93]}, {"py/tuple": [0.4, 28]}, {"py/tuple": [1, 16]}, {"py/tuple": [0.0, 53]}, {"py/tuple": [0.22735215053763466, 409]}, {"py/tuple": [0.0, 34]}, {"py/tuple": [0.0, 24]}, {"py/tuple": [0.0, 75]}, {"py/tuple": [0.2, 47]}, {"py/tuple": [0.2222222222222222, 50]}, {"py/tuple": [0.0, 17]}, {"py/tuple": [0.0, 14]}, {"py/tuple": [0.0, 17]}, {"py/tuple": [0.0, 25]}, {"py/tuple": [0.0, 20]}, {"py/tuple": [0.0, 32]}, {"py/tuple": [0.16666666666666666, 18]}, {"py/tuple": [0.8333333333333334, 43]}, {"py/tuple": [0.1076388888888889, 90]}, {"py/tuple": [0.0, 51]}, {"py/tuple": [0.0, 42]}, {"py/tuple": [0.3333333333333333, 40]}, {"py/tuple": [0.1, 69]}, {"py/tuple": [0.01893939393939394, 144]}, {"py/tuple": [0.0, 8]}, {"py/tuple": [0.4230769230769231, 161]}, {"py/tuple": [0.0, 97]}, {"py/tuple": [1, 19]}, {"py/tuple": [0.12121212121212122, 92]}, {"py/tuple": [0.35777777777777775, 92]}, {"py/tuple": [0.0, 131]}, {"py/tuple": [0.0, 55]}, {"py/tuple": [0.3, 170]}, {"py/tuple": [0.9666666666666667, 60]}, {"py/tuple": [1, 22]}, {"py/tuple": [0.10370370370370369, 77]}, {"py/tuple": [0.2111111111111111, 49]}, {"py/tuple": [0.2793650793650793, 134]}, {"py/tuple": [1, 4]}, {"py/tuple": [1, 17]}, {"py/tuple": [0.11904761904761904, 62]}, {"py/tuple": [0.0, 41]}, {"py/tuple": [0.36666666666666664, 78]}, {"py/tuple": [1, 5]}, {"py/tuple": [0.0, 36]}, {"py/tuple": [0.25, 41]}, {"py/tuple": [0.0, 14]}, {"py/tuple": [1.0, 25]}, {"py/tuple": [0.0, 35]}, {"py/tuple": [0.0, 21]}, {"py/tuple": [1.0, 43]}, {"py/tuple": [1, 0]}, {"py/tuple": [1, 5]}, {"py/tuple": [1, 19]}, {"py/tuple": [0.0, 5]}, {"py/tuple": [1, 0]}, {"py/tuple": [0.0, 29]}, {"py/tuple": [0.5, 60]}, {"py/tuple": [0.0, 8]}, {"py/tuple": [0.3333333333333333, 47]}, {"py/tuple": [1, 2]}, {"py/tuple": [1, 5]}, {"py/tuple": [0.0, 13]}, {"py/tuple": [1, 86]}, {"py/tuple": [1, 24]}, {"py/tuple": [0.0, 67]}, {"py/tuple": [1, 13]}, {"py/tuple": [0.0, 10]}, {"py/tuple": [0.3333333333333333, 17]}, {"py/tuple": [1, 8]}, {"py/tuple": [0.16666666666666666, 17]}, {"py/tuple": [1, 10]}, {"py/tuple": [1, 38]}, {"py/tuple": [0.4166666666666667, 60]}, {"py/tuple": [0.0, 33]}, {"py/tuple": [0.0, 21]}, {"py/tuple": [1, 2]}, {"py/tuple": [0.0, 33]}, {"py/tuple": [1, 2]}, {"py/tuple": [1, 2]}, {"py/tuple": [0.012087912087912088, 93]}, {"py/tuple": [0.20833333333333334, 87]}, {"py/tuple": [0.0, 26]}, {"py/tuple": [0.06666666666666667, 23]}, {"py/tuple": [0.0, 38]}, {"py/tuple": [0.0, 15]}, {"py/tuple": [0.0, 23]}, {"py/tuple": [0.0, 53]}, {"py/tuple": [0.0, 121]}, {"py/tuple": [0.55, 27]}, {"py/tuple": [0.06666666666666667, 27]}, {"py/tuple": [0.16666666666666666, 26]}, {"py/tuple": [0.3333333333333333, 35]}, {"py/tuple": [1, 5]}, {"py/tuple": [1, 5]}, {"py/tuple": [1, 10]}, {"py/tuple": [0.06666666666666667, 150]}, {"py/tuple": [0.5, 20]}, {"py/tuple": [1, 11]}, {"py/tuple": [1.0, 15]}, {"py/tuple": [0.0, 55]}, {"py/tuple": [1, 5]}, {"py/tuple": [1.0, 11]}, {"py/tuple": [1.0, 9]}, {"py/tuple": [1, 10]}, {"py/tuple": [0.06532356532356531, 118]}, {"py/tuple": [0.0, 31]}, {"py/tuple": [0.638888888888889, 76]}, {"py/tuple": [0.4166666666666667, 35]}, {"py/tuple": [0.0, 95]}, {"py/tuple": [0.0, 35]}, {"py/tuple": [0.0, 34]}, {"py/tuple": [0.0, 18]}, {"py/tuple": [0.6666666666666666, 14]}, {"py/tuple": [1, 0]}, {"py/tuple": [1, 6]}, {"py/tuple": [1, 31]}, {"py/tuple": [0.25, 87]}, {"py/tuple": [1, 12]}, {"py/tuple": [1, 9]}, {"py/tuple": [0.0, 29]}, {"py/tuple": [1, 17]}, {"py/tuple": [1.0, 9]}, {"py/tuple": [1, 8]}, {"py/tuple": [1, 0]}, {"py/tuple": [0.0, 44]}, {"py/tuple": [1.0, 30]}, {"py/tuple": [1.0, 24]}, {"py/tuple": [0.0, 13]}, {"py/tuple": [1, 31]}, {"py/tuple": [0.3185185185185186, 173]}, {"py/tuple": [0.125, 103]}, {"py/tuple": [1, 4]}, {"py/tuple": [0.0, 58]}, {"py/tuple": [0.3333333333333333, 46]}]}, "LSCC": {"py/object": "Statistics.InterestingStatistics", "classValues": [{"py/tuple": [0.16666666666666666, 46]}, {"py/tuple": [1, 29]}, {"py/tuple": [0, 16]}, {"py/tuple": [0.0, 62]}, {"py/tuple": [1, 0]}, {"py/tuple": [1, 16]}, {"py/tuple": [0.009191176470588236, 212]}, {"py/tuple": [0.0, 23]}, {"py/tuple": [0.006818181818181818, 102]}, {"py/tuple": [0.012121212121212121, 57]}, {"py/tuple": [0, 16]}, {"py/tuple": [0.015126050420168067, 436]}, {"py/tuple": [0.0, 23]}, {"py/tuple": [0.011695906432748537, 172]}, {"py/tuple": [0, 43]}, {"py/tuple": [0.00909090909090909, 168]}, {"py/tuple": [1, 11]}, {"py/tuple": [1, 32]}, {"py/tuple": [0.030303030303030304, 102]}, {"py/tuple": [0.05, 58]}, {"py/tuple": [1, 39]}, {"py/tuple": [0.0, 28]}, {"py/tuple": [0.16666666666666666, 18]}, {"py/tuple": [0.015151515151515152, 135]}, {"py/tuple": [0, 29]}, {"py/tuple": [0.0, 23]}, {"py/tuple": [0.07083333333333333, 117]}, {"py/tuple": [1, 5]}, {"py/tuple": [0, 12]}, {"py/tuple": [0.06944444444444445, 42]}, {"py/tuple": [1, 11]}, {"py/tuple": [0.018773946360153258, 172]}, {"py/tuple": [1, 20]}, {"py/tuple": [0.0, 92]}, {"py/tuple": [0.011904761904761904, 185]}, {"py/tuple": [0, 22]}, {"py/tuple": [0, 38]}, {"py/tuple": [0.05555555555555555, 102]}, {"py/tuple": [0.0, 44]}, {"py/tuple": [1, 0]}, {"py/tuple": [0.0, 21]}, {"py/tuple": [0.0, 20]}, {"py/tuple": [0.16666666666666666, 64]}, {"py/tuple": [0.10119047619047619, 55]}, {"py/tuple": [1, 3]}, {"py/tuple": [0.08333333333333333, 122]}, {"py/tuple": [1, 4]}, {"py/tuple": [0.047619047619047616, 79]}, {"py/tuple": [1, 2]}, {"py/tuple": [1, 8]}, {"py/tuple": [0.1, 23]}, {"py/tuple": [0.0, 65]}, {"py/tuple": [1.0, 17]}, {"py/tuple": [1.0, 15]}, {"py/tuple": [0.013071895424836602, 236]}, {"py/tuple": [0.0, 22]}, {"py/tuple": [0.014037433155080214, 253]}, {"py/tuple": [0, 29]}, {"py/tuple": [1, 17]}, {"py/tuple": [1, 3]}, {"py/tuple": [0, 15]}, {"py/tuple": [0.0, 22]}, {"py/tuple": [0, 24]}, {"py/tuple": [0.1111111111111111, 26]}, {"py/tuple": [1, 14]}, {"py/tuple": [0.0, 32]}, {"py/tuple": [0, 80]}, {"py/tuple": [0.0, 54]}, {"py/tuple": [0, 51]}, {"py/tuple": [1, 3]}, {"py/tuple": [0.12857142857142856, 114]}, {"py/tuple": [0.0, 13]}, {"py/tuple": [1, 34]}, {"py/tuple": [0.09523809523809523, 67]}, {"py/tuple": [1, 2]}, {"py/tuple": [0.0, 19]}, {"py/tuple": [1, 15]}, {"py/tuple": [0.0, 20]}, {"py/tuple": [0, 53]}, {"py/tuple": [0, 57]}, {"py/tuple": [1, 11]}, {"py/tuple": [0.05555555555555555, 27]}, {"py/tuple": [0.047619047619047616, 57]}, {"py/tuple": [0.1111111111111111, 40]}, {"py/tuple": [0.01715686274509804, 84]}, {"py/tuple": [1, 22]}, {"py/tuple": [0.2, 36]}, {"py/tuple": [0.03333333333333333, 54]}, {"py/tuple": [0.0, 166]}, {"py/tuple": [1, 37]}, {"py/tuple": [0.6666666666666666, 28]}, {"py/tuple": [0.1, 26]}, {"py/tuple": [0.0, 58]}, {"py/tuple": [1, 11]}, {"py/tuple": [0.19444444444444445, 112]}, {"py/tuple": [0.047619047619047616, 93]}, {"py/tuple": [0.1, 28]}, {"py/tuple": [1, 16]}, {"py/tuple": [0.0, 53]}, {"py/tuple": [0.08534946236559139, 409]}, {"py/tuple": [0.0, 34]}, {"py/tuple": [0, 24]}, {"py/tuple": [0.0, 75]}, {"py/tuple": [0.1, 47]}, {"py/tuple": [0.1111111111111111, 50]}, {"py/tuple": [0, 17]}, {"py/tuple": [0, 14]}, {"py/tuple": [0, 17]}, {"py/tuple": [0.0, 25]}, {"py/tuple": [0.0, 20]}, {"py/tuple": [0, 32]}, {"py/tuple": [0.16666666666666666, 18]}, {"py/tuple": [0.5, 43]}, {"py/tuple": [0.020833333333333332, 90]}, {"py/tuple": [0, 51]}, {"py/tuple": [0.0, 42]}, {"py/tuple": [0.125, 40]}, {"py/tuple": [0.05, 69]}, {"py/tuple": [0.011363636363636364, 144]}, {"py/tuple": [0, 8]}, {"py/tuple": [0.4230769230769231, 161]}, {"py/tuple": [0.0, 97]}, {"py/tuple": [1, 19]}, {"py/tuple": [0.12121212121212122, 92]}, {"py/tuple": [0.18888888888888888, 92]}, {"py/tuple": [0.0, 131]}, {"py/tuple": [0, 55]}, {"py/tuple": [0.1, 170]}, {"py/tuple": [0.7, 60]}, {"py/tuple": [1, 22]}, {"py/tuple": [0.02962962962962963, 77]}, {"py/tuple": [0.06666666666666667, 49]}, {"py/tuple": [0.10052910052910052, 134]}, {"py/tuple": [1, 4]}, {"py/tuple": [1, 17]}, {"py/tuple": [0.023809523809523808, 62]}, {"py/tuple": [0, 41]}, {"py/tuple": [0.08333333333333333, 78]}, {"py/tuple": [1, 5]}, {"py/tuple": [0, 36]}, {"py/tuple": [0.08333333333333333, 41]}, {"py/tuple": [0, 14]}, {"py/tuple": [1.0, 25]}, {"py/tuple": [0, 35]}, {"py/tuple": [0, 21]}, {"py/tuple": [0.5, 43]}, {"py/tuple": [1, 0]}, {"py/tuple": [1, 5]}, {"py/tuple": [1, 19]}, {"py/tuple": [0, 5]}, {"py/tuple": [1, 0]}, {"py/tuple": [0, 29]}, {"py/tuple": [0.5, 60]}, {"py/tuple": [0, 8]}, {"py/tuple": [0.1111111111111111, 47]}, {"py/tuple": [1, 2]}, {"py/tuple": [1, 5]}, {"py/tuple": [0, 13]}, {"py/tuple": [1, 86]}, {"py/tuple": [1, 24]}, {"py/tuple": [0.0, 67]}, {"py/tuple": [1, 13]}, {"py/tuple": [0, 10]}, {"py/tuple": [0.3333333333333333, 17]}, {"py/tuple": [1, 8]}, {"py/tuple": [0.16666666666666666, 17]}, {"py/tuple": [1, 10]}, {"py/tuple": [1, 38]}, {"py/tuple": [0.25, 60]}, {"py/tuple": [0, 33]}, {"py/tuple": [0.0, 21]}, {"py/tuple": [1, 2]}, {"py/tuple": [0.0, 33]}, {"py/tuple": [1, 2]}, {"py/tuple": [1, 2]}, {"py/tuple": [0.006593406593406593, 93]}, {"py/tuple": [0.052083333333333336, 87]}, {"py/tuple": [0, 26]}, {"py/tuple": [0.06666666666666667, 23]}, {"py/tuple": [0, 38]}, {"py/tuple": [0.0, 15]}, {"py/tuple": [0.0, 23]}, {"py/tuple": [0.0, 53]}, {"py/tuple": [0.0, 121]}, {"py/tuple": [0.35, 27]}, {"py/tuple": [0.06666666666666667, 27]}, {"py/tuple": [0.16666666666666666, 26]}, {"py/tuple": [0.16666666666666666, 35]}, {"py/tuple": [1, 5]}, {"py/tuple": [1, 5]}, {"py/tuple": [1, 10]}, {"py/tuple": [0.04285714285714286, 150]}, {"py/tuple": [0.5, 20]}, {"py/tuple": [1, 11]}, {"py/tuple": [1.0, 15]}, {"py/tuple": [0.0, 55]}, {"py/tuple": [1, 5]}, {"py/tuple": [1.0, 11]}, {"py/tuple": [1.0, 9]}, {"py/tuple": [1, 10]}, {"py/tuple": [0.031135531135531136, 118]}, {"py/tuple": [0, 31]}, {"py/tuple": [0.3333333333333333, 76]}, {"py/tuple": [0.16666666666666666, 35]}, {"py/tuple": [0.0, 95]}, {"py/tuple": [0.0, 35]}, {"py/tuple": [0.0, 34]}, {"py/tuple": [0.0, 18]}, {"py/tuple": [0.3333333333333333, 14]}, {"py/tuple": [1, 0]}, {"py/tuple": [1, 6]}, {"py/tuple": [1, 31]}, {"py/tuple": [0.15, 87]}, {"py/tuple": [1, 12]}, {"py/tuple": [1, 9]}, {"py/tuple": [0, 29]}, {"py/tuple": [1, 17]}, {"py/tuple": [1.0, 9]}, {"py/tuple": [1, 8]}, {"py/tuple": [1, 0]}, {"py/tuple": [0, 44]}, {"py/tuple": [1.0, 30]}, {"py/tuple": [1.0, 24]}, {"py/tuple": [0, 13]}, {"py/tuple": [1, 31]}, {"py/tuple": [0.17037037037037037, 173]}, {"py/tuple": [0.025, 103]}, {"py/tuple": [1, 4]}, {"py/tuple": [0.0, 58]}, {"py/tuple": [0.3333333333333333, 46]}]}, "CC": {"py/object": "Statistics.InterestingStatistics", "classValues": [{"py/tuple": [0.16666666666666666, 46]}, {"py/tuple": [1, 29]}, {"py/tuple": [1, 16]}, {"py/tuple": [0.0, 62]}, {"py/tuple": [1, 0]}, {"py/tuple": [1, 16]}, {"py/tuple": [0.03063725490196078, 212]}, {"py/tuple": [0.0, 23]}, {"py/tuple": [0.024242424242424246, 102]}, {"py/tuple": [0.13333333333333333, 57]}, {"py/tuple": [1, 16]}, {"py/tuple": [0.04565323565323565, 436]}, {"py/tuple": [0.0, 23]}, {"py/tuple": [0.0577485380116959, 172]}, {"py/tuple": [1, 43]}, {"py/tuple": [0.01818181818181818, 168]}, {"py/tuple": [1, 11]}, {"py/tuple": [1, 32]}, {"py/tuple": [0.0707070707070707, 102]}, {"py/tuple": [0.2333333333333333, 58]}, {"py/tuple": [1, 39]}, {"py/tuple": [0.0, 28]}, {"py/tuple": [0.3333333333333333, 18]}, {"py/tuple": [0.026515151515151512, 135]}, {"py/tuple": [1, 29]}, {"py/tuple": [0.0, 23]}, {"py/tuple": [0.26612942612942614, 117]}, {"py/tuple": [1, 5]}, {"py/tuple": [1, 12]}, {"py/tuple": [0.13194444444444445, 42]}, {"py/tuple": [1, 11]}, {"py/tuple": [0.06781609195402298, 172]}, {"py/tuple": [1, 20]}, {"py/tuple": [0.0, 92]}, {"py/tuple": [0.017857142857142856, 185]}, {"py/tuple": [1, 22]}, {"py/tuple": [1, 38]}, {"py/tuple": [0.16666666666666666, 102]}, {"py/tuple": [0.0, 44]}, {"py/tuple": [1, 0]}, {"py/tuple": [0.0, 21]}, {"py/tuple": [0.0, 20]}, {"py/tuple": [0.2916666666666667, 64]}, {"py/tuple": [0.3988095238095238, 55]}, {"py/tuple": [1, 3]}, {"py/tuple": [0.09523809523809523, 122]}, {"py/tuple": [1, 4]}, {"py/tuple": [0.14285714285714285, 79]}, {"py/tuple": [1, 2]}, {"py/tuple": [1, 8]}, {"py/tuple": [0.1, 23]}, {"py/tuple": [0.0, 65]}, {"py/tuple": [1.0, 17]}, {"py/tuple": [1.0, 15]}, {"py/tuple": [0.022058823529411763, 236]}, {"py/tuple": [0.0, 22]}, {"py/tuple": [0.03284313725490196, 253]}, {"py/tuple": [1, 29]}, {"py/tuple": [1, 17]}, {"py/tuple": [1, 3]}, {"py/tuple": [1, 15]}, {"py/tuple": [0.0, 22]}, {"py/tuple": [1, 24]}, {"py/tuple": [0.3333333333333333, 26]}, {"py/tuple": [1, 14]}, {"py/tuple": [0.0, 32]}, {"py/tuple": [1, 80]}, {"py/tuple": [0.0, 54]}, {"py/tuple": [1, 51]}, {"py/tuple": [1, 3]}, {"py/tuple": [0.23669217687074826, 114]}, {"py/tuple": [0.0, 13]}, {"py/tuple": [1, 34]}, {"py/tuple": [0.25396825396825395, 67]}, {"py/tuple": [1, 2]}, {"py/tuple": [0.0, 19]}, {"py/tuple": [1, 15]}, {"py/tuple": [0.0, 20]}, {"py/tuple": [1, 53]}, {"py/tuple": [1, 57]}, {"py/tuple": [1, 11]}, {"py/tuple": [0.05555555555555555, 27]}, {"py/tuple": [0.047619047619047616, 57]}, {"py/tuple": [0.23809523809523808, 40]}, {"py/tuple": [0.07973856209150329, 84]}, {"py/tuple": [1, 22]}, {"py/tuple": [0.2, 36]}, {"py/tuple": [0.03333333333333333, 54]}, {"py/tuple": [0.0, 166]}, {"py/tuple": [1, 37]}, {"py/tuple": [0.6666666666666666, 28]}, {"py/tuple": [0.3, 26]}, {"py/tuple": [0.0, 58]}, {"py/tuple": [1, 11]}, {"py/tuple": [0.6481481481481481, 112]}, {"py/tuple": [0.18452380952380953, 93]}, {"py/tuple": [0.1, 28]}, {"py/tuple": [1, 16]}, {"py/tuple": [0.0, 53]}, {"py/tuple": [0.18358804054368558, 409]}, {"py/tuple": [0.0, 34]}, {"py/tuple": [1, 24]}, {"py/tuple": [0.0, 75]}, {"py/tuple": [0.1, 47]}, {"py/tuple": [0.125, 50]}, {"py/tuple": [1, 17]}, {"py/tuple": [1, 14]}, {"py/tuple": [1, 17]}, {"py/tuple": [0.0, 25]}, {"py/tuple": [0.0, 20]}, {"py/tuple": [1, 32]}, {"py/tuple": [0.3333333333333333, 18]}, {"py/tuple": [0.5, 43]}, {"py/tuple": [0.05092592592592592, 90]}, {"py/tuple": [1, 51]}, {"py/tuple": [0.0, 42]}, {"py/tuple": [0.125, 40]}, {"py/tuple": [0.05, 69]}, {"py/tuple": [0.030303030303030304, 144]}, {"py/tuple": [1, 8]}, {"py/tuple": [0.8461538461538461, 161]}, {"py/tuple": [0.0, 97]}, {"py/tuple": [1, 19]}, {"py/tuple": [0.24242424242424243, 92]}, {"py/tuple": [0.2644444444444445, 92]}, {"py/tuple": [0.0, 131]}, {"py/tuple": [1, 55]}, {"py/tuple": [0.16666666666666666, 170]}, {"py/tuple": [0.7333333333333333, 60]}, {"py/tuple": [1, 22]}, {"py/tuple": [0.06666666666666667, 77]}, {"py/tuple": [0.14444444444444446, 49]}, {"py/tuple": [0.40529100529100537, 134]}, {"py/tuple": [1, 4]}, {"py/tuple": [1, 17]}, {"py/tuple": [0.028571428571428574, 62]}, {"py/tuple": [1, 41]}, {"py/tuple": [0.22000000000000003, 78]}, {"py/tuple": [1, 5]}, {"py/tuple": [1, 36]}, {"py/tuple": [0.1111111111111111, 41]}, {"py/tuple": [1, 14]}, {"py/tuple": [1.0, 25]}, {"py/tuple": [1, 35]}, {"py/tuple": [1, 21]}, {"py/tuple": [0.5, 43]}, {"py/tuple": [1, 0]}, {"py/tuple": [1, 5]}, {"py/tuple": [1, 19]}, {"py/tuple": [1, 5]}, {"py/tuple": [1, 0]}, {"py/tuple": [1, 29]}, {"py/tuple": [0.5, 60]}, {"py/tuple": [1, 8]}, {"py/tuple": [0.1111111111111111, 47]}, {"py/tuple": [1, 2]}, {"py/tuple": [1, 5]}, {"py/tuple": [1, 13]}, {"py/tuple": [1, 86]}, {"py/tuple": [1, 24]}, {"py/tuple": [0.0, 67]}, {"py/tuple": [1, 13]}, {"py/tuple": [1, 10]}, {"py/tuple": [0.3333333333333333, 17]}, {"py/tuple": [1, 8]}, {"py/tuple": [0.3333333333333333, 17]}, {"py/tuple": [1, 10]}, {"py/tuple": [1, 38]}, {"py/tuple": [0.4166666666666667, 60]}, {"py/tuple": [1, 33]}, {"py/tuple": [0.0, 21]}, {"py/tuple": [1, 2]}, {"py/tuple": [0.0, 33]}, {"py/tuple": [1, 2]}, {"py/tuple": [1, 2]}, {"py/tuple": [0.04578754578754579, 93]}, {"py/tuple": [0.08333333333333333, 87]}, {"py/tuple": [1, 26]}, {"py/tuple": [0.2, 23]}, {"py/tuple": [1, 38]}, {"py/tuple": [0.0, 15]}, {"py/tuple": [0.0, 23]}, {"py/tuple": [0.0, 53]}, {"py/tuple": [0.0, 121]}, {"py/tuple": [0.4, 27]}, {"py/tuple": [0.2, 27]}, {"py/tuple": [0.3333333333333333, 26]}, {"py/tuple": [0.16666666666666666, 35]}, {"py/tuple": [1, 5]}, {"py/tuple": [1, 5]}, {"py/tuple": [1, 10]}, {"py/tuple": [0.11428571428571428, 150]}, {"py/tuple": [1.0, 20]}, {"py/tuple": [1, 11]}, {"py/tuple": [1.0, 15]}, {"py/tuple": [0.0, 55]}, {"py/tuple": [1, 5]}, {"py/tuple": [1.0, 11]}, {"py/tuple": [1.0, 9]}, {"py/tuple": [1, 10]}, {"py/tuple": [0.06581196581196581, 118]}, {"py/tuple": [1, 31]}, {"py/tuple": [0.4222222222222222, 76]}, {"py/tuple": [0.23611111111111108, 35]}, {"py/tuple": [0.0, 95]}, {"py/tuple": [0.0, 35]}, {"py/tuple": [0.0, 34]}, {"py/tuple": [0.0, 18]}, {"py/tuple": [0.3333333333333333, 14]}, {"py/tuple": [1, 0]}, {"py/tuple": [1, 6]}, {"py/tuple": [1, 31]}, {"py/tuple": [0.2, 87]}, {"py/tuple": [1, 12]}, {"py/tuple": [1, 9]}, {"py/tuple": [1, 29]}, {"py/tuple": [1, 17]}, {"py/tuple": [1.0, 9]}, {"py/tuple": [1, 8]}, {"py/tuple": [1, 0]}, {"py/tuple": [1, 44]}, {"py/tuple": [1.0, 30]}, {"py/tuple": [1.0, 24]}, {"py/tuple": [1, 13]}, {"py/tuple": [1, 31]}, {"py/tuple": [0.3185185185185186, 173]}, {"py/tuple": [0.0857142857142857, 103]}, {"py/tuple": [1, 4]}, {"py/tuple": [0.0, 58]}, {"py/tuple": [0.3333333333333333, 46]}]}, "LCOM5": {"py/object": "Statistics.InterestingStatistics", "classValues": [{"py/tuple": [0.5, 46]}, {"py/tuple": [0, 29]}, {"py/tuple": [0, 16]}, {"py/tuple": [0.8, 62]}, {"py/tuple": [0, 0]}, {"py/tuple": [1.0, 16]}, {"py/tuple": [0.8970588235294118, 212]}, {"py/tuple": [0.8, 23]}, {"py/tuple": [0.8863636363636364, 102]}, {"py/tuple": [0.8787878787878788, 57]}, {"py/tuple": [0, 16]}, {"py/tuple": [0.8705882352941177, 436]}, {"py/tuple": [0.9, 23]}, {"py/tuple": [0.8842105263157894, 172]}, {"py/tuple": [0, 43]}, {"py/tuple": [0.9090909090909091, 168]}, {"py/tuple": [0.5, 11]}, {"py/tuple": [0, 32]}, {"py/tuple": [0.8333333333333334, 102]}, {"py/tuple": [0.8, 58]}, {"py/tuple": [0, 39]}, {"py/tuple": [1.0, 28]}, {"py/tuple": [0.5, 18]}, {"py/tuple": [0.8666666666666667, 135]}, {"py/tuple": [0, 29]}, {"py/tuple": [0.75, 23]}, {"py/tuple": [0.75, 117]}, {"py/tuple": [0, 5]}, {"py/tuple": [0, 12]}, {"py/tuple": [0.6944444444444444, 42]}, {"py/tuple": [0, 11]}, {"py/tuple": [0.8666666666666667, 172]}, {"py/tuple": [0, 20]}, {"py/tuple": [1.0, 92]}, {"py/tuple": [0.875, 185]}, {"py/tuple": [0, 22]}, {"py/tuple": [0, 38]}, {"py/tuple": [0.6666666666666667, 102]}, {"py/tuple": [0.7619047619047619, 44]}, {"py/tuple": [0, 0]}, {"py/tuple": [0.8333333333333334, 21]}, {"py/tuple": [0.5, 20]}, {"py/tuple": [0.5625, 64]}, {"py/tuple": [0.7291666666666667, 55]}, {"py/tuple": [0, 3]}, {"py/tuple": [0.6666666666666667, 122]}, {"py/tuple": [0, 4]}, {"py/tuple": [0.7857142857142857, 79]}, {"py/tuple": [0, 2]}, {"py/tuple": [0.0, 8]}, {"py/tuple": [0.6, 23]}, {"py/tuple": [0.9666666666666667, 65]}, {"py/tuple": [0.0, 17]}, {"py/tuple": [0.0, 15]}, {"py/tuple": [0.8758169934640523, 236]}, {"py/tuple": [0.7, 22]}, {"py/tuple": [0.8877005347593583, 253]}, {"py/tuple": [0, 29]}, {"py/tuple": [1.0, 17]}, {"py/tuple": [0, 3]}, {"py/tuple": [0, 15]}, {"py/tuple": [0.5, 22]}, {"py/tuple": [0, 24]}, {"py/tuple": [0.6666666666666667, 26]}, {"py/tuple": [0.0, 14]}, {"py/tuple": [1.0, 32]}, {"py/tuple": [0, 80]}, {"py/tuple": [0.7083333333333333, 54]}, {"py/tuple": [0, 51]}, {"py/tuple": [0, 3]}, {"py/tuple": [0.675, 114]}, {"py/tuple": [0.75, 13]}, {"py/tuple": [0, 34]}, {"py/tuple": [0.7346938775510203, 67]}, {"py/tuple": [0, 2]}, {"py/tuple": [0.75, 19]}, {"py/tuple": [0.6, 15]}, {"py/tuple": [0.75, 20]}, {"py/tuple": [0, 53]}, {"py/tuple": [0, 57]}, {"py/tuple": [0, 11]}, {"py/tuple": [0.6666666666666667, 27]}, {"py/tuple": [0.7142857142857143, 57]}, {"py/tuple": [0.6190476190476191, 40]}, {"py/tuple": [0.8472222222222222, 84]}, {"py/tuple": [0.0, 22]}, {"py/tuple": [0.5, 36]}, {"py/tuple": [0.75, 54]}, {"py/tuple": [0.9333333333333333, 166]}, {"py/tuple": [0.0, 37]}, {"py/tuple": [0.16666666666666663, 28]}, {"py/tuple": [0.8, 26]}, {"py/tuple": [0.875, 58]}, {"py/tuple": [0.5, 11]}, {"py/tuple": [0.7222222222222222, 112]}, {"py/tuple": [0.8194444444444444, 93]}, {"py/tuple": [0.6, 28]}, {"py/tuple": [1.0, 16]}, {"py/tuple": [0.8, 53]}, {"py/tuple": [0.7604166666666666, 409]}, {"py/tuple": [0.5833333333333333, 34]}, {"py/tuple": [0, 24]}, {"py/tuple": [0.8333333333333334, 75]}, {"py/tuple": [0.6, 47]}, {"py/tuple": [0.5, 50]}, {"py/tuple": [0, 17]}, {"py/tuple": [0, 14]}, {"py/tuple": [0, 17]}, {"py/tuple": [0.5, 25]}, {"py/tuple": [0.5, 20]}, {"py/tuple": [0, 32]}, {"py/tuple": [0.5, 18]}, {"py/tuple": [0.25, 43]}, {"py/tuple": [0.8055555555555556, 90]}, {"py/tuple": [0, 51]}, {"py/tuple": [0.6666666666666667, 42]}, {"py/tuple": [0.4375, 40]}, {"py/tuple": [0.7, 69]}, {"py/tuple": [0.9166666666666666, 144]}, {"py/tuple": [0, 8]}, {"py/tuple": [0.5, 161]}, {"py/tuple": [0.95, 97]}, {"py/tuple": [0, 19]}, {"py/tuple": [0.7045454545454546, 92]}, {"py/tuple": [0.5111111111111111, 92]}, {"py/tuple": [0.9166666666666666, 131]}, {"py/tuple": [0, 55]}, {"py/tuple": [0.6666666666666667, 170]}, {"py/tuple": [0.16666666666666663, 60]}, {"py/tuple": [0, 22]}, {"py/tuple": [0.8333333333333334, 77]}, {"py/tuple": [0.6, 49]}, {"py/tuple": [0.7142857142857143, 134]}, {"py/tuple": [0, 4]}, {"py/tuple": [1.0, 17]}, {"py/tuple": [0.8095238095238095, 62]}, {"py/tuple": [0, 41]}, {"py/tuple": [0.7166666666666667, 78]}, {"py/tuple": [0, 5]}, {"py/tuple": [0, 36]}, {"py/tuple": [0.5833333333333333, 41]}, {"py/tuple": [0, 14]}, {"py/tuple": [0.0, 25]}, {"py/tuple": [0, 35]}, {"py/tuple": [0, 21]}, {"py/tuple": [0.25, 43]}, {"py/tuple": [0, 0]}, {"py/tuple": [0, 5]}, {"py/tuple": [0, 19]}, {"py/tuple": [0, 5]}, {"py/tuple": [0, 0]}, {"py/tuple": [0, 29]}, {"py/tuple": [0.25, 60]}, {"py/tuple": [0, 8]}, {"py/tuple": [0.5555555555555556, 47]}, {"py/tuple": [0, 2]}, {"py/tuple": [0, 5]}, {"py/tuple": [0, 13]}, {"py/tuple": [1.0, 86]}, {"py/tuple": [0, 24]}, {"py/tuple": [0.5, 67]}, {"py/tuple": [0.5, 13]}, {"py/tuple": [0, 10]}, {"py/tuple": [0.33333333333333337, 17]}, {"py/tuple": [1.0, 8]}, {"py/tuple": [0.5, 17]}, {"py/tuple": [0.0, 10]}, {"py/tuple": [0, 38]}, {"py/tuple": [0.5, 60]}, {"py/tuple": [0, 33]}, {"py/tuple": [1.0, 21]}, {"py/tuple": [0, 2]}, {"py/tuple": [0.6666666666666667, 33]}, {"py/tuple": [0, 2]}, {"py/tuple": [0, 2]}, {"py/tuple": [0.9, 93]}, {"py/tuple": [0.765625, 87]}, {"py/tuple": [0, 26]}, {"py/tuple": [0.6666666666666667, 23]}, {"py/tuple": [0, 38]}, {"py/tuple": [0.6666666666666667, 15]}, {"py/tuple": [0.625, 23]}, {"py/tuple": [0.5, 53]}, {"py/tuple": [0.8333333333333334, 121]}, {"py/tuple": [0.4, 27]}, {"py/tuple": [0.6666666666666667, 27]}, {"py/tuple": [0.5, 26]}, {"py/tuple": [0.5, 35]}, {"py/tuple": [0, 5]}, {"py/tuple": [0, 5]}, {"py/tuple": [0.0, 10]}, {"py/tuple": [0.7833333333333333, 150]}, {"py/tuple": [0.5, 20]}, {"py/tuple": [1.0, 11]}, {"py/tuple": [0.0, 15]}, {"py/tuple": [0.5625, 55]}, {"py/tuple": [1.0, 5]}, {"py/tuple": [0.0, 11]}, {"py/tuple": [0.0, 9]}, {"py/tuple": [0, 10]}, {"py/tuple": [0.7912087912087912, 118]}, {"py/tuple": [0, 31]}, {"py/tuple": [0.40740740740740744, 76]}, {"py/tuple": [0.5625, 35]}, {"py/tuple": [0.8333333333333334, 95]}, {"py/tuple": [0.5625, 35]}, {"py/tuple": [0.5, 34]}, {"py/tuple": [0.5, 18]}, {"py/tuple": [0.33333333333333337, 14]}, {"py/tuple": [0, 0]}, {"py/tuple": [0, 6]}, {"py/tuple": [0.19999999999999996, 31]}, {"py/tuple": [0.6, 87]}, {"py/tuple": [0.0, 12]}, {"py/tuple": [0.0, 9]}, {"py/tuple": [0, 29]}, {"py/tuple": [1.0, 17]}, {"py/tuple": [0.0, 9]}, {"py/tuple": [0, 8]}, {"py/tuple": [0, 0]}, {"py/tuple": [0, 44]}, {"py/tuple": [0.0, 30]}, {"py/tuple": [0.0, 24]}, {"py/tuple": [0, 13]}, {"py/tuple": [0, 31]}, {"py/tuple": [0.6333333333333333, 173]}, {"py/tuple": [0.8125, 103]}, {"py/tuple": [0, 4]}, {"py/tuple": [0.8333333333333334, 58]}, {"py/tuple": [0.33333333333333337, 46]}]}, "CBAMU": {"py/object": "Statistics.InterestingStatistics", "classValues": [{"py/tuple": [0.2916666666666667, 46]}, {"py/tuple": [0.0, 29]}, {"py/tuple": [0.0, 16]}, {"py/tuple": [0.125, 62]}, {"py/tuple": [0.0, 0]}, {"py/tuple": [0.0, 16]}, {"py/tuple": [0.07352941176470588, 212]}, {"py/tuple": [0.1, 23]}, {"py/tuple": [0.056818181818181816, 102]}, {"py/tuple": [0.06060606060606061, 57]}, {"py/tuple": [0.0, 16]}, {"py/tuple": [0.1004201680672269, 436]}, {"py/tuple": [0.05, 23]}, {"py/tuple": [0.06666666666666667, 172]}, {"py/tuple": [0.0, 43]}, {"py/tuple": [0.08636363636363636, 168]}, {"py/tuple": [0.25, 11]}, {"py/tuple": [0.0, 32]}, {"py/tuple": [0.12878787878787878, 102]}, {"py/tuple": [0.125, 58]}, {"py/tuple": [0.0, 39]}, {"py/tuple": [0.0, 28]}, {"py/tuple": [0.25, 18]}, {"py/tuple": [0.10075757575757575, 135]}, {"py/tuple": [0.023809523809523808, 29]}, {"py/tuple": [0.125, 23]}, {"py/tuple": [0.125, 117]}, {"py/tuple": [0.0, 5]}, {"py/tuple": [0.0, 12]}, {"py/tuple": [0.1527777777777778, 42]}, {"py/tuple": [0.0, 11]}, {"py/tuple": [0.06839080459770115, 172]}, {"py/tuple": [0.0, 20]}, {"py/tuple": [0.025, 92]}, {"py/tuple": [0.08928571428571429, 185]}, {"py/tuple": [0.0, 22]}, {"py/tuple": [0.0, 38]}, {"py/tuple": [0.20833333333333331, 102]}, {"py/tuple": [0.11904761904761904, 44]}, {"py/tuple": [0.0, 0]}, {"py/tuple": [0.08333333333333333, 21]}, {"py/tuple": [0.5, 20]}, {"py/tuple": [0.21875, 64]}, {"py/tuple": [0.13541666666666666, 55]}, {"py/tuple": [0.0, 3]}, {"py/tuple": [0.20238095238095238, 122]}, {"py/tuple": [0.0, 4]}, {"py/tuple": [0.11263736263736263, 79]}, {"py/tuple": [0.0, 2]}, {"py/tuple": [0.5, 8]}, {"py/tuple": [0.2, 23]}, {"py/tuple": [0.016666666666666666, 65]}, {"py/tuple": [0.5, 17]}, {"py/tuple": [0.5, 15]}, {"py/tuple": [0.08598856209150327, 236]}, {"py/tuple": [0.15, 22]}, {"py/tuple": [0.08004679144385027, 253]}, {"py/tuple": [0.0, 29]}, {"py/tuple": [0.0, 17]}, {"py/tuple": [0.0, 3]}, {"py/tuple": [0.25, 15]}, {"py/tuple": [0.25, 22]}, {"py/tuple": [0.0, 24]}, {"py/tuple": [0.16666666666666666, 26]}, {"py/tuple": [0.5, 14]}, {"py/tuple": [0.0, 32]}, {"py/tuple": [0.075, 80]}, {"py/tuple": [0.14583333333333334, 54]}, {"py/tuple": [0.0, 51]}, {"py/tuple": [0.0, 3]}, {"py/tuple": [0.18928571428571428, 114]}, {"py/tuple": [0.125, 13]}, {"py/tuple": [0.0, 34]}, {"py/tuple": [0.1921768707482993, 67]}, {"py/tuple": [0.0, 2]}, {"py/tuple": [0.33333333333333337, 19]}, {"py/tuple": [0.2, 15]}, {"py/tuple": [0.125, 20]}, {"py/tuple": [0.0, 53]}, {"py/tuple": [0.0, 57]}, {"py/tuple": [0.0, 11]}, {"py/tuple": [0.16666666666666666, 27]}, {"py/tuple": [0.14285714285714285, 57]}, {"py/tuple": [0.19047619047619047, 40]}, {"py/tuple": [0.08455882352941177, 84]}, {"py/tuple": [0.5, 22]}, {"py/tuple": [0.25, 36]}, {"py/tuple": [0.125, 54]}, {"py/tuple": [0.06666666666666667, 166]}, {"py/tuple": [0.5, 37]}, {"py/tuple": [0.4166666666666667, 28]}, {"py/tuple": [0.175, 26]}, {"py/tuple": [0.10416666666666666, 58]}, {"py/tuple": [0.25, 11]}, {"py/tuple": [0.2222222222222222, 112]}, {"py/tuple": [0.09027777777777778, 93]}, {"py/tuple": [0.2, 28]}, {"py/tuple": [0.0, 16]}, {"py/tuple": [0.125, 53]}, {"py/tuple": [0.15255376344086022, 409]}, {"py/tuple": [0.20833333333333334, 34]}, {"py/tuple": [0.0, 24]}, {"py/tuple": [0.13333333333333333, 75]}, {"py/tuple": [0.275, 47]}, {"py/tuple": [0.25, 50]}, {"py/tuple": [0.0, 17]}, {"py/tuple": [0.0, 14]}, {"py/tuple": [0.0, 17]}, {"py/tuple": [0.25, 25]}, {"py/tuple": [0.25, 20]}, {"py/tuple": [0.0, 32]}, {"py/tuple": [0.25, 18]}, {"py/tuple": [0.375, 43]}, {"py/tuple": [0.09722222222222222, 90]}, {"py/tuple": [0.25, 51]}, {"py/tuple": [0.16666666666666666, 42]}, {"py/tuple": [0.28125, 40]}, {"py/tuple": [0.25, 69]}, {"py/tuple": [0.04924242424242424, 144]}, {"py/tuple": [0.25, 8]}, {"py/tuple": [0.28205128205128205, 161]}, {"py/tuple": [0.025, 97]}, {"py/tuple": [0.0, 19]}, {"py/tuple": [0.1488095238095238, 92]}, {"py/tuple": [0.3194444444444444, 92]}, {"py/tuple": [0.10227272727272727, 131]}, {"py/tuple": [0.041666666666666664, 55]}, {"py/tuple": [0.26666666666666666, 170]}, {"py/tuple": [0.48333333333333334, 60]}, {"py/tuple": [0.0, 22]}, {"py/tuple": [0.08333333333333333, 77]}, {"py/tuple": [0.2, 49]}, {"py/tuple": [0.15476190476190477, 134]}, {"py/tuple": [0.0, 4]}, {"py/tuple": [0.0, 17]}, {"py/tuple": [0.09523809523809523, 62]}, {"py/tuple": [0.0, 41]}, {"py/tuple": [0.14166666666666666, 78]}, {"py/tuple": [0.0, 5]}, {"py/tuple": [0.08333333333333333, 36]}, {"py/tuple": [0.20833333333333334, 41]}, {"py/tuple": [0.0, 14]}, {"py/tuple": [0.5, 25]}, {"py/tuple": [0.041666666666666664, 35]}, {"py/tuple": [0.0, 21]}, {"py/tuple": [0.375, 43]}, {"py/tuple": [0.0, 0]}, {"py/tuple": [0.0, 5]}, {"py/tuple": [0.0, 19]}, {"py/tuple": [0.0, 5]}, {"py/tuple": [0.0, 0]}, {"py/tuple": [0.08333333333333333, 29]}, {"py/tuple": [0.375, 60]}, {"py/tuple": [0.0, 8]}, {"py/tuple": [0.2222222222222222, 47]}, {"py/tuple": [0.0, 2]}, {"py/tuple": [0.0, 5]}, {"py/tuple": [0.0, 13]}, {"py/tuple": [0.0, 86]}, {"py/tuple": [0.0, 24]}, {"py/tuple": [0.25, 67]}, {"py/tuple": [0.25, 13]}, {"py/tuple": [0.25, 10]}, {"py/tuple": [0.5833333333333333, 17]}, {"py/tuple": [0.0, 8]}, {"py/tuple": [0.25, 17]}, {"py/tuple": [0.5, 10]}, {"py/tuple": [0.0, 38]}, {"py/tuple": [0.25, 60]}, {"py/tuple": [0.0, 33]}, {"py/tuple": [0.0, 21]}, {"py/tuple": [0.0, 2]}, {"py/tuple": [0.16666666666666666, 33]}, {"py/tuple": [0.0, 2]}, {"py/tuple": [0.0, 2]}, {"py/tuple": [0.0554945054945055, 93]}, {"py/tuple": [0.1171875, 87]}, {"py/tuple": [0.08333333333333333, 26]}, {"py/tuple": [0.16666666666666666, 23]}, {"py/tuple": [0.041666666666666664, 38]}, {"py/tuple": [0.16666666666666666, 15]}, {"py/tuple": [0.1875, 23]}, {"py/tuple": [0.25, 53]}, {"py/tuple": [0.11666666666666667, 121]}, {"py/tuple": [0.325, 27]}, {"py/tuple": [0.16666666666666666, 27]}, {"py/tuple": [0.25, 26]}, {"py/tuple": [0.3333333333333333, 35]}, {"py/tuple": [0.0, 5]}, {"py/tuple": [0.0, 5]}, {"py/tuple": [0.5, 10]}, {"py/tuple": [0.12261904761904763, 150]}, {"py/tuple": [0.25, 20]}, {"py/tuple": [0.0, 11]}, {"py/tuple": [0.5, 15]}, {"py/tuple": [0.21875, 55]}, {"py/tuple": [0.0, 5]}, {"py/tuple": [0.5, 11]}, {"py/tuple": [0.5, 9]}, {"py/tuple": [0.0, 10]}, {"py/tuple": [0.11721611721611722, 118]}, {"py/tuple": [0.25, 31]}, {"py/tuple": [0.2962962962962963, 76]}, {"py/tuple": [0.21875, 35]}, {"py/tuple": [0.11666666666666667, 95]}, {"py/tuple": [0.21875, 35]}, {"py/tuple": [0.25, 34]}, {"py/tuple": [0.25, 18]}, {"py/tuple": [0.3333333333333333, 14]}, {"py/tuple": [0.0, 0]}, {"py/tuple": [0.0, 6]}, {"py/tuple": [0.4, 31]}, {"py/tuple": [0.325, 87]}, {"py/tuple": [0.5, 12]}, {"py/tuple": [0.5, 9]}, {"py/tuple": [0.16666666666666666, 29]}, {"py/tuple": [0.0, 17]}, {"py/tuple": [0.5, 9]}, {"py/tuple": [0.0, 8]}, {"py/tuple": [0.0, 0]}, {"py/tuple": [0.0, 44]}, {"py/tuple": [0.5, 30]}, {"py/tuple": [0.5, 24]}, {"py/tuple": [0.08333333333333333, 13]}, {"py/tuple": [0.0, 31]}, {"py/tuple": [0.21111111111111108, 173]}, {"py/tuple": [0.09375, 103]}, {"py/tuple": [0.0, 4]}, {"py/tuple": [0.16666666666666666, 58]}, {"py/tuple": [0.3333333333333333, 46]}]}}