{"SCOM": {"py/object": "Statistics.InterestingStatistics", "classValues": [{"py/tuple": [1, 22]}, {"py/tuple": [1, 19]}, {"py/tuple": [0.0, 75]}, {"py/tuple": [1, 43]}, {"py/tuple": [0.3333333333333333, 19]}, {"py/tuple": [1, 18]}, {"py/tuple": [0.0, 58]}, {"py/tuple": [0.0, 121]}, {"py/tuple": [0.0, 149]}, {"py/tuple": [0.0, 79]}, {"py/tuple": [0.6666666666666666, 78]}, {"py/tuple": [0.0, 47]}, {"py/tuple": [0.0, 79]}, {"py/tuple": [0.6, 82]}, {"py/tuple": [1, 42]}, {"py/tuple": [0.3392857142857143, 210]}, {"py/tuple": [0.16666666666666666, 27]}, {"py/tuple": [0.0, 9]}, {"py/tuple": [0.0, 8]}, {"py/tuple": [0.0, 33]}, {"py/tuple": [0.0, 73]}, {"py/tuple": [0.0, 8]}, {"py/tuple": [0.0, 9]}, {"py/tuple": [0.0, 61]}, {"py/tuple": [0.25213675213675213, 99]}, {"py/tuple": [0.0, 24]}, {"py/tuple": [1, 14]}, {"py/tuple": [0.0, 30]}, {"py/tuple": [0.0, 48]}, {"py/tuple": [0.0, 135]}, {"py/tuple": [0.0, 16]}, {"py/tuple": [1, 14]}, {"py/tuple": [0.0, 14]}, {"py/tuple": [1, 34]}, {"py/tuple": [1, 60]}, {"py/tuple": [0.16666666666666666, 275]}, {"py/tuple": [1, 16]}, {"py/tuple": [1, 2]}, {"py/tuple": [1, 17]}, {"py/tuple": [1, 2]}, {"py/tuple": [0.0, 36]}, {"py/tuple": [0.0, 25]}, {"py/tuple": [0.0, 31]}, {"py/tuple": [0.0, 39]}, {"py/tuple": [1, 2]}, {"py/tuple": [1, 2]}, {"py/tuple": [0.0, 26]}, {"py/tuple": [0.3333333333333333, 26]}, {"py/tuple": [0.0, 12]}, {"py/tuple": [1, 2]}, {"py/tuple": [1.0, 22]}, {"py/tuple": [1, 3]}, {"py/tuple": [0.06666666666666667, 72]}, {"py/tuple": [1, 17]}, {"py/tuple": [0.0, 23]}, {"py/tuple": [0.0, 17]}, {"py/tuple": [0.0, 22]}, {"py/tuple": [0.0, 23]}, {"py/tuple": [0.0, 6]}, {"py/tuple": [1.0, 15]}, {"py/tuple": [0.03333333333333333, 82]}, {"py/tuple": [1, 3]}, {"py/tuple": [0.15, 53]}, {"py/tuple": [1, 58]}, {"py/tuple": [1, 28]}, {"py/tuple": [1, 50]}, {"py/tuple": [1, 39]}, {"py/tuple": [0.0, 69]}, {"py/tuple": [0.0, 75]}, {"py/tuple": [0.0, 56]}, {"py/tuple": [0.0, 27]}, {"py/tuple": [0.0, 53]}, {"py/tuple": [0.0, 60]}, {"py/tuple": [0.0, 23]}, {"py/tuple": [0.0, 18]}, {"py/tuple": [0.0, 30]}, {"py/tuple": [0.0, 67]}, {"py/tuple": [1, 5]}, {"py/tuple": [1, 4]}, {"py/tuple": [1, 4]}, {"py/tuple": [1, 15]}, {"py/tuple": [0.0, 18]}, {"py/tuple": [0.0, 47]}, {"py/tuple": [1, 6]}, {"py/tuple": [0.0, 49]}, {"py/tuple": [0.1111111111111111, 41]}, {"py/tuple": [0.0, 71]}, {"py/tuple": [1, 4]}, {"py/tuple": [1.0, 33]}, {"py/tuple": [0.0, 29]}, {"py/tuple": [1, 42]}, {"py/tuple": [0.0, 13]}, {"py/tuple": [0.0, 23]}, {"py/tuple": [0.0, 12]}, {"py/tuple": [0.0, 43]}, {"py/tuple": [0.0, 12]}, {"py/tuple": [0.14285714285714285, 108]}, {"py/tuple": [0.0, 22]}, {"py/tuple": [1, 6]}, {"py/tuple": [1, 10]}, {"py/tuple": [0.0, 59]}, {"py/tuple": [1.0, 62]}, {"py/tuple": [0.0, 12]}, {"py/tuple": [1, 59]}, {"py/tuple": [0.041666666666666664, 58]}, {"py/tuple": [0.0, 21]}, {"py/tuple": [1, 18]}, {"py/tuple": [0.0, 66]}, {"py/tuple": [1, 47]}, {"py/tuple": [1, 27]}, {"py/tuple": [0.0, 14]}, {"py/tuple": [0.0, 13]}, {"py/tuple": [1, 2]}, {"py/tuple": [0.0, 63]}, {"py/tuple": [1, 2]}, {"py/tuple": [0.0, 15]}, {"py/tuple": [0.0, 15]}, {"py/tuple": [1, 1]}, {"py/tuple": [0.0, 26]}, {"py/tuple": [0.0, 21]}, {"py/tuple": [0.0, 8]}, {"py/tuple": [1, 2]}, {"py/tuple": [1, 57]}, {"py/tuple": [1, 5]}, {"py/tuple": [1, 4]}, {"py/tuple": [0.0, 49]}, {"py/tuple": [1, 38]}, {"py/tuple": [1, 56]}, {"py/tuple": [1, 7]}, {"py/tuple": [0.0, 124]}, {"py/tuple": [1, 224]}, {"py/tuple": [1, 40]}, {"py/tuple": [0.0, 50]}, {"py/tuple": [1, 29]}, {"py/tuple": [0.08333333333333333, 22]}, {"py/tuple": [1, 15]}, {"py/tuple": [1, 7]}, {"py/tuple": [1, 9]}, {"py/tuple": [0.0, 37]}, {"py/tuple": [0.0, 13]}, {"py/tuple": [1, 2]}, {"py/tuple": [0.0, 73]}, {"py/tuple": [0.0, 55]}, {"py/tuple": [1, 10]}, {"py/tuple": [1, 7]}, {"py/tuple": [1, 26]}, {"py/tuple": [1, 2]}, {"py/tuple": [0.0, 44]}, {"py/tuple": [1, 3]}, {"py/tuple": [0.0, 19]}, {"py/tuple": [0.0, 29]}, {"py/tuple": [1, 16]}, {"py/tuple": [0.25, 36]}, {"py/tuple": [1, 2]}, {"py/tuple": [0.16666666666666666, 133]}, {"py/tuple": [0.42857142857142866, 137]}]}, "LSCC": {"py/object": "Statistics.InterestingStatistics", "classValues": [{"py/tuple": [1, 22]}, {"py/tuple": [1, 19]}, {"py/tuple": [0, 75]}, {"py/tuple": [1, 43]}, {"py/tuple": [0.16666666666666666, 19]}, {"py/tuple": [1, 18]}, {"py/tuple": [0, 58]}, {"py/tuple": [0, 121]}, {"py/tuple": [0.0, 149]}, {"py/tuple": [0, 79]}, {"py/tuple": [0.3333333333333333, 78]}, {"py/tuple": [0.0, 47]}, {"py/tuple": [0, 79]}, {"py/tuple": [0.45, 82]}, {"py/tuple": [1, 42]}, {"py/tuple": [0.23214285714285715, 210]}, {"py/tuple": [0.16666666666666666, 27]}, {"py/tuple": [0.0, 9]}, {"py/tuple": [0, 8]}, {"py/tuple": [0, 33]}, {"py/tuple": [0, 73]}, {"py/tuple": [0, 8]}, {"py/tuple": [0, 9]}, {"py/tuple": [0, 61]}, {"py/tuple": [0.13247863247863248, 99]}, {"py/tuple": [0, 24]}, {"py/tuple": [1, 14]}, {"py/tuple": [0, 30]}, {"py/tuple": [0, 48]}, {"py/tuple": [0.0, 135]}, {"py/tuple": [0, 16]}, {"py/tuple": [1, 14]}, {"py/tuple": [0.0, 14]}, {"py/tuple": [1, 34]}, {"py/tuple": [1, 60]}, {"py/tuple": [0.06666666666666667, 275]}, {"py/tuple": [1, 16]}, {"py/tuple": [1, 2]}, {"py/tuple": [1, 17]}, {"py/tuple": [1, 2]}, {"py/tuple": [0, 36]}, {"py/tuple": [0, 25]}, {"py/tuple": [0, 31]}, {"py/tuple": [0, 39]}, {"py/tuple": [1, 2]}, {"py/tuple": [1, 2]}, {"py/tuple": [0.0, 26]}, {"py/tuple": [0.3333333333333333, 26]}, {"py/tuple": [0, 12]}, {"py/tuple": [1, 2]}, {"py/tuple": [1.0, 22]}, {"py/tuple": [1, 3]}, {"py/tuple": [0.03333333333333333, 72]}, {"py/tuple": [1, 17]}, {"py/tuple": [0, 23]}, {"py/tuple": [0, 17]}, {"py/tuple": [0, 22]}, {"py/tuple": [0, 23]}, {"py/tuple": [0, 6]}, {"py/tuple": [1.0, 15]}, {"py/tuple": [0.011111111111111112, 82]}, {"py/tuple": [1, 3]}, {"py/tuple": [0.15, 53]}, {"py/tuple": [1, 58]}, {"py/tuple": [1, 28]}, {"py/tuple": [1, 50]}, {"py/tuple": [1, 39]}, {"py/tuple": [0, 69]}, {"py/tuple": [0, 75]}, {"py/tuple": [0, 56]}, {"py/tuple": [0, 27]}, {"py/tuple": [0, 53]}, {"py/tuple": [0, 60]}, {"py/tuple": [0, 23]}, {"py/tuple": [0, 18]}, {"py/tuple": [0, 30]}, {"py/tuple": [0, 67]}, {"py/tuple": [1, 5]}, {"py/tuple": [1, 4]}, {"py/tuple": [1, 4]}, {"py/tuple": [1, 15]}, {"py/tuple": [0, 18]}, {"py/tuple": [0.0, 47]}, {"py/tuple": [1, 6]}, {"py/tuple": [0, 49]}, {"py/tuple": [0.1111111111111111, 41]}, {"py/tuple": [0, 71]}, {"py/tuple": [1, 4]}, {"py/tuple": [1.0, 33]}, {"py/tuple": [0.0, 29]}, {"py/tuple": [1, 42]}, {"py/tuple": [0, 13]}, {"py/tuple": [0, 23]}, {"py/tuple": [0.0, 12]}, {"py/tuple": [0, 43]}, {"py/tuple": [0, 12]}, {"py/tuple": [0.09523809523809523, 108]}, {"py/tuple": [0.0, 22]}, {"py/tuple": [1, 6]}, {"py/tuple": [1, 10]}, {"py/tuple": [0, 59]}, {"py/tuple": [0.75, 62]}, {"py/tuple": [0, 12]}, {"py/tuple": [1, 59]}, {"py/tuple": [0.041666666666666664, 58]}, {"py/tuple": [0.0, 21]}, {"py/tuple": [1, 18]}, {"py/tuple": [0.0, 66]}, {"py/tuple": [1, 47]}, {"py/tuple": [1, 27]}, {"py/tuple": [0, 14]}, {"py/tuple": [0, 13]}, {"py/tuple": [1, 2]}, {"py/tuple": [0, 63]}, {"py/tuple": [1, 2]}, {"py/tuple": [0.0, 15]}, {"py/tuple": [0, 15]}, {"py/tuple": [1, 1]}, {"py/tuple": [0.0, 26]}, {"py/tuple": [0.0, 21]}, {"py/tuple": [0, 8]}, {"py/tuple": [1, 2]}, {"py/tuple": [1, 57]}, {"py/tuple": [1, 5]}, {"py/tuple": [1, 4]}, {"py/tuple": [0, 49]}, {"py/tuple": [1, 38]}, {"py/tuple": [1, 56]}, {"py/tuple": [1, 7]}, {"py/tuple": [0, 124]}, {"py/tuple": [1, 224]}, {"py/tuple": [1, 40]}, {"py/tuple": [0, 50]}, {"py/tuple": [1, 29]}, {"py/tuple": [0.08333333333333333, 22]}, {"py/tuple": [1, 15]}, {"py/tuple": [1, 7]}, {"py/tuple": [1, 9]}, {"py/tuple": [0, 37]}, {"py/tuple": [0, 13]}, {"py/tuple": [1, 2]}, {"py/tuple": [0.0, 73]}, {"py/tuple": [0.0, 55]}, {"py/tuple": [1, 10]}, {"py/tuple": [1, 7]}, {"py/tuple": [1, 26]}, {"py/tuple": [1, 2]}, {"py/tuple": [0, 44]}, {"py/tuple": [1, 3]}, {"py/tuple": [0, 19]}, {"py/tuple": [0, 29]}, {"py/tuple": [1, 16]}, {"py/tuple": [0.25, 36]}, {"py/tuple": [1, 2]}, {"py/tuple": [0.16666666666666666, 133]}, {"py/tuple": [0.2857142857142857, 137]}]}, "CC": {"py/object": "Statistics.InterestingStatistics", "classValues": [{"py/tuple": [1, 22]}, {"py/tuple": [1, 19]}, {"py/tuple": [1, 75]}, {"py/tuple": [1, 43]}, {"py/tuple": [0.16666666666666666, 19]}, {"py/tuple": [1, 18]}, {"py/tuple": [1, 58]}, {"py/tuple": [1, 121]}, {"py/tuple": [0.0, 149]}, {"py/tuple": [1, 79]}, {"py/tuple": [0.6666666666666666, 78]}, {"py/tuple": [0.0, 47]}, {"py/tuple": [1, 79]}, {"py/tuple": [0.45, 82]}, {"py/tuple": [1, 42]}, {"py/tuple": [0.25, 210]}, {"py/tuple": [0.3333333333333333, 27]}, {"py/tuple": [0.0, 9]}, {"py/tuple": [1, 8]}, {"py/tuple": [1, 33]}, {"py/tuple": [1, 73]}, {"py/tuple": [1, 8]}, {"py/tuple": [1, 9]}, {"py/tuple": [1, 61]}, {"py/tuple": [0.188034188034188, 99]}, {"py/tuple": [1, 24]}, {"py/tuple": [1, 14]}, {"py/tuple": [1, 30]}, {"py/tuple": [1, 48]}, {"py/tuple": [0.0, 135]}, {"py/tuple": [1, 16]}, {"py/tuple": [1, 14]}, {"py/tuple": [0.0, 14]}, {"py/tuple": [1, 34]}, {"py/tuple": [1, 60]}, {"py/tuple": [0.125, 275]}, {"py/tuple": [1, 16]}, {"py/tuple": [1, 2]}, {"py/tuple": [1, 17]}, {"py/tuple": [1, 2]}, {"py/tuple": [1, 36]}, {"py/tuple": [1, 25]}, {"py/tuple": [1, 31]}, {"py/tuple": [1, 39]}, {"py/tuple": [1, 2]}, {"py/tuple": [1, 2]}, {"py/tuple": [0.0, 26]}, {"py/tuple": [1.0, 26]}, {"py/tuple": [1, 12]}, {"py/tuple": [1, 2]}, {"py/tuple": [1.0, 22]}, {"py/tuple": [1, 3]}, {"py/tuple": [0.05, 72]}, {"py/tuple": [1, 17]}, {"py/tuple": [1, 23]}, {"py/tuple": [1, 17]}, {"py/tuple": [1, 22]}, {"py/tuple": [1, 23]}, {"py/tuple": [1, 6]}, {"py/tuple": [1.0, 15]}, {"py/tuple": [0.02222222222222222, 82]}, {"py/tuple": [1, 3]}, {"py/tuple": [0.3, 53]}, {"py/tuple": [1, 58]}, {"py/tuple": [1, 28]}, {"py/tuple": [1, 50]}, {"py/tuple": [1, 39]}, {"py/tuple": [1, 69]}, {"py/tuple": [1, 75]}, {"py/tuple": [1, 56]}, {"py/tuple": [1, 27]}, {"py/tuple": [1, 53]}, {"py/tuple": [1, 60]}, {"py/tuple": [1, 23]}, {"py/tuple": [1, 18]}, {"py/tuple": [1, 30]}, {"py/tuple": [1, 67]}, {"py/tuple": [1, 5]}, {"py/tuple": [1, 4]}, {"py/tuple": [1, 4]}, {"py/tuple": [1, 15]}, {"py/tuple": [1, 18]}, {"py/tuple": [0.0, 47]}, {"py/tuple": [1, 6]}, {"py/tuple": [1, 49]}, {"py/tuple": [0.3333333333333333, 41]}, {"py/tuple": [1, 71]}, {"py/tuple": [1, 4]}, {"py/tuple": [1.0, 33]}, {"py/tuple": [0.0, 29]}, {"py/tuple": [1, 42]}, {"py/tuple": [1, 13]}, {"py/tuple": [1, 23]}, {"py/tuple": [0.0, 12]}, {"py/tuple": [1, 43]}, {"py/tuple": [1, 12]}, {"py/tuple": [0.09523809523809523, 108]}, {"py/tuple": [0.0, 22]}, {"py/tuple": [1, 6]}, {"py/tuple": [1, 10]}, {"py/tuple": [1, 59]}, {"py/tuple": [0.75, 62]}, {"py/tuple": [1, 12]}, {"py/tuple": [1, 59]}, {"py/tuple": [0.16666666666666666, 58]}, {"py/tuple": [0.0, 21]}, {"py/tuple": [1, 18]}, {"py/tuple": [0.0, 66]}, {"py/tuple": [1, 47]}, {"py/tuple": [1, 27]}, {"py/tuple": [1, 14]}, {"py/tuple": [1, 13]}, {"py/tuple": [1, 2]}, {"py/tuple": [1, 63]}, {"py/tuple": [1, 2]}, {"py/tuple": [0.0, 15]}, {"py/tuple": [1, 15]}, {"py/tuple": [1, 1]}, {"py/tuple": [0.0, 26]}, {"py/tuple": [0.0, 21]}, {"py/tuple": [1, 8]}, {"py/tuple": [1, 2]}, {"py/tuple": [1, 57]}, {"py/tuple": [1, 5]}, {"py/tuple": [1, 4]}, {"py/tuple": [1, 49]}, {"py/tuple": [1, 38]}, {"py/tuple": [1, 56]}, {"py/tuple": [1, 7]}, {"py/tuple": [1, 124]}, {"py/tuple": [1, 224]}, {"py/tuple": [1, 40]}, {"py/tuple": [1, 50]}, {"py/tuple": [1, 29]}, {"py/tuple": [0.16666666666666666, 22]}, {"py/tuple": [1, 15]}, {"py/tuple": [1, 7]}, {"py/tuple": [1, 9]}, {"py/tuple": [1, 37]}, {"py/tuple": [1, 13]}, {"py/tuple": [1, 2]}, {"py/tuple": [0.0, 73]}, {"py/tuple": [0.0, 55]}, {"py/tuple": [1, 10]}, {"py/tuple": [1, 7]}, {"py/tuple": [1, 26]}, {"py/tuple": [1, 2]}, {"py/tuple": [1, 44]}, {"py/tuple": [1, 3]}, {"py/tuple": [1, 19]}, {"py/tuple": [1, 29]}, {"py/tuple": [1, 16]}, {"py/tuple": [1.0, 36]}, {"py/tuple": [1, 2]}, {"py/tuple": [0.3333333333333333, 133]}, {"py/tuple": [0.5357142857142857, 137]}]}, "LCOM5": {"py/object": "Statistics.InterestingStatistics", "classValues": [{"py/tuple": [0, 22]}, {"py/tuple": [0, 19]}, {"py/tuple": [0, 75]}, {"py/tuple": [0, 43]}, {"py/tuple": [0.5, 19]}, {"py/tuple": [0, 18]}, {"py/tuple": [0, 58]}, {"py/tuple": [0, 121]}, {"py/tuple": [0.9722222222222222, 149]}, {"py/tuple": [0, 79]}, {"py/tuple": [0.5, 78]}, {"py/tuple": [1.0, 47]}, {"py/tuple": [0, 79]}, {"py/tuple": [0.30000000000000004, 82]}, {"py/tuple": [0, 42]}, {"py/tuple": [0.5, 210]}, {"py/tuple": [0.6666666666666667, 27]}, {"py/tuple": [0.5, 9]}, {"py/tuple": [0, 8]}, {"py/tuple": [0, 33]}, {"py/tuple": [0, 73]}, {"py/tuple": [0, 8]}, {"py/tuple": [0, 9]}, {"py/tuple": [0, 61]}, {"py/tuple": [0.6153846153846154, 99]}, {"py/tuple": [0, 24]}, {"py/tuple": [0, 14]}, {"py/tuple": [0, 30]}, {"py/tuple": [0, 48]}, {"py/tuple": [0.9464285714285714, 135]}, {"py/tuple": [0, 16]}, {"py/tuple": [1.0, 14]}, {"py/tuple": [0.6666666666666667, 14]}, {"py/tuple": [0.0, 34]}, {"py/tuple": [0.33333333333333337, 60]}, {"py/tuple": [0.7666666666666666, 275]}, {"py/tuple": [0, 16]}, {"py/tuple": [0, 2]}, {"py/tuple": [0, 17]}, {"py/tuple": [0, 2]}, {"py/tuple": [0, 36]}, {"py/tuple": [0, 25]}, {"py/tuple": [0, 31]}, {"py/tuple": [0, 39]}, {"py/tuple": [0, 2]}, {"py/tuple": [0, 2]}, {"py/tuple": [1.0, 26]}, {"py/tuple": [0.6666666666666667, 26]}, {"py/tuple": [0, 12]}, {"py/tuple": [0, 2]}, {"py/tuple": [0.0, 22]}, {"py/tuple": [0, 3]}, {"py/tuple": [0.7333333333333334, 72]}, {"py/tuple": [0.0, 17]}, {"py/tuple": [0, 23]}, {"py/tuple": [0, 17]}, {"py/tuple": [0, 22]}, {"py/tuple": [0, 23]}, {"py/tuple": [0, 6]}, {"py/tuple": [0.0, 15]}, {"py/tuple": [0.8611111111111112, 82]}, {"py/tuple": [0, 3]}, {"py/tuple": [0.7, 53]}, {"py/tuple": [0.5, 58]}, {"py/tuple": [0, 28]}, {"py/tuple": [0, 50]}, {"py/tuple": [0, 39]}, {"py/tuple": [0, 69]}, {"py/tuple": [0, 75]}, {"py/tuple": [0, 56]}, {"py/tuple": [0, 27]}, {"py/tuple": [0, 53]}, {"py/tuple": [0, 60]}, {"py/tuple": [0, 23]}, {"py/tuple": [0, 18]}, {"py/tuple": [0, 30]}, {"py/tuple": [0, 67]}, {"py/tuple": [0.5, 5]}, {"py/tuple": [0.0, 4]}, {"py/tuple": [0, 4]}, {"py/tuple": [0, 15]}, {"py/tuple": [0, 18]}, {"py/tuple": [1.0, 47]}, {"py/tuple": [0.0, 6]}, {"py/tuple": [0, 49]}, {"py/tuple": [0.7777777777777778, 41]}, {"py/tuple": [0, 71]}, {"py/tuple": [0, 4]}, {"py/tuple": [0.0, 33]}, {"py/tuple": [1.0, 29]}, {"py/tuple": [0.6666666666666667, 42]}, {"py/tuple": [0, 13]}, {"py/tuple": [0, 23]}, {"py/tuple": [1.0, 12]}, {"py/tuple": [0, 43]}, {"py/tuple": [0, 12]}, {"py/tuple": [0.6428571428571428, 108]}, {"py/tuple": [0.75, 22]}, {"py/tuple": [0, 6]}, {"py/tuple": [0, 10]}, {"py/tuple": [0, 59]}, {"py/tuple": [0.125, 62]}, {"py/tuple": [0, 12]}, {"py/tuple": [0, 59]}, {"py/tuple": [0.8125, 58]}, {"py/tuple": [0.6666666666666667, 21]}, {"py/tuple": [0, 18]}, {"py/tuple": [1.0, 66]}, {"py/tuple": [0, 47]}, {"py/tuple": [0, 27]}, {"py/tuple": [0, 14]}, {"py/tuple": [0, 13]}, {"py/tuple": [0, 2]}, {"py/tuple": [0, 63]}, {"py/tuple": [0, 2]}, {"py/tuple": [0.6666666666666667, 15]}, {"py/tuple": [0, 15]}, {"py/tuple": [0, 1]}, {"py/tuple": [0.6666666666666667, 26]}, {"py/tuple": [0.6666666666666667, 21]}, {"py/tuple": [0, 8]}, {"py/tuple": [0, 2]}, {"py/tuple": [0, 57]}, {"py/tuple": [0, 5]}, {"py/tuple": [0, 4]}, {"py/tuple": [0, 49]}, {"py/tuple": [0, 38]}, {"py/tuple": [0, 56]}, {"py/tuple": [1.0, 7]}, {"py/tuple": [0, 124]}, {"py/tuple": [0, 224]}, {"py/tuple": [0, 40]}, {"py/tuple": [0, 50]}, {"py/tuple": [0, 29]}, {"py/tuple": [0.625, 22]}, {"py/tuple": [0.0, 15]}, {"py/tuple": [0, 7]}, {"py/tuple": [0, 9]}, {"py/tuple": [0, 37]}, {"py/tuple": [0, 13]}, {"py/tuple": [0, 2]}, {"py/tuple": [1.0, 73]}, {"py/tuple": [1.0, 55]}, {"py/tuple": [0, 10]}, {"py/tuple": [1.0, 7]}, {"py/tuple": [1.0, 26]}, {"py/tuple": [0, 2]}, {"py/tuple": [0, 44]}, {"py/tuple": [0, 3]}, {"py/tuple": [0, 19]}, {"py/tuple": [0, 29]}, {"py/tuple": [0, 16]}, {"py/tuple": [0.75, 36]}, {"py/tuple": [0, 2]}, {"py/tuple": [0.5714285714285714, 133]}, {"py/tuple": [0.5833333333333333, 137]}]}, "CBAMU": {"py/object": "Statistics.InterestingStatistics", "classValues": [{"py/tuple": [0.0, 22]}, {"py/tuple": [0.0, 19]}, {"py/tuple": [0.0, 75]}, {"py/tuple": [0.0, 43]}, {"py/tuple": [0.25, 19]}, {"py/tuple": [0.0, 18]}, {"py/tuple": [0.0, 58]}, {"py/tuple": [0.0, 121]}, {"py/tuple": [0.013888888888888888, 149]}, {"py/tuple": [0.0, 79]}, {"py/tuple": [0.41666666666666663, 78]}, {"py/tuple": [0.125, 47]}, {"py/tuple": [0.0, 79]}, {"py/tuple": [0.5, 82]}, {"py/tuple": [0.0, 42]}, {"py/tuple": [0.25, 210]}, {"py/tuple": [0.16666666666666666, 27]}, {"py/tuple": [0.25, 9]}, {"py/tuple": [0.25, 8]}, {"py/tuple": [0.0, 33]}, {"py/tuple": [0.08333333333333333, 73]}, {"py/tuple": [0.0, 8]}, {"py/tuple": [0.0, 9]}, {"py/tuple": [0.0, 61]}, {"py/tuple": [0.20512820512820515, 99]}, {"py/tuple": [0.0, 24]}, {"py/tuple": [0.0, 14]}, {"py/tuple": [0.0, 30]}, {"py/tuple": [0.0, 48]}, {"py/tuple": [0.0625, 135]}, {"py/tuple": [0.0, 16]}, {"py/tuple": [0.0, 14]}, {"py/tuple": [0.16666666666666666, 14]}, {"py/tuple": [0.5, 34]}, {"py/tuple": [0.3333333333333333, 60]}, {"py/tuple": [0.24166666666666667, 275]}, {"py/tuple": [0.0, 16]}, {"py/tuple": [0.0, 2]}, {"py/tuple": [0.0, 17]}, {"py/tuple": [0.0, 2]}, {"py/tuple": [0.0, 36]}, {"py/tuple": [0.0, 25]}, {"py/tuple": [0.0, 31]}, {"py/tuple": [0.0, 39]}, {"py/tuple": [0.0, 2]}, {"py/tuple": [0.0, 2]}, {"py/tuple": [0.0, 26]}, {"py/tuple": [0.16666666666666666, 26]}, {"py/tuple": [0.25, 12]}, {"py/tuple": [0.0, 2]}, {"py/tuple": [0.5, 22]}, {"py/tuple": [0.0, 3]}, {"py/tuple": [0.13333333333333333, 72]}, {"py/tuple": [0.5, 17]}, {"py/tuple": [0.0, 23]}, {"py/tuple": [0.0, 17]}, {"py/tuple": [0.0, 22]}, {"py/tuple": [0.16666666666666666, 23]}, {"py/tuple": [0.25, 6]}, {"py/tuple": [0.5, 15]}, {"py/tuple": [0.11944444444444445, 82]}, {"py/tuple": [0.0, 3]}, {"py/tuple": [0.15, 53]}, {"py/tuple": [0.25, 58]}, {"py/tuple": [0.0, 28]}, {"py/tuple": [0.0, 50]}, {"py/tuple": [0.0, 39]}, {"py/tuple": [0.16666666666666666, 69]}, {"py/tuple": [0.25, 75]}, {"py/tuple": [0.08333333333333333, 56]}, {"py/tuple": [0.25, 27]}, {"py/tuple": [0.25, 53]}, {"py/tuple": [0.25, 60]}, {"py/tuple": [0.25, 23]}, {"py/tuple": [0.25, 18]}, {"py/tuple": [0.25, 30]}, {"py/tuple": [0.25, 67]}, {"py/tuple": [0.25, 5]}, {"py/tuple": [0.5, 4]}, {"py/tuple": [0.0, 4]}, {"py/tuple": [0.0, 15]}, {"py/tuple": [0.25, 18]}, {"py/tuple": [0.0, 47]}, {"py/tuple": [0.5, 6]}, {"py/tuple": [0.0, 49]}, {"py/tuple": [0.1111111111111111, 41]}, {"py/tuple": [0.0, 71]}, {"py/tuple": [0.0, 4]}, {"py/tuple": [0.5833333333333334, 33]}, {"py/tuple": [0.0, 29]}, {"py/tuple": [0.16666666666666666, 42]}, {"py/tuple": [0.0, 13]}, {"py/tuple": [0.0, 23]}, {"py/tuple": [0.25, 12]}, {"py/tuple": [0.0, 43]}, {"py/tuple": [0.25, 12]}, {"py/tuple": [0.17857142857142858, 108]}, {"py/tuple": [0.125, 22]}, {"py/tuple": [0.0, 6]}, {"py/tuple": [0.0, 10]}, {"py/tuple": [0.0, 59]}, {"py/tuple": [0.5625, 62]}, {"py/tuple": [0.0, 12]}, {"py/tuple": [0.0, 59]}, {"py/tuple": [0.13541666666666666, 58]}, {"py/tuple": [0.16666666666666666, 21]}, {"py/tuple": [0.0, 18]}, {"py/tuple": [0.16666666666666666, 66]}, {"py/tuple": [0.0, 47]}, {"py/tuple": [0.0, 27]}, {"py/tuple": [0.0, 14]}, {"py/tuple": [0.0, 13]}, {"py/tuple": [0.0, 2]}, {"py/tuple": [0.03571428571428571, 63]}, {"py/tuple": [0.0, 2]}, {"py/tuple": [0.16666666666666666, 15]}, {"py/tuple": [0.0, 15]}, {"py/tuple": [0.0, 1]}, {"py/tuple": [0.16666666666666666, 26]}, {"py/tuple": [0.16666666666666666, 21]}, {"py/tuple": [0.0, 8]}, {"py/tuple": [0.0, 2]}, {"py/tuple": [0.0, 57]}, {"py/tuple": [0.0, 5]}, {"py/tuple": [0.0, 4]}, {"py/tuple": [0.25, 49]}, {"py/tuple": [0.0, 38]}, {"py/tuple": [0.0, 56]}, {"py/tuple": [0.0, 7]}, {"py/tuple": [0.0, 124]}, {"py/tuple": [0.0, 224]}, {"py/tuple": [0.0, 40]}, {"py/tuple": [0.08333333333333333, 50]}, {"py/tuple": [0.0, 29]}, {"py/tuple": [0.22916666666666666, 22]}, {"py/tuple": [0.5, 15]}, {"py/tuple": [0.0, 7]}, {"py/tuple": [0.0, 9]}, {"py/tuple": [0.0, 37]}, {"py/tuple": [0.25, 13]}, {"py/tuple": [0.0, 2]}, {"py/tuple": [0.0, 73]}, {"py/tuple": [0.0, 55]}, {"py/tuple": [0.0, 10]}, {"py/tuple": [0.0, 7]}, {"py/tuple": [0.0, 26]}, {"py/tuple": [0.0, 2]}, {"py/tuple": [0.041666666666666664, 44]}, {"py/tuple": [0.0, 3]}, {"py/tuple": [0.0, 19]}, {"py/tuple": [0.0, 29]}, {"py/tuple": [0.0, 16]}, {"py/tuple": [0.125, 36]}, {"py/tuple": [0.0, 2]}, {"py/tuple": [0.25, 133]}, {"py/tuple": [0.21726190476190477, 137]}]}}