{"id": 18992193, "node_id": "MDEwOlJlcG9zaXRvcnkxODk5MjE5Mw==", "name": "javacpp", "full_name": "bytedeco/javacpp", "private": false, "owner": {"login": "bytedeco", "id": 5856852, "node_id": "MDEyOk9yZ2FuaXphdGlvbjU4NTY4NTI=", "avatar_url": "https://avatars.githubusercontent.com/u/5856852?v=4", "gravatar_id": "", "url": "https://api.github.com/users/bytedeco", "html_url": "https://github.com/bytedeco", "followers_url": "https://api.github.com/users/bytedeco/followers", "following_url": "https://api.github.com/users/bytedeco/following{/other_user}", "gists_url": "https://api.github.com/users/bytedeco/gists{/gist_id}", "starred_url": "https://api.github.com/users/bytedeco/starred{/owner}{/repo}", "subscriptions_url": "https://api.github.com/users/bytedeco/subscriptions", "organizations_url": "https://api.github.com/users/bytedeco/orgs", "repos_url": "https://api.github.com/users/bytedeco/repos", "events_url": "https://api.github.com/users/bytedeco/events{/privacy}", "received_events_url": "https://api.github.com/users/bytedeco/received_events", "type": "Organization", "site_admin": false}, "html_url": "https://github.com/bytedeco/javacpp", "description": "The missing bridge between Java and native C++", "fork": false, "url": "https://api.github.com/repos/bytedeco/javacpp", "forks_url": "https://api.github.com/repos/bytedeco/javacpp/forks", "keys_url": "https://api.github.com/repos/bytedeco/javacpp/keys{/key_id}", "collaborators_url": "https://api.github.com/repos/bytedeco/javacpp/collaborators{/collaborator}", "teams_url": "https://api.github.com/repos/bytedeco/javacpp/teams", "hooks_url": "https://api.github.com/repos/bytedeco/javacpp/hooks", "issue_events_url": "https://api.github.com/repos/bytedeco/javacpp/issues/events{/number}", "events_url": "https://api.github.com/repos/bytedeco/javacpp/events", "assignees_url": "https://api.github.com/repos/bytedeco/javacpp/assignees{/user}", "branches_url": "https://api.github.com/repos/bytedeco/javacpp/branches{/branch}", "tags_url": "https://api.github.com/repos/bytedeco/javacpp/tags", "blobs_url": "https://api.github.com/repos/bytedeco/javacpp/git/blobs{/sha}", "git_tags_url": "https://api.github.com/repos/bytedeco/javacpp/git/tags{/sha}", "git_refs_url": "https://api.github.com/repos/bytedeco/javacpp/git/refs{/sha}", "trees_url": "https://api.github.com/repos/bytedeco/javacpp/git/trees{/sha}", "statuses_url": "https://api.github.com/repos/bytedeco/javacpp/statuses/{sha}", "languages_url": "https://api.github.com/repos/bytedeco/javacpp/languages", "stargazers_url": "https://api.github.com/repos/bytedeco/javacpp/stargazers", "contributors_url": "https://api.github.com/repos/bytedeco/javacpp/contributors", "subscribers_url": "https://api.github.com/repos/bytedeco/javacpp/subscribers", "subscription_url": "https://api.github.com/repos/bytedeco/javacpp/subscription", "commits_url": "https://api.github.com/repos/bytedeco/javacpp/commits{/sha}", "git_commits_url": "https://api.github.com/repos/bytedeco/javacpp/git/commits{/sha}", "comments_url": "https://api.github.com/repos/bytedeco/javacpp/comments{/number}", "issue_comment_url": "https://api.github.com/repos/bytedeco/javacpp/issues/comments{/number}", "contents_url": "https://api.github.com/repos/bytedeco/javacpp/contents/{+path}", "compare_url": "https://api.github.com/repos/bytedeco/javacpp/compare/{base}...{head}", "merges_url": "https://api.github.com/repos/bytedeco/javacpp/merges", "archive_url": "https://api.github.com/repos/bytedeco/javacpp/{archive_format}{/ref}", "downloads_url": "https://api.github.com/repos/bytedeco/javacpp/downloads", "issues_url": "https://api.github.com/repos/bytedeco/javacpp/issues{/number}", "pulls_url": "https://api.github.com/repos/bytedeco/javacpp/pulls{/number}", "milestones_url": "https://api.github.com/repos/bytedeco/javacpp/milestones{/number}", "notifications_url": "https://api.github.com/repos/bytedeco/javacpp/notifications{?since,all,participating}", "labels_url": "https://api.github.com/repos/bytedeco/javacpp/labels{/name}", "releases_url": "https://api.github.com/repos/bytedeco/javacpp/releases{/id}", "deployments_url": "https://api.github.com/repos/bytedeco/javacpp/deployments", "created_at": "2014-04-21T12:47:21Z", "updated_at": "2022-03-11T01:20:12Z", "pushed_at": "2022-03-11T03:29:38Z", "git_url": "git://github.com/bytedeco/javacpp.git", "ssh_url": "git@github.com:bytedeco/javacpp.git", "clone_url": "https://github.com/bytedeco/javacpp.git", "svn_url": "https://github.com/bytedeco/javacpp", "homepage": null, "size": 10635, "stargazers_count": 3774, "watchers_count": 3774, "language": "Java", "has_issues": true, "has_projects": true, "has_downloads": true, "has_wiki": true, "has_pages": true, "forks_count": 523, "mirror_url": null, "archived": false, "disabled": false, "open_issues_count": 53, "license": {"key": "other", "name": "Other", "spdx_id": "NOASSERTION", "url": null, "node_id": "MDc6TGljZW5zZTA="}, "allow_forking": true, "is_template": false, "topics": ["c", "c-plus-plus", "cpp", "java", "javacpp", "jni", "maven-plugin"], "visibility": "public", "forks": 523, "open_issues": 53, "watchers": 3774, "default_branch": "master", "score": 1.0, "__project_size": 11594243, "__java_files_sizes": 1527200, "__java_files_loc": 34255, "contributors_url_calculated": 44, "commits_url_calculated": 874}