{"id": 20328912, "node_id": "MDEwOlJlcG9zaXRvcnkyMDMyODkxMg==", "name": "rex-weather", "full_name": "vyshane/rex-weather", "private": false, "owner": {"login": "vyshane", "id": 305692, "node_id": "MDQ6VXNlcjMwNTY5Mg==", "avatar_url": "https://avatars.githubusercontent.com/u/305692?v=4", "gravatar_id": "", "url": "https://api.github.com/users/vyshane", "html_url": "https://github.com/vyshane", "followers_url": "https://api.github.com/users/vyshane/followers", "following_url": "https://api.github.com/users/vyshane/following{/other_user}", "gists_url": "https://api.github.com/users/vyshane/gists{/gist_id}", "starred_url": "https://api.github.com/users/vyshane/starred{/owner}{/repo}", "subscriptions_url": "https://api.github.com/users/vyshane/subscriptions", "organizations_url": "https://api.github.com/users/vyshane/orgs", "repos_url": "https://api.github.com/users/vyshane/repos", "events_url": "https://api.github.com/users/vyshane/events{/privacy}", "received_events_url": "https://api.github.com/users/vyshane/received_events", "type": "User", "site_admin": false}, "html_url": "https://github.com/vyshane/rex-weather", "description": "A sample Android project demonstrating the use of Retrofit and RxJava to interact with web services", "fork": false, "url": "https://api.github.com/repos/vyshane/rex-weather", "forks_url": "https://api.github.com/repos/vyshane/rex-weather/forks", "keys_url": "https://api.github.com/repos/vyshane/rex-weather/keys{/key_id}", "collaborators_url": "https://api.github.com/repos/vyshane/rex-weather/collaborators{/collaborator}", "teams_url": "https://api.github.com/repos/vyshane/rex-weather/teams", "hooks_url": "https://api.github.com/repos/vyshane/rex-weather/hooks", "issue_events_url": "https://api.github.com/repos/vyshane/rex-weather/issues/events{/number}", "events_url": "https://api.github.com/repos/vyshane/rex-weather/events", "assignees_url": "https://api.github.com/repos/vyshane/rex-weather/assignees{/user}", "branches_url": "https://api.github.com/repos/vyshane/rex-weather/branches{/branch}", "tags_url": "https://api.github.com/repos/vyshane/rex-weather/tags", "blobs_url": "https://api.github.com/repos/vyshane/rex-weather/git/blobs{/sha}", "git_tags_url": "https://api.github.com/repos/vyshane/rex-weather/git/tags{/sha}", "git_refs_url": "https://api.github.com/repos/vyshane/rex-weather/git/refs{/sha}", "trees_url": "https://api.github.com/repos/vyshane/rex-weather/git/trees{/sha}", "statuses_url": "https://api.github.com/repos/vyshane/rex-weather/statuses/{sha}", "languages_url": "https://api.github.com/repos/vyshane/rex-weather/languages", "stargazers_url": "https://api.github.com/repos/vyshane/rex-weather/stargazers", "contributors_url": "https://api.github.com/repos/vyshane/rex-weather/contributors", "subscribers_url": "https://api.github.com/repos/vyshane/rex-weather/subscribers", "subscription_url": "https://api.github.com/repos/vyshane/rex-weather/subscription", "commits_url": "https://api.github.com/repos/vyshane/rex-weather/commits{/sha}", "git_commits_url": "https://api.github.com/repos/vyshane/rex-weather/git/commits{/sha}", "comments_url": "https://api.github.com/repos/vyshane/rex-weather/comments{/number}", "issue_comment_url": "https://api.github.com/repos/vyshane/rex-weather/issues/comments{/number}", "contents_url": "https://api.github.com/repos/vyshane/rex-weather/contents/{+path}", "compare_url": "https://api.github.com/repos/vyshane/rex-weather/compare/{base}...{head}", "merges_url": "https://api.github.com/repos/vyshane/rex-weather/merges", "archive_url": "https://api.github.com/repos/vyshane/rex-weather/{archive_format}{/ref}", "downloads_url": "https://api.github.com/repos/vyshane/rex-weather/downloads", "issues_url": "https://api.github.com/repos/vyshane/rex-weather/issues{/number}", "pulls_url": "https://api.github.com/repos/vyshane/rex-weather/pulls{/number}", "milestones_url": "https://api.github.com/repos/vyshane/rex-weather/milestones{/number}", "notifications_url": "https://api.github.com/repos/vyshane/rex-weather/notifications{?since,all,participating}", "labels_url": "https://api.github.com/repos/vyshane/rex-weather/labels{/name}", "releases_url": "https://api.github.com/repos/vyshane/rex-weather/releases{/id}", "deployments_url": "https://api.github.com/repos/vyshane/rex-weather/deployments", "created_at": "2014-05-30T12:46:12Z", "updated_at": "2022-02-08T07:42:03Z", "pushed_at": "2020-04-16T23:20:24Z", "git_url": "git://github.com/vyshane/rex-weather.git", "ssh_url": "git@github.com:vyshane/rex-weather.git", "clone_url": "https://github.com/vyshane/rex-weather.git", "svn_url": "https://github.com/vyshane/rex-weather", "homepage": "", "size": 256, "stargazers_count": 718, "watchers_count": 718, "language": "Java", "has_issues": true, "has_projects": true, "has_downloads": true, "has_wiki": true, "has_pages": false, "forks_count": 129, "mirror_url": null, "archived": false, "disabled": false, "open_issues_count": 1, "license": {"key": "bsd-3-clause", "name": "BSD 3-Clause \"New\" or \"Revised\" License", "spdx_id": "BSD-3-Clause", "url": "https://api.github.com/licenses/bsd-3-clause", "node_id": "MDc6TGljZW5zZTU="}, "allow_forking": true, "is_template": false, "topics": [], "visibility": "public", "forks": 129, "open_issues": 1, "watchers": 718, "default_branch": "master", "score": 1.0, "__project_size": 556261, "__java_files_sizes": 26174, "__java_files_loc": 644, "contributors_url_calculated": 5, "commits_url_calculated": 41}