{"SCOM": {"py/object": "Statistics.InterestingStatistics", "classValues": [{"py/tuple": [1.0, 15]}, {"py/tuple": [1, 11]}, {"py/tuple": [0.05, 42]}, {"py/tuple": [1, 4]}, {"py/tuple": [1, 1]}, {"py/tuple": [0.047619047619047616, 41]}, {"py/tuple": [1, 3]}, {"py/tuple": [1, 2]}, {"py/tuple": [1, 3]}, {"py/tuple": [1, 4]}, {"py/tuple": [1, 1]}, {"py/tuple": [1, 222]}, {"py/tuple": [1, 17]}, {"py/tuple": [0.3333333333333333, 37]}, {"py/tuple": [0.0, 54]}, {"py/tuple": [1, 17]}, {"py/tuple": [0.10714285714285714, 202]}, {"py/tuple": [0.0, 154]}]}, "LSCC": {"py/object": "Statistics.InterestingStatistics", "classValues": [{"py/tuple": [1.0, 15]}, {"py/tuple": [1, 11]}, {"py/tuple": [0.05, 42]}, {"py/tuple": [1, 4]}, {"py/tuple": [1, 1]}, {"py/tuple": [0.047619047619047616, 41]}, {"py/tuple": [1, 3]}, {"py/tuple": [1, 2]}, {"py/tuple": [1, 3]}, {"py/tuple": [1, 4]}, {"py/tuple": [1, 1]}, {"py/tuple": [1, 222]}, {"py/tuple": [1, 17]}, {"py/tuple": [0.06666666666666667, 37]}, {"py/tuple": [0, 54]}, {"py/tuple": [1, 17]}, {"py/tuple": [0.03214285714285714, 202]}, {"py/tuple": [0.0, 154]}]}, "CC": {"py/object": "Statistics.InterestingStatistics", "classValues": [{"py/tuple": [1.0, 15]}, {"py/tuple": [1, 11]}, {"py/tuple": [0.1, 42]}, {"py/tuple": [1, 4]}, {"py/tuple": [1, 1]}, {"py/tuple": [0.047619047619047616, 41]}, {"py/tuple": [1, 3]}, {"py/tuple": [1, 2]}, {"py/tuple": [1, 3]}, {"py/tuple": [1, 4]}, {"py/tuple": [1, 1]}, {"py/tuple": [1, 222]}, {"py/tuple": [1, 17]}, {"py/tuple": [0.06666666666666667, 37]}, {"py/tuple": [1, 54]}, {"py/tuple": [1, 17]}, {"py/tuple": [0.07142857142857142, 202]}, {"py/tuple": [0.0, 154]}]}, "LCOM5": {"py/object": "Statistics.InterestingStatistics", "classValues": [{"py/tuple": [0.0, 15]}, {"py/tuple": [0, 11]}, {"py/tuple": [0.7, 42]}, {"py/tuple": [0, 4]}, {"py/tuple": [0, 1]}, {"py/tuple": [0.7142857142857143, 41]}, {"py/tuple": [0, 3]}, {"py/tuple": [0, 2]}, {"py/tuple": [0, 3]}, {"py/tuple": [0, 4]}, {"py/tuple": [0, 1]}, {"py/tuple": [0, 222]}, {"py/tuple": [0.0, 17]}, {"py/tuple": [0.6666666666666667, 37]}, {"py/tuple": [0, 54]}, {"py/tuple": [0, 17]}, {"py/tuple": [0.8125, 202]}, {"py/tuple": [0.8666666666666667, 154]}]}, "CBAMU": {"py/object": "Statistics.InterestingStatistics", "classValues": [{"py/tuple": [0.5, 15]}, {"py/tuple": [0.0, 11]}, {"py/tuple": [0.3, 42]}, {"py/tuple": [0.0, 4]}, {"py/tuple": [0.0, 1]}, {"py/tuple": [0.14285714285714285, 41]}, {"py/tuple": [0.0, 3]}, {"py/tuple": [0.0, 2]}, {"py/tuple": [0.0, 3]}, {"py/tuple": [0.0, 4]}, {"py/tuple": [0.0, 1]}, {"py/tuple": [0.0, 222]}, {"py/tuple": [0.5, 17]}, {"py/tuple": [0.16666666666666666, 37]}, {"py/tuple": [0.0, 54]}, {"py/tuple": [0.0, 17]}, {"py/tuple": [0.11160714285714285, 202]}, {"py/tuple": [0.06666666666666667, 154]}]}}