{"id": 1266304, "node_id": "MDEwOlJlcG9zaXRvcnkxMjY2MzA0", "name": "Haven-and-Hearth-client-modified-by-Ender", "full_name": "EnderWiggin/Haven-and-Hearth-client-modified-by-Ender", "private": false, "owner": {"login": "EnderWiggin", "id": 570237, "node_id": "MDQ6VXNlcjU3MDIzNw==", "avatar_url": "https://avatars.githubusercontent.com/u/570237?v=4", "gravatar_id": "", "url": "https://api.github.com/users/EnderWiggin", "html_url": "https://github.com/EnderWiggin", "followers_url": "https://api.github.com/users/EnderWiggin/followers", "following_url": "https://api.github.com/users/EnderWiggin/following{/other_user}", "gists_url": "https://api.github.com/users/EnderWiggin/gists{/gist_id}", "starred_url": "https://api.github.com/users/EnderWiggin/starred{/owner}{/repo}", "subscriptions_url": "https://api.github.com/users/EnderWiggin/subscriptions", "organizations_url": "https://api.github.com/users/EnderWiggin/orgs", "repos_url": "https://api.github.com/users/EnderWiggin/repos", "events_url": "https://api.github.com/users/EnderWiggin/events{/privacy}", "received_events_url": "https://api.github.com/users/EnderWiggin/received_events", "type": "User", "site_admin": false}, "html_url": "https://github.com/EnderWiggin/Haven-and-Hearth-client-modified-by-Ender", "description": "Client for Haven and Hearth MMORPG", "fork": false, "url": "https://api.github.com/repos/EnderWiggin/Haven-and-Hearth-client-modified-by-Ender", "forks_url": "https://api.github.com/repos/EnderWiggin/Haven-and-Hearth-client-modified-by-Ender/forks", "keys_url": "https://api.github.com/repos/EnderWiggin/Haven-and-Hearth-client-modified-by-Ender/keys{/key_id}", "collaborators_url": "https://api.github.com/repos/EnderWiggin/Haven-and-Hearth-client-modified-by-Ender/collaborators{/collaborator}", "teams_url": "https://api.github.com/repos/EnderWiggin/Haven-and-Hearth-client-modified-by-Ender/teams", "hooks_url": "https://api.github.com/repos/EnderWiggin/Haven-and-Hearth-client-modified-by-Ender/hooks", "issue_events_url": "https://api.github.com/repos/EnderWiggin/Haven-and-Hearth-client-modified-by-Ender/issues/events{/number}", "events_url": "https://api.github.com/repos/EnderWiggin/Haven-and-Hearth-client-modified-by-Ender/events", "assignees_url": "https://api.github.com/repos/EnderWiggin/Haven-and-Hearth-client-modified-by-Ender/assignees{/user}", "branches_url": "https://api.github.com/repos/EnderWiggin/Haven-and-Hearth-client-modified-by-Ender/branches{/branch}", "tags_url": "https://api.github.com/repos/EnderWiggin/Haven-and-Hearth-client-modified-by-Ender/tags", "blobs_url": "https://api.github.com/repos/EnderWiggin/Haven-and-Hearth-client-modified-by-Ender/git/blobs{/sha}", "git_tags_url": "https://api.github.com/repos/EnderWiggin/Haven-and-Hearth-client-modified-by-Ender/git/tags{/sha}", "git_refs_url": "https://api.github.com/repos/EnderWiggin/Haven-and-Hearth-client-modified-by-Ender/git/refs{/sha}", "trees_url": "https://api.github.com/repos/EnderWiggin/Haven-and-Hearth-client-modified-by-Ender/git/trees{/sha}", "statuses_url": "https://api.github.com/repos/EnderWiggin/Haven-and-Hearth-client-modified-by-Ender/statuses/{sha}", "languages_url": "https://api.github.com/repos/EnderWiggin/Haven-and-Hearth-client-modified-by-Ender/languages", "stargazers_url": "https://api.github.com/repos/EnderWiggin/Haven-and-Hearth-client-modified-by-Ender/stargazers", "contributors_url": "https://api.github.com/repos/EnderWiggin/Haven-and-Hearth-client-modified-by-Ender/contributors", "subscribers_url": "https://api.github.com/repos/EnderWiggin/Haven-and-Hearth-client-modified-by-Ender/subscribers", "subscription_url": "https://api.github.com/repos/EnderWiggin/Haven-and-Hearth-client-modified-by-Ender/subscription", "commits_url": "https://api.github.com/repos/EnderWiggin/Haven-and-Hearth-client-modified-by-Ender/commits{/sha}", "git_commits_url": "https://api.github.com/repos/EnderWiggin/Haven-and-Hearth-client-modified-by-Ender/git/commits{/sha}", "comments_url": "https://api.github.com/repos/EnderWiggin/Haven-and-Hearth-client-modified-by-Ender/comments{/number}", "issue_comment_url": "https://api.github.com/repos/EnderWiggin/Haven-and-Hearth-client-modified-by-Ender/issues/comments{/number}", "contents_url": "https://api.github.com/repos/EnderWiggin/Haven-and-Hearth-client-modified-by-Ender/contents/{+path}", "compare_url": "https://api.github.com/repos/EnderWiggin/Haven-and-Hearth-client-modified-by-Ender/compare/{base}...{head}", "merges_url": "https://api.github.com/repos/EnderWiggin/Haven-and-Hearth-client-modified-by-Ender/merges", "archive_url": "https://api.github.com/repos/EnderWiggin/Haven-and-Hearth-client-modified-by-Ender/{archive_format}{/ref}", "downloads_url": "https://api.github.com/repos/EnderWiggin/Haven-and-Hearth-client-modified-by-Ender/downloads", "issues_url": "https://api.github.com/repos/EnderWiggin/Haven-and-Hearth-client-modified-by-Ender/issues{/number}", "pulls_url": "https://api.github.com/repos/EnderWiggin/Haven-and-Hearth-client-modified-by-Ender/pulls{/number}", "milestones_url": "https://api.github.com/repos/EnderWiggin/Haven-and-Hearth-client-modified-by-Ender/milestones{/number}", "notifications_url": "https://api.github.com/repos/EnderWiggin/Haven-and-Hearth-client-modified-by-Ender/notifications{?since,all,participating}", "labels_url": "https://api.github.com/repos/EnderWiggin/Haven-and-Hearth-client-modified-by-Ender/labels{/name}", "releases_url": "https://api.github.com/repos/EnderWiggin/Haven-and-Hearth-client-modified-by-Ender/releases{/id}", "deployments_url": "https://api.github.com/repos/EnderWiggin/Haven-and-Hearth-client-modified-by-Ender/deployments", "created_at": "2011-01-18T07:21:55Z", "updated_at": "2021-06-23T02:55:33Z", "pushed_at": "2014-01-20T10:09:14Z", "git_url": "git://github.com/EnderWiggin/Haven-and-Hearth-client-modified-by-Ender.git", "ssh_url": "git@github.com:EnderWiggin/Haven-and-Hearth-client-modified-by-Ender.git", "clone_url": "https://github.com/EnderWiggin/Haven-and-Hearth-client-modified-by-Ender.git", "svn_url": "https://github.com/EnderWiggin/Haven-and-Hearth-client-modified-by-Ender", "homepage": "", "size": 18676, "stargazers_count": 41, "watchers_count": 41, "language": "Java", "has_issues": true, "has_projects": true, "has_downloads": true, "has_wiki": true, "has_pages": false, "forks_count": 40, "mirror_url": null, "archived": false, "disabled": false, "open_issues_count": 4, "license": {"key": "other", "name": "Other", "spdx_id": "NOASSERTION", "url": null, "node_id": "MDc6TGljZW5zZTA="}, "allow_forking": true, "is_template": false, "topics": [], "visibility": "public", "forks": 40, "open_issues": 4, "watchers": 41, "default_branch": "master", "score": 1.0, "__project_size": 15921075, "__java_files_sizes": 1300703, "__java_files_loc": 48214, "contributors_url_calculated": 8, "commits_url_calculated": 1713}