{"SCOM": {"py/object": "Statistics.InterestingStatistics", "classValues": [{"py/tuple": [1, 5]}, {"py/tuple": [1, 9]}, {"py/tuple": [0.30952380952380953, 129]}, {"py/tuple": [0.0, 53]}, {"py/tuple": [0.06181818181818183, 162]}, {"py/tuple": [0.0032679738562091504, 298]}, {"py/tuple": [0.055369875222816396, 359]}, {"py/tuple": [0.4, 56]}, {"py/tuple": [0.028384687208216623, 377]}, {"py/tuple": [0.06666666666666667, 48]}, {"py/tuple": [0.05272108843537415, 106]}, {"py/tuple": [0.05074696545284778, 545]}, {"py/tuple": [0.0, 15]}, {"py/tuple": [0.03666666666666667, 593]}, {"py/tuple": [0.11720779220779219, 340]}, {"py/tuple": [0.030612244897959186, 194]}, {"py/tuple": [1, 4]}, {"py/tuple": [1, 16]}, {"py/tuple": [1, 4]}, {"py/tuple": [0.6138888888888889, 71]}, {"py/tuple": [1, 0]}, {"py/tuple": [1, 1]}]}, "LSCC": {"py/object": "Statistics.InterestingStatistics", "classValues": [{"py/tuple": [1, 5]}, {"py/tuple": [1, 9]}, {"py/tuple": [0.15873015873015872, 129]}, {"py/tuple": [0, 53]}, {"py/tuple": [0.02909090909090909, 162]}, {"py/tuple": [0.0032679738562091504, 298]}, {"py/tuple": [0.005236185383244207, 359]}, {"py/tuple": [0.26666666666666666, 56]}, {"py/tuple": [0.009337068160597572, 377]}, {"py/tuple": [0.06666666666666667, 48]}, {"py/tuple": [0.027210884353741496, 106]}, {"py/tuple": [0.024556489262371615, 545]}, {"py/tuple": [0, 15]}, {"py/tuple": [0.01888888888888889, 593]}, {"py/tuple": [0.048484848484848485, 340]}, {"py/tuple": [0.01020408163265306, 194]}, {"py/tuple": [1, 4]}, {"py/tuple": [1, 16]}, {"py/tuple": [1, 4]}, {"py/tuple": [0.4, 71]}, {"py/tuple": [1, 0]}, {"py/tuple": [1, 1]}]}, "CC": {"py/object": "Statistics.InterestingStatistics", "classValues": [{"py/tuple": [1, 5]}, {"py/tuple": [1, 9]}, {"py/tuple": [0.18253968253968253, 129]}, {"py/tuple": [1, 53]}, {"py/tuple": [0.08181818181818182, 162]}, {"py/tuple": [0.006535947712418301, 298]}, {"py/tuple": [0.039111705288175876, 359]}, {"py/tuple": [0.26666666666666666, 56]}, {"py/tuple": [0.027596223674655047, 377]}, {"py/tuple": [0.06666666666666667, 48]}, {"py/tuple": [0.04047619047619048, 106]}, {"py/tuple": [0.07287512311321838, 545]}, {"py/tuple": [1, 15]}, {"py/tuple": [0.03388888888888888, 593]}, {"py/tuple": [0.12036693465264889, 340]}, {"py/tuple": [0.015873015873015872, 194]}, {"py/tuple": [1, 4]}, {"py/tuple": [1, 16]}, {"py/tuple": [1, 4]}, {"py/tuple": [0.56, 71]}, {"py/tuple": [1, 0]}, {"py/tuple": [1, 1]}]}, "LCOM5": {"py/object": "Statistics.InterestingStatistics", "classValues": [{"py/tuple": [0, 5]}, {"py/tuple": [0, 9]}, {"py/tuple": [0.5714285714285714, 129]}, {"py/tuple": [0, 53]}, {"py/tuple": [0.8, 162]}, {"py/tuple": [0.9444444444444444, 298]}, {"py/tuple": [0.9430147058823529, 359]}, {"py/tuple": [0.4444444444444444, 56]}, {"py/tuple": [0.8928571428571429, 377]}, {"py/tuple": [0.6666666666666667, 48]}, {"py/tuple": [0.7755102040816326, 106]}, {"py/tuple": [0.8741830065359477, 545]}, {"py/tuple": [0, 15]}, {"py/tuple": [0.8533333333333333, 593]}, {"py/tuple": [0.8181818181818181, 340]}, {"py/tuple": [0.8571428571428572, 194]}, {"py/tuple": [0, 4]}, {"py/tuple": [0, 16]}, {"py/tuple": [0, 4]}, {"py/tuple": [0.43333333333333335, 71]}, {"py/tuple": [0, 0]}, {"py/tuple": [0, 1]}]}, "CBAMU": {"py/object": "Statistics.InterestingStatistics", "classValues": [{"py/tuple": [0.0, 5]}, {"py/tuple": [0.0, 9]}, {"py/tuple": [0.22619047619047616, 129]}, {"py/tuple": [0.0, 53]}, {"py/tuple": [0.10454545454545455, 162]}, {"py/tuple": [0.03594771241830065, 298]}, {"py/tuple": [0.03562277183600713, 359]}, {"py/tuple": [0.46111111111111114, 56]}, {"py/tuple": [0.06664332399626517, 377]}, {"py/tuple": [0.18333333333333332, 48]}, {"py/tuple": [0.11224489795918367, 106]}, {"py/tuple": [0.07560690943043884, 545]}, {"py/tuple": [0.0, 15]}, {"py/tuple": [0.075, 593]}, {"py/tuple": [0.1038961038961039, 340]}, {"py/tuple": [0.08333333333333333, 194]}, {"py/tuple": [0.0, 4]}, {"py/tuple": [0.0, 16]}, {"py/tuple": [0.0, 4]}, {"py/tuple": [0.35833333333333334, 71]}, {"py/tuple": [0.0, 0]}, {"py/tuple": [0.0, 1]}]}}