{"SCOM": {"py/object": "Statistics.InterestingStatistics", "classValues": [{"py/tuple": [1, 6]}, {"py/tuple": [1, 3]}, {"py/tuple": [1, 7]}, {"py/tuple": [0.38888888888888884, 20]}, {"py/tuple": [0.24404761904761907, 103]}, {"py/tuple": [0.0, 34]}, {"py/tuple": [1, 22]}, {"py/tuple": [0.3333333333333333, 32]}, {"py/tuple": [0.0, 30]}, {"py/tuple": [0.15555555555555553, 120]}, {"py/tuple": [1.0, 11]}, {"py/tuple": [1, 23]}]}, "LSCC": {"py/object": "Statistics.InterestingStatistics", "classValues": [{"py/tuple": [1, 6]}, {"py/tuple": [1, 3]}, {"py/tuple": [1, 7]}, {"py/tuple": [0.2222222222222222, 20]}, {"py/tuple": [0.09126984126984126, 103]}, {"py/tuple": [0.0, 34]}, {"py/tuple": [1, 22]}, {"py/tuple": [0.2222222222222222, 32]}, {"py/tuple": [0.0, 30]}, {"py/tuple": [0.15555555555555556, 120]}, {"py/tuple": [1.0, 11]}, {"py/tuple": [1, 23]}]}, "CC": {"py/object": "Statistics.InterestingStatistics", "classValues": [{"py/tuple": [1, 6]}, {"py/tuple": [1, 3]}, {"py/tuple": [1, 7]}, {"py/tuple": [0.27777777777777773, 20]}, {"py/tuple": [0.16805555555555557, 103]}, {"py/tuple": [0.0, 34]}, {"py/tuple": [1, 22]}, {"py/tuple": [0.2222222222222222, 32]}, {"py/tuple": [0.0, 30]}, {"py/tuple": [0.4666666666666667, 120]}, {"py/tuple": [1.0, 11]}, {"py/tuple": [1, 23]}]}, "LCOM5": {"py/object": "Statistics.InterestingStatistics", "classValues": [{"py/tuple": [0, 6]}, {"py/tuple": [0, 3]}, {"py/tuple": [0, 7]}, {"py/tuple": [0.4444444444444444, 20]}, {"py/tuple": [0.7142857142857143, 103]}, {"py/tuple": [0.75, 34]}, {"py/tuple": [0.5, 22]}, {"py/tuple": [0.4444444444444444, 32]}, {"py/tuple": [0.8333333333333334, 30]}, {"py/tuple": [0.6666666666666667, 120]}, {"py/tuple": [0.0, 11]}, {"py/tuple": [0.0, 23]}]}, "CBAMU": {"py/object": "Statistics.InterestingStatistics", "classValues": [{"py/tuple": [0.0, 6]}, {"py/tuple": [0.0, 3]}, {"py/tuple": [0.0, 7]}, {"py/tuple": [0.2777777777777778, 20]}, {"py/tuple": [0.14285714285714285, 103]}, {"py/tuple": [0.125, 34]}, {"py/tuple": [0.25, 22]}, {"py/tuple": [0.2777777777777778, 32]}, {"py/tuple": [0.08333333333333333, 30]}, {"py/tuple": [0.23333333333333334, 120]}, {"py/tuple": [0.5, 11]}, {"py/tuple": [0.5, 23]}]}}