{"id": 1720134, "node_id": "MDEwOlJlcG9zaXRvcnkxNzIwMTM0", "name": "geoserver-manager", "full_name": "geosolutions-it/geoserver-manager", "private": false, "owner": {"login": "geosolutions-it", "id": 775710, "node_id": "MDEyOk9yZ2FuaXphdGlvbjc3NTcxMA==", "avatar_url": "https://avatars.githubusercontent.com/u/775710?v=4", "gravatar_id": "", "url": "https://api.github.com/users/geosolutions-it", "html_url": "https://github.com/geosolutions-it", "followers_url": "https://api.github.com/users/geosolutions-it/followers", "following_url": "https://api.github.com/users/geosolutions-it/following{/other_user}", "gists_url": "https://api.github.com/users/geosolutions-it/gists{/gist_id}", "starred_url": "https://api.github.com/users/geosolutions-it/starred{/owner}{/repo}", "subscriptions_url": "https://api.github.com/users/geosolutions-it/subscriptions", "organizations_url": "https://api.github.com/users/geosolutions-it/orgs", "repos_url": "https://api.github.com/users/geosolutions-it/repos", "events_url": "https://api.github.com/users/geosolutions-it/events{/privacy}", "received_events_url": "https://api.github.com/users/geosolutions-it/received_events", "type": "Organization", "site_admin": false}, "html_url": "https://github.com/geosolutions-it/geoserver-manager", "description": "Java client library for GeoServer", "fork": false, "url": "https://api.github.com/repos/geosolutions-it/geoserver-manager", "forks_url": "https://api.github.com/repos/geosolutions-it/geoserver-manager/forks", "keys_url": "https://api.github.com/repos/geosolutions-it/geoserver-manager/keys{/key_id}", "collaborators_url": "https://api.github.com/repos/geosolutions-it/geoserver-manager/collaborators{/collaborator}", "teams_url": "https://api.github.com/repos/geosolutions-it/geoserver-manager/teams", "hooks_url": "https://api.github.com/repos/geosolutions-it/geoserver-manager/hooks", "issue_events_url": "https://api.github.com/repos/geosolutions-it/geoserver-manager/issues/events{/number}", "events_url": "https://api.github.com/repos/geosolutions-it/geoserver-manager/events", "assignees_url": "https://api.github.com/repos/geosolutions-it/geoserver-manager/assignees{/user}", "branches_url": "https://api.github.com/repos/geosolutions-it/geoserver-manager/branches{/branch}", "tags_url": "https://api.github.com/repos/geosolutions-it/geoserver-manager/tags", "blobs_url": "https://api.github.com/repos/geosolutions-it/geoserver-manager/git/blobs{/sha}", "git_tags_url": "https://api.github.com/repos/geosolutions-it/geoserver-manager/git/tags{/sha}", "git_refs_url": "https://api.github.com/repos/geosolutions-it/geoserver-manager/git/refs{/sha}", "trees_url": "https://api.github.com/repos/geosolutions-it/geoserver-manager/git/trees{/sha}", "statuses_url": "https://api.github.com/repos/geosolutions-it/geoserver-manager/statuses/{sha}", "languages_url": "https://api.github.com/repos/geosolutions-it/geoserver-manager/languages", "stargazers_url": "https://api.github.com/repos/geosolutions-it/geoserver-manager/stargazers", "contributors_url": "https://api.github.com/repos/geosolutions-it/geoserver-manager/contributors", "subscribers_url": "https://api.github.com/repos/geosolutions-it/geoserver-manager/subscribers", "subscription_url": "https://api.github.com/repos/geosolutions-it/geoserver-manager/subscription", "commits_url": "https://api.github.com/repos/geosolutions-it/geoserver-manager/commits{/sha}", "git_commits_url": "https://api.github.com/repos/geosolutions-it/geoserver-manager/git/commits{/sha}", "comments_url": "https://api.github.com/repos/geosolutions-it/geoserver-manager/comments{/number}", "issue_comment_url": "https://api.github.com/repos/geosolutions-it/geoserver-manager/issues/comments{/number}", "contents_url": "https://api.github.com/repos/geosolutions-it/geoserver-manager/contents/{+path}", "compare_url": "https://api.github.com/repos/geosolutions-it/geoserver-manager/compare/{base}...{head}", "merges_url": "https://api.github.com/repos/geosolutions-it/geoserver-manager/merges", "archive_url": "https://api.github.com/repos/geosolutions-it/geoserver-manager/{archive_format}{/ref}", "downloads_url": "https://api.github.com/repos/geosolutions-it/geoserver-manager/downloads", "issues_url": "https://api.github.com/repos/geosolutions-it/geoserver-manager/issues{/number}", "pulls_url": "https://api.github.com/repos/geosolutions-it/geoserver-manager/pulls{/number}", "milestones_url": "https://api.github.com/repos/geosolutions-it/geoserver-manager/milestones{/number}", "notifications_url": "https://api.github.com/repos/geosolutions-it/geoserver-manager/notifications{?since,all,participating}", "labels_url": "https://api.github.com/repos/geosolutions-it/geoserver-manager/labels{/name}", "releases_url": "https://api.github.com/repos/geosolutions-it/geoserver-manager/releases{/id}", "deployments_url": "https://api.github.com/repos/geosolutions-it/geoserver-manager/deployments", "created_at": "2011-05-08T21:57:00Z", "updated_at": "2022-03-09T07:40:11Z", "pushed_at": "2021-04-26T18:32:12Z", "git_url": "git://github.com/geosolutions-it/geoserver-manager.git", "ssh_url": "git@github.com:geosolutions-it/geoserver-manager.git", "clone_url": "https://github.com/geosolutions-it/geoserver-manager.git", "svn_url": "https://github.com/geosolutions-it/geoserver-manager", "homepage": "", "size": 1911, "stargazers_count": 186, "watchers_count": 186, "language": "Java", "has_issues": true, "has_projects": false, "has_downloads": true, "has_wiki": true, "has_pages": false, "forks_count": 175, "mirror_url": null, "archived": false, "disabled": false, "open_issues_count": 66, "license": {"key": "mit", "name": "MIT License", "spdx_id": "MIT", "url": "https://api.github.com/licenses/mit", "node_id": "MDc6TGljZW5zZTEz"}, "allow_forking": true, "is_template": false, "topics": [], "visibility": "public", "forks": 175, "open_issues": 66, "watchers": 186, "default_branch": "master", "score": 1.0, "__project_size": 4891396, "__java_files_sizes": 902784, "__java_files_loc": 25417, "contributors_url_calculated": 17, "commits_url_calculated": 293}