{"id": 105818466, "node_id": "MDEwOlJlcG9zaXRvcnkxMDU4MTg0NjY=", "name": "Hacktoberfest-Android", "full_name": "naman14/Hacktoberfest-Android", "private": false, "owner": {"login": "naman14", "id": 8599099, "node_id": "MDQ6VXNlcjg1OTkwOTk=", "avatar_url": "https://avatars.githubusercontent.com/u/8599099?v=4", "gravatar_id": "", "url": "https://api.github.com/users/naman14", "html_url": "https://github.com/naman14", "followers_url": "https://api.github.com/users/naman14/followers", "following_url": "https://api.github.com/users/naman14/following{/other_user}", "gists_url": "https://api.github.com/users/naman14/gists{/gist_id}", "starred_url": "https://api.github.com/users/naman14/starred{/owner}{/repo}", "subscriptions_url": "https://api.github.com/users/naman14/subscriptions", "organizations_url": "https://api.github.com/users/naman14/orgs", "repos_url": "https://api.github.com/users/naman14/repos", "events_url": "https://api.github.com/users/naman14/events{/privacy}", "received_events_url": "https://api.github.com/users/naman14/received_events", "type": "User", "site_admin": false}, "html_url": "https://github.com/naman14/Hacktoberfest-Android", "description": "Android app to check Hacktoberfest status and explore projects and issues ", "fork": false, "url": "https://api.github.com/repos/naman14/Hacktoberfest-Android", "forks_url": "https://api.github.com/repos/naman14/Hacktoberfest-Android/forks", "keys_url": "https://api.github.com/repos/naman14/Hacktoberfest-Android/keys{/key_id}", "collaborators_url": "https://api.github.com/repos/naman14/Hacktoberfest-Android/collaborators{/collaborator}", "teams_url": "https://api.github.com/repos/naman14/Hacktoberfest-Android/teams", "hooks_url": "https://api.github.com/repos/naman14/Hacktoberfest-Android/hooks", "issue_events_url": "https://api.github.com/repos/naman14/Hacktoberfest-Android/issues/events{/number}", "events_url": "https://api.github.com/repos/naman14/Hacktoberfest-Android/events", "assignees_url": "https://api.github.com/repos/naman14/Hacktoberfest-Android/assignees{/user}", "branches_url": "https://api.github.com/repos/naman14/Hacktoberfest-Android/branches{/branch}", "tags_url": "https://api.github.com/repos/naman14/Hacktoberfest-Android/tags", "blobs_url": "https://api.github.com/repos/naman14/Hacktoberfest-Android/git/blobs{/sha}", "git_tags_url": "https://api.github.com/repos/naman14/Hacktoberfest-Android/git/tags{/sha}", "git_refs_url": "https://api.github.com/repos/naman14/Hacktoberfest-Android/git/refs{/sha}", "trees_url": "https://api.github.com/repos/naman14/Hacktoberfest-Android/git/trees{/sha}", "statuses_url": "https://api.github.com/repos/naman14/Hacktoberfest-Android/statuses/{sha}", "languages_url": "https://api.github.com/repos/naman14/Hacktoberfest-Android/languages", "stargazers_url": "https://api.github.com/repos/naman14/Hacktoberfest-Android/stargazers", "contributors_url": "https://api.github.com/repos/naman14/Hacktoberfest-Android/contributors", "subscribers_url": "https://api.github.com/repos/naman14/Hacktoberfest-Android/subscribers", "subscription_url": "https://api.github.com/repos/naman14/Hacktoberfest-Android/subscription", "commits_url": "https://api.github.com/repos/naman14/Hacktoberfest-Android/commits{/sha}", "git_commits_url": "https://api.github.com/repos/naman14/Hacktoberfest-Android/git/commits{/sha}", "comments_url": "https://api.github.com/repos/naman14/Hacktoberfest-Android/comments{/number}", "issue_comment_url": "https://api.github.com/repos/naman14/Hacktoberfest-Android/issues/comments{/number}", "contents_url": "https://api.github.com/repos/naman14/Hacktoberfest-Android/contents/{+path}", "compare_url": "https://api.github.com/repos/naman14/Hacktoberfest-Android/compare/{base}...{head}", "merges_url": "https://api.github.com/repos/naman14/Hacktoberfest-Android/merges", "archive_url": "https://api.github.com/repos/naman14/Hacktoberfest-Android/{archive_format}{/ref}", "downloads_url": "https://api.github.com/repos/naman14/Hacktoberfest-Android/downloads", "issues_url": "https://api.github.com/repos/naman14/Hacktoberfest-Android/issues{/number}", "pulls_url": "https://api.github.com/repos/naman14/Hacktoberfest-Android/pulls{/number}", "milestones_url": "https://api.github.com/repos/naman14/Hacktoberfest-Android/milestones{/number}", "notifications_url": "https://api.github.com/repos/naman14/Hacktoberfest-Android/notifications{?since,all,participating}", "labels_url": "https://api.github.com/repos/naman14/Hacktoberfest-Android/labels{/name}", "releases_url": "https://api.github.com/repos/naman14/Hacktoberfest-Android/releases{/id}", "deployments_url": "https://api.github.com/repos/naman14/Hacktoberfest-Android/deployments", "created_at": "2017-10-04T21:07:20Z", "updated_at": "2021-10-19T21:36:45Z", "pushed_at": "2021-10-31T17:54:57Z", "git_url": "git://github.com/naman14/Hacktoberfest-Android.git", "ssh_url": "git@github.com:naman14/Hacktoberfest-Android.git", "clone_url": "https://github.com/naman14/Hacktoberfest-Android.git", "svn_url": "https://github.com/naman14/Hacktoberfest-Android", "homepage": "", "size": 865, "stargazers_count": 81, "watchers_count": 81, "language": "Java", "has_issues": true, "has_projects": true, "has_downloads": true, "has_wiki": true, "has_pages": false, "forks_count": 64, "mirror_url": null, "archived": false, "disabled": false, "open_issues_count": 28, "license": null, "allow_forking": true, "is_template": false, "topics": ["android", "hacktoberfest"], "visibility": "public", "forks": 64, "open_issues": 28, "watchers": 81, "default_branch": "master", "score": 1.0, "__project_size": 1910691, "__java_files_sizes": 74367, "__java_files_loc": 2417, "contributors_url_calculated": 10, "commits_url_calculated": 51}