{"AboutFragment": {"className": "AboutFragment", "members": {"py/set": ["tvWebsite"]}, "methods": {"onCreateView": {"memberReferences": {"py/set": ["tvWebsite"]}, "methodName": "onCreateView", "methodReferences": {"py/set": []}, "py/object": "JavaParserVisitor.MethodInfo"}, "signUp": {"memberReferences": {"py/set": []}, "methodName": "signUp", "methodReferences": {"py/set": []}, "py/object": "JavaParserVisitor.MethodInfo"}, "viewGithub": {"memberReferences": {"py/set": []}, "methodName": "viewGithub", "methodReferences": {"py/set": []}, "py/object": "JavaParserVisitor.MethodInfo"}, "websiteClicked": {"memberReferences": {"py/set": []}, "methodName": "websiteClicked", "methodReferences": {"py/set": []}, "py/object": "JavaParserVisitor.MethodInfo"}}, "possibleFather": "Fragment", "py/object": "JavaParserVisitor.ClassInfo", "span": 29}, "AnimUtils": {"className": "AnimUtils", "members": {"py/set": ["fastOutLinearIn", "fastOutSlowIn", "linearOutSlowIn"]}, "methods": {"getFastOutLinearInInterpolator": {"memberReferences": {"py/set": ["fastOutLinearIn"]}, "methodName": "getFastOutLinearInInterpolator", "methodReferences": {"py/set": []}, "py/object": "JavaParserVisitor.MethodInfo"}, "getFastOutSlowInInterpolator": {"memberReferences": {"py/set": ["fastOutSlowIn"]}, "methodName": "getFastOutSlowInInterpolator", "methodReferences": {"py/set": []}, "py/object": "JavaParserVisitor.MethodInfo"}, "getLinearOutSlowInInterpolator": {"memberReferences": {"py/set": ["linearOutSlowIn"]}, "methodName": "getLinearOutSlowInInterpolator", "methodReferences": {"py/set": []}, "py/object": "JavaParserVisitor.MethodInfo"}}, "possibleFather": "", "py/object": "JavaParserVisitor.ClassInfo", "span": 45}, "ApiEndPoints": {"className": "ApiEndPoints", "members": {"py/set": ["SEARCH"]}, "methods": {}, "possibleFather": "", "py/object": "JavaParserVisitor.ClassInfo", "span": 2}, "ApiInterceptor": {"className": "ApiInterceptor", "members": {"py/set": ["HEADER_AUTH", "HEADER_USER_AGENT", "HEADER_ACCEPT", "authToken"]}, "methods": {"ApiInterceptor": {"memberReferences": {"py/set": ["authToken"]}, "methodName": "ApiInterceptor", "methodReferences": {"py/set": []}, "py/object": "JavaParserVisitor.MethodInfo"}, "intercept": {"memberReferences": {"py/set": ["HEADER_ACCEPT"]}, "methodName": "intercept", "methodReferences": {"py/set": []}, "py/object": "JavaParserVisitor.MethodInfo"}}, "possibleFather": "", "py/object": "JavaParserVisitor.ClassInfo", "span": 24}, "BaseURL": {"className": "BaseURL", "members": {"py/set": ["API_ENDPOINT", "PROTOCOL_HTTPS"]}, "methods": {"getUrl": {"memberReferences": {"py/set": ["API_ENDPOINT", "PROTOCOL_HTTPS"]}, "methodName": "getUrl", "methodReferences": {"py/set": []}, "py/object": "JavaParserVisitor.MethodInfo"}}, "possibleFather": "", "py/object": "JavaParserVisitor.ClassInfo", "span": 8}, "CircleImageView": {"className": "CircleImageView", "members": {"py/set": ["BITMAP_CONFIG", "mBorderRect", "mBorderColor", "mDrawableRect", "DEFAULT_BORDER_WIDTH", "mBitmap", "mBorderRadius", "mDrawableRadius", "mReady", "DEFAULT_BORDER_OVERLAY", "mColorFilter", "mShaderMatrix", "mBorderWidth", "mBorderOverlay", "mBitmapShader", "mBitmapPaint", "mBitmapHeight", "mBorderPaint", "SCALE_TYPE", "mBitmapWidth", "DEFAULT_BORDER_COLOR", "COLORDRAWABLE_DIMENSION", "mSetupPending"]}, "methods": {"CircleImageView": {"memberReferences": {"py/set": ["mShaderMatrix", "mBorderWidth", "mBorderColor", "mBorderOverlay", "DEFAULT_BORDER_WIDTH", "mDrawableRect", "mBitmapShader", "mBitmap", "mBitmapHeight", "mBorderPaint", "mBitmapWidth", "DEFAULT_BORDER_COLOR", "mBorderRadius", "mDrawableRadius", "mReady", "DEFAULT_BORDER_OVERLAY", "mSetupPending"]}, "methodName": "CircleImageView", "methodReferences": {"py/set": ["init"]}, "py/object": "JavaParserVisitor.MethodInfo"}, "getBitmapFromDrawable": {"memberReferences": {"py/set": ["BITMAP_CONFIG"]}, "methodName": "getBitmapFromDrawable", "methodReferences": {"py/set": []}, "py/object": "JavaParserVisitor.MethodInfo"}, "getBorderColor": {"memberReferences": {"py/set": ["mBorderColor"]}, "methodName": "getBorderColor", "methodReferences": {"py/set": []}, "py/object": "JavaParserVisitor.MethodInfo"}, "getBorderWidth": {"memberReferences": {"py/set": ["mBorderWidth"]}, "methodName": "getBorderWidth", "methodReferences": {"py/set": []}, "py/object": "JavaParserVisitor.MethodInfo"}, "getScaleType": {"memberReferences": {"py/set": ["SCALE_TYPE"]}, "methodName": "getScaleType", "methodReferences": {"py/set": []}, "py/object": "JavaParserVisitor.MethodInfo"}, "init": {"memberReferences": {"py/set": ["mShaderMatrix", "mBorderWidth", "mBitmapHeight", "mBorderPaint", "mBitmapWidth", "mDrawableRadius", "mBorderOverlay", "mBorderRadius", "mDrawableRect", "mReady", "mBitmap", "mBitmapShader", "mSetupPending"]}, "methodName": "init", "methodReferences": {"py/set": ["setup"]}, "py/object": "JavaParserVisitor.MethodInfo"}, "isBorderOverlay": {"memberReferences": {"py/set": ["mBorderOverlay"]}, "methodName": "isBorderOverlay", "methodReferences": {"py/set": []}, "py/object": "JavaParserVisitor.MethodInfo"}, "onDraw": {"memberReferences": {"py/set": ["mBorderWidth"]}, "methodName": "onDraw", "methodReferences": {"py/set": []}, "py/object": "JavaParserVisitor.MethodInfo"}, "onSizeChanged": {"memberReferences": {"py/set": ["mShaderMatrix", "mBorderWidth", "mBitmapHeight", "mBorderPaint", "mSetupPending", "mBitmapWidth", "mBorderOverlay", "mBorderRadius", "mDrawableRect", "mDrawableRadius", "mReady", "mBitmapShader", "mBitmap"]}, "methodName": "onSizeChanged", "methodReferences": {"py/set": ["setup"]}, "py/object": "JavaParserVisitor.MethodInfo"}, "setAdjustViewBounds": {"memberReferences": {"py/set": []}, "methodName": "setAdjustViewBounds", "methodReferences": {"py/set": []}, "py/object": "JavaParserVisitor.MethodInfo"}, "setBorderColor": {"memberReferences": {"py/set": ["mBorderColor"]}, "methodName": "setBorderColor", "methodReferences": {"py/set": []}, "py/object": "JavaParserVisitor.MethodInfo"}, "setBorderColorResource": {"memberReferences": {"py/set": ["mBorderColor"]}, "methodName": "setBorderColorResource", "methodReferences": {"py/set": ["setBorderColor"]}, "py/object": "JavaParserVisitor.MethodInfo"}, "setBorderOverlay": {"memberReferences": {"py/set": ["mShaderMatrix", "mBorderWidth", "mBitmapHeight", "mBorderPaint", "mSetupPending", "mBitmapWidth", "mBorderOverlay", "mBorderRadius", "mDrawableRect", "mDrawableRadius", "mReady", "mBitmapShader", "mBitmap"]}, "methodName": "setBorderOverlay", "methodReferences": {"py/set": ["setup"]}, "py/object": "JavaParserVisitor.MethodInfo"}, "setBorderWidth": {"memberReferences": {"py/set": ["mShaderMatrix", "mBorderWidth", "mBitmapHeight", "mBorderPaint", "mSetupPending", "mBitmapWidth", "mBorderOverlay", "mBorderRadius", "mDrawableRect", "mDrawableRadius", "mReady", "mBitmapShader", "mBitmap"]}, "methodName": "setBorderWidth", "methodReferences": {"py/set": ["setup"]}, "py/object": "JavaParserVisitor.MethodInfo"}, "setColorFilter": {"memberReferences": {"py/set": ["mColorFilter"]}, "methodName": "setColorFilter", "methodReferences": {"py/set": []}, "py/object": "JavaParserVisitor.MethodInfo"}, "setImageBitmap": {"memberReferences": {"py/set": ["mShaderMatrix", "mBorderWidth", "mBitmapHeight", "mBorderPaint", "mSetupPending", "mBitmapWidth", "mBorderOverlay", "mBorderRadius", "mDrawableRect", "mDrawableRadius", "mReady", "mBitmapShader", "mBitmap"]}, "methodName": "setImageBitmap", "methodReferences": {"py/set": ["setup"]}, "py/object": "JavaParserVisitor.MethodInfo"}, "setImageDrawable": {"memberReferences": {"py/set": ["mShaderMatrix", "mBorderWidth", "mBitmapHeight", "mBorderPaint", "BITMAP_CONFIG", "mSetupPending", "mBitmapWidth", "mBorderOverlay", "mBorderRadius", "mDrawableRect", "mDrawableRadius", "mReady", "mBitmapShader", "mBitmap"]}, "methodName": "setImageDrawable", "methodReferences": {"py/set": ["setup", "getBitmapFromDrawable"]}, "py/object": "JavaParserVisitor.MethodInfo"}, "setImageResource": {"memberReferences": {"py/set": ["mShaderMatrix", "mBorderWidth", "mBitmapHeight", "mBorderPaint", "BITMAP_CONFIG", "mSetupPending", "mBitmapWidth", "mBorderOverlay", "mBorderRadius", "mDrawableRect", "mDrawableRadius", "mReady", "mBitmapShader", "mBitmap"]}, "methodName": "setImageResource", "methodReferences": {"py/set": ["setup", "getBitmapFromDrawable"]}, "py/object": "JavaParserVisitor.MethodInfo"}, "setImageURI": {"memberReferences": {"py/set": ["mShaderMatrix", "mBorderWidth", "mBitmapHeight", "mBorderPaint", "BITMAP_CONFIG", "mSetupPending", "mBitmapWidth", "mBorderOverlay", "mBorderRadius", "mDrawableRect", "mDrawableRadius", "mReady", "mBitmapShader", "mBitmap"]}, "methodName": "setImageURI", "methodReferences": {"py/set": ["setup", "getBitmapFromDrawable"]}, "py/object": "JavaParserVisitor.MethodInfo"}, "setScaleType": {"memberReferences": {"py/set": ["SCALE_TYPE"]}, "methodName": "setScaleType", "methodReferences": {"py/set": []}, "py/object": "JavaParserVisitor.MethodInfo"}, "setup": {"memberReferences": {"py/set": ["mDrawableRect", "mBitmap", "mBorderRadius", "mDrawableRadius", "mReady", "mShaderMatrix", "mBorderWidth", "mBorderOverlay", "mBitmapShader", "mBitmapHeight", "mBorderPaint", "mBitmapWidth", "mSetupPending"]}, "methodName": "setup", "methodReferences": {"py/set": ["updateShaderMatrix"]}, "py/object": "JavaParserVisitor.MethodInfo"}, "updateShaderMatrix": {"memberReferences": {"py/set": ["mShaderMatrix", "mBitmapHeight", "mBitmapWidth", "mDrawableRect"]}, "methodName": "updateShaderMatrix", "methodReferences": {"py/set": []}, "py/object": "JavaParserVisitor.MethodInfo"}}, "possibleFather": "AppCompatImageView", "py/object": "JavaParserVisitor.ClassInfo", "span": 270}, "ExampleInstrumentedTest": {"className": "ExampleInstrumentedTest", "members": {"py/set": []}, "methods": {"useAppContext": {"memberReferences": {"py/set": []}, "methodName": "useAppContext", "methodReferences": {"py/set": []}, "py/object": "JavaParserVisitor.MethodInfo"}}, "possibleFather": "", "py/object": "JavaParserVisitor.ClassInfo", "span": 6}, "ExampleUnitTest": {"className": "ExampleUnitTest", "members": {"py/set": []}, "methods": {"addition_isCorrect": {"memberReferences": {"py/set": []}, "methodName": "addition_isCorrect", "methodReferences": {"py/set": []}, "py/object": "JavaParserVisitor.MethodInfo"}}, "possibleFather": "", "py/object": "JavaParserVisitor.ClassInfo", "span": 3}, "ExploreFragment": {"className": "ExploreFragment", "members": {"py/set": ["recyclerView", "tvTags", "adapter", "confirmSaveContainer", "progressBar", "loading", "saveConfirmed", "page", "fab", "swipeRefreshLayout", "scrollView", "tvLanguage", "resultsScrim"]}, "methods": {"fetchIssues": {"memberReferences": {"py/set": ["progressBar", "loading", "page"]}, "methodName": "fetchIssues", "methodReferences": {"py/set": []}, "py/object": "JavaParserVisitor.MethodInfo"}, "hide": {"memberReferences": {"py/set": ["confirmSaveContainer", "resultsScrim"]}, "methodName": "hide", "methodReferences": {"py/set": ["hideFilterContainer"]}, "py/object": "JavaParserVisitor.MethodInfo"}, "hideFilterContainer": {"memberReferences": {"py/set": ["confirmSaveContainer", "resultsScrim"]}, "methodName": "hideFilterContainer", "methodReferences": {"py/set": []}, "py/object": "JavaParserVisitor.MethodInfo"}, "onAnimationEnd": {"memberReferences": {"py/set": ["confirmSaveContainer", "fab", "resultsScrim"]}, "methodName": "onAnimationEnd", "methodReferences": {"py/set": []}, "py/object": "JavaParserVisitor.MethodInfo"}, "onClick": {"memberReferences": {"py/set": ["page", "confirmSaveContainer", "progressBar", "loading", "resultsScrim"]}, "methodName": "onClick", "methodReferences": {"py/set": ["saveAndhide"]}, "py/object": "JavaParserVisitor.MethodInfo"}, "onCompleted": {"memberReferences": {"py/set": []}, "methodName": "onCompleted", "methodReferences": {"py/set": []}, "py/object": "JavaParserVisitor.MethodInfo"}, "onCreateView": {"memberReferences": {"py/set": ["tvTags", "progressBar", "swipeRefreshLayout", "loading", "saveConfirmed", "page", "fab", "adapter", "scrollView", "tvLanguage", "resultsScrim"]}, "methodName": "onCreateView", "methodReferences": {"py/set": ["fetchIssues", "setupRecyclerview", "setupFilter", "setupSwipeRefreshLayout"]}, "py/object": "JavaParserVisitor.MethodInfo"}, "onError": {"memberReferences": {"py/set": ["confirmSaveContainer", "progressBar", "loading", "fab", "resultsScrim"]}, "methodName": "onError", "methodReferences": {"py/set": ["show"]}, "py/object": "JavaParserVisitor.MethodInfo"}, "onNext": {"memberReferences": {"py/set": ["progressBar", "loading", "page"]}, "methodName": "onNext", "methodReferences": {"py/set": []}, "py/object": "JavaParserVisitor.MethodInfo"}, "onPreDraw": {"memberReferences": {"py/set": ["confirmSaveContainer", "resultsScrim"]}, "methodName": "onPreDraw", "methodReferences": {"py/set": []}, "py/object": "JavaParserVisitor.MethodInfo"}, "onRefresh": {"memberReferences": {"py/set": ["page", "progressBar", "loading"]}, "methodName": "onRefresh", "methodReferences": {"py/set": ["fetchIssues"]}, "py/object": "JavaParserVisitor.MethodInfo"}, "onScrollChange": {"memberReferences": {"py/set": ["progressBar", "loading", "page", "fab"]}, "methodName": "onScrollChange", "methodReferences": {"py/set": ["fetchIssues"]}, "py/object": "JavaParserVisitor.MethodInfo"}, "onSelection": {"memberReferences": {"py/set": ["tvTags"]}, "methodName": "onSelection", "methodReferences": {"py/set": []}, "py/object": "JavaParserVisitor.MethodInfo"}, "saveAndhide": {"memberReferences": {"py/set": ["resultsScrim", "page", "confirmSaveContainer", "progressBar", "loading"]}, "methodName": "saveAndhide", "methodReferences": {"py/set": ["hideFilterContainer", "fetchIssues"]}, "py/object": "JavaParserVisitor.MethodInfo"}, "setupFilter": {"memberReferences": {"py/set": ["tvTags", "saveConfirmed", "fab", "scrollView", "tvLanguage", "resultsScrim"]}, "methodName": "setupFilter", "methodReferences": {"py/set": []}, "py/object": "JavaParserVisitor.MethodInfo"}, "setupRecyclerview": {"memberReferences": {"py/set": ["adapter"]}, "methodName": "setupRecyclerview", "methodReferences": {"py/set": []}, "py/object": "JavaParserVisitor.MethodInfo"}, "setupSwipeRefreshLayout": {"memberReferences": {"py/set": ["swipeRefreshLayout"]}, "methodName": "setupSwipeRefreshLayout", "methodReferences": {"py/set": []}, "py/object": "JavaParserVisitor.MethodInfo"}, "show": {"memberReferences": {"py/set": ["confirmSaveContainer", "fab", "resultsScrim"]}, "methodName": "show", "methodReferences": {"py/set": []}, "py/object": "JavaParserVisitor.MethodInfo"}, "showLanguageDialog": {"memberReferences": {"py/set": ["fab", "confirmSaveContainer", "resultsScrim"]}, "methodName": "showLanguageDialog", "methodReferences": {"py/set": ["show"]}, "py/object": "JavaParserVisitor.MethodInfo"}, "showTagsDialog": {"memberReferences": {"py/set": ["confirmSaveContainer", "fab", "resultsScrim"]}, "methodName": "showTagsDialog", "methodReferences": {"py/set": ["show"]}, "py/object": "JavaParserVisitor.MethodInfo"}}, "possibleFather": "Fragment", "py/object": "JavaParserVisitor.ClassInfo", "span": 315}, "FabAnimationUtils": {"className": "FabAnimationUtils", "members": {"py/set": ["FAST_OUT_SLOW_IN_INTERPOLATOR", "DEFAULT_DURATION"]}, "methods": {"onAnimationCancel": {"memberReferences": {"py/set": []}, "methodName": "onAnimationCancel", "methodReferences": {"py/set": []}, "py/object": "JavaParserVisitor.MethodInfo"}, "onAnimationEnd": {"memberReferences": {"py/set": []}, "methodName": "onAnimationEnd", "methodReferences": {"py/set": []}, "py/object": "JavaParserVisitor.MethodInfo"}, "onAnimationStart": {"memberReferences": {"py/set": []}, "methodName": "onAnimationStart", "methodReferences": {"py/set": []}, "py/object": "JavaParserVisitor.MethodInfo"}, "scaleIn": {"memberReferences": {"py/set": ["FAST_OUT_SLOW_IN_INTERPOLATOR"]}, "methodName": "scaleIn", "methodReferences": {"py/set": []}, "py/object": "JavaParserVisitor.MethodInfo"}, "scaleOut": {"memberReferences": {"py/set": ["FAST_OUT_SLOW_IN_INTERPOLATOR"]}, "methodName": "scaleOut", "methodReferences": {"py/set": []}, "py/object": "JavaParserVisitor.MethodInfo"}}, "possibleFather": "", "py/object": "JavaParserVisitor.ClassInfo", "span": 70}, "FlowLayout": {"className": "FlowLayout", "members": {"py/set": ["line_height"]}, "methods": {"FlowLayout": {"memberReferences": {"py/set": []}, "methodName": "FlowLayout", "methodReferences": {"py/set": []}, "py/object": "JavaParserVisitor.MethodInfo"}, "checkLayoutParams": {"memberReferences": {"py/set": []}, "methodName": "checkLayoutParams", "methodReferences": {"py/set": []}, "py/object": "JavaParserVisitor.MethodInfo"}, "generateDefaultLayoutParams": {"memberReferences": {"py/set": []}, "methodName": "generateDefaultLayoutParams", "methodReferences": {"py/set": []}, "py/object": "JavaParserVisitor.MethodInfo"}, "generateLayoutParams": {"memberReferences": {"py/set": []}, "methodName": "generateLayoutParams", "methodReferences": {"py/set": []}, "py/object": "JavaParserVisitor.MethodInfo"}, "onLayout": {"memberReferences": {"py/set": ["line_height"]}, "methodName": "onLayout", "methodReferences": {"py/set": []}, "py/object": "JavaParserVisitor.MethodInfo"}, "onMeasure": {"memberReferences": {"py/set": ["line_height"]}, "methodName": "onMeasure", "methodReferences": {"py/set": []}, "py/object": "JavaParserVisitor.MethodInfo"}}, "possibleFather": "ViewGroup", "py/object": "JavaParserVisitor.ClassInfo", "span": 114}, "GithubApiManager": {"className": "GithubApiManager", "members": {"py/set": ["retrofit", "BASE_URL", "baseUrl", "searchApi"]}, "methods": {"GithubApiManager": {"memberReferences": {"py/set": ["retrofit", "BASE_URL", "searchApi"]}, "methodName": "GithubApiManager", "methodReferences": {"py/set": ["createService"]}, "py/object": "JavaParserVisitor.MethodInfo"}, "createApi": {"memberReferences": {"py/set": []}, "methodName": "createApi", "methodReferences": {"py/set": []}, "py/object": "JavaParserVisitor.MethodInfo"}, "createService": {"memberReferences": {"py/set": ["retrofit", "searchApi", "BASE_URL"]}, "methodName": "createService", "methodReferences": {"py/set": ["init"]}, "py/object": "JavaParserVisitor.MethodInfo"}, "getSearchApi": {"memberReferences": {"py/set": ["searchApi"]}, "methodName": "getSearchApi", "methodReferences": {"py/set": []}, "py/object": "JavaParserVisitor.MethodInfo"}, "init": {"memberReferences": {"py/set": ["searchApi"]}, "methodName": "init", "methodReferences": {"py/set": ["createApi"]}, "py/object": "JavaParserVisitor.MethodInfo"}}, "possibleFather": "", "py/object": "JavaParserVisitor.ClassInfo", "span": 44}, "GithubRepository": {"className": "GithubRepository", "members": {"py/set": ["sLock", "apiManager", "sInstance"]}, "methods": {"call": {"memberReferences": {"py/set": []}, "methodName": "call", "methodReferences": {"py/set": []}, "py/object": "JavaParserVisitor.MethodInfo"}, "findIssues": {"memberReferences": {"py/set": []}, "methodName": "findIssues", "methodReferences": {"py/set": ["findIssues"]}, "py/object": "JavaParserVisitor.MethodInfo"}, "findValidPRs": {"memberReferences": {"py/set": []}, "methodName": "findValidPRs", "methodReferences": {"py/set": []}, "py/object": "JavaParserVisitor.MethodInfo"}, "getInstance": {"memberReferences": {"py/set": ["sLock", "sInstance"]}, "methodName": "getInstance", "methodReferences": {"py/set": []}, "py/object": "JavaParserVisitor.MethodInfo"}}, "possibleFather": "", "py/object": "JavaParserVisitor.ClassInfo", "span": 42}, "GridRecyclerView": {"className": "GridRecyclerView", "members": {"py/set": []}, "methods": {"GridRecyclerView": {"memberReferences": {"py/set": []}, "methodName": "GridRecyclerView", "methodReferences": {"py/set": []}, "py/object": "JavaParserVisitor.MethodInfo"}, "attachLayoutAnimationParameters": {"memberReferences": {"py/set": []}, "methodName": "attachLayoutAnimationParameters", "methodReferences": {"py/set": []}, "py/object": "JavaParserVisitor.MethodInfo"}, "setLayoutManager": {"memberReferences": {"py/set": []}, "methodName": "setLayoutManager", "methodReferences": {"py/set": []}, "py/object": "JavaParserVisitor.MethodInfo"}}, "possibleFather": "RecyclerView", "py/object": "JavaParserVisitor.ClassInfo", "span": 48}, "IntProperty": {"className": "IntProperty", "members": {"py/set": []}, "methods": {"IntProperty": {"memberReferences": {"py/set": []}, "methodName": "IntProperty", "methodReferences": {"py/set": []}, "py/object": "JavaParserVisitor.MethodInfo"}, "set": {"memberReferences": {"py/set": []}, "methodName": "set", "methodReferences": {"py/set": ["setValue"]}, "py/object": "JavaParserVisitor.MethodInfo"}, "setValue": {"memberReferences": {"py/set": []}, "methodName": "setValue", "methodReferences": {"py/set": []}, "py/object": "JavaParserVisitor.MethodInfo"}}, "possibleFather": "Property<T,Integer>", "py/object": "JavaParserVisitor.ClassInfo", "span": 14}, "Issue": {"className": "Issue", "members": {"py/set": ["html_url", "labels", "createdAt", "title", "repository_url", "number", "language", "state", "id", "body", "user"]}, "methods": {"getCreatedAt": {"memberReferences": {"py/set": ["createdAt"]}, "methodName": "getCreatedAt", "methodReferences": {"py/set": []}, "py/object": "JavaParserVisitor.MethodInfo"}, "setCreatedAt": {"memberReferences": {"py/set": ["createdAt"]}, "methodName": "setCreatedAt", "methodReferences": {"py/set": []}, "py/object": "JavaParserVisitor.MethodInfo"}}, "possibleFather": "", "py/object": "JavaParserVisitor.ClassInfo", "span": 96}, "Label": {"className": "Label", "members": {"py/set": ["color", "name"]}, "methods": {}, "possibleFather": "", "py/object": "JavaParserVisitor.ClassInfo", "span": 17}, "LayoutParams": {"className": "LayoutParams", "members": {"py/set": ["vertical_spacing", "horizontal_spacing"]}, "methods": {"LayoutParams": {"memberReferences": {"py/set": ["horizontal_spacing", "vertical_spacing"]}, "methodName": "LayoutParams", "methodReferences": {"py/set": []}, "py/object": "JavaParserVisitor.MethodInfo"}}, "possibleFather": "ViewGroup.LayoutParams", "py/object": "JavaParserVisitor.ClassInfo", "span": 12}, "MainActivity": {"className": "MainActivity", "members": {"py/set": ["bottomBar"]}, "methods": {"getBottomBar": {"memberReferences": {"py/set": ["bottomBar"]}, "methodName": "getBottomBar", "methodReferences": {"py/set": []}, "py/object": "JavaParserVisitor.MethodInfo"}, "onCreate": {"memberReferences": {"py/set": ["bottomBar"]}, "methodName": "onCreate", "methodReferences": {"py/set": ["replaceFragment"]}, "py/object": "JavaParserVisitor.MethodInfo"}, "onNavigationItemSelected": {"memberReferences": {"py/set": []}, "methodName": "onNavigationItemSelected", "methodReferences": {"py/set": ["replaceFragment"]}, "py/object": "JavaParserVisitor.MethodInfo"}, "replaceFragment": {"memberReferences": {"py/set": []}, "methodName": "replaceFragment", "methodReferences": {"py/set": []}, "py/object": "JavaParserVisitor.MethodInfo"}}, "possibleFather": "AppCompatActivity", "py/object": "JavaParserVisitor.ClassInfo", "span": 37}, "PRAdapter": {"className": "PRAdapter", "members": {"py/set": ["array", "context"]}, "methods": {"PRAdapter": {"memberReferences": {"py/set": ["context"]}, "methodName": "PRAdapter", "methodReferences": {"py/set": []}, "py/object": "JavaParserVisitor.MethodInfo"}, "clearData": {"memberReferences": {"py/set": ["array"]}, "methodName": "clearData", "methodReferences": {"py/set": []}, "py/object": "JavaParserVisitor.MethodInfo"}, "getData": {"memberReferences": {"py/set": ["array"]}, "methodName": "getData", "methodReferences": {"py/set": []}, "py/object": "JavaParserVisitor.MethodInfo"}, "getItemCount": {"memberReferences": {"py/set": ["array"]}, "methodName": "getItemCount", "methodReferences": {"py/set": []}, "py/object": "JavaParserVisitor.MethodInfo"}, "getRepoFromUrl": {"memberReferences": {"py/set": []}, "methodName": "getRepoFromUrl", "methodReferences": {"py/set": []}, "py/object": "JavaParserVisitor.MethodInfo"}, "onBindViewHolder": {"memberReferences": {"py/set": []}, "methodName": "onBindViewHolder", "methodReferences": {"py/set": ["getRepoFromUrl"]}, "py/object": "JavaParserVisitor.MethodInfo"}, "onCreateViewHolder": {"memberReferences": {"py/set": []}, "methodName": "onCreateViewHolder", "methodReferences": {"py/set": []}, "py/object": "JavaParserVisitor.MethodInfo"}, "setData": {"memberReferences": {"py/set": ["array"]}, "methodName": "setData", "methodReferences": {"py/set": []}, "py/object": "JavaParserVisitor.MethodInfo"}}, "possibleFather": "RecyclerView.Adapter<PRAdapter.ViewHolder>", "py/object": "JavaParserVisitor.ClassInfo", "span": 106}, "ProjectsAdapter": {"className": "ProjectsAdapter", "members": {"py/set": ["array", "context", "params"]}, "methods": {"ProjectsAdapter": {"memberReferences": {"py/set": ["context", "params"]}, "methodName": "ProjectsAdapter", "methodReferences": {"py/set": []}, "py/object": "JavaParserVisitor.MethodInfo"}, "addData": {"memberReferences": {"py/set": ["array"]}, "methodName": "addData", "methodReferences": {"py/set": []}, "py/object": "JavaParserVisitor.MethodInfo"}, "clearData": {"memberReferences": {"py/set": ["array"]}, "methodName": "clearData", "methodReferences": {"py/set": []}, "py/object": "JavaParserVisitor.MethodInfo"}, "getData": {"memberReferences": {"py/set": ["array"]}, "methodName": "getData", "methodReferences": {"py/set": []}, "py/object": "JavaParserVisitor.MethodInfo"}, "getItemCount": {"memberReferences": {"py/set": ["array"]}, "methodName": "getItemCount", "methodReferences": {"py/set": []}, "py/object": "JavaParserVisitor.MethodInfo"}, "getRepoFromUrl": {"memberReferences": {"py/set": []}, "methodName": "getRepoFromUrl", "methodReferences": {"py/set": []}, "py/object": "JavaParserVisitor.MethodInfo"}, "onBindViewHolder": {"memberReferences": {"py/set": ["params"]}, "methodName": "onBindViewHolder", "methodReferences": {"py/set": ["getRepoFromUrl"]}, "py/object": "JavaParserVisitor.MethodInfo"}, "onCreateViewHolder": {"memberReferences": {"py/set": []}, "methodName": "onCreateViewHolder", "methodReferences": {"py/set": []}, "py/object": "JavaParserVisitor.MethodInfo"}, "setData": {"memberReferences": {"py/set": ["array"]}, "methodName": "setData", "methodReferences": {"py/set": []}, "py/object": "JavaParserVisitor.MethodInfo"}}, "possibleFather": "RecyclerView.Adapter<ProjectsAdapter.ViewHolder>", "py/object": "JavaParserVisitor.ClassInfo", "span": 113}, "SearchResponse": {"className": "SearchResponse", "members": {"py/set": ["items", "totalCount", "incomplete_results"]}, "methods": {"getTotalCount": {"memberReferences": {"py/set": ["totalCount"]}, "methodName": "getTotalCount", "methodReferences": {"py/set": []}, "py/object": "JavaParserVisitor.MethodInfo"}, "isIncomplete_results": {"memberReferences": {"py/set": ["incomplete_results"]}, "methodName": "isIncomplete_results", "methodReferences": {"py/set": []}, "py/object": "JavaParserVisitor.MethodInfo"}, "setTotalCount": {"memberReferences": {"py/set": ["totalCount"]}, "methodName": "setTotalCount", "methodReferences": {"py/set": []}, "py/object": "JavaParserVisitor.MethodInfo"}}, "possibleFather": "", "py/object": "JavaParserVisitor.ClassInfo", "span": 28}, "StatusFragment": {"className": "StatusFragment", "members": {"py/set": ["recyclerView", "etUsername", "adapter", "SHARED_PREFS", "progressBar", "tvPrCount", "ivCheck", "USERNAME_KEY", "prefs", "tvPlaceholder", "tvStatusMessage", "statusView", "scrollView", "ivUserImage", "tvStatusExtraMessage"]}, "methods": {"checkClicked": {"memberReferences": {"py/set": ["tvPlaceholder", "progressBar", "statusView", "USERNAME_KEY"]}, "methodName": "checkClicked", "methodReferences": {"py/set": ["checkPRStatus"]}, "py/object": "JavaParserVisitor.MethodInfo"}, "checkPRStatus": {"memberReferences": {"py/set": ["progressBar", "USERNAME_KEY", "tvPlaceholder", "statusView"]}, "methodName": "checkPRStatus", "methodReferences": {"py/set": []}, "py/object": "JavaParserVisitor.MethodInfo"}, "getDeepChildOffset": {"memberReferences": {"py/set": []}, "methodName": "getDeepChildOffset", "methodReferences": {"py/set": ["getDeepChildOffset"]}, "py/object": "JavaParserVisitor.MethodInfo"}, "onCompleted": {"memberReferences": {"py/set": []}, "methodName": "onCompleted", "methodReferences": {"py/set": []}, "py/object": "JavaParserVisitor.MethodInfo"}, "onCreateView": {"memberReferences": {"py/set": ["etUsername", "SHARED_PREFS", "progressBar", "USERNAME_KEY", "prefs", "tvPlaceholder", "adapter", "statusView"]}, "methodName": "onCreateView", "methodReferences": {"py/set": ["checkPRStatus", "setupRecyclerview"]}, "py/object": "JavaParserVisitor.MethodInfo"}, "onEditorAction": {"memberReferences": {"py/set": ["tvPlaceholder", "progressBar", "statusView", "USERNAME_KEY"]}, "methodName": "onEditorAction", "methodReferences": {"py/set": ["checkPRStatus"]}, "py/object": "JavaParserVisitor.MethodInfo"}, "onError": {"memberReferences": {"py/set": ["progressBar", "scrollView"]}, "methodName": "onError", "methodReferences": {"py/set": []}, "py/object": "JavaParserVisitor.MethodInfo"}, "onNext": {"memberReferences": {"py/set": ["ivUserImage", "progressBar", "tvStatusMessage", "statusView", "tvStatusExtraMessage", "tvPrCount"]}, "methodName": "onNext", "methodReferences": {"py/set": ["showStatus"]}, "py/object": "JavaParserVisitor.MethodInfo"}, "run": {"memberReferences": {"py/set": []}, "methodName": "run", "methodReferences": {"py/set": []}, "py/object": "JavaParserVisitor.MethodInfo"}, "scrollToView": {"memberReferences": {"py/set": []}, "methodName": "scrollToView", "methodReferences": {"py/set": ["getDeepChildOffset"]}, "py/object": "JavaParserVisitor.MethodInfo"}, "setupRecyclerview": {"memberReferences": {"py/set": ["adapter"]}, "methodName": "setupRecyclerview", "methodReferences": {"py/set": []}, "py/object": "JavaParserVisitor.MethodInfo"}, "showStatus": {"memberReferences": {"py/set": ["progressBar", "tvPrCount", "tvStatusMessage", "statusView", "ivUserImage", "tvStatusExtraMessage"]}, "methodName": "showStatus", "methodReferences": {"py/set": []}, "py/object": "JavaParserVisitor.MethodInfo"}}, "possibleFather": "Fragment", "py/object": "JavaParserVisitor.ClassInfo", "span": 188}, "TypefaceTextView": {"className": "TypefaceTextView", "members": {"py/set": ["sTypefaceCache"]}, "methods": {"TypefaceTextView": {"memberReferences": {"py/set": []}, "methodName": "TypefaceTextView", "methodReferences": {"py/set": []}, "py/object": "JavaParserVisitor.MethodInfo"}}, "possibleFather": "AppCompatTextView", "py/object": "JavaParserVisitor.ClassInfo", "span": 43}, "User": {"className": "User", "members": {"py/set": ["avatar_url", "html_url", "login"]}, "methods": {}, "possibleFather": "", "py/object": "JavaParserVisitor.ClassInfo", "span": 25}, "Utils": {"className": "Utils", "members": {"py/set": ["BACKGROUND_COLOR", "TEXTVIEW_TAGS_MAX_LENGTH", "PREFERENCE_LANGUAGE", "HACKTOBERFEST_START", "PREFERENCE_TAGS"]}, "methods": {"get": {"memberReferences": {"py/set": []}, "methodName": "get", "methodReferences": {"py/set": []}, "py/object": "JavaParserVisitor.MethodInfo"}, "getContrastColor": {"memberReferences": {"py/set": []}, "methodName": "getContrastColor", "methodReferences": {"py/set": []}, "py/object": "JavaParserVisitor.MethodInfo"}, "getHacktoberfestIssuesQuery": {"memberReferences": {"py/set": []}, "methodName": "getHacktoberfestIssuesQuery", "methodReferences": {"py/set": []}, "py/object": "JavaParserVisitor.MethodInfo"}, "getHacktoberfestStatusQuery": {"memberReferences": {"py/set": []}, "methodName": "getHacktoberfestStatusQuery", "methodReferences": {"py/set": []}, "py/object": "JavaParserVisitor.MethodInfo"}, "getLanguagePreference": {"memberReferences": {"py/set": []}, "methodName": "getLanguagePreference", "methodReferences": {"py/set": []}, "py/object": "JavaParserVisitor.MethodInfo"}, "getLanguagesArray": {"memberReferences": {"py/set": []}, "methodName": "getLanguagesArray", "methodReferences": {"py/set": []}, "py/object": "JavaParserVisitor.MethodInfo"}, "getStatusMessage": {"memberReferences": {"py/set": []}, "methodName": "getStatusMessage", "methodReferences": {"py/set": []}, "py/object": "JavaParserVisitor.MethodInfo"}, "getTagsArray": {"memberReferences": {"py/set": []}, "methodName": "getTagsArray", "methodReferences": {"py/set": []}, "py/object": "JavaParserVisitor.MethodInfo"}, "getTagsPreference": {"memberReferences": {"py/set": []}, "methodName": "getTagsPreference", "methodReferences": {"py/set": []}, "py/object": "JavaParserVisitor.MethodInfo"}, "getTagsPreferenceString": {"memberReferences": {"py/set": ["TEXTVIEW_TAGS_MAX_LENGTH"]}, "methodName": "getTagsPreferenceString", "methodReferences": {"py/set": []}, "py/object": "JavaParserVisitor.MethodInfo"}, "hideKeyboard": {"memberReferences": {"py/set": []}, "methodName": "hideKeyboard", "methodReferences": {"py/set": []}, "py/object": "JavaParserVisitor.MethodInfo"}, "openChromeCustomTab": {"memberReferences": {"py/set": []}, "methodName": "openChromeCustomTab", "methodReferences": {"py/set": []}, "py/object": "JavaParserVisitor.MethodInfo"}, "setLanguagePreference": {"memberReferences": {"py/set": ["PREFERENCE_LANGUAGE"]}, "methodName": "setLanguagePreference", "methodReferences": {"py/set": []}, "py/object": "JavaParserVisitor.MethodInfo"}, "setTagsPreference": {"memberReferences": {"py/set": ["PREFERENCE_TAGS"]}, "methodName": "setTagsPreference", "methodReferences": {"py/set": []}, "py/object": "JavaParserVisitor.MethodInfo"}, "setValue": {"memberReferences": {"py/set": []}, "methodName": "setValue", "methodReferences": {"py/set": []}, "py/object": "JavaParserVisitor.MethodInfo"}, "tagsQueryBuilder": {"memberReferences": {"py/set": []}, "methodName": "tagsQueryBuilder", "methodReferences": {"py/set": []}, "py/object": "JavaParserVisitor.MethodInfo"}, "yearForHacktoberfest": {"memberReferences": {"py/set": []}, "methodName": "yearForHacktoberfest", "methodReferences": {"py/set": ["get"]}, "py/object": "JavaParserVisitor.MethodInfo"}}, "possibleFather": "", "py/object": "JavaParserVisitor.ClassInfo", "span": 193}, "ViewHolder": {"className": "ViewHolder", "members": {"py/set": ["tvPrStatus", "tvPrRepo", "tvPrTitle", "tvPrNumber"]}, "methods": {"ViewHolder": {"memberReferences": {"py/set": ["tvPrNumber"]}, "methodName": "ViewHolder", "methodReferences": {"py/set": []}, "py/object": "JavaParserVisitor.MethodInfo"}, "onClick": {"memberReferences": {"py/set": []}, "methodName": "onClick", "methodReferences": {"py/set": []}, "py/object": "JavaParserVisitor.MethodInfo"}}, "possibleFather": "RecyclerView.ViewHolder", "py/object": "JavaParserVisitor.ClassInfo", "span": 28}}