{"SCOM": {"py/object": "Statistics.InterestingStatistics", "classValues": [{"py/tuple": [1, 58]}, {"py/tuple": [0.03571428571428571, 44]}, {"py/tuple": [0.05555555555555555, 50]}, {"py/tuple": [0.03968253968253968, 76]}, {"py/tuple": [0.5, 25]}, {"py/tuple": [0.025, 95]}, {"py/tuple": [0.0, 7]}, {"py/tuple": [1, 6]}, {"py/tuple": [1, 3]}, {"py/tuple": [0.0, 21]}, {"py/tuple": [0.0, 68]}, {"py/tuple": [0.3, 61]}, {"py/tuple": [0.00019413706076490015, 561]}, {"py/tuple": [1, 573]}, {"py/tuple": [0.0, 13]}, {"py/tuple": [0.0, 59]}, {"py/tuple": [0.0, 59]}, {"py/tuple": [0.0, 11]}, {"py/tuple": [0.0, 28]}, {"py/tuple": [0.0, 55]}]}, "LSCC": {"py/object": "Statistics.InterestingStatistics", "classValues": [{"py/tuple": [1, 58]}, {"py/tuple": [0.03571428571428571, 44]}, {"py/tuple": [0.05555555555555555, 50]}, {"py/tuple": [0.015873015873015872, 76]}, {"py/tuple": [0.5, 25]}, {"py/tuple": [0.025, 95]}, {"py/tuple": [0.0, 7]}, {"py/tuple": [1, 6]}, {"py/tuple": [1, 3]}, {"py/tuple": [0.0, 21]}, {"py/tuple": [0.0, 68]}, {"py/tuple": [0.3, 61]}, {"py/tuple": [0.00019413706076490002, 561]}, {"py/tuple": [1, 573]}, {"py/tuple": [0.0, 13]}, {"py/tuple": [0.0, 59]}, {"py/tuple": [0.0, 59]}, {"py/tuple": [0, 11]}, {"py/tuple": [0.0, 28]}, {"py/tuple": [0.0, 55]}]}, "CC": {"py/object": "Statistics.InterestingStatistics", "classValues": [{"py/tuple": [1, 58]}, {"py/tuple": [0.14285714285714285, 44]}, {"py/tuple": [0.16666666666666666, 50]}, {"py/tuple": [0.05952380952380952, 76]}, {"py/tuple": [0.5, 25]}, {"py/tuple": [0.2, 95]}, {"py/tuple": [0.0, 7]}, {"py/tuple": [1, 6]}, {"py/tuple": [1, 3]}, {"py/tuple": [0.0, 21]}, {"py/tuple": [0.0, 68]}, {"py/tuple": [0.3, 61]}, {"py/tuple": [0.009900990099009901, 561]}, {"py/tuple": [1, 573]}, {"py/tuple": [0.0, 13]}, {"py/tuple": [0.0, 59]}, {"py/tuple": [0.0, 59]}, {"py/tuple": [1, 11]}, {"py/tuple": [0.0, 28]}, {"py/tuple": [0.0, 55]}]}, "LCOM5": {"py/object": "Statistics.InterestingStatistics", "classValues": [{"py/tuple": [0, 58]}, {"py/tuple": [0.75, 44]}, {"py/tuple": [0.8333333333333334, 50]}, {"py/tuple": [0.8333333333333334, 76]}, {"py/tuple": [0.25, 25]}, {"py/tuple": [0.9, 95]}, {"py/tuple": [0.5, 7]}, {"py/tuple": [0, 6]}, {"py/tuple": [0, 3]}, {"py/tuple": [0.6666666666666667, 21]}, {"py/tuple": [0.9722222222222222, 68]}, {"py/tuple": [0.4, 61]}, {"py/tuple": [0.9803921568627451, 561]}, {"py/tuple": [0, 573]}, {"py/tuple": [1.0, 13]}, {"py/tuple": [0.8888888888888888, 59]}, {"py/tuple": [0.8888888888888888, 59]}, {"py/tuple": [0, 11]}, {"py/tuple": [0.75, 28]}, {"py/tuple": [0.9047619047619048, 55]}]}, "CBAMU": {"py/object": "Statistics.InterestingStatistics", "classValues": [{"py/tuple": [0.0, 58]}, {"py/tuple": [0.125, 44]}, {"py/tuple": [0.16666666666666666, 50]}, {"py/tuple": [0.08333333333333333, 76]}, {"py/tuple": [0.375, 25]}, {"py/tuple": [0.1, 95]}, {"py/tuple": [0.25, 7]}, {"py/tuple": [0.0, 6]}, {"py/tuple": [0.0, 3]}, {"py/tuple": [0.41666666666666663, 21]}, {"py/tuple": [0.013888888888888888, 68]}, {"py/tuple": [0.325, 61]}, {"py/tuple": [0.00980392156862745, 561]}, {"py/tuple": [0.0, 573]}, {"py/tuple": [0.0, 13]}, {"py/tuple": [0.05555555555555555, 59]}, {"py/tuple": [0.05555555555555555, 59]}, {"py/tuple": [0.0, 11]}, {"py/tuple": [0.125, 28]}, {"py/tuple": [0.047619047619047616, 55]}]}}