{"id": 10298653, "node_id": "MDEwOlJlcG9zaXRvcnkxMDI5ODY1Mw==", "name": "RabbitMQ-Android-Chat", "full_name": "intrepidkarthi/RabbitMQ-Android-Chat", "private": false, "owner": {"login": "intrepidkarthi", "id": 527490, "node_id": "MDQ6VXNlcjUyNzQ5MA==", "avatar_url": "https://avatars.githubusercontent.com/u/527490?v=4", "gravatar_id": "", "url": "https://api.github.com/users/intrepidkarthi", "html_url": "https://github.com/intrepidkarthi", "followers_url": "https://api.github.com/users/intrepidkarthi/followers", "following_url": "https://api.github.com/users/intrepidkarthi/following{/other_user}", "gists_url": "https://api.github.com/users/intrepidkarthi/gists{/gist_id}", "starred_url": "https://api.github.com/users/intrepidkarthi/starred{/owner}{/repo}", "subscriptions_url": "https://api.github.com/users/intrepidkarthi/subscriptions", "organizations_url": "https://api.github.com/users/intrepidkarthi/orgs", "repos_url": "https://api.github.com/users/intrepidkarthi/repos", "events_url": "https://api.github.com/users/intrepidkarthi/events{/privacy}", "received_events_url": "https://api.github.com/users/intrepidkarthi/received_events", "type": "User", "site_admin": false}, "html_url": "https://github.com/intrepidkarthi/RabbitMQ-Android-Chat", "description": "RabbitMQ-Android-Chat", "fork": false, "url": "https://api.github.com/repos/intrepidkarthi/RabbitMQ-Android-Chat", "forks_url": "https://api.github.com/repos/intrepidkarthi/RabbitMQ-Android-Chat/forks", "keys_url": "https://api.github.com/repos/intrepidkarthi/RabbitMQ-Android-Chat/keys{/key_id}", "collaborators_url": "https://api.github.com/repos/intrepidkarthi/RabbitMQ-Android-Chat/collaborators{/collaborator}", "teams_url": "https://api.github.com/repos/intrepidkarthi/RabbitMQ-Android-Chat/teams", "hooks_url": "https://api.github.com/repos/intrepidkarthi/RabbitMQ-Android-Chat/hooks", "issue_events_url": "https://api.github.com/repos/intrepidkarthi/RabbitMQ-Android-Chat/issues/events{/number}", "events_url": "https://api.github.com/repos/intrepidkarthi/RabbitMQ-Android-Chat/events", "assignees_url": "https://api.github.com/repos/intrepidkarthi/RabbitMQ-Android-Chat/assignees{/user}", "branches_url": "https://api.github.com/repos/intrepidkarthi/RabbitMQ-Android-Chat/branches{/branch}", "tags_url": "https://api.github.com/repos/intrepidkarthi/RabbitMQ-Android-Chat/tags", "blobs_url": "https://api.github.com/repos/intrepidkarthi/RabbitMQ-Android-Chat/git/blobs{/sha}", "git_tags_url": "https://api.github.com/repos/intrepidkarthi/RabbitMQ-Android-Chat/git/tags{/sha}", "git_refs_url": "https://api.github.com/repos/intrepidkarthi/RabbitMQ-Android-Chat/git/refs{/sha}", "trees_url": "https://api.github.com/repos/intrepidkarthi/RabbitMQ-Android-Chat/git/trees{/sha}", "statuses_url": "https://api.github.com/repos/intrepidkarthi/RabbitMQ-Android-Chat/statuses/{sha}", "languages_url": "https://api.github.com/repos/intrepidkarthi/RabbitMQ-Android-Chat/languages", "stargazers_url": "https://api.github.com/repos/intrepidkarthi/RabbitMQ-Android-Chat/stargazers", "contributors_url": "https://api.github.com/repos/intrepidkarthi/RabbitMQ-Android-Chat/contributors", "subscribers_url": "https://api.github.com/repos/intrepidkarthi/RabbitMQ-Android-Chat/subscribers", "subscription_url": "https://api.github.com/repos/intrepidkarthi/RabbitMQ-Android-Chat/subscription", "commits_url": "https://api.github.com/repos/intrepidkarthi/RabbitMQ-Android-Chat/commits{/sha}", "git_commits_url": "https://api.github.com/repos/intrepidkarthi/RabbitMQ-Android-Chat/git/commits{/sha}", "comments_url": "https://api.github.com/repos/intrepidkarthi/RabbitMQ-Android-Chat/comments{/number}", "issue_comment_url": "https://api.github.com/repos/intrepidkarthi/RabbitMQ-Android-Chat/issues/comments{/number}", "contents_url": "https://api.github.com/repos/intrepidkarthi/RabbitMQ-Android-Chat/contents/{+path}", "compare_url": "https://api.github.com/repos/intrepidkarthi/RabbitMQ-Android-Chat/compare/{base}...{head}", "merges_url": "https://api.github.com/repos/intrepidkarthi/RabbitMQ-Android-Chat/merges", "archive_url": "https://api.github.com/repos/intrepidkarthi/RabbitMQ-Android-Chat/{archive_format}{/ref}", "downloads_url": "https://api.github.com/repos/intrepidkarthi/RabbitMQ-Android-Chat/downloads", "issues_url": "https://api.github.com/repos/intrepidkarthi/RabbitMQ-Android-Chat/issues{/number}", "pulls_url": "https://api.github.com/repos/intrepidkarthi/RabbitMQ-Android-Chat/pulls{/number}", "milestones_url": "https://api.github.com/repos/intrepidkarthi/RabbitMQ-Android-Chat/milestones{/number}", "notifications_url": "https://api.github.com/repos/intrepidkarthi/RabbitMQ-Android-Chat/notifications{?since,all,participating}", "labels_url": "https://api.github.com/repos/intrepidkarthi/RabbitMQ-Android-Chat/labels{/name}", "releases_url": "https://api.github.com/repos/intrepidkarthi/RabbitMQ-Android-Chat/releases{/id}", "deployments_url": "https://api.github.com/repos/intrepidkarthi/RabbitMQ-Android-Chat/deployments", "created_at": "2013-05-26T14:10:25Z", "updated_at": "2021-10-14T13:27:25Z", "pushed_at": "2016-11-08T09:42:00Z", "git_url": "git://github.com/intrepidkarthi/RabbitMQ-Android-Chat.git", "ssh_url": "git@github.com:intrepidkarthi/RabbitMQ-Android-Chat.git", "clone_url": "https://github.com/intrepidkarthi/RabbitMQ-Android-Chat.git", "svn_url": "https://github.com/intrepidkarthi/RabbitMQ-Android-Chat", "homepage": null, "size": 1888, "stargazers_count": 42, "watchers_count": 42, "language": "Java", "has_issues": true, "has_projects": true, "has_downloads": true, "has_wiki": true, "has_pages": false, "forks_count": 24, "mirror_url": null, "archived": false, "disabled": false, "open_issues_count": 0, "license": null, "allow_forking": true, "is_template": false, "topics": [], "visibility": "public", "forks": 24, "open_issues": 0, "watchers": 42, "default_branch": "master", "score": 1.0, "__project_size": 5305041, "__java_files_sizes": 12812, "__java_files_loc": 470, "contributors_url_calculated": 1, "commits_url_calculated": 2}