{"BuildConfig": {"className": "BuildConfig", "members": {"py/set": ["DEBUG"]}, "methods": {}, "possibleFather": "", "py/object": "JavaParserVisitor.ClassInfo", "span": 1}, "IConnectToRabbitMQ": {"className": "IConnectToRabbitMQ", "members": {"py/set": ["Running", "MyExchangeType", "mServer", "mConnection", "mModel", "mExchange"]}, "methods": {"Dispose": {"memberReferences": {"py/set": ["Running", "mModel", "mConnection"]}, "methodName": "Dispose", "methodReferences": {"py/set": []}, "py/object": "JavaParserVisitor.MethodInfo"}, "IConnectToRabbitMQ": {"memberReferences": {"py/set": ["MyExchangeType", "mServer", "mExchange"]}, "methodName": "IConnectToRabbitMQ", "methodReferences": {"py/set": []}, "py/object": "JavaParserVisitor.MethodInfo"}, "connectToRabbitMQ": {"memberReferences": {"py/set": ["mConnection", "mModel"]}, "methodName": "connectToRabbitMQ", "methodReferences": {"py/set": []}, "py/object": "JavaParserVisitor.MethodInfo"}}, "possibleFather": "", "py/object": "JavaParserVisitor.ClassInfo", "span": 61}, "MainActivity": {"className": "MainActivity", "members": {"py/set": ["EXCHANGE_NAME", "mConsumer", "QUEUE_NAME", "name", "mOutput", "message"]}, "methods": {"onCreate": {"memberReferences": {"py/set": ["mConsumer", "mOutput"]}, "methodName": "onCreate", "methodReferences": {"py/set": []}, "py/object": "JavaParserVisitor.MethodInfo"}, "onKey": {"memberReferences": {"py/set": ["name", "message"]}, "methodName": "onKey", "methodReferences": {"py/set": []}, "py/object": "JavaParserVisitor.MethodInfo"}, "onPause": {"memberReferences": {"py/set": []}, "methodName": "onPause", "methodReferences": {"py/set": []}, "py/object": "JavaParserVisitor.MethodInfo"}, "onReceiveMessage": {"memberReferences": {"py/set": []}, "methodName": "onReceiveMessage", "methodReferences": {"py/set": []}, "py/object": "JavaParserVisitor.MethodInfo"}, "onResume": {"memberReferences": {"py/set": []}, "methodName": "onResume", "methodReferences": {"py/set": []}, "py/object": "JavaParserVisitor.MethodInfo"}}, "possibleFather": "Activity", "py/object": "JavaParserVisitor.ClassInfo", "span": 149}, "MessageConsumer": {"className": "MessageConsumer", "members": {"py/set": ["mConsumeRunner", "mLastMessage", "mOnReceiveMessageHandler", "MySubscription", "mConsumeHandler", "mQueue", "mReturnMessage", "mMessageHandler"]}, "methods": {"AddBinding": {"memberReferences": {"py/set": []}, "methodName": "AddBinding", "methodReferences": {"py/set": []}, "py/object": "JavaParserVisitor.MethodInfo"}, "Consume": {"memberReferences": {"py/set": []}, "methodName": "Consume", "methodReferences": {"py/set": []}, "py/object": "JavaParserVisitor.MethodInfo"}, "MessageConsumer": {"memberReferences": {"py/set": []}, "methodName": "MessageConsumer", "methodReferences": {"py/set": []}, "py/object": "JavaParserVisitor.MethodInfo"}, "RemoveBinding": {"memberReferences": {"py/set": []}, "methodName": "RemoveBinding", "methodReferences": {"py/set": []}, "py/object": "JavaParserVisitor.MethodInfo"}, "connectToRabbitMQ": {"memberReferences": {"py/set": ["mQueue", "MySubscription"]}, "methodName": "connectToRabbitMQ", "methodReferences": {"py/set": ["AddBinding"]}, "py/object": "JavaParserVisitor.MethodInfo"}, "dispose": {"memberReferences": {"py/set": []}, "methodName": "dispose", "methodReferences": {"py/set": []}, "py/object": "JavaParserVisitor.MethodInfo"}, "onReceiveMessage": {"memberReferences": {"py/set": []}, "methodName": "onReceiveMessage", "methodReferences": {"py/set": []}, "py/object": "JavaParserVisitor.MethodInfo"}, "run": {"memberReferences": {"py/set": ["mLastMessage"]}, "methodName": "run", "methodReferences": {"py/set": []}, "py/object": "JavaParserVisitor.MethodInfo"}, "setOnReceiveMessageHandler": {"memberReferences": {"py/set": ["mOnReceiveMessageHandler"]}, "methodName": "setOnReceiveMessageHandler", "methodReferences": {"py/set": []}, "py/object": "JavaParserVisitor.MethodInfo"}}, "possibleFather": "IConnectToRabbitMQ", "py/object": "JavaParserVisitor.ClassInfo", "span": 133}, "R": {"className": "R", "members": {"py/set": []}, "methods": {}, "possibleFather": "", "py/object": "JavaParserVisitor.ClassInfo", "span": 49}, "attr": {"className": "attr", "members": {"py/set": []}, "methods": {}, "possibleFather": "", "py/object": "JavaParserVisitor.ClassInfo", "span": 0}, "consumerconnect": {"className": "consumerconnect", "members": {"py/set": []}, "methods": {"doInBackground": {"memberReferences": {"py/set": []}, "methodName": "doInBackground", "methodReferences": {"py/set": []}, "py/object": "JavaParserVisitor.MethodInfo"}}, "possibleFather": "AsyncTask<String,Void,Void>", "py/object": "JavaParserVisitor.ClassInfo", "span": 18}, "drawable": {"className": "drawable", "members": {"py/set": ["ic_launcher"]}, "methods": {}, "possibleFather": "", "py/object": "JavaParserVisitor.ClassInfo", "span": 1}, "id": {"className": "id", "members": {"py/set": ["out2", "menu_settings", "output", "out3"]}, "methods": {}, "possibleFather": "", "py/object": "JavaParserVisitor.ClassInfo", "span": 4}, "layout": {"className": "layout", "members": {"py/set": ["activity_main"]}, "methods": {}, "possibleFather": "", "py/object": "JavaParserVisitor.ClassInfo", "span": 1}, "menu": {"className": "menu", "members": {"py/set": ["activity_main"]}, "methods": {}, "possibleFather": "", "py/object": "JavaParserVisitor.ClassInfo", "span": 1}, "send": {"className": "send", "members": {"py/set": []}, "methods": {"doInBackground": {"memberReferences": {"py/set": []}, "methodName": "doInBackground", "methodReferences": {"py/set": []}, "py/object": "JavaParserVisitor.MethodInfo"}}, "possibleFather": "AsyncTask<String,Void,Void>", "py/object": "JavaParserVisitor.ClassInfo", "span": 39}, "string": {"className": "string", "members": {"py/set": ["hello_world", "menu_settings", "app_name"]}, "methods": {}, "possibleFather": "", "py/object": "JavaParserVisitor.ClassInfo", "span": 3}, "style": {"className": "style", "members": {"py/set": ["AppTheme", "AppBaseTheme"]}, "methods": {}, "possibleFather": "", "py/object": "JavaParserVisitor.ClassInfo", "span": 26}}