{"SCOM": {"py/object": "Statistics.InterestingStatistics", "classValues": [{"py/tuple": [0.0, 36]}, {"py/tuple": [0.0, 35]}, {"py/tuple": [1, 4]}, {"py/tuple": [0.0, 21]}, {"py/tuple": [0.1111111111111111, 64]}, {"py/tuple": [0.0, 18]}, {"py/tuple": [1, 4]}, {"py/tuple": [0.3333333333333333, 25]}, {"py/tuple": [1.0, 15]}, {"py/tuple": [0.0, 9]}, {"py/tuple": [1, 0]}, {"py/tuple": [1, 3]}, {"py/tuple": [1, 4]}, {"py/tuple": [0.0, 51]}, {"py/tuple": [0.0, 20]}, {"py/tuple": [0.0, 111]}, {"py/tuple": [0.3194444444444444, 97]}, {"py/tuple": [0.08333333333333333, 56]}, {"py/tuple": [1, 7]}, {"py/tuple": [1.0, 9]}, {"py/tuple": [0.0, 31]}, {"py/tuple": [0.0, 59]}, {"py/tuple": [0.05, 35]}, {"py/tuple": [0.08148148148148147, 156]}, {"py/tuple": [0.0, 16]}, {"py/tuple": [1, 18]}, {"py/tuple": [1, 3]}, {"py/tuple": [1, 3]}, {"py/tuple": [0.0, 63]}, {"py/tuple": [0.0, 26]}, {"py/tuple": [1, 9]}, {"py/tuple": [1, 23]}, {"py/tuple": [1, 4]}, {"py/tuple": [1, 17]}, {"py/tuple": [1, 10]}, {"py/tuple": [1, 4]}, {"py/tuple": [1, 16]}, {"py/tuple": [1, 17]}, {"py/tuple": [0.0, 56]}, {"py/tuple": [1, 11]}, {"py/tuple": [1.0, 12]}, {"py/tuple": [0.0, 14]}, {"py/tuple": [0.0, 98]}, {"py/tuple": [1, 22]}, {"py/tuple": [1, 3]}, {"py/tuple": [0.2, 76]}, {"py/tuple": [1, 4]}, {"py/tuple": [0.0, 8]}, {"py/tuple": [0.0, 20]}, {"py/tuple": [0.0, 17]}, {"py/tuple": [0.06666666666666667, 61]}, {"py/tuple": [0.0, 31]}, {"py/tuple": [0.0625, 124]}, {"py/tuple": [0.10714285714285714, 142]}, {"py/tuple": [1, 11]}, {"py/tuple": [0.16666666666666666, 32]}, {"py/tuple": [0.0, 12]}, {"py/tuple": [1, 6]}, {"py/tuple": [1, 3]}, {"py/tuple": [1, 10]}, {"py/tuple": [1, 6]}, {"py/tuple": [0.5, 79]}, {"py/tuple": [0.0, 352]}, {"py/tuple": [1, 15]}, {"py/tuple": [0.0, 9]}, {"py/tuple": [1, 6]}, {"py/tuple": [1, 38]}, {"py/tuple": [0.0, 13]}, {"py/tuple": [0.0, 81]}, {"py/tuple": [1.0, 15]}, {"py/tuple": [0.0, 59]}, {"py/tuple": [1, 21]}, {"py/tuple": [0.02222222222222222, 112]}, {"py/tuple": [1, 15]}, {"py/tuple": [0.0, 28]}, {"py/tuple": [0.0, 43]}, {"py/tuple": [1, 14]}, {"py/tuple": [0.0, 18]}, {"py/tuple": [0.0, 103]}, {"py/tuple": [0.0, 47]}, {"py/tuple": [1, 3]}, {"py/tuple": [1, 3]}, {"py/tuple": [0.0, 9]}, {"py/tuple": [0.6666666666666666, 21]}, {"py/tuple": [0.2, 28]}, {"py/tuple": [0.3333333333333333, 23]}, {"py/tuple": [0.0, 6]}, {"py/tuple": [0.0, 30]}, {"py/tuple": [0.0, 21]}, {"py/tuple": [0.0, 19]}, {"py/tuple": [0.0, 41]}, {"py/tuple": [0.0, 8]}, {"py/tuple": [0.1, 31]}, {"py/tuple": [0.0, 15]}, {"py/tuple": [0.16666666666666666, 50]}, {"py/tuple": [1, 0]}, {"py/tuple": [0.10303030303030301, 189]}, {"py/tuple": [1, 6]}, {"py/tuple": [0.0, 51]}, {"py/tuple": [0.0, 29]}, {"py/tuple": [0.0, 19]}, {"py/tuple": [1, 0]}, {"py/tuple": [0.0, 38]}, {"py/tuple": [0.0, 23]}, {"py/tuple": [0.0, 13]}, {"py/tuple": [0.0, 16]}, {"py/tuple": [0.0, 17]}, {"py/tuple": [0.0, 14]}, {"py/tuple": [0.0, 27]}, {"py/tuple": [1, 15]}, {"py/tuple": [0.0, 37]}, {"py/tuple": [0.03549391005912745, 624]}, {"py/tuple": [0.0, 62]}, {"py/tuple": [1, 5]}, {"py/tuple": [1, 18]}, {"py/tuple": [0.0, 25]}, {"py/tuple": [0.0, 18]}, {"py/tuple": [1, 3]}, {"py/tuple": [0.16666666666666666, 22]}, {"py/tuple": [0.0, 26]}, {"py/tuple": [0.0, 73]}, {"py/tuple": [1, 1]}, {"py/tuple": [0.0, 13]}, {"py/tuple": [1, 80]}, {"py/tuple": [0.3333333333333333, 36]}, {"py/tuple": [0.0, 116]}, {"py/tuple": [1, 15]}, {"py/tuple": [0.0, 82]}, {"py/tuple": [1, 4]}, {"py/tuple": [1, 43]}, {"py/tuple": [0.0, 50]}, {"py/tuple": [0.0, 22]}, {"py/tuple": [0.0, 21]}, {"py/tuple": [0.0, 12]}, {"py/tuple": [0.0, 71]}, {"py/tuple": [0.0, 154]}, {"py/tuple": [1, 19]}, {"py/tuple": [1, 36]}, {"py/tuple": [0.1, 132]}, {"py/tuple": [0.11666666666666667, 68]}, {"py/tuple": [0.16666666666666666, 17]}, {"py/tuple": [0.0, 13]}, {"py/tuple": [0.0, 12]}, {"py/tuple": [0.0, 24]}, {"py/tuple": [0.0, 10]}]}, "LSCC": {"py/object": "Statistics.InterestingStatistics", "classValues": [{"py/tuple": [0.0, 36]}, {"py/tuple": [0, 35]}, {"py/tuple": [1, 4]}, {"py/tuple": [0.0, 21]}, {"py/tuple": [0.05555555555555555, 64]}, {"py/tuple": [0, 18]}, {"py/tuple": [1, 4]}, {"py/tuple": [0.3333333333333333, 25]}, {"py/tuple": [1.0, 15]}, {"py/tuple": [0, 9]}, {"py/tuple": [1, 0]}, {"py/tuple": [1, 3]}, {"py/tuple": [1, 4]}, {"py/tuple": [0, 51]}, {"py/tuple": [0.0, 20]}, {"py/tuple": [0.0, 111]}, {"py/tuple": [0.1111111111111111, 97]}, {"py/tuple": [0.03333333333333333, 56]}, {"py/tuple": [1, 7]}, {"py/tuple": [1.0, 9]}, {"py/tuple": [0, 31]}, {"py/tuple": [0.0, 59]}, {"py/tuple": [0.05, 35]}, {"py/tuple": [0.05185185185185185, 156]}, {"py/tuple": [0.0, 16]}, {"py/tuple": [1, 18]}, {"py/tuple": [1, 3]}, {"py/tuple": [1, 3]}, {"py/tuple": [0, 63]}, {"py/tuple": [0.0, 26]}, {"py/tuple": [1, 9]}, {"py/tuple": [1, 23]}, {"py/tuple": [1, 4]}, {"py/tuple": [1, 17]}, {"py/tuple": [1, 10]}, {"py/tuple": [1, 4]}, {"py/tuple": [1, 16]}, {"py/tuple": [1, 17]}, {"py/tuple": [0.0, 56]}, {"py/tuple": [1, 11]}, {"py/tuple": [1.0, 12]}, {"py/tuple": [0.0, 14]}, {"py/tuple": [0.0, 98]}, {"py/tuple": [1, 22]}, {"py/tuple": [1, 3]}, {"py/tuple": [0.04, 76]}, {"py/tuple": [1, 4]}, {"py/tuple": [0, 8]}, {"py/tuple": [0.0, 20]}, {"py/tuple": [0.0, 17]}, {"py/tuple": [0.06666666666666667, 61]}, {"py/tuple": [0, 31]}, {"py/tuple": [0.041666666666666664, 124]}, {"py/tuple": [0.03571428571428571, 142]}, {"py/tuple": [1, 11]}, {"py/tuple": [0.1111111111111111, 32]}, {"py/tuple": [0.0, 12]}, {"py/tuple": [1, 6]}, {"py/tuple": [1, 3]}, {"py/tuple": [1, 10]}, {"py/tuple": [1, 6]}, {"py/tuple": [0.4, 79]}, {"py/tuple": [0, 352]}, {"py/tuple": [1, 15]}, {"py/tuple": [0, 9]}, {"py/tuple": [1, 6]}, {"py/tuple": [1, 38]}, {"py/tuple": [0, 13]}, {"py/tuple": [0.0, 81]}, {"py/tuple": [0.6666666666666666, 15]}, {"py/tuple": [0.0, 59]}, {"py/tuple": [1, 21]}, {"py/tuple": [0.022222222222222223, 112]}, {"py/tuple": [1, 15]}, {"py/tuple": [0, 28]}, {"py/tuple": [0, 43]}, {"py/tuple": [1, 14]}, {"py/tuple": [0.0, 18]}, {"py/tuple": [0.0, 103]}, {"py/tuple": [0, 47]}, {"py/tuple": [1, 3]}, {"py/tuple": [1, 3]}, {"py/tuple": [0, 9]}, {"py/tuple": [0.3333333333333333, 21]}, {"py/tuple": [0.2, 28]}, {"py/tuple": [0.3333333333333333, 23]}, {"py/tuple": [0, 6]}, {"py/tuple": [0, 30]}, {"py/tuple": [0.0, 21]}, {"py/tuple": [0.0, 19]}, {"py/tuple": [0.0, 41]}, {"py/tuple": [0, 8]}, {"py/tuple": [0.1, 31]}, {"py/tuple": [0.0, 15]}, {"py/tuple": [0.16666666666666666, 50]}, {"py/tuple": [1, 0]}, {"py/tuple": [0.05858585858585859, 189]}, {"py/tuple": [1, 6]}, {"py/tuple": [0.0, 51]}, {"py/tuple": [0, 29]}, {"py/tuple": [0.0, 19]}, {"py/tuple": [1, 0]}, {"py/tuple": [0, 38]}, {"py/tuple": [0.0, 23]}, {"py/tuple": [0, 13]}, {"py/tuple": [0, 16]}, {"py/tuple": [0, 17]}, {"py/tuple": [0, 14]}, {"py/tuple": [0.0, 27]}, {"py/tuple": [1, 15]}, {"py/tuple": [0, 37]}, {"py/tuple": [0.008721765243504374, 624]}, {"py/tuple": [0.0, 62]}, {"py/tuple": [1, 5]}, {"py/tuple": [1, 18]}, {"py/tuple": [0.0, 25]}, {"py/tuple": [0, 18]}, {"py/tuple": [1, 3]}, {"py/tuple": [0.16666666666666666, 22]}, {"py/tuple": [0.0, 26]}, {"py/tuple": [0.0, 73]}, {"py/tuple": [1, 1]}, {"py/tuple": [0.0, 13]}, {"py/tuple": [1, 80]}, {"py/tuple": [0.3333333333333333, 36]}, {"py/tuple": [0.0, 116]}, {"py/tuple": [1, 15]}, {"py/tuple": [0.0, 82]}, {"py/tuple": [1, 4]}, {"py/tuple": [1, 43]}, {"py/tuple": [0.0, 50]}, {"py/tuple": [0, 22]}, {"py/tuple": [0, 21]}, {"py/tuple": [0, 12]}, {"py/tuple": [0.0, 71]}, {"py/tuple": [0, 154]}, {"py/tuple": [1, 19]}, {"py/tuple": [1, 36]}, {"py/tuple": [0.1, 132]}, {"py/tuple": [0.06666666666666667, 68]}, {"py/tuple": [0.16666666666666666, 17]}, {"py/tuple": [0.0, 13]}, {"py/tuple": [0, 12]}, {"py/tuple": [0.0, 24]}, {"py/tuple": [0, 10]}]}, "CC": {"py/object": "Statistics.InterestingStatistics", "classValues": [{"py/tuple": [0.0, 36]}, {"py/tuple": [1, 35]}, {"py/tuple": [1, 4]}, {"py/tuple": [0.0, 21]}, {"py/tuple": [0.08333333333333333, 64]}, {"py/tuple": [1, 18]}, {"py/tuple": [1, 4]}, {"py/tuple": [0.3333333333333333, 25]}, {"py/tuple": [1.0, 15]}, {"py/tuple": [1, 9]}, {"py/tuple": [1, 0]}, {"py/tuple": [1, 3]}, {"py/tuple": [1, 4]}, {"py/tuple": [1, 51]}, {"py/tuple": [0.0, 20]}, {"py/tuple": [0.0, 111]}, {"py/tuple": [0.2833333333333333, 97]}, {"py/tuple": [0.03333333333333333, 56]}, {"py/tuple": [1, 7]}, {"py/tuple": [1.0, 9]}, {"py/tuple": [1, 31]}, {"py/tuple": [0.0, 59]}, {"py/tuple": [0.2, 35]}, {"py/tuple": [0.1111111111111111, 156]}, {"py/tuple": [0.0, 16]}, {"py/tuple": [1, 18]}, {"py/tuple": [1, 3]}, {"py/tuple": [1, 3]}, {"py/tuple": [1, 63]}, {"py/tuple": [0.0, 26]}, {"py/tuple": [1, 9]}, {"py/tuple": [1, 23]}, {"py/tuple": [1, 4]}, {"py/tuple": [1, 17]}, {"py/tuple": [1, 10]}, {"py/tuple": [1, 4]}, {"py/tuple": [1, 16]}, {"py/tuple": [1, 17]}, {"py/tuple": [0.0, 56]}, {"py/tuple": [1, 11]}, {"py/tuple": [1.0, 12]}, {"py/tuple": [0.0, 14]}, {"py/tuple": [0.0, 98]}, {"py/tuple": [1, 22]}, {"py/tuple": [1, 3]}, {"py/tuple": [0.04, 76]}, {"py/tuple": [1, 4]}, {"py/tuple": [1, 8]}, {"py/tuple": [0.0, 20]}, {"py/tuple": [0.0, 17]}, {"py/tuple": [0.13333333333333333, 61]}, {"py/tuple": [1, 31]}, {"py/tuple": [0.125, 124]}, {"py/tuple": [0.047619047619047616, 142]}, {"py/tuple": [1, 11]}, {"py/tuple": [0.1111111111111111, 32]}, {"py/tuple": [0.0, 12]}, {"py/tuple": [1, 6]}, {"py/tuple": [1, 3]}, {"py/tuple": [1, 10]}, {"py/tuple": [1, 6]}, {"py/tuple": [0.4833333333333333, 79]}, {"py/tuple": [1, 352]}, {"py/tuple": [1, 15]}, {"py/tuple": [1, 9]}, {"py/tuple": [1, 6]}, {"py/tuple": [1, 38]}, {"py/tuple": [1, 13]}, {"py/tuple": [0.0, 81]}, {"py/tuple": [0.6666666666666666, 15]}, {"py/tuple": [0.0, 59]}, {"py/tuple": [1, 21]}, {"py/tuple": [0.06666666666666667, 112]}, {"py/tuple": [1, 15]}, {"py/tuple": [1, 28]}, {"py/tuple": [1, 43]}, {"py/tuple": [1, 14]}, {"py/tuple": [0.0, 18]}, {"py/tuple": [0.0, 103]}, {"py/tuple": [1, 47]}, {"py/tuple": [1, 3]}, {"py/tuple": [1, 3]}, {"py/tuple": [1, 9]}, {"py/tuple": [0.3333333333333333, 21]}, {"py/tuple": [0.4, 28]}, {"py/tuple": [0.3333333333333333, 23]}, {"py/tuple": [1, 6]}, {"py/tuple": [1, 30]}, {"py/tuple": [0.0, 21]}, {"py/tuple": [0.0, 19]}, {"py/tuple": [0.0, 41]}, {"py/tuple": [1, 8]}, {"py/tuple": [0.1, 31]}, {"py/tuple": [0.0, 15]}, {"py/tuple": [0.3333333333333333, 50]}, {"py/tuple": [1, 0]}, {"py/tuple": [0.08444444444444445, 189]}, {"py/tuple": [1, 6]}, {"py/tuple": [0.0, 51]}, {"py/tuple": [1, 29]}, {"py/tuple": [0.0, 19]}, {"py/tuple": [1, 0]}, {"py/tuple": [1, 38]}, {"py/tuple": [0.0, 23]}, {"py/tuple": [1, 13]}, {"py/tuple": [1, 16]}, {"py/tuple": [1, 17]}, {"py/tuple": [1, 14]}, {"py/tuple": [0.0, 27]}, {"py/tuple": [1, 15]}, {"py/tuple": [1, 37]}, {"py/tuple": [0.05100411036924641, 624]}, {"py/tuple": [0.0, 62]}, {"py/tuple": [1, 5]}, {"py/tuple": [1, 18]}, {"py/tuple": [0.0, 25]}, {"py/tuple": [1, 18]}, {"py/tuple": [1, 3]}, {"py/tuple": [0.3333333333333333, 22]}, {"py/tuple": [0.0, 26]}, {"py/tuple": [0.0, 73]}, {"py/tuple": [1, 1]}, {"py/tuple": [0.0, 13]}, {"py/tuple": [1, 80]}, {"py/tuple": [1.0, 36]}, {"py/tuple": [0.0, 116]}, {"py/tuple": [1, 15]}, {"py/tuple": [0.0, 82]}, {"py/tuple": [1, 4]}, {"py/tuple": [1, 43]}, {"py/tuple": [0.0, 50]}, {"py/tuple": [1, 22]}, {"py/tuple": [1, 21]}, {"py/tuple": [1, 12]}, {"py/tuple": [0.0, 71]}, {"py/tuple": [1, 154]}, {"py/tuple": [1, 19]}, {"py/tuple": [1, 36]}, {"py/tuple": [0.1, 132]}, {"py/tuple": [0.15, 68]}, {"py/tuple": [0.3333333333333333, 17]}, {"py/tuple": [0.0, 13]}, {"py/tuple": [1, 12]}, {"py/tuple": [0.0, 24]}, {"py/tuple": [1, 10]}]}, "LCOM5": {"py/object": "Statistics.InterestingStatistics", "classValues": [{"py/tuple": [0.5, 36]}, {"py/tuple": [0, 35]}, {"py/tuple": [0, 4]}, {"py/tuple": [0.5, 21]}, {"py/tuple": [0.6666666666666667, 64]}, {"py/tuple": [0, 18]}, {"py/tuple": [0, 4]}, {"py/tuple": [0.33333333333333337, 25]}, {"py/tuple": [0.0, 15]}, {"py/tuple": [0, 9]}, {"py/tuple": [0, 0]}, {"py/tuple": [0, 3]}, {"py/tuple": [0, 4]}, {"py/tuple": [0, 51]}, {"py/tuple": [1.0, 20]}, {"py/tuple": [0.5, 111]}, {"py/tuple": [0.6666666666666667, 97]}, {"py/tuple": [0.7, 56]}, {"py/tuple": [0, 7]}, {"py/tuple": [0.0, 9]}, {"py/tuple": [0, 31]}, {"py/tuple": [0.5, 59]}, {"py/tuple": [0.75, 35]}, {"py/tuple": [0.7666666666666666, 156]}, {"py/tuple": [0.8333333333333334, 16]}, {"py/tuple": [0, 18]}, {"py/tuple": [0, 3]}, {"py/tuple": [0, 3]}, {"py/tuple": [0, 63]}, {"py/tuple": [0.7777777777777778, 26]}, {"py/tuple": [0, 9]}, {"py/tuple": [1.0, 23]}, {"py/tuple": [0, 4]}, {"py/tuple": [0, 17]}, {"py/tuple": [0, 10]}, {"py/tuple": [0, 4]}, {"py/tuple": [0, 16]}, {"py/tuple": [0.0, 17]}, {"py/tuple": [1.0, 56]}, {"py/tuple": [1.0, 11]}, {"py/tuple": [0.0, 12]}, {"py/tuple": [0.5, 14]}, {"py/tuple": [1.0, 98]}, {"py/tuple": [0.0, 22]}, {"py/tuple": [0, 3]}, {"py/tuple": [0.72, 76]}, {"py/tuple": [0, 4]}, {"py/tuple": [0, 8]}, {"py/tuple": [0.5, 20]}, {"py/tuple": [1.0, 17]}, {"py/tuple": [0.6666666666666667, 61]}, {"py/tuple": [0, 31]}, {"py/tuple": [0.8333333333333334, 124]}, {"py/tuple": [0.75, 142]}, {"py/tuple": [0, 11]}, {"py/tuple": [0.5833333333333333, 32]}, {"py/tuple": [0.5, 12]}, {"py/tuple": [0, 6]}, {"py/tuple": [0, 3]}, {"py/tuple": [0, 10]}, {"py/tuple": [0, 6]}, {"py/tuple": [0.35, 79]}, {"py/tuple": [0, 352]}, {"py/tuple": [0.0, 15]}, {"py/tuple": [0, 9]}, {"py/tuple": [0, 6]}, {"py/tuple": [0.0, 38]}, {"py/tuple": [0, 13]}, {"py/tuple": [1.0, 81]}, {"py/tuple": [0.16666666666666663, 15]}, {"py/tuple": [0.75, 59]}, {"py/tuple": [0, 21]}, {"py/tuple": [0.8333333333333334, 112]}, {"py/tuple": [0, 15]}, {"py/tuple": [0, 28]}, {"py/tuple": [0, 43]}, {"py/tuple": [0.0, 14]}, {"py/tuple": [1.0, 18]}, {"py/tuple": [0.8571428571428572, 103]}, {"py/tuple": [0, 47]}, {"py/tuple": [0, 3]}, {"py/tuple": [0, 3]}, {"py/tuple": [0, 9]}, {"py/tuple": [0.33333333333333337, 21]}, {"py/tuple": [0.5, 28]}, {"py/tuple": [0.33333333333333337, 23]}, {"py/tuple": [0, 6]}, {"py/tuple": [0, 30]}, {"py/tuple": [0.75, 21]}, {"py/tuple": [0.6666666666666667, 19]}, {"py/tuple": [0.8333333333333334, 41]}, {"py/tuple": [0, 8]}, {"py/tuple": [0.6, 31]}, {"py/tuple": [0.6666666666666667, 15]}, {"py/tuple": [0.5, 50]}, {"py/tuple": [0, 0]}, {"py/tuple": [0.7181818181818183, 189]}, {"py/tuple": [0, 6]}, {"py/tuple": [0.75, 51]}, {"py/tuple": [0, 29]}, {"py/tuple": [0.5, 19]}, {"py/tuple": [0, 0]}, {"py/tuple": [0, 38]}, {"py/tuple": [0.6666666666666667, 23]}, {"py/tuple": [0, 13]}, {"py/tuple": [0, 16]}, {"py/tuple": [0, 17]}, {"py/tuple": [0, 14]}, {"py/tuple": [0.6666666666666667, 27]}, {"py/tuple": [0, 15]}, {"py/tuple": [0, 37]}, {"py/tuple": [0.9230317273795534, 624]}, {"py/tuple": [0.75, 62]}, {"py/tuple": [0, 5]}, {"py/tuple": [0, 18]}, {"py/tuple": [0.8, 25]}, {"py/tuple": [0, 18]}, {"py/tuple": [0, 3]}, {"py/tuple": [0.5, 22]}, {"py/tuple": [0.875, 26]}, {"py/tuple": [0.8, 73]}, {"py/tuple": [0, 1]}, {"py/tuple": [1.0, 13]}, {"py/tuple": [0, 80]}, {"py/tuple": [0.6666666666666667, 36]}, {"py/tuple": [0.8571428571428572, 116]}, {"py/tuple": [0, 15]}, {"py/tuple": [0.85, 82]}, {"py/tuple": [0, 4]}, {"py/tuple": [0.33333333333333337, 43]}, {"py/tuple": [0.625, 50]}, {"py/tuple": [0, 22]}, {"py/tuple": [0, 21]}, {"py/tuple": [0, 12]}, {"py/tuple": [0.75, 71]}, {"py/tuple": [0, 154]}, {"py/tuple": [0, 19]}, {"py/tuple": [0, 36]}, {"py/tuple": [0.6, 132]}, {"py/tuple": [0.7083333333333333, 68]}, {"py/tuple": [0.5, 17]}, {"py/tuple": [0.5, 13]}, {"py/tuple": [0, 12]}, {"py/tuple": [0.5, 24]}, {"py/tuple": [0, 10]}]}, "CBAMU": {"py/object": "Statistics.InterestingStatistics", "classValues": [{"py/tuple": [0.25, 36]}, {"py/tuple": [0.0, 35]}, {"py/tuple": [0.0, 4]}, {"py/tuple": [0.25, 21]}, {"py/tuple": [0.16666666666666666, 64]}, {"py/tuple": [0.0, 18]}, {"py/tuple": [0.0, 4]}, {"py/tuple": [0.41666666666666663, 25]}, {"py/tuple": [0.5, 15]}, {"py/tuple": [0.0, 9]}, {"py/tuple": [0.0, 0]}, {"py/tuple": [0.0, 3]}, {"py/tuple": [0.0, 4]}, {"py/tuple": [0.08333333333333333, 51]}, {"py/tuple": [0.0, 20]}, {"py/tuple": [0.25, 111]}, {"py/tuple": [0.20833333333333331, 97]}, {"py/tuple": [0.15, 56]}, {"py/tuple": [0.0, 7]}, {"py/tuple": [0.5, 9]}, {"py/tuple": [0.08333333333333333, 31]}, {"py/tuple": [0.25, 59]}, {"py/tuple": [0.125, 35]}, {"py/tuple": [0.14444444444444443, 156]}, {"py/tuple": [0.08333333333333333, 16]}, {"py/tuple": [0.0, 18]}, {"py/tuple": [0.0, 3]}, {"py/tuple": [0.0, 3]}, {"py/tuple": [0.075, 63]}, {"py/tuple": [0.1111111111111111, 26]}, {"py/tuple": [0.0, 9]}, {"py/tuple": [0.0, 23]}, {"py/tuple": [0.0, 4]}, {"py/tuple": [0.0, 17]}, {"py/tuple": [0.0, 10]}, {"py/tuple": [0.0, 4]}, {"py/tuple": [0.0, 16]}, {"py/tuple": [0.5, 17]}, {"py/tuple": [0.0, 56]}, {"py/tuple": [0.0, 11]}, {"py/tuple": [0.5, 12]}, {"py/tuple": [0.25, 14]}, {"py/tuple": [0.0, 98]}, {"py/tuple": [0.5, 22]}, {"py/tuple": [0.0, 3]}, {"py/tuple": [0.14, 76]}, {"py/tuple": [0.0, 4]}, {"py/tuple": [0.0, 8]}, {"py/tuple": [0.25, 20]}, {"py/tuple": [0.0, 17]}, {"py/tuple": [0.16666666666666666, 61]}, {"py/tuple": [0.0, 31]}, {"py/tuple": [0.125, 124]}, {"py/tuple": [0.13690476190476192, 142]}, {"py/tuple": [0.0, 11]}, {"py/tuple": [0.25, 32]}, {"py/tuple": [0.25, 12]}, {"py/tuple": [0.0, 6]}, {"py/tuple": [0.0, 3]}, {"py/tuple": [0.0, 10]}, {"py/tuple": [0.0, 6]}, {"py/tuple": [0.375, 79]}, {"py/tuple": [0.016666666666666666, 352]}, {"py/tuple": [0.5, 15]}, {"py/tuple": [0.0, 9]}, {"py/tuple": [0.0, 6]}, {"py/tuple": [0.5, 38]}, {"py/tuple": [0.0, 13]}, {"py/tuple": [0.0, 81]}, {"py/tuple": [0.4166666666666667, 15]}, {"py/tuple": [0.16666666666666666, 59]}, {"py/tuple": [0.0, 21]}, {"py/tuple": [0.11666666666666667, 112]}, {"py/tuple": [0.0, 15]}, {"py/tuple": [0.25, 28]}, {"py/tuple": [0.05, 43]}, {"py/tuple": [0.5, 14]}, {"py/tuple": [0.16666666666666666, 18]}, {"py/tuple": [0.08333333333333333, 103]}, {"py/tuple": [0.0, 47]}, {"py/tuple": [0.0, 3]}, {"py/tuple": [0.0, 3]}, {"py/tuple": [0.0, 9]}, {"py/tuple": [0.3333333333333333, 21]}, {"py/tuple": [0.25, 28]}, {"py/tuple": [0.3333333333333333, 23]}, {"py/tuple": [0.0, 6]}, {"py/tuple": [0.0, 30]}, {"py/tuple": [0.125, 21]}, {"py/tuple": [0.16666666666666666, 19]}, {"py/tuple": [0.08333333333333333, 41]}, {"py/tuple": [0.0, 8]}, {"py/tuple": [0.225, 31]}, {"py/tuple": [0.16666666666666666, 15]}, {"py/tuple": [0.25, 50]}, {"py/tuple": [0.0, 0]}, {"py/tuple": [0.19090909090909092, 189]}, {"py/tuple": [0.0, 6]}, {"py/tuple": [0.125, 51]}, {"py/tuple": [0.0, 29]}, {"py/tuple": [0.25, 19]}, {"py/tuple": [0.0, 0]}, {"py/tuple": [0.0, 38]}, {"py/tuple": [0.16666666666666666, 23]}, {"py/tuple": [0.0, 13]}, {"py/tuple": [0.0, 16]}, {"py/tuple": [0.0, 17]}, {"py/tuple": [0.0, 14]}, {"py/tuple": [0.16666666666666666, 27]}, {"py/tuple": [0.0, 15]}, {"py/tuple": [0.0, 37]}, {"py/tuple": [0.04379814597205901, 624]}, {"py/tuple": [0.16666666666666666, 62]}, {"py/tuple": [0.0, 5]}, {"py/tuple": [0.0, 18]}, {"py/tuple": [0.1, 25]}, {"py/tuple": [0.0, 18]}, {"py/tuple": [0.0, 3]}, {"py/tuple": [0.25, 22]}, {"py/tuple": [0.0625, 26]}, {"py/tuple": [0.125, 73]}, {"py/tuple": [0.0, 1]}, {"py/tuple": [0.0, 13]}, {"py/tuple": [0.0, 80]}, {"py/tuple": [0.25, 36]}, {"py/tuple": [0.13095238095238093, 116]}, {"py/tuple": [0.0, 15]}, {"py/tuple": [0.15, 82]}, {"py/tuple": [0.0, 4]}, {"py/tuple": [0.3333333333333333, 43]}, {"py/tuple": [0.1875, 50]}, {"py/tuple": [0.0, 22]}, {"py/tuple": [0.0, 21]}, {"py/tuple": [0.0, 12]}, {"py/tuple": [0.125, 71]}, {"py/tuple": [0.05555555555555555, 154]}, {"py/tuple": [0.0, 19]}, {"py/tuple": [0.0, 36]}, {"py/tuple": [0.2, 132]}, {"py/tuple": [0.1625, 68]}, {"py/tuple": [0.25, 17]}, {"py/tuple": [0.25, 13]}, {"py/tuple": [0.0, 12]}, {"py/tuple": [0.25, 24]}, {"py/tuple": [0.0, 10]}]}}