{"DefaultMessageListenerConcurrently": {"className": "DefaultMessageListenerConcurrently", "members": {"py/set": []}, "methods": {"consumeMessage": {"memberReferences": {"py/set": []}, "methodName": "consumeMessage", "methodReferences": {"py/set": []}, "py/object": "JavaParserVisitor.MethodInfo"}}, "possibleFather": "", "py/object": "JavaParserVisitor.ClassInfo", "span": 18}, "DefaultMessageListenerOrderly": {"className": "DefaultMessageListenerOrderly", "members": {"py/set": []}, "methods": {"consumeMessage": {"memberReferences": {"py/set": []}, "methodName": "consumeMessage", "methodReferences": {"py/set": []}, "py/object": "JavaParserVisitor.MethodInfo"}}, "possibleFather": "", "py/object": "JavaParserVisitor.ClassInfo", "span": 18}, "DefaultRocketMQListenerContainer": {"className": "DefaultRocketMQListenerContainer", "members": {"py/set": ["started", "pullThresholdForTopic", "consumeThreadMax", "objectMapper", "rocketMQListener", "consumer", "selectorExpress", "consumeMode", "charset", "nameServer", "pullThresholdSizeForTopic", "delayLevelWhenNextConsume", "suspendCurrentQueueTimeMillis", "messageType", "topic", "consumerGroup", "messageModel", "selectorType"]}, "methods": {"afterPropertiesSet": {"memberReferences": {"py/set": ["consumeThreadMax", "rocketMQListener", "consumer", "selectorExpress", "consumeMode", "nameServer", "messageType", "topic", "consumerGroup", "messageModel", "selectorType"]}, "methodName": "afterPropertiesSet", "methodReferences": {"py/set": ["start"]}, "py/object": "JavaParserVisitor.MethodInfo"}, "destroy": {"memberReferences": {"py/set": ["consumeMode", "nameServer", "topic", "consumerGroup", "messageModel", "selectorType", "selectorExpress"]}, "methodName": "destroy", "methodReferences": {"py/set": ["toString"]}, "py/object": "JavaParserVisitor.MethodInfo"}, "doConvertMessage": {"memberReferences": {"py/set": ["messageType"]}, "methodName": "doConvertMessage", "methodReferences": {"py/set": []}, "py/object": "JavaParserVisitor.MethodInfo"}, "getMessageType": {"memberReferences": {"py/set": []}, "methodName": "getMessageType", "methodReferences": {"py/set": []}, "py/object": "JavaParserVisitor.MethodInfo"}, "initRocketMQPushConsumer": {"memberReferences": {"py/set": ["consumeThreadMax", "consumer", "rocketMQListener", "consumeMode", "topic", "consumerGroup", "selectorType"]}, "methodName": "initRocketMQPushConsumer", "methodReferences": {"py/set": []}, "py/object": "JavaParserVisitor.MethodInfo"}, "setupMessageListener": {"memberReferences": {"py/set": ["rocketMQListener"]}, "methodName": "setupMessageListener", "methodReferences": {"py/set": []}, "py/object": "JavaParserVisitor.MethodInfo"}, "start": {"memberReferences": {"py/set": ["consumeThreadMax", "rocketMQListener", "consumer", "selectorExpress", "consumeMode", "nameServer", "messageType", "topic", "consumerGroup", "messageModel", "selectorType"]}, "methodName": "start", "methodReferences": {"py/set": ["initRocketMQPushConsumer", "getMessageType", "toString"]}, "py/object": "JavaParserVisitor.MethodInfo"}, "toString": {"memberReferences": {"py/set": ["selectorExpress", "consumeMode", "nameServer", "topic", "consumerGroup", "messageModel", "selectorType"]}, "methodName": "toString", "methodReferences": {"py/set": []}, "py/object": "JavaParserVisitor.MethodInfo"}}, "possibleFather": "", "py/object": "JavaParserVisitor.ClassInfo", "span": 270}, "DefaultRocketMQListenerContainerConstants": {"className": "DefaultRocketMQListenerContainerConstants", "members": {"py/set": ["PROP_SELECTOR_EXPRESS", "PROP_PULL_THRESHOLD_SIZE_FOR_TOPIC", "PROP_CONSUMER_GROUP", "PROP_CONSUME_THREAD_MAX", "PROP_CONSUME_MODE", "PROP_ROCKETMQ_LISTENER", "PROP_NAMESERVER", "PROP_TOPIC", "PROP_OBJECT_MAPPER", "METHOD_DESTROY", "PROP_SELECTOR_TYPE", "PROP_PULL_THRESHOLD_FOR_TOPIC", "PROP_MESSAGE_MODEL"]}, "methods": {}, "possibleFather": "", "py/object": "JavaParserVisitor.ClassInfo", "span": 13}, "ListenerContainerConfiguration": {"className": "ListenerContainerConfiguration", "members": {"py/set": ["environment", "counter", "rocketMQProperties", "objectMapper", "applicationContext"]}, "methods": {"ListenerContainerConfiguration": {"memberReferences": {"py/set": ["objectMapper"]}, "methodName": "ListenerContainerConfiguration", "methodReferences": {"py/set": []}, "py/object": "JavaParserVisitor.MethodInfo"}, "afterPropertiesSet": {"memberReferences": {"py/set": ["applicationContext"]}, "methodName": "afterPropertiesSet", "methodReferences": {"py/set": []}, "py/object": "JavaParserVisitor.MethodInfo"}, "registerContainer": {"memberReferences": {"py/set": ["environment"]}, "methodName": "registerContainer", "methodReferences": {"py/set": []}, "py/object": "JavaParserVisitor.MethodInfo"}, "setApplicationContext": {"memberReferences": {"py/set": ["applicationContext"]}, "methodName": "setApplicationContext", "methodReferences": {"py/set": []}, "py/object": "JavaParserVisitor.MethodInfo"}}, "possibleFather": "", "py/object": "JavaParserVisitor.ClassInfo", "span": 78}, "MyListener": {"className": "MyListener", "members": {"py/set": []}, "methods": {"onMessage": {"memberReferences": {"py/set": []}, "methodName": "onMessage", "methodReferences": {"py/set": []}, "py/object": "JavaParserVisitor.MethodInfo"}}, "possibleFather": "", "py/object": "JavaParserVisitor.ClassInfo", "span": 4}, "Producer": {"className": "Producer", "members": {"py/set": ["retryAnotherBrokerWhenNotStoreOk", "sendMsgTimeout", "maxMessageSize", "retryTimesWhenSendAsyncFailed", "compressMsgBodyOverHowmuch", "retryTimesWhenSendFailed", "group"]}, "methods": {}, "possibleFather": "", "py/object": "JavaParserVisitor.ClassInfo", "span": 37}, "RocketMQAutoConfiguration": {"className": "RocketMQAutoConfiguration", "members": {"py/set": []}, "methods": {"mqProducer": {"memberReferences": {"py/set": []}, "methodName": "mqProducer", "methodReferences": {"py/set": []}, "py/object": "JavaParserVisitor.MethodInfo"}, "rocketMQMessageObjectMapper": {"memberReferences": {"py/set": []}, "methodName": "rocketMQMessageObjectMapper", "methodReferences": {"py/set": []}, "py/object": "JavaParserVisitor.MethodInfo"}, "rocketMQTemplate": {"memberReferences": {"py/set": []}, "methodName": "rocketMQTemplate", "methodReferences": {"py/set": []}, "py/object": "JavaParserVisitor.MethodInfo"}}, "possibleFather": "", "py/object": "JavaParserVisitor.ClassInfo", "span": 130}, "RocketMQAutoConfigurationTests": {"className": "RocketMQAutoConfigurationTests", "members": {"py/set": ["TEST_TOPIC", "context", "TEST_CONSUMER_GROUP"]}, "methods": {"closeContext": {"memberReferences": {"py/set": ["context"]}, "methodName": "closeContext", "methodReferences": {"py/set": []}, "py/object": "JavaParserVisitor.MethodInfo"}, "enableConsumer": {"memberReferences": {"py/set": ["context"]}, "methodName": "enableConsumer", "methodReferences": {"py/set": ["load", "closeContext"]}, "py/object": "JavaParserVisitor.MethodInfo"}, "enableProducer": {"memberReferences": {"py/set": ["context"]}, "methodName": "enableProducer", "methodReferences": {"py/set": ["load", "closeContext"]}, "py/object": "JavaParserVisitor.MethodInfo"}, "listenerContainer": {"memberReferences": {"py/set": ["TEST_TOPIC", "context", "TEST_CONSUMER_GROUP"]}, "methodName": "listenerContainer", "methodReferences": {"py/set": ["load"]}, "py/object": "JavaParserVisitor.MethodInfo"}, "load": {"memberReferences": {"py/set": []}, "methodName": "load", "methodReferences": {"py/set": ["load"]}, "py/object": "JavaParserVisitor.MethodInfo"}, "rocketMQTemplate": {"memberReferences": {"py/set": ["context"]}, "methodName": "rocketMQTemplate", "methodReferences": {"py/set": ["load"]}, "py/object": "JavaParserVisitor.MethodInfo"}}, "possibleFather": "", "py/object": "JavaParserVisitor.ClassInfo", "span": 144}, "RocketMQProperties": {"className": "RocketMQProperties", "members": {"py/set": ["nameServer", "producer"]}, "methods": {}, "possibleFather": "", "py/object": "JavaParserVisitor.ClassInfo", "span": 47}, "RocketMQTemplate": {"className": "RocketMQTemplate", "members": {"py/set": ["objectMapper", "messageQueueSelector", "charset", "producer"]}, "methods": {"afterPropertiesSet": {"memberReferences": {"py/set": []}, "methodName": "afterPropertiesSet", "methodReferences": {"py/set": []}, "py/object": "JavaParserVisitor.MethodInfo"}, "asyncSend": {"memberReferences": {"py/set": []}, "methodName": "asyncSend", "methodReferences": {"py/set": ["asyncSend"]}, "py/object": "JavaParserVisitor.MethodInfo"}, "asyncSendOrderly": {"memberReferences": {"py/set": []}, "methodName": "asyncSendOrderly", "methodReferences": {"py/set": ["doConvert", "asyncSendOrderly"]}, "py/object": "JavaParserVisitor.MethodInfo"}, "convertToRocketMsg": {"memberReferences": {"py/set": ["objectMapper"]}, "methodName": "convertToRocketMsg", "methodReferences": {"py/set": []}, "py/object": "JavaParserVisitor.MethodInfo"}, "destroy": {"memberReferences": {"py/set": []}, "methodName": "destroy", "methodReferences": {"py/set": []}, "py/object": "JavaParserVisitor.MethodInfo"}, "doConvert": {"memberReferences": {"py/set": []}, "methodName": "doConvert", "methodReferences": {"py/set": []}, "py/object": "JavaParserVisitor.MethodInfo"}, "doSend": {"memberReferences": {"py/set": []}, "methodName": "doSend", "methodReferences": {"py/set": ["syncSend"]}, "py/object": "JavaParserVisitor.MethodInfo"}, "sendOneWay": {"memberReferences": {"py/set": []}, "methodName": "sendOneWay", "methodReferences": {"py/set": ["doConvert", "sendOneWay"]}, "py/object": "JavaParserVisitor.MethodInfo"}, "sendOneWayOrderly": {"memberReferences": {"py/set": []}, "methodName": "sendOneWayOrderly", "methodReferences": {"py/set": ["doConvert", "sendOneWayOrderly"]}, "py/object": "JavaParserVisitor.MethodInfo"}, "syncSend": {"memberReferences": {"py/set": []}, "methodName": "syncSend", "methodReferences": {"py/set": ["doConvert", "syncSend"]}, "py/object": "JavaParserVisitor.MethodInfo"}, "syncSendOrderly": {"memberReferences": {"py/set": []}, "methodName": "syncSendOrderly", "methodReferences": {"py/set": ["syncSendOrderly", "doConvert"]}, "py/object": "JavaParserVisitor.MethodInfo"}}, "possibleFather": "AbstractMessageSendingTemplate<String>", "py/object": "JavaParserVisitor.ClassInfo", "span": 460}}