{"SCOM": {"py/object": "Statistics.InterestingStatistics", "classValues": [{"py/tuple": [0.09375, 84]}, {"py/tuple": [0.0, 78]}, {"py/tuple": [0.0, 10]}, {"py/tuple": [0.0, 44]}, {"py/tuple": [0.0, 18]}, {"py/tuple": [0.0, 42]}, {"py/tuple": [0.05555555555555555, 63]}, {"py/tuple": [0.27777777777777773, 28]}, {"py/tuple": [0.0, 77]}, {"py/tuple": [0.5, 26]}, {"py/tuple": [0.05050505050505051, 133]}, {"py/tuple": [0.16666666666666666, 29]}, {"py/tuple": [1, 4]}, {"py/tuple": [0.41999999999999993, 93]}, {"py/tuple": [1, 2]}, {"py/tuple": [1, 21]}, {"py/tuple": [0.04444444444444444, 71]}, {"py/tuple": [1, 26]}, {"py/tuple": [0.0, 21]}, {"py/tuple": [0.0, 30]}, {"py/tuple": [1, 14]}, {"py/tuple": [0.3333333333333333, 35]}, {"py/tuple": [0.2, 40]}, {"py/tuple": [0.0, 11]}, {"py/tuple": [0.05555555555555555, 67]}, {"py/tuple": [0.21818181818181817, 58]}, {"py/tuple": [0.0, 23]}, {"py/tuple": [0.0, 32]}, {"py/tuple": [0.2828282828282829, 111]}, {"py/tuple": [0.3333333333333333, 21]}, {"py/tuple": [0.0, 28]}, {"py/tuple": [0.007352941176470588, 170]}, {"py/tuple": [0.0, 13]}, {"py/tuple": [0.3333333333333333, 19]}, {"py/tuple": [0.04918752744839703, 242]}, {"py/tuple": [0.20833333333333334, 129]}, {"py/tuple": [1, 36]}, {"py/tuple": [1, 23]}, {"py/tuple": [0.08333333333333333, 36]}, {"py/tuple": [0.0, 23]}, {"py/tuple": [0.0, 23]}, {"py/tuple": [0.16071428571428573, 51]}, {"py/tuple": [0.09999999999999999, 60]}, {"py/tuple": [1, 9]}, {"py/tuple": [0.3333333333333333, 15]}, {"py/tuple": [0.0, 49]}, {"py/tuple": [0.3333333333333333, 25]}, {"py/tuple": [0.21428571428571427, 42]}, {"py/tuple": [0.05, 40]}, {"py/tuple": [0.0, 11]}, {"py/tuple": [0.0, 49]}, {"py/tuple": [0.0, 18]}, {"py/tuple": [0.5, 40]}, {"py/tuple": [0.16666666666666666, 27]}, {"py/tuple": [0.0, 16]}, {"py/tuple": [1, 4]}, {"py/tuple": [1, 32]}, {"py/tuple": [0.05555555555555555, 66]}, {"py/tuple": [1, 10]}, {"py/tuple": [1, 16]}, {"py/tuple": [0.011111111111111112, 78]}, {"py/tuple": [0.01098901098901099, 91]}, {"py/tuple": [1, 5]}, {"py/tuple": [0.0, 9]}, {"py/tuple": [0.0380952380952381, 111]}, {"py/tuple": [1, 11]}, {"py/tuple": [1.0, 29]}, {"py/tuple": [0.36111111111111116, 72]}, {"py/tuple": [0.55, 42]}, {"py/tuple": [0.0, 227]}, {"py/tuple": [0.0, 101]}, {"py/tuple": [0.23333333333333334, 71]}, {"py/tuple": [0.00462962962962963, 122]}, {"py/tuple": [0.0, 16]}, {"py/tuple": [0.05, 51]}, {"py/tuple": [1.0, 32]}, {"py/tuple": [1, 10]}, {"py/tuple": [0.05555555555555556, 69]}, {"py/tuple": [1, 27]}, {"py/tuple": [0.0, 9]}, {"py/tuple": [0.0, 24]}, {"py/tuple": [0.0, 28]}, {"py/tuple": [0.027777777777777776, 67]}, {"py/tuple": [1, 6]}, {"py/tuple": [0.1356060606060606, 88]}, {"py/tuple": [0.0, 23]}, {"py/tuple": [1, 0]}, {"py/tuple": [1, 0]}, {"py/tuple": [1, 0]}, {"py/tuple": [1, 0]}, {"py/tuple": [1, 0]}, {"py/tuple": [0.0, 24]}, {"py/tuple": [0.075, 91]}, {"py/tuple": [0.01176470588235294, 133]}, {"py/tuple": [0.5, 16]}, {"py/tuple": [0.0, 16]}, {"py/tuple": [0.6, 30]}, {"py/tuple": [0.0, 20]}, {"py/tuple": [0.021978021978021976, 99]}, {"py/tuple": [0.3375, 77]}, {"py/tuple": [0.042735042735042736, 76]}, {"py/tuple": [0.04861111111111111, 80]}, {"py/tuple": [0.29333333333333333, 81]}, {"py/tuple": [1, 17]}, {"py/tuple": [0.0, 33]}, {"py/tuple": [0.0, 42]}, {"py/tuple": [0.0, 17]}, {"py/tuple": [1.0, 11]}, {"py/tuple": [0.0, 8]}, {"py/tuple": [0.0, 64]}, {"py/tuple": [0.22469135802469134, 86]}, {"py/tuple": [0.12362637362637363, 135]}, {"py/tuple": [0.0, 47]}, {"py/tuple": [1, 14]}, {"py/tuple": [1, 11]}, {"py/tuple": [1, 11]}, {"py/tuple": [1, 5]}, {"py/tuple": [0.0, 19]}, {"py/tuple": [1, 5]}, {"py/tuple": [0.0, 39]}, {"py/tuple": [0.1, 22]}, {"py/tuple": [0.2, 50]}, {"py/tuple": [1, 11]}, {"py/tuple": [0.16666666666666666, 24]}, {"py/tuple": [1, 4]}, {"py/tuple": [0.0, 26]}, {"py/tuple": [1.0, 10]}, {"py/tuple": [0.04, 55]}, {"py/tuple": [0.5, 101]}, {"py/tuple": [0.06363636363636363, 104]}, {"py/tuple": [0.16666666666666666, 24]}, {"py/tuple": [1, 4]}, {"py/tuple": [0.0, 38]}, {"py/tuple": [0.0, 22]}, {"py/tuple": [0.25, 29]}, {"py/tuple": [0.2916666666666667, 71]}, {"py/tuple": [0.0, 28]}, {"py/tuple": [1, 15]}, {"py/tuple": [0.0, 19]}, {"py/tuple": [0.03333333333333333, 46]}, {"py/tuple": [1, 16]}, {"py/tuple": [0.0, 13]}]}, "LSCC": {"py/object": "Statistics.InterestingStatistics", "classValues": [{"py/tuple": [0.041666666666666664, 84]}, {"py/tuple": [0, 78]}, {"py/tuple": [0, 10]}, {"py/tuple": [0.0, 44]}, {"py/tuple": [0.0, 18]}, {"py/tuple": [0.0, 42]}, {"py/tuple": [0.013888888888888888, 63]}, {"py/tuple": [0.16666666666666666, 28]}, {"py/tuple": [0.0, 77]}, {"py/tuple": [0.25, 26]}, {"py/tuple": [0.030303030303030304, 133]}, {"py/tuple": [0.16666666666666666, 29]}, {"py/tuple": [1, 4]}, {"py/tuple": [0.06, 93]}, {"py/tuple": [1, 2]}, {"py/tuple": [1, 21]}, {"py/tuple": [0.022222222222222223, 71]}, {"py/tuple": [1, 26]}, {"py/tuple": [0.0, 21]}, {"py/tuple": [0.0, 30]}, {"py/tuple": [1, 14]}, {"py/tuple": [0.16666666666666666, 35]}, {"py/tuple": [0.1, 40]}, {"py/tuple": [0.0, 11]}, {"py/tuple": [0.027777777777777776, 67]}, {"py/tuple": [0.03636363636363636, 58]}, {"py/tuple": [0, 23]}, {"py/tuple": [0.0, 32]}, {"py/tuple": [0.23232323232323232, 111]}, {"py/tuple": [0.16666666666666666, 21]}, {"py/tuple": [0.0, 28]}, {"py/tuple": [0.004084967320261438, 170]}, {"py/tuple": [0, 13]}, {"py/tuple": [0.16666666666666666, 19]}, {"py/tuple": [0.021739130434782608, 242]}, {"py/tuple": [0.18055555555555555, 129]}, {"py/tuple": [1, 36]}, {"py/tuple": [1, 23]}, {"py/tuple": [0.08333333333333333, 36]}, {"py/tuple": [0, 23]}, {"py/tuple": [0.0, 23]}, {"py/tuple": [0.10714285714285714, 51]}, {"py/tuple": [0.03333333333333333, 60]}, {"py/tuple": [1, 9]}, {"py/tuple": [0.3333333333333333, 15]}, {"py/tuple": [0.0, 49]}, {"py/tuple": [0.3333333333333333, 25]}, {"py/tuple": [0.21428571428571427, 42]}, {"py/tuple": [0.05, 40]}, {"py/tuple": [0.0, 11]}, {"py/tuple": [0.0, 49]}, {"py/tuple": [0.0, 18]}, {"py/tuple": [0.5, 40]}, {"py/tuple": [0.16666666666666666, 27]}, {"py/tuple": [0.0, 16]}, {"py/tuple": [1, 4]}, {"py/tuple": [1, 32]}, {"py/tuple": [0.05555555555555555, 66]}, {"py/tuple": [1, 10]}, {"py/tuple": [1, 16]}, {"py/tuple": [0.005555555555555556, 78]}, {"py/tuple": [0.01098901098901099, 91]}, {"py/tuple": [1, 5]}, {"py/tuple": [0, 9]}, {"py/tuple": [0.02619047619047619, 111]}, {"py/tuple": [1, 11]}, {"py/tuple": [1.0, 29]}, {"py/tuple": [0.12777777777777777, 72]}, {"py/tuple": [0.35, 42]}, {"py/tuple": [0.0, 227]}, {"py/tuple": [0.0, 101]}, {"py/tuple": [0.13333333333333333, 71]}, {"py/tuple": [0.004629629629629629, 122]}, {"py/tuple": [0, 16]}, {"py/tuple": [0.016666666666666666, 51]}, {"py/tuple": [0.6666666666666666, 32]}, {"py/tuple": [1, 10]}, {"py/tuple": [0.031746031746031744, 69]}, {"py/tuple": [1, 27]}, {"py/tuple": [0, 9]}, {"py/tuple": [0.0, 24]}, {"py/tuple": [0, 28]}, {"py/tuple": [0.027777777777777776, 67]}, {"py/tuple": [1, 6]}, {"py/tuple": [0.04318181818181818, 88]}, {"py/tuple": [0.0, 23]}, {"py/tuple": [1, 0]}, {"py/tuple": [1, 0]}, {"py/tuple": [1, 0]}, {"py/tuple": [1, 0]}, {"py/tuple": [1, 0]}, {"py/tuple": [0.0, 24]}, {"py/tuple": [0.075, 91]}, {"py/tuple": [0.00392156862745098, 133]}, {"py/tuple": [0.3333333333333333, 16]}, {"py/tuple": [0.0, 16]}, {"py/tuple": [0.6, 30]}, {"py/tuple": [0.0, 20]}, {"py/tuple": [0.02197802197802198, 99]}, {"py/tuple": [0.075, 77]}, {"py/tuple": [0.017094017094017096, 76]}, {"py/tuple": [0.020833333333333332, 80]}, {"py/tuple": [0.08, 81]}, {"py/tuple": [1, 17]}, {"py/tuple": [0, 33]}, {"py/tuple": [0.0, 42]}, {"py/tuple": [0.0, 17]}, {"py/tuple": [1.0, 11]}, {"py/tuple": [0, 8]}, {"py/tuple": [0.0, 64]}, {"py/tuple": [0.13703703703703704, 86]}, {"py/tuple": [0.12362637362637363, 135]}, {"py/tuple": [0, 47]}, {"py/tuple": [1, 14]}, {"py/tuple": [1, 11]}, {"py/tuple": [1, 11]}, {"py/tuple": [1, 5]}, {"py/tuple": [0, 19]}, {"py/tuple": [1, 5]}, {"py/tuple": [0, 39]}, {"py/tuple": [0.1, 22]}, {"py/tuple": [0.2, 50]}, {"py/tuple": [1, 11]}, {"py/tuple": [0.16666666666666666, 24]}, {"py/tuple": [1, 4]}, {"py/tuple": [0, 26]}, {"py/tuple": [1.0, 10]}, {"py/tuple": [0.02666666666666667, 55]}, {"py/tuple": [0.5, 101]}, {"py/tuple": [0.01818181818181818, 104]}, {"py/tuple": [0.16666666666666666, 24]}, {"py/tuple": [1, 4]}, {"py/tuple": [0.0, 38]}, {"py/tuple": [0.0, 22]}, {"py/tuple": [0.08333333333333333, 29]}, {"py/tuple": [0.041666666666666664, 71]}, {"py/tuple": [0.0, 28]}, {"py/tuple": [1, 15]}, {"py/tuple": [0, 19]}, {"py/tuple": [0.022222222222222223, 46]}, {"py/tuple": [1, 16]}, {"py/tuple": [0.0, 13]}]}, "CC": {"py/object": "Statistics.InterestingStatistics", "classValues": [{"py/tuple": [0.1111111111111111, 84]}, {"py/tuple": [1, 78]}, {"py/tuple": [1, 10]}, {"py/tuple": [0.0, 44]}, {"py/tuple": [0.0, 18]}, {"py/tuple": [0.0, 42]}, {"py/tuple": [0.013888888888888888, 63]}, {"py/tuple": [0.3333333333333333, 28]}, {"py/tuple": [0.0, 77]}, {"py/tuple": [0.5, 26]}, {"py/tuple": [0.16203703703703703, 133]}, {"py/tuple": [0.16666666666666666, 29]}, {"py/tuple": [1, 4]}, {"py/tuple": [0.24, 93]}, {"py/tuple": [1, 2]}, {"py/tuple": [1, 21]}, {"py/tuple": [0.03333333333333333, 71]}, {"py/tuple": [1, 26]}, {"py/tuple": [0.0, 21]}, {"py/tuple": [0.0, 30]}, {"py/tuple": [1, 14]}, {"py/tuple": [0.16666666666666666, 35]}, {"py/tuple": [0.1, 40]}, {"py/tuple": [0.0, 11]}, {"py/tuple": [0.027777777777777776, 67]}, {"py/tuple": [0.21818181818181817, 58]}, {"py/tuple": [1, 23]}, {"py/tuple": [0.0, 32]}, {"py/tuple": [0.6212121212121212, 111]}, {"py/tuple": [0.16666666666666666, 21]}, {"py/tuple": [0.0, 28]}, {"py/tuple": [0.012254901960784312, 170]}, {"py/tuple": [1, 13]}, {"py/tuple": [0.16666666666666666, 19]}, {"py/tuple": [0.1320158102766798, 242]}, {"py/tuple": [0.24074074074074073, 129]}, {"py/tuple": [1, 36]}, {"py/tuple": [1, 23]}, {"py/tuple": [0.16666666666666666, 36]}, {"py/tuple": [1, 23]}, {"py/tuple": [0.0, 23]}, {"py/tuple": [0.16071428571428573, 51]}, {"py/tuple": [0.05555555555555555, 60]}, {"py/tuple": [1, 9]}, {"py/tuple": [0.3333333333333333, 15]}, {"py/tuple": [0.0, 49]}, {"py/tuple": [0.3333333333333333, 25]}, {"py/tuple": [0.42857142857142855, 42]}, {"py/tuple": [0.1, 40]}, {"py/tuple": [0.0, 11]}, {"py/tuple": [0.0, 49]}, {"py/tuple": [0.0, 18]}, {"py/tuple": [1.0, 40]}, {"py/tuple": [0.16666666666666666, 27]}, {"py/tuple": [0.0, 16]}, {"py/tuple": [1, 4]}, {"py/tuple": [1, 32]}, {"py/tuple": [0.16666666666666666, 66]}, {"py/tuple": [1, 10]}, {"py/tuple": [1, 16]}, {"py/tuple": [0.011111111111111112, 78]}, {"py/tuple": [0.01098901098901099, 91]}, {"py/tuple": [1, 5]}, {"py/tuple": [1, 9]}, {"py/tuple": [0.08095238095238096, 111]}, {"py/tuple": [1, 11]}, {"py/tuple": [1.0, 29]}, {"py/tuple": [0.17083333333333334, 72]}, {"py/tuple": [0.5, 42]}, {"py/tuple": [0.0, 227]}, {"py/tuple": [0.0, 101]}, {"py/tuple": [0.25, 71]}, {"py/tuple": [0.041666666666666664, 122]}, {"py/tuple": [1, 16]}, {"py/tuple": [0.03333333333333333, 51]}, {"py/tuple": [0.6666666666666666, 32]}, {"py/tuple": [1, 10]}, {"py/tuple": [0.11904761904761904, 69]}, {"py/tuple": [1, 27]}, {"py/tuple": [1, 9]}, {"py/tuple": [0.0, 24]}, {"py/tuple": [1, 28]}, {"py/tuple": [0.027777777777777776, 67]}, {"py/tuple": [1, 6]}, {"py/tuple": [0.09307359307359309, 88]}, {"py/tuple": [0.0, 23]}, {"py/tuple": [1, 0]}, {"py/tuple": [1, 0]}, {"py/tuple": [1, 0]}, {"py/tuple": [1, 0]}, {"py/tuple": [1, 0]}, {"py/tuple": [0.0, 24]}, {"py/tuple": [0.6, 91]}, {"py/tuple": [0.006535947712418301, 133]}, {"py/tuple": [0.3333333333333333, 16]}, {"py/tuple": [0.0, 16]}, {"py/tuple": [0.6, 30]}, {"py/tuple": [0.0, 20]}, {"py/tuple": [0.10989010989010989, 99]}, {"py/tuple": [0.3375, 77]}, {"py/tuple": [0.02564102564102564, 76]}, {"py/tuple": [0.046296296296296294, 80]}, {"py/tuple": [0.09777777777777778, 81]}, {"py/tuple": [1, 17]}, {"py/tuple": [1, 33]}, {"py/tuple": [0.0, 42]}, {"py/tuple": [0.0, 17]}, {"py/tuple": [1.0, 11]}, {"py/tuple": [1, 8]}, {"py/tuple": [0.0, 64]}, {"py/tuple": [0.3148148148148148, 86]}, {"py/tuple": [0.4945054945054945, 135]}, {"py/tuple": [1, 47]}, {"py/tuple": [1, 14]}, {"py/tuple": [1, 11]}, {"py/tuple": [1, 11]}, {"py/tuple": [1, 5]}, {"py/tuple": [1, 19]}, {"py/tuple": [1, 5]}, {"py/tuple": [1, 39]}, {"py/tuple": [0.2, 22]}, {"py/tuple": [0.2, 50]}, {"py/tuple": [1, 11]}, {"py/tuple": [0.16666666666666666, 24]}, {"py/tuple": [1, 4]}, {"py/tuple": [1, 26]}, {"py/tuple": [1.0, 10]}, {"py/tuple": [0.04444444444444444, 55]}, {"py/tuple": [1.0, 101]}, {"py/tuple": [0.11666666666666667, 104]}, {"py/tuple": [0.16666666666666666, 24]}, {"py/tuple": [1, 4]}, {"py/tuple": [0.0, 38]}, {"py/tuple": [0.0, 22]}, {"py/tuple": [0.1111111111111111, 29]}, {"py/tuple": [0.047619047619047616, 71]}, {"py/tuple": [0.0, 28]}, {"py/tuple": [1, 15]}, {"py/tuple": [1, 19]}, {"py/tuple": [0.02222222222222222, 46]}, {"py/tuple": [1, 16]}, {"py/tuple": [0.0, 13]}]}, "LCOM5": {"py/object": "Statistics.InterestingStatistics", "classValues": [{"py/tuple": [0.8194444444444444, 84]}, {"py/tuple": [0, 78]}, {"py/tuple": [0, 10]}, {"py/tuple": [0.8, 44]}, {"py/tuple": [1.0, 18]}, {"py/tuple": [0.875, 42]}, {"py/tuple": [0.8333333333333334, 63]}, {"py/tuple": [0.6666666666666667, 28]}, {"py/tuple": [0.9846153846153847, 77]}, {"py/tuple": [0.625, 26]}, {"py/tuple": [0.8383838383838383, 133]}, {"py/tuple": [0.5, 29]}, {"py/tuple": [0, 4]}, {"py/tuple": [0.72, 93]}, {"py/tuple": [0, 2]}, {"py/tuple": [0.0, 21]}, {"py/tuple": [0.7777777777777778, 71]}, {"py/tuple": [1.0, 26]}, {"py/tuple": [0.6666666666666667, 21]}, {"py/tuple": [0.75, 30]}, {"py/tuple": [0.0, 14]}, {"py/tuple": [0.5, 35]}, {"py/tuple": [0.6, 40]}, {"py/tuple": [0.5, 11]}, {"py/tuple": [0.7777777777777778, 67]}, {"py/tuple": [0.7878787878787878, 58]}, {"py/tuple": [0, 23]}, {"py/tuple": [0.75, 32]}, {"py/tuple": [0.6388888888888888, 111]}, {"py/tuple": [0.5, 21]}, {"py/tuple": [0.75, 28]}, {"py/tuple": [0.9477124183006536, 170]}, {"py/tuple": [0, 13]}, {"py/tuple": [0.5, 19]}, {"py/tuple": [0.9227053140096618, 242]}, {"py/tuple": [0.5833333333333333, 129]}, {"py/tuple": [0.0, 36]}, {"py/tuple": [0.0, 23]}, {"py/tuple": [0.75, 36]}, {"py/tuple": [0, 23]}, {"py/tuple": [0.8333333333333334, 23]}, {"py/tuple": [0.6875, 51]}, {"py/tuple": [0.8, 60]}, {"py/tuple": [0.5, 9]}, {"py/tuple": [0.33333333333333337, 15]}, {"py/tuple": [1.0, 49]}, {"py/tuple": [0.33333333333333337, 25]}, {"py/tuple": [0.5, 42]}, {"py/tuple": [0.8, 40]}, {"py/tuple": [1.0, 11]}, {"py/tuple": [1.0, 49]}, {"py/tuple": [0.5, 18]}, {"py/tuple": [0.5, 40]}, {"py/tuple": [0.5, 27]}, {"py/tuple": [0.75, 16]}, {"py/tuple": [0, 4]}, {"py/tuple": [0.0, 32]}, {"py/tuple": [0.8333333333333334, 66]}, {"py/tuple": [0.0, 10]}, {"py/tuple": [0.0, 16]}, {"py/tuple": [0.925, 78]}, {"py/tuple": [0.8571428571428572, 91]}, {"py/tuple": [0, 5]}, {"py/tuple": [0, 9]}, {"py/tuple": [0.8833333333333333, 111]}, {"py/tuple": [0.0, 11]}, {"py/tuple": [0.0, 29]}, {"py/tuple": [0.6222222222222222, 72]}, {"py/tuple": [0.4, 42]}, {"py/tuple": [0.9791666666666666, 227]}, {"py/tuple": [0.875, 101]}, {"py/tuple": [0.6666666666666667, 71]}, {"py/tuple": [0.9236111111111112, 122]}, {"py/tuple": [0, 16]}, {"py/tuple": [0.8666666666666667, 51]}, {"py/tuple": [0.16666666666666663, 32]}, {"py/tuple": [1.0, 10]}, {"py/tuple": [0.8095238095238095, 69]}, {"py/tuple": [0.5, 27]}, {"py/tuple": [0, 9]}, {"py/tuple": [0.5, 24]}, {"py/tuple": [0, 28]}, {"py/tuple": [0.7777777777777778, 67]}, {"py/tuple": [0.5, 6]}, {"py/tuple": [0.8068181818181819, 88]}, {"py/tuple": [0.6666666666666667, 23]}, {"py/tuple": [0, 0]}, {"py/tuple": [0, 0]}, {"py/tuple": [0, 0]}, {"py/tuple": [0, 0]}, {"py/tuple": [0, 0]}, {"py/tuple": [0.75, 24]}, {"py/tuple": [0.9, 91]}, {"py/tuple": [0.9111111111111111, 133]}, {"py/tuple": [0.33333333333333337, 16]}, {"py/tuple": [0.6666666666666667, 16]}, {"py/tuple": [0.19999999999999996, 30]}, {"py/tuple": [0.75, 20]}, {"py/tuple": [0.9, 99]}, {"py/tuple": [0.725, 77]}, {"py/tuple": [0.8461538461538461, 76]}, {"py/tuple": [0.8333333333333334, 80]}, {"py/tuple": [0.6799999999999999, 81]}, {"py/tuple": [0, 17]}, {"py/tuple": [0, 33]}, {"py/tuple": [0.8333333333333334, 42]}, {"py/tuple": [0.5, 17]}, {"py/tuple": [0.0, 11]}, {"py/tuple": [0, 8]}, {"py/tuple": [0.8571428571428572, 64]}, {"py/tuple": [0.7, 86]}, {"py/tuple": [0.7857142857142857, 135]}, {"py/tuple": [0, 47]}, {"py/tuple": [0.5, 14]}, {"py/tuple": [0.0, 11]}, {"py/tuple": [0.0, 11]}, {"py/tuple": [0, 5]}, {"py/tuple": [0, 19]}, {"py/tuple": [0, 5]}, {"py/tuple": [0, 39]}, {"py/tuple": [0.6, 22]}, {"py/tuple": [0.5, 50]}, {"py/tuple": [1.0, 11]}, {"py/tuple": [0.5, 24]}, {"py/tuple": [0, 4]}, {"py/tuple": [0, 26]}, {"py/tuple": [0.0, 10]}, {"py/tuple": [0.8, 55]}, {"py/tuple": [0.5, 101]}, {"py/tuple": [0.8181818181818181, 104]}, {"py/tuple": [0.5, 24]}, {"py/tuple": [0, 4]}, {"py/tuple": [0.8333333333333334, 38]}, {"py/tuple": [0.6666666666666667, 22]}, {"py/tuple": [0.6666666666666667, 29]}, {"py/tuple": [0.6666666666666667, 71]}, {"py/tuple": [0.85, 28]}, {"py/tuple": [0.0, 15]}, {"py/tuple": [0, 19]}, {"py/tuple": [0.7777777777777778, 46]}, {"py/tuple": [0.0, 16]}, {"py/tuple": [0.5, 13]}]}, "CBAMU": {"py/object": "Statistics.InterestingStatistics", "classValues": [{"py/tuple": [0.14583333333333331, 84]}, {"py/tuple": [0.03571428571428571, 78]}, {"py/tuple": [0.25, 10]}, {"py/tuple": [0.1, 44]}, {"py/tuple": [0.08333333333333333, 18]}, {"py/tuple": [0.0625, 42]}, {"py/tuple": [0.09027777777777778, 63]}, {"py/tuple": [0.25, 28]}, {"py/tuple": [0.08269230769230769, 77]}, {"py/tuple": [0.4375, 26]}, {"py/tuple": [0.08080808080808081, 133]}, {"py/tuple": [0.25, 29]}, {"py/tuple": [0.0, 4]}, {"py/tuple": [0.14, 93]}, {"py/tuple": [0.0, 2]}, {"py/tuple": [0.5, 21]}, {"py/tuple": [0.12777777777777777, 71]}, {"py/tuple": [0.0, 26]}, {"py/tuple": [0.16666666666666666, 21]}, {"py/tuple": [0.125, 30]}, {"py/tuple": [0.5, 14]}, {"py/tuple": [0.25, 35]}, {"py/tuple": [0.2, 40]}, {"py/tuple": [0.25, 11]}, {"py/tuple": [0.14583333333333331, 67]}, {"py/tuple": [0.10606060606060606, 58]}, {"py/tuple": [0.0, 23]}, {"py/tuple": [0.20833333333333331, 32]}, {"py/tuple": [0.23737373737373738, 111]}, {"py/tuple": [0.25, 21]}, {"py/tuple": [0.16666666666666666, 28]}, {"py/tuple": [0.05923202614379085, 170]}, {"py/tuple": [0.0, 13]}, {"py/tuple": [0.25, 19]}, {"py/tuple": [0.07619675010979358, 242]}, {"py/tuple": [0.2152777777777778, 129]}, {"py/tuple": [0.5, 36]}, {"py/tuple": [0.5, 23]}, {"py/tuple": [0.16666666666666666, 36]}, {"py/tuple": [0.025, 23]}, {"py/tuple": [0.08333333333333333, 23]}, {"py/tuple": [0.15625, 51]}, {"py/tuple": [0.18333333333333335, 60]}, {"py/tuple": [0.25, 9]}, {"py/tuple": [0.3333333333333333, 15]}, {"py/tuple": [0.017857142857142856, 49]}, {"py/tuple": [0.41666666666666663, 25]}, {"py/tuple": [0.25, 42]}, {"py/tuple": [0.125, 40]}, {"py/tuple": [0.0, 11]}, {"py/tuple": [0.08333333333333333, 49]}, {"py/tuple": [0.25, 18]}, {"py/tuple": [0.30952380952380953, 40]}, {"py/tuple": [0.25, 27]}, {"py/tuple": [0.125, 16]}, {"py/tuple": [0.0, 4]}, {"py/tuple": [0.5, 32]}, {"py/tuple": [0.08333333333333333, 66]}, {"py/tuple": [0.5, 10]}, {"py/tuple": [0.5, 16]}, {"py/tuple": [0.05972222222222222, 78]}, {"py/tuple": [0.08241758241758242, 91]}, {"py/tuple": [0.0, 5]}, {"py/tuple": [0.0, 9]}, {"py/tuple": [0.075, 111]}, {"py/tuple": [0.5, 11]}, {"py/tuple": [0.625, 29]}, {"py/tuple": [0.18888888888888888, 72]}, {"py/tuple": [0.3, 42]}, {"py/tuple": [0.029166666666666667, 227]}, {"py/tuple": [0.13392857142857142, 101]}, {"py/tuple": [0.16666666666666666, 71]}, {"py/tuple": [0.04027777777777778, 122]}, {"py/tuple": [0.0, 16]}, {"py/tuple": [0.09166666666666667, 51]}, {"py/tuple": [0.4166666666666667, 32]}, {"py/tuple": [0.0, 10]}, {"py/tuple": [0.09523809523809523, 69]}, {"py/tuple": [0.25, 27]}, {"py/tuple": [0.25, 9]}, {"py/tuple": [0.25, 24]}, {"py/tuple": [0.05, 28]}, {"py/tuple": [0.125, 67]}, {"py/tuple": [0.25, 6]}, {"py/tuple": [0.11022727272727273, 88]}, {"py/tuple": [0.16666666666666666, 23]}, {"py/tuple": [0.0, 0]}, {"py/tuple": [0.0, 0]}, {"py/tuple": [0.0, 0]}, {"py/tuple": [0.0, 0]}, {"py/tuple": [0.0, 0]}, {"py/tuple": [0.125, 24]}, {"py/tuple": [0.05, 91]}, {"py/tuple": [0.05588235294117647, 133]}, {"py/tuple": [0.3333333333333333, 16]}, {"py/tuple": [0.16666666666666666, 16]}, {"py/tuple": [0.45, 30]}, {"py/tuple": [0.375, 20]}, {"py/tuple": [0.09395604395604396, 99]}, {"py/tuple": [0.1375, 77]}, {"py/tuple": [0.09294871794871795, 76]}, {"py/tuple": [0.11805555555555555, 80]}, {"py/tuple": [0.16, 81]}, {"py/tuple": [0.0, 17]}, {"py/tuple": [0.0, 33]}, {"py/tuple": [0.08333333333333333, 42]}, {"py/tuple": [0.5, 17]}, {"py/tuple": [0.5, 11]}, {"py/tuple": [0.25, 8]}, {"py/tuple": [0.13095238095238093, 64]}, {"py/tuple": [0.17222222222222222, 86]}, {"py/tuple": [0.12087912087912087, 135]}, {"py/tuple": [0.0, 47]}, {"py/tuple": [0.25, 14]}, {"py/tuple": [0.5, 11]}, {"py/tuple": [0.5, 11]}, {"py/tuple": [0.0, 5]}, {"py/tuple": [0.0, 19]}, {"py/tuple": [0.0, 5]}, {"py/tuple": [0.0, 39]}, {"py/tuple": [0.2, 22]}, {"py/tuple": [0.31666666666666665, 50]}, {"py/tuple": [0.0, 11]}, {"py/tuple": [0.25, 24]}, {"py/tuple": [0.0, 4]}, {"py/tuple": [0.09523809523809523, 26]}, {"py/tuple": [0.5, 10]}, {"py/tuple": [0.13333333333333333, 55]}, {"py/tuple": [0.2976190476190476, 101]}, {"py/tuple": [0.09090909090909091, 104]}, {"py/tuple": [0.25, 24]}, {"py/tuple": [0.0, 4]}, {"py/tuple": [0.25, 38]}, {"py/tuple": [0.25, 22]}, {"py/tuple": [0.16666666666666666, 29]}, {"py/tuple": [0.16666666666666666, 71]}, {"py/tuple": [0.075, 28]}, {"py/tuple": [0.5, 15]}, {"py/tuple": [0.0, 19]}, {"py/tuple": [0.1111111111111111, 46]}, {"py/tuple": [0.5, 16]}, {"py/tuple": [0.25, 13]}]}}