{"SCOM": {"py/object": "Statistics.InterestingStatistics", "classValues": [{"py/tuple": [0.18, 43]}, {"py/tuple": [0.0, 8]}, {"py/tuple": [1.0, 161]}, {"py/tuple": [1.0, 16]}, {"py/tuple": [1.0, 13]}, {"py/tuple": [0.08689458689458689, 306]}, {"py/tuple": [0.0, 31]}, {"py/tuple": [0.0, 25]}, {"py/tuple": [1.0, 33]}, {"py/tuple": [0.39999999999999997, 122]}, {"py/tuple": [1.0, 11]}, {"py/tuple": [1, 5]}, {"py/tuple": [1.0, 11]}, {"py/tuple": [0.19999999999999998, 104]}, {"py/tuple": [0.0, 113]}, {"py/tuple": [0.0, 22]}, {"py/tuple": [0.0, 227]}, {"py/tuple": [0.0, 36]}, {"py/tuple": [0.015306122448979591, 108]}, {"py/tuple": [0.0, 12]}, {"py/tuple": [0.0, 337]}, {"py/tuple": [1.0, 86]}, {"py/tuple": [0.08484848484848485, 146]}, {"py/tuple": [1.0, 10]}]}, "LSCC": {"py/object": "Statistics.InterestingStatistics", "classValues": [{"py/tuple": [0.06, 43]}, {"py/tuple": [0, 8]}, {"py/tuple": [0.3333333333333333, 161]}, {"py/tuple": [0.3333333333333333, 16]}, {"py/tuple": [1.0, 13]}, {"py/tuple": [0.05982905982905983, 306]}, {"py/tuple": [0.0, 31]}, {"py/tuple": [0, 25]}, {"py/tuple": [0.2, 33]}, {"py/tuple": [0.2, 122]}, {"py/tuple": [0.5, 11]}, {"py/tuple": [1, 5]}, {"py/tuple": [1.0, 11]}, {"py/tuple": [0.2, 104]}, {"py/tuple": [0.0, 113]}, {"py/tuple": [0.0, 22]}, {"py/tuple": [0.0, 227]}, {"py/tuple": [0.0, 36]}, {"py/tuple": [0.015306122448979591, 108]}, {"py/tuple": [0.0, 12]}, {"py/tuple": [0.0, 337]}, {"py/tuple": [0.1111111111111111, 86]}, {"py/tuple": [0.03636363636363636, 146]}, {"py/tuple": [1.0, 10]}]}, "CC": {"py/object": "Statistics.InterestingStatistics", "classValues": [{"py/tuple": [0.1, 43]}, {"py/tuple": [1, 8]}, {"py/tuple": [0.3333333333333333, 161]}, {"py/tuple": [0.3333333333333333, 16]}, {"py/tuple": [1.0, 13]}, {"py/tuple": [0.11495726495726497, 306]}, {"py/tuple": [0.0, 31]}, {"py/tuple": [1, 25]}, {"py/tuple": [0.2, 33]}, {"py/tuple": [0.3, 122]}, {"py/tuple": [0.5, 11]}, {"py/tuple": [1, 5]}, {"py/tuple": [1.0, 11]}, {"py/tuple": [0.3333333333333333, 104]}, {"py/tuple": [0.0, 113]}, {"py/tuple": [0.0, 22]}, {"py/tuple": [0.0, 227]}, {"py/tuple": [0.0, 36]}, {"py/tuple": [0.10714285714285714, 108]}, {"py/tuple": [0.0, 12]}, {"py/tuple": [0.0, 337]}, {"py/tuple": [0.1111111111111111, 86]}, {"py/tuple": [0.14444444444444443, 146]}, {"py/tuple": [1.0, 10]}]}, "LCOM5": {"py/object": "Statistics.InterestingStatistics", "classValues": [{"py/tuple": [0.6799999999999999, 43]}, {"py/tuple": [0, 8]}, {"py/tuple": [0.33333333333333337, 161]}, {"py/tuple": [0.33333333333333337, 16]}, {"py/tuple": [0.0, 13]}, {"py/tuple": [0.7564102564102564, 306]}, {"py/tuple": [0.5, 31]}, {"py/tuple": [0, 25]}, {"py/tuple": [0.4, 33]}, {"py/tuple": [0.55, 122]}, {"py/tuple": [0.25, 11]}, {"py/tuple": [1.0, 5]}, {"py/tuple": [0.0, 11]}, {"py/tuple": [0.6, 104]}, {"py/tuple": [1.0, 113]}, {"py/tuple": [0.75, 22]}, {"py/tuple": [1.0, 227]}, {"py/tuple": [1.0, 36]}, {"py/tuple": [0.8571428571428572, 108]}, {"py/tuple": [1.0, 12]}, {"py/tuple": [1.0, 337]}, {"py/tuple": [0.4444444444444444, 86]}, {"py/tuple": [0.8333333333333334, 146]}, {"py/tuple": [0.0, 10]}]}, "CBAMU": {"py/object": "Statistics.InterestingStatistics", "classValues": [{"py/tuple": [0.16, 43]}, {"py/tuple": [0.0, 8]}, {"py/tuple": [0.5833333333333333, 161]}, {"py/tuple": [0.3333333333333333, 16]}, {"py/tuple": [0.5, 13]}, {"py/tuple": [0.1346153846153846, 306]}, {"py/tuple": [0.25, 31]}, {"py/tuple": [0.125, 25]}, {"py/tuple": [0.3, 33]}, {"py/tuple": [0.30833333333333335, 122]}, {"py/tuple": [0.375, 11]}, {"py/tuple": [0.0, 5]}, {"py/tuple": [0.5, 11]}, {"py/tuple": [0.2833333333333333, 104]}, {"py/tuple": [0.16666666666666666, 113]}, {"py/tuple": [0.125, 22]}, {"py/tuple": [0.07142857142857142, 227]}, {"py/tuple": [0.0, 36]}, {"py/tuple": [0.1517857142857143, 108]}, {"py/tuple": [0.0, 12]}, {"py/tuple": [0.0, 337]}, {"py/tuple": [0.2777777777777778, 86]}, {"py/tuple": [0.08333333333333333, 146]}, {"py/tuple": [0.5, 10]}]}}