{"id": 111230061, "node_id": "MDEwOlJlcG9zaXRvcnkxMTEyMzAwNjE=", "name": "sAINT", "full_name": "tiagorlampert/sAINT", "private": false, "owner": {"login": "tiagorlampert", "id": 29933243, "node_id": "MDQ6VXNlcjI5OTMzMjQz", "avatar_url": "https://avatars.githubusercontent.com/u/29933243?v=4", "gravatar_id": "", "url": "https://api.github.com/users/tiagorlampert", "html_url": "https://github.com/tiagorlampert", "followers_url": "https://api.github.com/users/tiagorlampert/followers", "following_url": "https://api.github.com/users/tiagorlampert/following{/other_user}", "gists_url": "https://api.github.com/users/tiagorlampert/gists{/gist_id}", "starred_url": "https://api.github.com/users/tiagorlampert/starred{/owner}{/repo}", "subscriptions_url": "https://api.github.com/users/tiagorlampert/subscriptions", "organizations_url": "https://api.github.com/users/tiagorlampert/orgs", "repos_url": "https://api.github.com/users/tiagorlampert/repos", "events_url": "https://api.github.com/users/tiagorlampert/events{/privacy}", "received_events_url": "https://api.github.com/users/tiagorlampert/received_events", "type": "User", "site_admin": false}, "html_url": "https://github.com/tiagorlampert/sAINT", "description": ":eye: (s)AINT is a Spyware Generator for Windows systems written in Java. [Discontinued]", "fork": false, "url": "https://api.github.com/repos/tiagorlampert/sAINT", "forks_url": "https://api.github.com/repos/tiagorlampert/sAINT/forks", "keys_url": "https://api.github.com/repos/tiagorlampert/sAINT/keys{/key_id}", "collaborators_url": "https://api.github.com/repos/tiagorlampert/sAINT/collaborators{/collaborator}", "teams_url": "https://api.github.com/repos/tiagorlampert/sAINT/teams", "hooks_url": "https://api.github.com/repos/tiagorlampert/sAINT/hooks", "issue_events_url": "https://api.github.com/repos/tiagorlampert/sAINT/issues/events{/number}", "events_url": "https://api.github.com/repos/tiagorlampert/sAINT/events", "assignees_url": "https://api.github.com/repos/tiagorlampert/sAINT/assignees{/user}", "branches_url": "https://api.github.com/repos/tiagorlampert/sAINT/branches{/branch}", "tags_url": "https://api.github.com/repos/tiagorlampert/sAINT/tags", "blobs_url": "https://api.github.com/repos/tiagorlampert/sAINT/git/blobs{/sha}", "git_tags_url": "https://api.github.com/repos/tiagorlampert/sAINT/git/tags{/sha}", "git_refs_url": "https://api.github.com/repos/tiagorlampert/sAINT/git/refs{/sha}", "trees_url": "https://api.github.com/repos/tiagorlampert/sAINT/git/trees{/sha}", "statuses_url": "https://api.github.com/repos/tiagorlampert/sAINT/statuses/{sha}", "languages_url": "https://api.github.com/repos/tiagorlampert/sAINT/languages", "stargazers_url": "https://api.github.com/repos/tiagorlampert/sAINT/stargazers", "contributors_url": "https://api.github.com/repos/tiagorlampert/sAINT/contributors", "subscribers_url": "https://api.github.com/repos/tiagorlampert/sAINT/subscribers", "subscription_url": "https://api.github.com/repos/tiagorlampert/sAINT/subscription", "commits_url": "https://api.github.com/repos/tiagorlampert/sAINT/commits{/sha}", "git_commits_url": "https://api.github.com/repos/tiagorlampert/sAINT/git/commits{/sha}", "comments_url": "https://api.github.com/repos/tiagorlampert/sAINT/comments{/number}", "issue_comment_url": "https://api.github.com/repos/tiagorlampert/sAINT/issues/comments{/number}", "contents_url": "https://api.github.com/repos/tiagorlampert/sAINT/contents/{+path}", "compare_url": "https://api.github.com/repos/tiagorlampert/sAINT/compare/{base}...{head}", "merges_url": "https://api.github.com/repos/tiagorlampert/sAINT/merges", "archive_url": "https://api.github.com/repos/tiagorlampert/sAINT/{archive_format}{/ref}", "downloads_url": "https://api.github.com/repos/tiagorlampert/sAINT/downloads", "issues_url": "https://api.github.com/repos/tiagorlampert/sAINT/issues{/number}", "pulls_url": "https://api.github.com/repos/tiagorlampert/sAINT/pulls{/number}", "milestones_url": "https://api.github.com/repos/tiagorlampert/sAINT/milestones{/number}", "notifications_url": "https://api.github.com/repos/tiagorlampert/sAINT/notifications{?since,all,participating}", "labels_url": "https://api.github.com/repos/tiagorlampert/sAINT/labels{/name}", "releases_url": "https://api.github.com/repos/tiagorlampert/sAINT/releases{/id}", "deployments_url": "https://api.github.com/repos/tiagorlampert/sAINT/deployments", "created_at": "2017-11-18T18:43:25Z", "updated_at": "2022-03-12T10:22:43Z", "pushed_at": "2020-04-03T14:34:34Z", "git_url": "git://github.com/tiagorlampert/sAINT.git", "ssh_url": "git@github.com:tiagorlampert/sAINT.git", "clone_url": "https://github.com/tiagorlampert/sAINT.git", "svn_url": "https://github.com/tiagorlampert/sAINT", "homepage": "", "size": 10853, "stargazers_count": 584, "watchers_count": 584, "language": "Java", "has_issues": true, "has_projects": true, "has_downloads": true, "has_wiki": true, "has_pages": false, "forks_count": 295, "mirror_url": null, "archived": true, "disabled": false, "open_issues_count": 22, "license": {"key": "bsd-3-clause", "name": "BSD 3-Clause \"New\" or \"Revised\" License", "spdx_id": "BSD-3-Clause", "url": "https://api.github.com/licenses/bsd-3-clause", "node_id": "MDc6TGljZW5zZTU="}, "allow_forking": true, "is_template": false, "topics": ["hacking", "hacking-tool", "java", "java-8", "kali", "keylogger", "persistence", "screenshot", "spyware", "spyware-generator", "tool", "webcam-capture"], "visibility": "public", "forks": 295, "open_issues": 22, "watchers": 584, "default_branch": "master", "score": 1.0, "__project_size": 21831454, "__java_files_sizes": 45139, "__java_files_loc": 1112, "contributors_url_calculated": 2, "commits_url_calculated": 29}