{"AbstractLineDecoration": {"className": "AbstractLineDecoration", "members": {"py/set": ["state"]}, "methods": {"applyStyle": {"memberReferences": {"py/set": ["state"]}, "methodName": "applyStyle", "methodReferences": {"py/set": ["inBlockComment", "decorateLine", "startBlockComment", "endBlockComment"]}, "py/object": "JavaParserVisitor.MethodInfo"}, "decorateLine": {"memberReferences": {"py/set": []}, "methodName": "decorateLine", "methodReferences": {"py/set": []}, "py/object": "JavaParserVisitor.MethodInfo"}, "endBlockComment": {"memberReferences": {"py/set": []}, "methodName": "endBlockComment", "methodReferences": {"py/set": []}, "py/object": "JavaParserVisitor.MethodInfo"}, "inBlockComment": {"memberReferences": {"py/set": []}, "methodName": "inBlockComment", "methodReferences": {"py/set": []}, "py/object": "JavaParserVisitor.MethodInfo"}, "startBlockComment": {"memberReferences": {"py/set": []}, "methodName": "startBlockComment", "methodReferences": {"py/set": []}, "py/object": "JavaParserVisitor.MethodInfo"}}, "possibleFather": "", "py/object": "JavaParserVisitor.ClassInfo", "span": 37}, "AbstractModuleAlign": {"className": "AbstractModuleAlign", "members": {"py/set": ["state"]}, "methods": {"applyStyle": {"memberReferences": {"py/set": ["state"]}, "methodName": "applyStyle", "methodReferences": {"py/set": ["isGenModule", "isStartBlockComment", "isEndModule", "isLineComment", "isModule", "isEndBlockComment"]}, "py/object": "JavaParserVisitor.MethodInfo"}, "isEndBlockComment": {"memberReferences": {"py/set": []}, "methodName": "isEndBlockComment", "methodReferences": {"py/set": []}, "py/object": "JavaParserVisitor.MethodInfo"}, "isEndModule": {"memberReferences": {"py/set": []}, "methodName": "isEndModule", "methodReferences": {"py/set": []}, "py/object": "JavaParserVisitor.MethodInfo"}, "isGenModule": {"memberReferences": {"py/set": []}, "methodName": "isGenModule", "methodReferences": {"py/set": []}, "py/object": "JavaParserVisitor.MethodInfo"}, "isLineComment": {"memberReferences": {"py/set": []}, "methodName": "isLineComment", "methodReferences": {"py/set": []}, "py/object": "JavaParserVisitor.MethodInfo"}, "isModule": {"memberReferences": {"py/set": []}, "methodName": "isModule", "methodReferences": {"py/set": []}, "py/object": "JavaParserVisitor.MethodInfo"}, "isStartBlockComment": {"memberReferences": {"py/set": []}, "methodName": "isStartBlockComment", "methodReferences": {"py/set": []}, "py/object": "JavaParserVisitor.MethodInfo"}}, "possibleFather": "", "py/object": "JavaParserVisitor.ClassInfo", "span": 80}, "AbstractStatement": {"className": "AbstractStatement", "members": {"py/set": []}, "methods": {"getInitStateElement": {"memberReferences": {"py/set": []}, "methodName": "getInitStateElement", "methodReferences": {"py/set": []}, "py/object": "JavaParserVisitor.MethodInfo"}, "getStateType": {"memberReferences": {"py/set": []}, "methodName": "getStateType", "methodReferences": {"py/set": []}, "py/object": "JavaParserVisitor.MethodInfo"}, "indentLine": {"memberReferences": {"py/set": []}, "methodName": "indentLine", "methodReferences": {"py/set": ["getStateType", "isInitStatement", "getInitStateElement", "stateMachine"]}, "py/object": "JavaParserVisitor.MethodInfo"}, "isInitStatement": {"memberReferences": {"py/set": []}, "methodName": "isInitStatement", "methodReferences": {"py/set": []}, "py/object": "JavaParserVisitor.MethodInfo"}, "stateMachine": {"memberReferences": {"py/set": []}, "methodName": "stateMachine", "methodReferences": {"py/set": []}, "py/object": "JavaParserVisitor.MethodInfo"}}, "possibleFather": "LineIndentable", "py/object": "JavaParserVisitor.ClassInfo", "span": 31}, "AlignBlockingAssignments": {"className": "AlignBlockingAssignments", "members": {"py/set": []}, "methods": {"AlignBlockingAssignments": {"memberReferences": {"py/set": []}, "methodName": "AlignBlockingAssignments", "methodReferences": {"py/set": []}, "py/object": "JavaParserVisitor.MethodInfo"}, "applyStyle": {"memberReferences": {"py/set": []}, "methodName": "applyStyle", "methodReferences": {"py/set": []}, "py/object": "JavaParserVisitor.MethodInfo"}}, "possibleFather": "AlignConsecutive", "py/object": "JavaParserVisitor.ClassInfo", "span": 9}, "AlignConsecutive": {"className": "AlignConsecutive", "members": {"py/set": ["alignIndex", "key", "assignmentsBlocks", "beforeKeyRegex", "state", "startLineIndex", "endLineIndex", "COMMNET", "afterKeyRegex"]}, "methods": {"AlignConsecutive": {"memberReferences": {"py/set": ["key", "beforeKeyRegex", "afterKeyRegex"]}, "methodName": "AlignConsecutive", "methodReferences": {"py/set": []}, "py/object": "JavaParserVisitor.MethodInfo"}, "applyStyle": {"memberReferences": {"py/set": ["assignmentsBlocks"]}, "methodName": "applyStyle", "methodReferences": {"py/set": []}, "py/object": "JavaParserVisitor.MethodInfo"}, "decorateLine": {"memberReferences": {"py/set": ["alignIndex", "state", "startLineIndex", "endLineIndex"]}, "methodName": "decorateLine", "methodReferences": {"py/set": []}, "py/object": "JavaParserVisitor.MethodInfo"}, "getAfterKeyRegex": {"memberReferences": {"py/set": ["afterKeyRegex"]}, "methodName": "getAfterKeyRegex", "methodReferences": {"py/set": []}, "py/object": "JavaParserVisitor.MethodInfo"}, "getBeforeKeyRegex": {"memberReferences": {"py/set": ["beforeKeyRegex"]}, "methodName": "getBeforeKeyRegex", "methodReferences": {"py/set": []}, "py/object": "JavaParserVisitor.MethodInfo"}, "getLinePattern": {"memberReferences": {"py/set": ["key", "beforeKeyRegex", "afterKeyRegex"]}, "methodName": "getLinePattern", "methodReferences": {"py/set": []}, "py/object": "JavaParserVisitor.MethodInfo"}, "inBlockComment": {"memberReferences": {"py/set": []}, "methodName": "inBlockComment", "methodReferences": {"py/set": []}, "py/object": "JavaParserVisitor.MethodInfo"}, "setAfterKeyRegex": {"memberReferences": {"py/set": ["afterKeyRegex"]}, "methodName": "setAfterKeyRegex", "methodReferences": {"py/set": []}, "py/object": "JavaParserVisitor.MethodInfo"}, "setBeforeKeyRegex": {"memberReferences": {"py/set": ["beforeKeyRegex"]}, "methodName": "setBeforeKeyRegex", "methodReferences": {"py/set": []}, "py/object": "JavaParserVisitor.MethodInfo"}}, "possibleFather": "AbstractLineDecoration", "py/object": "JavaParserVisitor.ClassInfo", "span": 161}, "AlignLineComment": {"className": "AlignLineComment", "members": {"py/set": []}, "methods": {"AlignLineComment": {"memberReferences": {"py/set": []}, "methodName": "AlignLineComment", "methodReferences": {"py/set": []}, "py/object": "JavaParserVisitor.MethodInfo"}, "applyStyle": {"memberReferences": {"py/set": []}, "methodName": "applyStyle", "methodReferences": {"py/set": []}, "py/object": "JavaParserVisitor.MethodInfo"}}, "possibleFather": "AlignConsecutive", "py/object": "JavaParserVisitor.ClassInfo", "span": 9}, "AlignNoBlockingAssignments": {"className": "AlignNoBlockingAssignments", "members": {"py/set": []}, "methods": {"AlignNoBlockingAssignments": {"memberReferences": {"py/set": []}, "methodName": "AlignNoBlockingAssignments", "methodReferences": {"py/set": []}, "py/object": "JavaParserVisitor.MethodInfo"}, "applyStyle": {"memberReferences": {"py/set": []}, "methodName": "applyStyle", "methodReferences": {"py/set": []}, "py/object": "JavaParserVisitor.MethodInfo"}}, "possibleFather": "AlignConsecutive", "py/object": "JavaParserVisitor.ClassInfo", "span": 9}, "Always": {"className": "Always", "members": {"py/set": []}, "methods": {"getInitStateElement": {"memberReferences": {"py/set": []}, "methodName": "getInitStateElement", "methodReferences": {"py/set": []}, "py/object": "JavaParserVisitor.MethodInfo"}, "getStateType": {"memberReferences": {"py/set": []}, "methodName": "getStateType", "methodReferences": {"py/set": []}, "py/object": "JavaParserVisitor.MethodInfo"}, "isInitStatement": {"memberReferences": {"py/set": []}, "methodName": "isInitStatement", "methodReferences": {"py/set": ["matchesAlways", "matchesAlwaysBegin"]}, "py/object": "JavaParserVisitor.MethodInfo"}, "matchesAlways": {"memberReferences": {"py/set": []}, "methodName": "matchesAlways", "methodReferences": {"py/set": []}, "py/object": "JavaParserVisitor.MethodInfo"}, "matchesAlwaysBegin": {"memberReferences": {"py/set": []}, "methodName": "matchesAlwaysBegin", "methodReferences": {"py/set": []}, "py/object": "JavaParserVisitor.MethodInfo"}, "matchesBegin": {"memberReferences": {"py/set": []}, "methodName": "matchesBegin", "methodReferences": {"py/set": []}, "py/object": "JavaParserVisitor.MethodInfo"}, "matchesEmpty": {"memberReferences": {"py/set": []}, "methodName": "matchesEmpty", "methodReferences": {"py/set": []}, "py/object": "JavaParserVisitor.MethodInfo"}, "matchesEnd": {"memberReferences": {"py/set": []}, "methodName": "matchesEnd", "methodReferences": {"py/set": []}, "py/object": "JavaParserVisitor.MethodInfo"}, "stateMachine": {"memberReferences": {"py/set": []}, "methodName": "stateMachine", "methodReferences": {"py/set": ["matchesAlwaysBegin", "matchesEnd", "matchesAlways", "matchesEmpty", "matchesBegin"]}, "py/object": "JavaParserVisitor.MethodInfo"}}, "possibleFather": "AbstractStatement<AlwaysState>", "py/object": "JavaParserVisitor.ClassInfo", "span": 95}, "AlwaysState": {"className": "AlwaysState", "members": {"py/set": ["state"]}, "methods": {"AlwaysState": {"memberReferences": {"py/set": []}, "methodName": "AlwaysState", "methodReferences": {"py/set": []}, "py/object": "JavaParserVisitor.MethodInfo"}}, "possibleFather": "StatementState", "py/object": "JavaParserVisitor.ClassInfo", "span": 20}, "AssignmentLine": {"className": "AssignmentLine", "members": {"py/set": ["alignValue", "startLineIndex", "endLineIndex"]}, "methods": {"AssignmentLine": {"memberReferences": {"py/set": ["alignValue", "startLineIndex", "endLineIndex"]}, "methodName": "AssignmentLine", "methodReferences": {"py/set": []}, "py/object": "JavaParserVisitor.MethodInfo"}, "getAlignValue": {"memberReferences": {"py/set": ["alignValue"]}, "methodName": "getAlignValue", "methodReferences": {"py/set": []}, "py/object": "JavaParserVisitor.MethodInfo"}, "getEndLineIndex": {"memberReferences": {"py/set": ["endLineIndex"]}, "methodName": "getEndLineIndex", "methodReferences": {"py/set": []}, "py/object": "JavaParserVisitor.MethodInfo"}, "getStartLineIndex": {"memberReferences": {"py/set": ["startLineIndex"]}, "methodName": "getStartLineIndex", "methodReferences": {"py/set": []}, "py/object": "JavaParserVisitor.MethodInfo"}, "setAlignValue": {"memberReferences": {"py/set": ["alignValue"]}, "methodName": "setAlignValue", "methodReferences": {"py/set": []}, "py/object": "JavaParserVisitor.MethodInfo"}, "setEndLineIndex": {"memberReferences": {"py/set": ["endLineIndex"]}, "methodName": "setEndLineIndex", "methodReferences": {"py/set": []}, "py/object": "JavaParserVisitor.MethodInfo"}, "setStartLineIndex": {"memberReferences": {"py/set": ["startLineIndex"]}, "methodName": "setStartLineIndex", "methodReferences": {"py/set": []}, "py/object": "JavaParserVisitor.MethodInfo"}, "toString": {"memberReferences": {"py/set": ["alignValue", "startLineIndex", "endLineIndex"]}, "methodName": "toString", "methodReferences": {"py/set": []}, "py/object": "JavaParserVisitor.MethodInfo"}}, "possibleFather": "", "py/object": "JavaParserVisitor.ClassInfo", "span": 38}, "BlockComment": {"className": "BlockComment", "members": {"py/set": []}, "methods": {"getInitStateElement": {"memberReferences": {"py/set": []}, "methodName": "getInitStateElement", "methodReferences": {"py/set": []}, "py/object": "JavaParserVisitor.MethodInfo"}, "getStateType": {"memberReferences": {"py/set": []}, "methodName": "getStateType", "methodReferences": {"py/set": []}, "py/object": "JavaParserVisitor.MethodInfo"}, "isInitStatement": {"memberReferences": {"py/set": []}, "methodName": "isInitStatement", "methodReferences": {"py/set": []}, "py/object": "JavaParserVisitor.MethodInfo"}, "stateMachine": {"memberReferences": {"py/set": []}, "methodName": "stateMachine", "methodReferences": {"py/set": []}, "py/object": "JavaParserVisitor.MethodInfo"}}, "possibleFather": "AbstractStatement<BlockCommentState>", "py/object": "JavaParserVisitor.ClassInfo", "span": 39}, "BlockCommentState": {"className": "BlockCommentState", "members": {"py/set": ["state"]}, "methods": {"BlockCommentState": {"memberReferences": {"py/set": ["state"]}, "methodName": "BlockCommentState", "methodReferences": {"py/set": []}, "py/object": "JavaParserVisitor.MethodInfo"}}, "possibleFather": "StatementState", "py/object": "JavaParserVisitor.ClassInfo", "span": 19}, "Case": {"className": "Case", "members": {"py/set": ["LINE_COMMENT", "KEYWORD_BEGIN", "KEYWORD_CASE", "KEYWORD_CASEZ", "KEYWORD_END", "KEYWORD_ENDCASE", "KEYWORD_CASEX"]}, "methods": {"getInitStateElement": {"memberReferences": {"py/set": []}, "methodName": "getInitStateElement", "methodReferences": {"py/set": []}, "py/object": "JavaParserVisitor.MethodInfo"}, "getStateType": {"memberReferences": {"py/set": []}, "methodName": "getStateType", "methodReferences": {"py/set": []}, "py/object": "JavaParserVisitor.MethodInfo"}, "isInitStatement": {"memberReferences": {"py/set": ["KEYWORD_CASEZ", "KEYWORD_CASEX", "KEYWORD_CASE"]}, "methodName": "isInitStatement", "methodReferences": {"py/set": ["matchesCase"]}, "py/object": "JavaParserVisitor.MethodInfo"}, "matchesBegin": {"memberReferences": {"py/set": ["LINE_COMMENT", "KEYWORD_BEGIN"]}, "methodName": "matchesBegin", "methodReferences": {"py/set": []}, "py/object": "JavaParserVisitor.MethodInfo"}, "matchesCase": {"memberReferences": {"py/set": ["KEYWORD_CASE", "KEYWORD_CASEZ", "KEYWORD_CASEX"]}, "methodName": "matchesCase", "methodReferences": {"py/set": []}, "py/object": "JavaParserVisitor.MethodInfo"}, "matchesEnd": {"memberReferences": {"py/set": ["LINE_COMMENT", "KEYWORD_END"]}, "methodName": "matchesEnd", "methodReferences": {"py/set": []}, "py/object": "JavaParserVisitor.MethodInfo"}, "matchesEndcase": {"memberReferences": {"py/set": ["LINE_COMMENT", "KEYWORD_ENDCASE"]}, "methodName": "matchesEndcase", "methodReferences": {"py/set": []}, "py/object": "JavaParserVisitor.MethodInfo"}, "stateMachine": {"memberReferences": {"py/set": ["LINE_COMMENT", "KEYWORD_BEGIN", "KEYWORD_CASEX", "KEYWORD_CASE", "KEYWORD_CASEZ", "KEYWORD_ENDCASE", "KEYWORD_END"]}, "methodName": "stateMachine", "methodReferences": {"py/set": ["matchesBegin", "matchesCase", "matchesEndcase", "matchesEnd"]}, "py/object": "JavaParserVisitor.MethodInfo"}}, "possibleFather": "AbstractStatement<CaseState>", "py/object": "JavaParserVisitor.ClassInfo", "span": 92}, "CaseState": {"className": "CaseState", "members": {"py/set": ["state"]}, "methods": {"CaseState": {"memberReferences": {"py/set": ["state"]}, "methodName": "CaseState", "methodReferences": {"py/set": []}, "py/object": "JavaParserVisitor.MethodInfo"}}, "possibleFather": "StatementState", "py/object": "JavaParserVisitor.ClassInfo", "span": 19}, "CommonsCLI": {"className": "CommonsCLI", "members": {"py/set": []}, "methods": {"getOptions": {"memberReferences": {"py/set": []}, "methodName": "getOptions", "methodReferences": {"py/set": []}, "py/object": "JavaParserVisitor.MethodInfo"}, "processOptions": {"memberReferences": {"py/set": []}, "methodName": "processOptions", "methodReferences": {"py/set": []}, "py/object": "JavaParserVisitor.MethodInfo"}}, "possibleFather": "ConsoleApplication", "py/object": "JavaParserVisitor.ClassInfo", "span": 76}, "ConsoleApplication": {"className": "ConsoleApplication", "members": {"py/set": ["options", "parser", "args"]}, "methods": {"ConsoleApplication": {"memberReferences": {"py/set": ["options", "parser"]}, "methodName": "ConsoleApplication", "methodReferences": {"py/set": []}, "py/object": "JavaParserVisitor.MethodInfo"}, "getApplicationName": {"memberReferences": {"py/set": []}, "methodName": "getApplicationName", "methodReferences": {"py/set": []}, "py/object": "JavaParserVisitor.MethodInfo"}, "getCmdLineSyntax": {"memberReferences": {"py/set": []}, "methodName": "getCmdLineSyntax", "methodReferences": {"py/set": ["getApplicationName"]}, "py/object": "JavaParserVisitor.MethodInfo"}, "getFooterHelp": {"memberReferences": {"py/set": []}, "methodName": "getFooterHelp", "methodReferences": {"py/set": []}, "py/object": "JavaParserVisitor.MethodInfo"}, "getHeaderHelp": {"memberReferences": {"py/set": []}, "methodName": "getHeaderHelp", "methodReferences": {"py/set": []}, "py/object": "JavaParserVisitor.MethodInfo"}, "getOptions": {"memberReferences": {"py/set": []}, "methodName": "getOptions", "methodReferences": {"py/set": []}, "py/object": "JavaParserVisitor.MethodInfo"}, "isArgsEmpty": {"memberReferences": {"py/set": ["args"]}, "methodName": "isArgsEmpty", "methodReferences": {"py/set": []}, "py/object": "JavaParserVisitor.MethodInfo"}, "printHelp": {"memberReferences": {"py/set": []}, "methodName": "printHelp", "methodReferences": {"py/set": []}, "py/object": "JavaParserVisitor.MethodInfo"}, "process": {"memberReferences": {"py/set": ["options", "args"]}, "methodName": "process", "methodReferences": {"py/set": ["printHelp", "processOptions", "getOptions"]}, "py/object": "JavaParserVisitor.MethodInfo"}, "processOptions": {"memberReferences": {"py/set": []}, "methodName": "processOptions", "methodReferences": {"py/set": []}, "py/object": "JavaParserVisitor.MethodInfo"}}, "possibleFather": "", "py/object": "JavaParserVisitor.ClassInfo", "span": 61}, "FileFormat": {"className": "FileFormat", "members": {"py/set": ["SPACES_IN_SQUARE_BRACKETS", "INDENT_TAB", "SPACES_AFTER_TRAILING_COMMENTS", "SPACES_BLOKING_ASSIGNMENTS", "ALIGN_LINE_COMMENTS", "setting", "states", "SPACES_BEFORE_IF_STATEMENT", "ALIGN_BLOKING_ASSIGNMENTS", "ALIGN_NOBLOKING_ASSIGNMENTS", "INDENT_SPACE", "LF", "CRLF", "countIndent", "SPACES_BEFORE_TRAILING_COMMENTS", "SPACES_NOBLOKING_ASSIGNMENTS", "SPACES_IN_PARENTHESES"]}, "methods": {"FileFormat": {"memberReferences": {"py/set": ["setting", "states", "countIndent"]}, "methodName": "FileFormat", "methodReferences": {"py/set": []}, "py/object": "JavaParserVisitor.MethodInfo"}, "addCountIndent": {"memberReferences": {"py/set": ["countIndent"]}, "methodName": "addCountIndent", "methodReferences": {"py/set": []}, "py/object": "JavaParserVisitor.MethodInfo"}, "getAlignBlockingAssignments": {"memberReferences": {"py/set": ["setting", "ALIGN_BLOKING_ASSIGNMENTS"]}, "methodName": "getAlignBlockingAssignments", "methodReferences": {"py/set": []}, "py/object": "JavaParserVisitor.MethodInfo"}, "getAlignLineComments": {"memberReferences": {"py/set": ["ALIGN_LINE_COMMENTS", "setting"]}, "methodName": "getAlignLineComments", "methodReferences": {"py/set": []}, "py/object": "JavaParserVisitor.MethodInfo"}, "getAlignNoBlockingAssignments": {"memberReferences": {"py/set": ["ALIGN_NOBLOKING_ASSIGNMENTS", "setting"]}, "methodName": "getAlignNoBlockingAssignments", "methodReferences": {"py/set": []}, "py/object": "JavaParserVisitor.MethodInfo"}, "getCountIndent": {"memberReferences": {"py/set": ["countIndent"]}, "methodName": "getCountIndent", "methodReferences": {"py/set": []}, "py/object": "JavaParserVisitor.MethodInfo"}, "getIndentSize": {"memberReferences": {"py/set": ["setting"]}, "methodName": "getIndentSize", "methodReferences": {"py/set": []}, "py/object": "JavaParserVisitor.MethodInfo"}, "getIndentType": {"memberReferences": {"py/set": ["INDENT_TAB", "setting", "INDENT_SPACE"]}, "methodName": "getIndentType", "methodReferences": {"py/set": []}, "py/object": "JavaParserVisitor.MethodInfo"}, "getSpacesAfterTrailingComments": {"memberReferences": {"py/set": ["SPACES_AFTER_TRAILING_COMMENTS", "setting"]}, "methodName": "getSpacesAfterTrailingComments", "methodReferences": {"py/set": []}, "py/object": "JavaParserVisitor.MethodInfo"}, "getSpacesBeforeIfStatement": {"memberReferences": {"py/set": ["setting", "SPACES_BEFORE_IF_STATEMENT"]}, "methodName": "getSpacesBeforeIfStatement", "methodReferences": {"py/set": []}, "py/object": "JavaParserVisitor.MethodInfo"}, "getSpacesBeforeTrailingComments": {"memberReferences": {"py/set": ["setting", "SPACES_BEFORE_TRAILING_COMMENTS"]}, "methodName": "getSpacesBeforeTrailingComments", "methodReferences": {"py/set": []}, "py/object": "JavaParserVisitor.MethodInfo"}, "getSpacesBlockingAssignment": {"memberReferences": {"py/set": ["SPACES_BLOKING_ASSIGNMENTS", "setting"]}, "methodName": "getSpacesBlockingAssignment", "methodReferences": {"py/set": []}, "py/object": "JavaParserVisitor.MethodInfo"}, "getSpacesInParentheses": {"memberReferences": {"py/set": ["setting", "SPACES_IN_PARENTHESES"]}, "methodName": "getSpacesInParentheses", "methodReferences": {"py/set": []}, "py/object": "JavaParserVisitor.MethodInfo"}, "getSpacesInSquareBrackets": {"memberReferences": {"py/set": ["SPACES_IN_SQUARE_BRACKETS", "setting"]}, "methodName": "getSpacesInSquareBrackets", "methodReferences": {"py/set": []}, "py/object": "JavaParserVisitor.MethodInfo"}, "getSpacesNoBlockingAssignment": {"memberReferences": {"py/set": ["setting", "SPACES_NOBLOKING_ASSIGNMENTS"]}, "methodName": "getSpacesNoBlockingAssignment", "methodReferences": {"py/set": []}, "py/object": "JavaParserVisitor.MethodInfo"}, "resCountIndent": {"memberReferences": {"py/set": ["countIndent"]}, "methodName": "resCountIndent", "methodReferences": {"py/set": []}, "py/object": "JavaParserVisitor.MethodInfo"}, "setCountIndent": {"memberReferences": {"py/set": ["countIndent"]}, "methodName": "setCountIndent", "methodReferences": {"py/set": []}, "py/object": "JavaParserVisitor.MethodInfo"}}, "possibleFather": "", "py/object": "JavaParserVisitor.ClassInfo", "span": 103}, "For": {"className": "For", "members": {"py/set": ["LINE_COMMENT", "KEYWORD_FOR", "KEYWORD_BEGIN", "KEYWORD_END"]}, "methods": {"getInitStateElement": {"memberReferences": {"py/set": []}, "methodName": "getInitStateElement", "methodReferences": {"py/set": []}, "py/object": "JavaParserVisitor.MethodInfo"}, "getStateType": {"memberReferences": {"py/set": []}, "methodName": "getStateType", "methodReferences": {"py/set": []}, "py/object": "JavaParserVisitor.MethodInfo"}, "isInitStatement": {"memberReferences": {"py/set": ["KEYWORD_FOR", "KEYWORD_BEGIN"]}, "methodName": "isInitStatement", "methodReferences": {"py/set": ["matchesFor", "matchesForBegin"]}, "py/object": "JavaParserVisitor.MethodInfo"}, "matchesBegin": {"memberReferences": {"py/set": ["KEYWORD_BEGIN"]}, "methodName": "matchesBegin", "methodReferences": {"py/set": []}, "py/object": "JavaParserVisitor.MethodInfo"}, "matchesEmpty": {"memberReferences": {"py/set": []}, "methodName": "matchesEmpty", "methodReferences": {"py/set": []}, "py/object": "JavaParserVisitor.MethodInfo"}, "matchesEnd": {"memberReferences": {"py/set": ["KEYWORD_END"]}, "methodName": "matchesEnd", "methodReferences": {"py/set": []}, "py/object": "JavaParserVisitor.MethodInfo"}, "matchesFor": {"memberReferences": {"py/set": ["KEYWORD_FOR"]}, "methodName": "matchesFor", "methodReferences": {"py/set": []}, "py/object": "JavaParserVisitor.MethodInfo"}, "matchesForBegin": {"memberReferences": {"py/set": ["KEYWORD_FOR", "KEYWORD_BEGIN"]}, "methodName": "matchesForBegin", "methodReferences": {"py/set": []}, "py/object": "JavaParserVisitor.MethodInfo"}, "stateMachine": {"memberReferences": {"py/set": ["KEYWORD_BEGIN", "KEYWORD_FOR", "KEYWORD_END"]}, "methodName": "stateMachine", "methodReferences": {"py/set": ["matchesFor", "matchesForBegin", "matchesEnd", "matchesEmpty", "matchesBegin"]}, "py/object": "JavaParserVisitor.MethodInfo"}}, "possibleFather": "AbstractStatement<ForState>", "py/object": "JavaParserVisitor.ClassInfo", "span": 106}, "ForState": {"className": "ForState", "members": {"py/set": ["stateBlock", "state"]}, "methods": {"ForState": {"memberReferences": {"py/set": ["stateBlock"]}, "methodName": "ForState", "methodReferences": {"py/set": []}, "py/object": "JavaParserVisitor.MethodInfo"}, "getStateBlock": {"memberReferences": {"py/set": ["stateBlock"]}, "methodName": "getStateBlock", "methodReferences": {"py/set": []}, "py/object": "JavaParserVisitor.MethodInfo"}, "setStateBlock": {"memberReferences": {"py/set": ["stateBlock"]}, "methodName": "setStateBlock", "methodReferences": {"py/set": []}, "py/object": "JavaParserVisitor.MethodInfo"}}, "possibleFather": "StatementState", "py/object": "JavaParserVisitor.ClassInfo", "span": 35}, "Forever": {"className": "Forever", "members": {"py/set": ["LINE_COMMENT", "KEYWORD_FOREVER", "KEYWORD_BEGIN", "KEYWORD_END"]}, "methods": {"getInitStateElement": {"memberReferences": {"py/set": []}, "methodName": "getInitStateElement", "methodReferences": {"py/set": []}, "py/object": "JavaParserVisitor.MethodInfo"}, "getStateType": {"memberReferences": {"py/set": []}, "methodName": "getStateType", "methodReferences": {"py/set": []}, "py/object": "JavaParserVisitor.MethodInfo"}, "isInitStatement": {"memberReferences": {"py/set": ["KEYWORD_FOREVER", "KEYWORD_BEGIN"]}, "methodName": "isInitStatement", "methodReferences": {"py/set": ["matchesForever", "matchesForeverBegin"]}, "py/object": "JavaParserVisitor.MethodInfo"}, "matchesBegin": {"memberReferences": {"py/set": ["KEYWORD_BEGIN"]}, "methodName": "matchesBegin", "methodReferences": {"py/set": []}, "py/object": "JavaParserVisitor.MethodInfo"}, "matchesEmpty": {"memberReferences": {"py/set": []}, "methodName": "matchesEmpty", "methodReferences": {"py/set": []}, "py/object": "JavaParserVisitor.MethodInfo"}, "matchesEnd": {"memberReferences": {"py/set": ["KEYWORD_END"]}, "methodName": "matchesEnd", "methodReferences": {"py/set": []}, "py/object": "JavaParserVisitor.MethodInfo"}, "matchesForever": {"memberReferences": {"py/set": ["KEYWORD_FOREVER"]}, "methodName": "matchesForever", "methodReferences": {"py/set": []}, "py/object": "JavaParserVisitor.MethodInfo"}, "matchesForeverBegin": {"memberReferences": {"py/set": ["KEYWORD_FOREVER", "KEYWORD_BEGIN"]}, "methodName": "matchesForeverBegin", "methodReferences": {"py/set": []}, "py/object": "JavaParserVisitor.MethodInfo"}, "stateMachine": {"memberReferences": {"py/set": ["KEYWORD_FOREVER", "KEYWORD_BEGIN", "KEYWORD_END"]}, "methodName": "stateMachine", "methodReferences": {"py/set": ["matchesForever", "matchesEnd", "matchesForeverBegin", "matchesEmpty", "matchesBegin"]}, "py/object": "JavaParserVisitor.MethodInfo"}}, "possibleFather": "AbstractStatement<ForeverState>", "py/object": "JavaParserVisitor.ClassInfo", "span": 108}, "ForeverState": {"className": "ForeverState", "members": {"py/set": ["stateBlock", "state"]}, "methods": {"ForeverState": {"memberReferences": {"py/set": ["stateBlock"]}, "methodName": "ForeverState", "methodReferences": {"py/set": []}, "py/object": "JavaParserVisitor.MethodInfo"}, "getStateBlock": {"memberReferences": {"py/set": ["stateBlock"]}, "methodName": "getStateBlock", "methodReferences": {"py/set": []}, "py/object": "JavaParserVisitor.MethodInfo"}, "setStateBlock": {"memberReferences": {"py/set": ["stateBlock"]}, "methodName": "setStateBlock", "methodReferences": {"py/set": []}, "py/object": "JavaParserVisitor.MethodInfo"}}, "possibleFather": "StatementState", "py/object": "JavaParserVisitor.ClassInfo", "span": 35}, "FormatSetting": {"className": "FormatSetting", "members": {"py/set": ["prop", "filePresent", "file", "FILE_PROP"]}, "methods": {"FormatSetting": {"memberReferences": {"py/set": ["prop", "filePresent", "file"]}, "methodName": "FormatSetting", "methodReferences": {"py/set": []}, "py/object": "JavaParserVisitor.MethodInfo"}, "getBooleanValue": {"memberReferences": {"py/set": []}, "methodName": "getBooleanValue", "methodReferences": {"py/set": ["getStringValue"]}, "py/object": "JavaParserVisitor.MethodInfo"}, "getIntValue": {"memberReferences": {"py/set": ["prop"]}, "methodName": "getIntValue", "methodReferences": {"py/set": []}, "py/object": "JavaParserVisitor.MethodInfo"}, "getStringValue": {"memberReferences": {"py/set": []}, "methodName": "getStringValue", "methodReferences": {"py/set": []}, "py/object": "JavaParserVisitor.MethodInfo"}}, "possibleFather": "", "py/object": "JavaParserVisitor.ClassInfo", "span": 44}, "Function": {"className": "Function", "members": {"py/set": ["LINE_COMMENT", "KEYWORD_BEGIN", "KEYWORD_FUNCTION", "KEYWORD_ENDFUNCTION", "KEYWORD_END"]}, "methods": {"getInitStateElement": {"memberReferences": {"py/set": []}, "methodName": "getInitStateElement", "methodReferences": {"py/set": []}, "py/object": "JavaParserVisitor.MethodInfo"}, "getStateType": {"memberReferences": {"py/set": []}, "methodName": "getStateType", "methodReferences": {"py/set": []}, "py/object": "JavaParserVisitor.MethodInfo"}, "isInitStatement": {"memberReferences": {"py/set": ["KEYWORD_FUNCTION"]}, "methodName": "isInitStatement", "methodReferences": {"py/set": ["matchesFunction"]}, "py/object": "JavaParserVisitor.MethodInfo"}, "matchesBegin": {"memberReferences": {"py/set": ["LINE_COMMENT", "KEYWORD_BEGIN"]}, "methodName": "matchesBegin", "methodReferences": {"py/set": []}, "py/object": "JavaParserVisitor.MethodInfo"}, "matchesEnd": {"memberReferences": {"py/set": ["LINE_COMMENT", "KEYWORD_END"]}, "methodName": "matchesEnd", "methodReferences": {"py/set": []}, "py/object": "JavaParserVisitor.MethodInfo"}, "matchesEndfunction": {"memberReferences": {"py/set": ["KEYWORD_ENDFUNCTION", "LINE_COMMENT"]}, "methodName": "matchesEndfunction", "methodReferences": {"py/set": []}, "py/object": "JavaParserVisitor.MethodInfo"}, "matchesFunction": {"memberReferences": {"py/set": ["KEYWORD_FUNCTION"]}, "methodName": "matchesFunction", "methodReferences": {"py/set": []}, "py/object": "JavaParserVisitor.MethodInfo"}, "stateMachine": {"memberReferences": {"py/set": ["LINE_COMMENT", "KEYWORD_BEGIN", "KEYWORD_FUNCTION", "KEYWORD_ENDFUNCTION", "KEYWORD_END"]}, "methodName": "stateMachine", "methodReferences": {"py/set": ["matchesEndfunction", "matchesEnd", "matchesFunction", "matchesBegin"]}, "py/object": "JavaParserVisitor.MethodInfo"}}, "possibleFather": "AbstractStatement<FunctionState>", "py/object": "JavaParserVisitor.ClassInfo", "span": 84}, "FunctionState": {"className": "FunctionState", "members": {"py/set": ["state"]}, "methods": {"FunctionState": {"memberReferences": {"py/set": ["state"]}, "methodName": "FunctionState", "methodReferences": {"py/set": []}, "py/object": "JavaParserVisitor.MethodInfo"}}, "possibleFather": "StatementState", "py/object": "JavaParserVisitor.ClassInfo", "span": 19}, "Global": {"className": "Global", "members": {"py/set": ["VERSION"]}, "methods": {}, "possibleFather": "", "py/object": "JavaParserVisitor.ClassInfo", "span": 2}, "If": {"className": "If", "members": {"py/set": ["COMMNET"]}, "methods": {"indentLine": {"memberReferences": {"py/set": []}, "methodName": "indentLine", "methodReferences": {"py/set": ["matchesIf", "matchesIfBegin", "matchesElseIfBegin", "matchesEnd", "matchesElse", "matchesElseIf", "matchesElseBegin", "matchesBegin"]}, "py/object": "JavaParserVisitor.MethodInfo"}, "matchesBegin": {"memberReferences": {"py/set": []}, "methodName": "matchesBegin", "methodReferences": {"py/set": []}, "py/object": "JavaParserVisitor.MethodInfo"}, "matchesElse": {"memberReferences": {"py/set": []}, "methodName": "matchesElse", "methodReferences": {"py/set": []}, "py/object": "JavaParserVisitor.MethodInfo"}, "matchesElseBegin": {"memberReferences": {"py/set": []}, "methodName": "matchesElseBegin", "methodReferences": {"py/set": []}, "py/object": "JavaParserVisitor.MethodInfo"}, "matchesElseIf": {"memberReferences": {"py/set": []}, "methodName": "matchesElseIf", "methodReferences": {"py/set": []}, "py/object": "JavaParserVisitor.MethodInfo"}, "matchesElseIfBegin": {"memberReferences": {"py/set": []}, "methodName": "matchesElseIfBegin", "methodReferences": {"py/set": []}, "py/object": "JavaParserVisitor.MethodInfo"}, "matchesEnd": {"memberReferences": {"py/set": []}, "methodName": "matchesEnd", "methodReferences": {"py/set": []}, "py/object": "JavaParserVisitor.MethodInfo"}, "matchesIf": {"memberReferences": {"py/set": []}, "methodName": "matchesIf", "methodReferences": {"py/set": []}, "py/object": "JavaParserVisitor.MethodInfo"}, "matchesIfBegin": {"memberReferences": {"py/set": []}, "methodName": "matchesIfBegin", "methodReferences": {"py/set": []}, "py/object": "JavaParserVisitor.MethodInfo"}}, "possibleFather": "LineIndentable", "py/object": "JavaParserVisitor.ClassInfo", "span": 261}, "IfState": {"className": "IfState", "members": {"py/set": ["stateBlock", "state"]}, "methods": {"IfState": {"memberReferences": {"py/set": []}, "methodName": "IfState", "methodReferences": {"py/set": []}, "py/object": "JavaParserVisitor.MethodInfo"}, "getStateBlock": {"memberReferences": {"py/set": ["stateBlock"]}, "methodName": "getStateBlock", "methodReferences": {"py/set": []}, "py/object": "JavaParserVisitor.MethodInfo"}, "setStateBlock": {"memberReferences": {"py/set": ["stateBlock"]}, "methodName": "setStateBlock", "methodReferences": {"py/set": []}, "py/object": "JavaParserVisitor.MethodInfo"}}, "possibleFather": "StatementState", "py/object": "JavaParserVisitor.ClassInfo", "span": 36}, "IndentationStyle": {"className": "IndentationStyle", "members": {"py/set": ["indents"]}, "methods": {"IndentationStyle": {"memberReferences": {"py/set": ["indents"]}, "methodName": "IndentationStyle", "methodReferences": {"py/set": []}, "py/object": "JavaParserVisitor.MethodInfo"}, "applyStyle": {"memberReferences": {"py/set": ["indents"]}, "methodName": "applyStyle", "methodReferences": {"py/set": ["processLine"]}, "py/object": "JavaParserVisitor.MethodInfo"}, "indent": {"memberReferences": {"py/set": []}, "methodName": "indent", "methodReferences": {"py/set": []}, "py/object": "JavaParserVisitor.MethodInfo"}, "processLine": {"memberReferences": {"py/set": ["indents"]}, "methodName": "processLine", "methodReferences": {"py/set": ["indent"]}, "py/object": "JavaParserVisitor.MethodInfo"}}, "possibleFather": "", "py/object": "JavaParserVisitor.ClassInfo", "span": 57}, "Initial": {"className": "Initial", "members": {"py/set": ["KEYWORD_BEGIN", "LINE_COMMENT", "KEYWORD_INITIAL", "KEYWORD_END"]}, "methods": {"getInitStateElement": {"memberReferences": {"py/set": []}, "methodName": "getInitStateElement", "methodReferences": {"py/set": []}, "py/object": "JavaParserVisitor.MethodInfo"}, "getStateType": {"memberReferences": {"py/set": []}, "methodName": "getStateType", "methodReferences": {"py/set": []}, "py/object": "JavaParserVisitor.MethodInfo"}, "isInitStatement": {"memberReferences": {"py/set": ["KEYWORD_INITIAL", "KEYWORD_BEGIN"]}, "methodName": "isInitStatement", "methodReferences": {"py/set": ["matchesInitialBegin", "matchesInitial"]}, "py/object": "JavaParserVisitor.MethodInfo"}, "matchesBegin": {"memberReferences": {"py/set": ["KEYWORD_BEGIN"]}, "methodName": "matchesBegin", "methodReferences": {"py/set": []}, "py/object": "JavaParserVisitor.MethodInfo"}, "matchesEmpty": {"memberReferences": {"py/set": []}, "methodName": "matchesEmpty", "methodReferences": {"py/set": []}, "py/object": "JavaParserVisitor.MethodInfo"}, "matchesEnd": {"memberReferences": {"py/set": ["KEYWORD_END"]}, "methodName": "matchesEnd", "methodReferences": {"py/set": []}, "py/object": "JavaParserVisitor.MethodInfo"}, "matchesInitial": {"memberReferences": {"py/set": ["KEYWORD_INITIAL"]}, "methodName": "matchesInitial", "methodReferences": {"py/set": []}, "py/object": "JavaParserVisitor.MethodInfo"}, "matchesInitialBegin": {"memberReferences": {"py/set": ["KEYWORD_BEGIN", "KEYWORD_INITIAL"]}, "methodName": "matchesInitialBegin", "methodReferences": {"py/set": []}, "py/object": "JavaParserVisitor.MethodInfo"}, "stateMachine": {"memberReferences": {"py/set": ["KEYWORD_BEGIN", "KEYWORD_INITIAL", "KEYWORD_END"]}, "methodName": "stateMachine", "methodReferences": {"py/set": ["matchesInitial", "matchesEnd", "matchesInitialBegin", "matchesEmpty", "matchesBegin"]}, "py/object": "JavaParserVisitor.MethodInfo"}}, "possibleFather": "AbstractStatement<InitialState>", "py/object": "JavaParserVisitor.ClassInfo", "span": 106}, "InitialState": {"className": "InitialState", "members": {"py/set": ["stateBlock", "state"]}, "methods": {"InitialState": {"memberReferences": {"py/set": ["stateBlock"]}, "methodName": "InitialState", "methodReferences": {"py/set": []}, "py/object": "JavaParserVisitor.MethodInfo"}, "getStateBlock": {"memberReferences": {"py/set": ["stateBlock"]}, "methodName": "getStateBlock", "methodReferences": {"py/set": []}, "py/object": "JavaParserVisitor.MethodInfo"}, "setStateBlock": {"memberReferences": {"py/set": ["stateBlock"]}, "methodName": "setStateBlock", "methodReferences": {"py/set": []}, "py/object": "JavaParserVisitor.MethodInfo"}}, "possibleFather": "StatementState", "py/object": "JavaParserVisitor.ClassInfo", "span": 35}, "LineIndentable": {"className": "LineIndentable", "members": {"py/set": []}, "methods": {"indent": {"memberReferences": {"py/set": []}, "methodName": "indent", "methodReferences": {"py/set": []}, "py/object": "JavaParserVisitor.MethodInfo"}, "indentLine": {"memberReferences": {"py/set": []}, "methodName": "indentLine", "methodReferences": {"py/set": []}, "py/object": "JavaParserVisitor.MethodInfo"}}, "possibleFather": "", "py/object": "JavaParserVisitor.ClassInfo", "span": 17}, "Module": {"className": "Module", "members": {"py/set": []}, "methods": {"indentLine": {"memberReferences": {"py/set": []}, "methodName": "indentLine", "methodReferences": {"py/set": ["matchesEndmodule", "matchesModule"]}, "py/object": "JavaParserVisitor.MethodInfo"}, "matchesEndmodule": {"memberReferences": {"py/set": []}, "methodName": "matchesEndmodule", "methodReferences": {"py/set": []}, "py/object": "JavaParserVisitor.MethodInfo"}, "matchesModule": {"memberReferences": {"py/set": []}, "methodName": "matchesModule", "methodReferences": {"py/set": []}, "py/object": "JavaParserVisitor.MethodInfo"}}, "possibleFather": "LineIndentable", "py/object": "JavaParserVisitor.ClassInfo", "span": 68}, "ModuleAlign": {"className": "ModuleAlign", "members": {"py/set": ["keyWord", "commnets"]}, "methods": {"BASAlign": {"memberReferences": {"py/set": []}, "methodName": "BASAlign", "methodReferences": {"py/set": ["indent"]}, "py/object": "JavaParserVisitor.MethodInfo"}, "ModuleAlign": {"memberReferences": {"py/set": ["keyWord"]}, "methodName": "ModuleAlign", "methodReferences": {"py/set": []}, "py/object": "JavaParserVisitor.MethodInfo"}, "applyStyle": {"memberReferences": {"py/set": ["keyWord"]}, "methodName": "applyStyle", "methodReferences": {"py/set": ["getModuleInLine", "getMostLargeLineSize", "replaceInBuffer", "getIdxLineMatches", "BASAlign", "removeComments", "getCommentAlign"]}, "py/object": "JavaParserVisitor.MethodInfo"}, "getCommentAlign": {"memberReferences": {"py/set": []}, "methodName": "getCommentAlign", "methodReferences": {"py/set": []}, "py/object": "JavaParserVisitor.MethodInfo"}, "getIdxLineMatches": {"memberReferences": {"py/set": []}, "methodName": "getIdxLineMatches", "methodReferences": {"py/set": []}, "py/object": "JavaParserVisitor.MethodInfo"}, "getIndent": {"memberReferences": {"py/set": []}, "methodName": "getIndent", "methodReferences": {"py/set": []}, "py/object": "JavaParserVisitor.MethodInfo"}, "getModuleInLine": {"memberReferences": {"py/set": []}, "methodName": "getModuleInLine", "methodReferences": {"py/set": ["orderLine", "indent", "getIndent"]}, "py/object": "JavaParserVisitor.MethodInfo"}, "getMostLargeLineSize": {"memberReferences": {"py/set": []}, "methodName": "getMostLargeLineSize", "methodReferences": {"py/set": []}, "py/object": "JavaParserVisitor.MethodInfo"}, "indent": {"memberReferences": {"py/set": []}, "methodName": "indent", "methodReferences": {"py/set": []}, "py/object": "JavaParserVisitor.MethodInfo"}, "orderLine": {"memberReferences": {"py/set": []}, "methodName": "orderLine", "methodReferences": {"py/set": ["getIndent", "indent"]}, "py/object": "JavaParserVisitor.MethodInfo"}, "removeComments": {"memberReferences": {"py/set": []}, "methodName": "removeComments", "methodReferences": {"py/set": ["orderLine"]}, "py/object": "JavaParserVisitor.MethodInfo"}, "replaceInBuffer": {"memberReferences": {"py/set": []}, "methodName": "replaceInBuffer", "methodReferences": {"py/set": []}, "py/object": "JavaParserVisitor.MethodInfo"}}, "possibleFather": "", "py/object": "JavaParserVisitor.ClassInfo", "span": 319}, "ModuleInstantiation": {"className": "ModuleInstantiation", "members": {"py/set": []}, "methods": {"applyStyle": {"memberReferences": {"py/set": []}, "methodName": "applyStyle", "methodReferences": {"py/set": []}, "py/object": "JavaParserVisitor.MethodInfo"}}, "possibleFather": "", "py/object": "JavaParserVisitor.ClassInfo", "span": 19}, "ModuleState": {"className": "ModuleState", "members": {"py/set": ["state"]}, "methods": {"ModuleState": {"memberReferences": {"py/set": ["state"]}, "methodName": "ModuleState", "methodReferences": {"py/set": []}, "py/object": "JavaParserVisitor.MethodInfo"}}, "possibleFather": "StatementState", "py/object": "JavaParserVisitor.ClassInfo", "span": 19}, "Repeat": {"className": "Repeat", "members": {"py/set": ["LINE_COMMENT", "KEYWORD_BEGIN", "KEYWORD_REPEAT", "KEYWORD_END"]}, "methods": {"getInitStateElement": {"memberReferences": {"py/set": []}, "methodName": "getInitStateElement", "methodReferences": {"py/set": []}, "py/object": "JavaParserVisitor.MethodInfo"}, "getStateType": {"memberReferences": {"py/set": []}, "methodName": "getStateType", "methodReferences": {"py/set": []}, "py/object": "JavaParserVisitor.MethodInfo"}, "isInitStatement": {"memberReferences": {"py/set": ["KEYWORD_BEGIN", "KEYWORD_REPEAT"]}, "methodName": "isInitStatement", "methodReferences": {"py/set": ["matchesRepeat", "matchesRepeatBegin"]}, "py/object": "JavaParserVisitor.MethodInfo"}, "matchesBegin": {"memberReferences": {"py/set": ["KEYWORD_BEGIN"]}, "methodName": "matchesBegin", "methodReferences": {"py/set": []}, "py/object": "JavaParserVisitor.MethodInfo"}, "matchesEmpty": {"memberReferences": {"py/set": []}, "methodName": "matchesEmpty", "methodReferences": {"py/set": []}, "py/object": "JavaParserVisitor.MethodInfo"}, "matchesEnd": {"memberReferences": {"py/set": ["KEYWORD_END"]}, "methodName": "matchesEnd", "methodReferences": {"py/set": []}, "py/object": "JavaParserVisitor.MethodInfo"}, "matchesRepeat": {"memberReferences": {"py/set": ["KEYWORD_REPEAT"]}, "methodName": "matchesRepeat", "methodReferences": {"py/set": []}, "py/object": "JavaParserVisitor.MethodInfo"}, "matchesRepeatBegin": {"memberReferences": {"py/set": ["KEYWORD_BEGIN", "KEYWORD_REPEAT"]}, "methodName": "matchesRepeatBegin", "methodReferences": {"py/set": []}, "py/object": "JavaParserVisitor.MethodInfo"}, "stateMachine": {"memberReferences": {"py/set": ["KEYWORD_BEGIN", "KEYWORD_REPEAT", "KEYWORD_END"]}, "methodName": "stateMachine", "methodReferences": {"py/set": ["matchesRepeatBegin", "matchesEnd", "matchesRepeat", "matchesEmpty", "matchesBegin"]}, "py/object": "JavaParserVisitor.MethodInfo"}}, "possibleFather": "AbstractStatement<RepeatState>", "py/object": "JavaParserVisitor.ClassInfo", "span": 108}, "RepeatState": {"className": "RepeatState", "members": {"py/set": ["stateBlock", "state"]}, "methods": {"RepeatState": {"memberReferences": {"py/set": ["stateBlock"]}, "methodName": "RepeatState", "methodReferences": {"py/set": []}, "py/object": "JavaParserVisitor.MethodInfo"}, "getStateBlock": {"memberReferences": {"py/set": ["stateBlock"]}, "methodName": "getStateBlock", "methodReferences": {"py/set": []}, "py/object": "JavaParserVisitor.MethodInfo"}, "setStateBlock": {"memberReferences": {"py/set": ["stateBlock"]}, "methodName": "setStateBlock", "methodReferences": {"py/set": []}, "py/object": "JavaParserVisitor.MethodInfo"}}, "possibleFather": "StatementState", "py/object": "JavaParserVisitor.ClassInfo", "span": 35}, "SpacesBeforeIfStatement": {"className": "SpacesBeforeIfStatement", "members": {"py/set": []}, "methods": {"decorateLine": {"memberReferences": {"py/set": []}, "methodName": "decorateLine", "methodReferences": {"py/set": []}, "py/object": "JavaParserVisitor.MethodInfo"}, "inBlockComment": {"memberReferences": {"py/set": []}, "methodName": "inBlockComment", "methodReferences": {"py/set": []}, "py/object": "JavaParserVisitor.MethodInfo"}}, "possibleFather": "AbstractLineDecoration", "py/object": "JavaParserVisitor.ClassInfo", "span": 17}, "SpacesBlockingAssignment": {"className": "SpacesBlockingAssignment", "members": {"py/set": []}, "methods": {"decorateLine": {"memberReferences": {"py/set": []}, "methodName": "decorateLine", "methodReferences": {"py/set": []}, "py/object": "JavaParserVisitor.MethodInfo"}, "inBlockComment": {"memberReferences": {"py/set": []}, "methodName": "inBlockComment", "methodReferences": {"py/set": []}, "py/object": "JavaParserVisitor.MethodInfo"}}, "possibleFather": "AbstractLineDecoration", "py/object": "JavaParserVisitor.ClassInfo", "span": 16}, "SpacesInParentheses": {"className": "SpacesInParentheses", "members": {"py/set": []}, "methods": {"decorateLine": {"memberReferences": {"py/set": []}, "methodName": "decorateLine", "methodReferences": {"py/set": []}, "py/object": "JavaParserVisitor.MethodInfo"}, "inBlockComment": {"memberReferences": {"py/set": []}, "methodName": "inBlockComment", "methodReferences": {"py/set": []}, "py/object": "JavaParserVisitor.MethodInfo"}}, "possibleFather": "AbstractLineDecoration", "py/object": "JavaParserVisitor.ClassInfo", "span": 20}, "SpacesInSquareBrackets": {"className": "SpacesInSquareBrackets", "members": {"py/set": []}, "methods": {"decorateLine": {"memberReferences": {"py/set": []}, "methodName": "decorateLine", "methodReferences": {"py/set": []}, "py/object": "JavaParserVisitor.MethodInfo"}, "inBlockComment": {"memberReferences": {"py/set": []}, "methodName": "inBlockComment", "methodReferences": {"py/set": []}, "py/object": "JavaParserVisitor.MethodInfo"}}, "possibleFather": "AbstractLineDecoration", "py/object": "JavaParserVisitor.ClassInfo", "span": 22}, "SpacesNoBlockingAssignment": {"className": "SpacesNoBlockingAssignment", "members": {"py/set": []}, "methods": {"decorateLine": {"memberReferences": {"py/set": []}, "methodName": "decorateLine", "methodReferences": {"py/set": []}, "py/object": "JavaParserVisitor.MethodInfo"}, "inBlockComment": {"memberReferences": {"py/set": []}, "methodName": "inBlockComment", "methodReferences": {"py/set": []}, "py/object": "JavaParserVisitor.MethodInfo"}}, "possibleFather": "AbstractLineDecoration", "py/object": "JavaParserVisitor.ClassInfo", "span": 13}, "SpacesTrailingComment": {"className": "SpacesTrailingComment", "members": {"py/set": []}, "methods": {"decorateLine": {"memberReferences": {"py/set": []}, "methodName": "decorateLine", "methodReferences": {"py/set": []}, "py/object": "JavaParserVisitor.MethodInfo"}, "inBlockComment": {"memberReferences": {"py/set": []}, "methodName": "inBlockComment", "methodReferences": {"py/set": []}, "py/object": "JavaParserVisitor.MethodInfo"}}, "possibleFather": "AbstractLineDecoration", "py/object": "JavaParserVisitor.ClassInfo", "span": 36}, "StatementState": {"className": "StatementState", "members": {"py/set": ["baseIndent", "stateName"]}, "methods": {"StatementState": {"memberReferences": {"py/set": ["baseIndent", "stateName"]}, "methodName": "StatementState", "methodReferences": {"py/set": []}, "py/object": "JavaParserVisitor.MethodInfo"}, "getBaseIndent": {"memberReferences": {"py/set": ["baseIndent"]}, "methodName": "getBaseIndent", "methodReferences": {"py/set": []}, "py/object": "JavaParserVisitor.MethodInfo"}, "getStateName": {"memberReferences": {"py/set": ["stateName"]}, "methodName": "getStateName", "methodReferences": {"py/set": []}, "py/object": "JavaParserVisitor.MethodInfo"}, "setBaseIndent": {"memberReferences": {"py/set": ["baseIndent"]}, "methodName": "setBaseIndent", "methodReferences": {"py/set": []}, "py/object": "JavaParserVisitor.MethodInfo"}}, "possibleFather": "", "py/object": "JavaParserVisitor.ClassInfo", "span": 19}, "StringHelper": {"className": "StringHelper", "members": {"py/set": []}, "methods": {"getSpaces": {"memberReferences": {"py/set": []}, "methodName": "getSpaces", "methodReferences": {"py/set": []}, "py/object": "JavaParserVisitor.MethodInfo"}, "stringMatches": {"memberReferences": {"py/set": []}, "methodName": "stringMatches", "methodReferences": {"py/set": []}, "py/object": "JavaParserVisitor.MethodInfo"}}, "possibleFather": "", "py/object": "JavaParserVisitor.ClassInfo", "span": 20}, "Task": {"className": "Task", "members": {"py/set": ["LINE_COMMENT", "KEYWORD_BEGIN", "KEYWORD_TASK", "KEYWORD_ENDTASK", "KEYWORD_END"]}, "methods": {"getInitStateElement": {"memberReferences": {"py/set": []}, "methodName": "getInitStateElement", "methodReferences": {"py/set": []}, "py/object": "JavaParserVisitor.MethodInfo"}, "getStateType": {"memberReferences": {"py/set": []}, "methodName": "getStateType", "methodReferences": {"py/set": []}, "py/object": "JavaParserVisitor.MethodInfo"}, "isInitStatement": {"memberReferences": {"py/set": ["KEYWORD_TASK"]}, "methodName": "isInitStatement", "methodReferences": {"py/set": ["matchesTask"]}, "py/object": "JavaParserVisitor.MethodInfo"}, "matchesBegin": {"memberReferences": {"py/set": ["LINE_COMMENT", "KEYWORD_BEGIN"]}, "methodName": "matchesBegin", "methodReferences": {"py/set": []}, "py/object": "JavaParserVisitor.MethodInfo"}, "matchesEnd": {"memberReferences": {"py/set": ["LINE_COMMENT", "KEYWORD_END"]}, "methodName": "matchesEnd", "methodReferences": {"py/set": []}, "py/object": "JavaParserVisitor.MethodInfo"}, "matchesEndfunction": {"memberReferences": {"py/set": ["LINE_COMMENT", "KEYWORD_ENDTASK"]}, "methodName": "matchesEndfunction", "methodReferences": {"py/set": []}, "py/object": "JavaParserVisitor.MethodInfo"}, "matchesTask": {"memberReferences": {"py/set": ["KEYWORD_TASK"]}, "methodName": "matchesTask", "methodReferences": {"py/set": []}, "py/object": "JavaParserVisitor.MethodInfo"}, "stateMachine": {"memberReferences": {"py/set": ["LINE_COMMENT", "KEYWORD_BEGIN", "KEYWORD_TASK", "KEYWORD_ENDTASK", "KEYWORD_END"]}, "methodName": "stateMachine", "methodReferences": {"py/set": ["matchesEndfunction", "matchesTask", "matchesBegin", "matchesEnd"]}, "py/object": "JavaParserVisitor.MethodInfo"}}, "possibleFather": "AbstractStatement<TaskState>", "py/object": "JavaParserVisitor.ClassInfo", "span": 84}, "TaskState": {"className": "TaskState", "members": {"py/set": ["state"]}, "methods": {"TaskState": {"memberReferences": {"py/set": ["state"]}, "methodName": "TaskState", "methodReferences": {"py/set": []}, "py/object": "JavaParserVisitor.MethodInfo"}}, "possibleFather": "StatementState", "py/object": "JavaParserVisitor.ClassInfo", "span": 19}, "VerilogBlock": {"className": "VerilogBlock", "members": {"py/set": ["endIndentBefore", "end", "headerIndentBefore", "withoutEnd", "header"]}, "methods": {"VerilogBlock": {"memberReferences": {"py/set": []}, "methodName": "VerilogBlock", "methodReferences": {"py/set": []}, "py/object": "JavaParserVisitor.MethodInfo"}, "indentLine": {"memberReferences": {"py/set": []}, "methodName": "indentLine", "methodReferences": {"py/set": []}, "py/object": "JavaParserVisitor.MethodInfo"}, "process": {"memberReferences": {"py/set": ["endIndentBefore", "end", "headerIndentBefore", "withoutEnd"]}, "methodName": "process", "methodReferences": {"py/set": ["indentLine"]}, "py/object": "JavaParserVisitor.MethodInfo"}}, "possibleFather": "", "py/object": "JavaParserVisitor.ClassInfo", "span": 63}, "VerilogFile": {"className": "VerilogFile", "members": {"py/set": ["pathname", "memFile", "format", "styles"]}, "methods": {"VerilogFile": {"memberReferences": {"py/set": ["memFile", "format", "pathname", "styles"]}, "methodName": "VerilogFile", "methodReferences": {"py/set": []}, "py/object": "JavaParserVisitor.MethodInfo"}, "addStyle": {"memberReferences": {"py/set": ["styles"]}, "methodName": "addStyle", "methodReferences": {"py/set": []}, "py/object": "JavaParserVisitor.MethodInfo"}, "format": {"memberReferences": {"py/set": ["styles"]}, "methodName": "format", "methodReferences": {"py/set": []}, "py/object": "JavaParserVisitor.MethodInfo"}, "overWrite": {"memberReferences": {"py/set": ["memFile", "pathname"]}, "methodName": "overWrite", "methodReferences": {"py/set": []}, "py/object": "JavaParserVisitor.MethodInfo"}, "print": {"memberReferences": {"py/set": ["memFile"]}, "methodName": "print", "methodReferences": {"py/set": []}, "py/object": "JavaParserVisitor.MethodInfo"}}, "possibleFather": "", "py/object": "JavaParserVisitor.ClassInfo", "span": 50}, "VerilogFormat": {"className": "VerilogFormat", "members": {"py/set": ["settings", "printFileFormated"]}, "methods": {"formatFile": {"memberReferences": {"py/set": ["settings", "printFileFormated"]}, "methodName": "formatFile", "methodReferences": {"py/set": []}, "py/object": "JavaParserVisitor.MethodInfo"}, "getApplicationName": {"memberReferences": {"py/set": []}, "methodName": "getApplicationName", "methodReferences": {"py/set": []}, "py/object": "JavaParserVisitor.MethodInfo"}, "getCmdLineSyntax": {"memberReferences": {"py/set": []}, "methodName": "getCmdLineSyntax", "methodReferences": {"py/set": ["getApplicationName"]}, "py/object": "JavaParserVisitor.MethodInfo"}, "getOptions": {"memberReferences": {"py/set": []}, "methodName": "getOptions", "methodReferences": {"py/set": []}, "py/object": "JavaParserVisitor.MethodInfo"}, "main": {"memberReferences": {"py/set": []}, "methodName": "main", "methodReferences": {"py/set": []}, "py/object": "JavaParserVisitor.MethodInfo"}, "printError": {"memberReferences": {"py/set": []}, "methodName": "printError", "methodReferences": {"py/set": []}, "py/object": "JavaParserVisitor.MethodInfo"}, "processOptions": {"memberReferences": {"py/set": ["settings", "printFileFormated"]}, "methodName": "processOptions", "methodReferences": {"py/set": ["printError", "formatFile"]}, "py/object": "JavaParserVisitor.MethodInfo"}}, "possibleFather": "ConsoleApplication", "py/object": "JavaParserVisitor.ClassInfo", "span": 114}, "VerilogHelper": {"className": "VerilogHelper", "members": {"py/set": ["instance", "keyWords"]}, "methods": {"VerilogHelper": {"memberReferences": {"py/set": []}, "methodName": "VerilogHelper", "methodReferences": {"py/set": []}, "py/object": "JavaParserVisitor.MethodInfo"}, "isKeyWord": {"memberReferences": {"py/set": []}, "methodName": "isKeyWord", "methodReferences": {"py/set": []}, "py/object": "JavaParserVisitor.MethodInfo"}}, "possibleFather": "", "py/object": "JavaParserVisitor.ClassInfo", "span": 140}, "While": {"className": "While", "members": {"py/set": ["KEYWORD_BEGIN", "LINE_COMMENT", "KEYWORD_WHILE", "KEYWORD_END"]}, "methods": {"getInitStateElement": {"memberReferences": {"py/set": []}, "methodName": "getInitStateElement", "methodReferences": {"py/set": []}, "py/object": "JavaParserVisitor.MethodInfo"}, "getStateType": {"memberReferences": {"py/set": []}, "methodName": "getStateType", "methodReferences": {"py/set": []}, "py/object": "JavaParserVisitor.MethodInfo"}, "isInitStatement": {"memberReferences": {"py/set": ["KEYWORD_BEGIN", "KEYWORD_WHILE"]}, "methodName": "isInitStatement", "methodReferences": {"py/set": ["matchesWhile", "matchesWhileBegin"]}, "py/object": "JavaParserVisitor.MethodInfo"}, "matchesBegin": {"memberReferences": {"py/set": ["KEYWORD_BEGIN"]}, "methodName": "matchesBegin", "methodReferences": {"py/set": []}, "py/object": "JavaParserVisitor.MethodInfo"}, "matchesEmpty": {"memberReferences": {"py/set": []}, "methodName": "matchesEmpty", "methodReferences": {"py/set": []}, "py/object": "JavaParserVisitor.MethodInfo"}, "matchesEnd": {"memberReferences": {"py/set": ["KEYWORD_END"]}, "methodName": "matchesEnd", "methodReferences": {"py/set": []}, "py/object": "JavaParserVisitor.MethodInfo"}, "matchesWhile": {"memberReferences": {"py/set": ["KEYWORD_WHILE"]}, "methodName": "matchesWhile", "methodReferences": {"py/set": []}, "py/object": "JavaParserVisitor.MethodInfo"}, "matchesWhileBegin": {"memberReferences": {"py/set": ["KEYWORD_BEGIN", "KEYWORD_WHILE"]}, "methodName": "matchesWhileBegin", "methodReferences": {"py/set": []}, "py/object": "JavaParserVisitor.MethodInfo"}, "stateMachine": {"memberReferences": {"py/set": ["KEYWORD_BEGIN", "KEYWORD_WHILE", "KEYWORD_END"]}, "methodName": "stateMachine", "methodReferences": {"py/set": ["matchesWhile", "matchesEnd", "matchesWhileBegin", "matchesEmpty", "matchesBegin"]}, "py/object": "JavaParserVisitor.MethodInfo"}}, "possibleFather": "AbstractStatement<WhileState>", "py/object": "JavaParserVisitor.ClassInfo", "span": 106}, "WhileState": {"className": "WhileState", "members": {"py/set": ["stateBlock", "state"]}, "methods": {"WhileState": {"memberReferences": {"py/set": ["stateBlock"]}, "methodName": "WhileState", "methodReferences": {"py/set": []}, "py/object": "JavaParserVisitor.MethodInfo"}, "getStateBlock": {"memberReferences": {"py/set": ["stateBlock"]}, "methodName": "getStateBlock", "methodReferences": {"py/set": []}, "py/object": "JavaParserVisitor.MethodInfo"}, "setStateBlock": {"memberReferences": {"py/set": ["stateBlock"]}, "methodName": "setStateBlock", "methodReferences": {"py/set": []}, "py/object": "JavaParserVisitor.MethodInfo"}}, "possibleFather": "StatementState", "py/object": "JavaParserVisitor.ClassInfo", "span": 35}}