{"AsyncCompleteHandler": {"className": "AsyncCompleteHandler", "members": {"py/set": []}, "methods": {"handle": {"memberReferences": {"py/set": []}, "methodName": "handle", "methodReferences": {"py/set": []}, "py/object": "JavaParserVisitor.MethodInfo"}}, "possibleFather": "SingleSubscriptionHandler<Void,AsyncResult<Void>>", "py/object": "JavaParserVisitor.ClassInfo", "span": 6}, "AsyncResultMemoizeHandler": {"className": "AsyncResultMemoizeHandler", "members": {"py/set": []}, "methods": {"create": {"memberReferences": {"py/set": []}, "methodName": "create", "methodReferences": {"py/set": ["create"]}, "py/object": "JavaParserVisitor.MethodInfo"}, "handle": {"memberReferences": {"py/set": []}, "methodName": "handle", "methodReferences": {"py/set": ["wrap"]}, "py/object": "JavaParserVisitor.MethodInfo"}, "wrap": {"memberReferences": {"py/set": []}, "methodName": "wrap", "methodReferences": {"py/set": []}, "py/object": "JavaParserVisitor.MethodInfo"}}, "possibleFather": "MemoizeHandler<R,AsyncResult<T>>", "py/object": "JavaParserVisitor.ClassInfo", "span": 20}, "AsyncSendHandler": {"className": "AsyncSendHandler", "members": {"py/set": []}, "methods": {"handle": {"memberReferences": {"py/set": []}, "methodName": "handle", "methodReferences": {"py/set": []}, "py/object": "JavaParserVisitor.MethodInfo"}}, "possibleFather": "SingleSubscriptionHandler<RxMessage<R>,AsyncResult<Message<R>>>", "py/object": "JavaParserVisitor.ClassInfo", "span": 6}, "AsyncSendSubscription": {"className": "AsyncSendSubscription", "members": {"py/set": []}, "methods": {"AsyncSendSubscription": {"memberReferences": {"py/set": []}, "methodName": "AsyncSendSubscription", "methodReferences": {"py/set": []}, "py/object": "JavaParserVisitor.MethodInfo"}, "handle": {"memberReferences": {"py/set": []}, "methodName": "handle", "methodReferences": {"py/set": []}, "py/object": "JavaParserVisitor.MethodInfo"}}, "possibleFather": "HandlerSubscription<AsyncResult<Message<R>>,RxMessage<R>>", "py/object": "JavaParserVisitor.ClassInfo", "span": 13}, "BufferedWriteStream": {"className": "BufferedWriteStream", "members": {"py/set": ["out", "exceptionHandler", "restrictHandler"]}, "methods": {"BufferedWriteStream": {"memberReferences": {"py/set": ["out"]}, "methodName": "BufferedWriteStream", "methodReferences": {"py/set": []}, "py/object": "JavaParserVisitor.MethodInfo"}, "clear": {"memberReferences": {"py/set": []}, "methodName": "clear", "methodReferences": {"py/set": ["clear"]}, "py/object": "JavaParserVisitor.MethodInfo"}, "drainHandler": {"memberReferences": {"py/set": []}, "methodName": "drainHandler", "methodReferences": {"py/set": []}, "py/object": "JavaParserVisitor.MethodInfo"}, "exceptionHandler": {"memberReferences": {"py/set": ["exceptionHandler"]}, "methodName": "exceptionHandler", "methodReferences": {"py/set": []}, "py/object": "JavaParserVisitor.MethodInfo"}, "fail": {"memberReferences": {"py/set": ["exceptionHandler"]}, "methodName": "fail", "methodReferences": {"py/set": ["clear"]}, "py/object": "JavaParserVisitor.MethodInfo"}, "forward": {"memberReferences": {"py/set": ["out"]}, "methodName": "forward", "methodReferences": {"py/set": ["writeQueueFull"]}, "py/object": "JavaParserVisitor.MethodInfo"}, "release": {"memberReferences": {"py/set": ["out", "restrictHandler"]}, "methodName": "release", "methodReferences": {"py/set": ["writeQueueFull", "write", "restrict"]}, "py/object": "JavaParserVisitor.MethodInfo"}, "restrict": {"memberReferences": {"py/set": ["restrictHandler"]}, "methodName": "restrict", "methodReferences": {"py/set": []}, "py/object": "JavaParserVisitor.MethodInfo"}, "restrictHandler": {"memberReferences": {"py/set": ["restrictHandler"]}, "methodName": "restrictHandler", "methodReferences": {"py/set": []}, "py/object": "JavaParserVisitor.MethodInfo"}, "setWriteQueueMaxSize": {"memberReferences": {"py/set": ["out"]}, "methodName": "setWriteQueueMaxSize", "methodReferences": {"py/set": ["setWriteQueueMaxSize"]}, "py/object": "JavaParserVisitor.MethodInfo"}, "write": {"memberReferences": {"py/set": []}, "methodName": "write", "methodReferences": {"py/set": []}, "py/object": "JavaParserVisitor.MethodInfo"}, "writeQueueFull": {"memberReferences": {"py/set": []}, "methodName": "writeQueueFull", "methodReferences": {"py/set": []}, "py/object": "JavaParserVisitor.MethodInfo"}}, "possibleFather": "Throttle<Buffer>", "py/object": "JavaParserVisitor.ClassInfo", "span": 114}, "ContextAction": {"className": "ContextAction", "members": {"py/set": ["action", "cancel", "timers", "context", "once", "ONCE_UPDATER", "vertx"]}, "methods": {"ContextAction": {"memberReferences": {"py/set": ["action", "cancel", "timers", "context", "vertx"]}, "methodName": "ContextAction", "methodReferences": {"py/set": []}, "py/object": "JavaParserVisitor.MethodInfo"}, "addParent": {"memberReferences": {"py/set": []}, "methodName": "addParent", "methodReferences": {"py/set": []}, "py/object": "JavaParserVisitor.MethodInfo"}, "handle": {"memberReferences": {"py/set": []}, "methodName": "handle", "methodReferences": {"py/set": []}, "py/object": "JavaParserVisitor.MethodInfo"}, "isUnsubscribed": {"memberReferences": {"py/set": []}, "methodName": "isUnsubscribed", "methodReferences": {"py/set": []}, "py/object": "JavaParserVisitor.MethodInfo"}, "runOnContext": {"memberReferences": {"py/set": ["context"]}, "methodName": "runOnContext", "methodReferences": {"py/set": ["runOnContext"]}, "py/object": "JavaParserVisitor.MethodInfo"}, "setDelayedPeriodic": {"memberReferences": {"py/set": ["context"]}, "methodName": "setDelayedPeriodic", "methodReferences": {"py/set": ["runOnContext"]}, "py/object": "JavaParserVisitor.MethodInfo"}, "setTimer": {"memberReferences": {"py/set": ["context"]}, "methodName": "setTimer", "methodReferences": {"py/set": ["runOnContext"]}, "py/object": "JavaParserVisitor.MethodInfo"}, "unsubscribe": {"memberReferences": {"py/set": ["context"]}, "methodName": "unsubscribe", "methodReferences": {"py/set": ["runOnContext"]}, "py/object": "JavaParserVisitor.MethodInfo"}}, "possibleFather": "", "py/object": "JavaParserVisitor.ClassInfo", "span": 196}, "ContextScheduler": {"className": "ContextScheduler", "members": {"py/set": ["context", "vertx"]}, "methods": {"ContextScheduler": {"memberReferences": {"py/set": ["context", "vertx"]}, "methodName": "ContextScheduler", "methodReferences": {"py/set": []}, "py/object": "JavaParserVisitor.MethodInfo"}, "createWorker": {"memberReferences": {"py/set": []}, "methodName": "createWorker", "methodReferences": {"py/set": []}, "py/object": "JavaParserVisitor.MethodInfo"}}, "possibleFather": "Scheduler", "py/object": "JavaParserVisitor.ClassInfo", "span": 293}, "ContextWorker": {"className": "ContextWorker", "members": {"py/set": ["innerSubscription", "schedulersHook"]}, "methods": {"ContextWorker": {"memberReferences": {"py/set": ["schedulersHook"]}, "methodName": "ContextWorker", "methodReferences": {"py/set": []}, "py/object": "JavaParserVisitor.MethodInfo"}, "isUnsubscribed": {"memberReferences": {"py/set": []}, "methodName": "isUnsubscribed", "methodReferences": {"py/set": []}, "py/object": "JavaParserVisitor.MethodInfo"}, "schedule": {"memberReferences": {"py/set": []}, "methodName": "schedule", "methodReferences": {"py/set": []}, "py/object": "JavaParserVisitor.MethodInfo"}, "schedulePeriodically": {"memberReferences": {"py/set": []}, "methodName": "schedulePeriodically", "methodReferences": {"py/set": []}, "py/object": "JavaParserVisitor.MethodInfo"}, "unsubscribe": {"memberReferences": {"py/set": []}, "methodName": "unsubscribe", "methodReferences": {"py/set": []}, "py/object": "JavaParserVisitor.MethodInfo"}}, "possibleFather": "Scheduler.Worker", "py/object": "JavaParserVisitor.ClassInfo", "span": 64}, "EventBusIntegrationTest": {"className": "EventBusIntegrationTest", "members": {"py/set": []}, "methods": {"call": {"memberReferences": {"py/set": []}, "methodName": "call", "methodReferences": {"py/set": []}, "py/object": "JavaParserVisitor.MethodInfo"}, "handle": {"memberReferences": {"py/set": []}, "methodName": "handle", "methodReferences": {"py/set": ["sendBatch"]}, "py/object": "JavaParserVisitor.MethodInfo"}, "sendBatch": {"memberReferences": {"py/set": []}, "methodName": "sendBatch", "methodReferences": {"py/set": []}, "py/object": "JavaParserVisitor.MethodInfo"}, "testClose": {"memberReferences": {"py/set": []}, "methodName": "testClose", "methodReferences": {"py/set": []}, "py/object": "JavaParserVisitor.MethodInfo"}, "testConcatResults": {"memberReferences": {"py/set": []}, "methodName": "testConcatResults", "methodReferences": {"py/set": []}, "py/object": "JavaParserVisitor.MethodInfo"}, "testDeferredSubscribe": {"memberReferences": {"py/set": []}, "methodName": "testDeferredSubscribe", "methodReferences": {"py/set": []}, "py/object": "JavaParserVisitor.MethodInfo"}, "testFail": {"memberReferences": {"py/set": []}, "methodName": "testFail", "methodReferences": {"py/set": []}, "py/object": "JavaParserVisitor.MethodInfo"}, "testFlow": {"memberReferences": {"py/set": []}, "methodName": "testFlow", "methodReferences": {"py/set": []}, "py/object": "JavaParserVisitor.MethodInfo"}, "testGather": {"memberReferences": {"py/set": []}, "methodName": "testGather", "methodReferences": {"py/set": []}, "py/object": "JavaParserVisitor.MethodInfo"}, "testPublish": {"memberReferences": {"py/set": []}, "methodName": "testPublish", "methodReferences": {"py/set": []}, "py/object": "JavaParserVisitor.MethodInfo"}, "testReplyToReply": {"memberReferences": {"py/set": []}, "methodName": "testReplyToReply", "methodReferences": {"py/set": []}, "py/object": "JavaParserVisitor.MethodInfo"}, "testRetry": {"memberReferences": {"py/set": []}, "methodName": "testRetry", "methodReferences": {"py/set": []}, "py/object": "JavaParserVisitor.MethodInfo"}, "testSerial": {"memberReferences": {"py/set": []}, "methodName": "testSerial", "methodReferences": {"py/set": []}, "py/object": "JavaParserVisitor.MethodInfo"}, "testSimpleRegisterHandler": {"memberReferences": {"py/set": []}, "methodName": "testSimpleRegisterHandler", "methodReferences": {"py/set": []}, "py/object": "JavaParserVisitor.MethodInfo"}, "testSimpleSerial": {"memberReferences": {"py/set": []}, "methodName": "testSimpleSerial", "methodReferences": {"py/set": []}, "py/object": "JavaParserVisitor.MethodInfo"}, "testSimpleSubscribeReply": {"memberReferences": {"py/set": []}, "methodName": "testSimpleSubscribeReply", "methodReferences": {"py/set": []}, "py/object": "JavaParserVisitor.MethodInfo"}, "testStream": {"memberReferences": {"py/set": []}, "methodName": "testStream", "methodReferences": {"py/set": []}, "py/object": "JavaParserVisitor.MethodInfo"}, "testTimeout": {"memberReferences": {"py/set": []}, "methodName": "testTimeout", "methodReferences": {"py/set": []}, "py/object": "JavaParserVisitor.MethodInfo"}, "testUnsubscribeUnregister": {"memberReferences": {"py/set": []}, "methodName": "testUnsubscribeUnregister", "methodReferences": {"py/set": []}, "py/object": "JavaParserVisitor.MethodInfo"}}, "possibleFather": "TestVerticle", "py/object": "JavaParserVisitor.ClassInfo", "span": 449}, "Gate": {"className": "Gate", "members": {"py/set": ["target", "restricted"]}, "methods": {"Gate": {"memberReferences": {"py/set": ["target", "restricted"]}, "methodName": "Gate", "methodReferences": {"py/set": []}, "py/object": "JavaParserVisitor.MethodInfo"}, "forward": {"memberReferences": {"py/set": []}, "methodName": "forward", "methodReferences": {"py/set": []}, "py/object": "JavaParserVisitor.MethodInfo"}, "handle": {"memberReferences": {"py/set": []}, "methodName": "handle", "methodReferences": {"py/set": []}, "py/object": "JavaParserVisitor.MethodInfo"}, "onCompleted": {"memberReferences": {"py/set": []}, "methodName": "onCompleted", "methodReferences": {"py/set": []}, "py/object": "JavaParserVisitor.MethodInfo"}, "onError": {"memberReferences": {"py/set": []}, "methodName": "onError", "methodReferences": {"py/set": []}, "py/object": "JavaParserVisitor.MethodInfo"}, "onNext": {"memberReferences": {"py/set": []}, "methodName": "onNext", "methodReferences": {"py/set": []}, "py/object": "JavaParserVisitor.MethodInfo"}}, "possibleFather": "Throttle<R>", "py/object": "JavaParserVisitor.ClassInfo", "span": 50}, "GroovyIntegrationTests": {"className": "GroovyIntegrationTests", "members": {"py/set": []}, "methods": {"__vertxDummy": {"memberReferences": {"py/set": []}, "methodName": "__vertxDummy", "methodReferences": {"py/set": []}, "py/object": "JavaParserVisitor.MethodInfo"}}, "possibleFather": "", "py/object": "JavaParserVisitor.ClassInfo", "span": 2}, "HandlerSubscription": {"className": "HandlerSubscription", "members": {"py/set": ["subRef"]}, "methods": {"HandlerSubscription": {"memberReferences": {"py/set": ["subRef"]}, "methodName": "HandlerSubscription", "methodReferences": {"py/set": []}, "py/object": "JavaParserVisitor.MethodInfo"}, "fireComplete": {"memberReferences": {"py/set": ["subRef"]}, "methodName": "fireComplete", "methodReferences": {"py/set": []}, "py/object": "JavaParserVisitor.MethodInfo"}, "fireError": {"memberReferences": {"py/set": ["subRef"]}, "methodName": "fireError", "methodReferences": {"py/set": []}, "py/object": "JavaParserVisitor.MethodInfo"}, "handle": {"memberReferences": {"py/set": ["subRef"]}, "methodName": "handle", "methodReferences": {"py/set": ["fireComplete"]}, "py/object": "JavaParserVisitor.MethodInfo"}, "isUnsubscribed": {"memberReferences": {"py/set": ["subRef"]}, "methodName": "isUnsubscribed", "methodReferences": {"py/set": []}, "py/object": "JavaParserVisitor.MethodInfo"}, "unsubscribe": {"memberReferences": {"py/set": ["subRef"]}, "methodName": "unsubscribe", "methodReferences": {"py/set": []}, "py/object": "JavaParserVisitor.MethodInfo"}}, "possibleFather": "", "py/object": "JavaParserVisitor.ClassInfo", "span": 47}, "HttpIntegrationTest": {"className": "HttpIntegrationTest", "members": {"py/set": []}, "methods": {"call": {"memberReferences": {"py/set": []}, "methodName": "call", "methodReferences": {"py/set": []}, "py/object": "JavaParserVisitor.MethodInfo"}, "createHttpPingServer": {"memberReferences": {"py/set": []}, "methodName": "createHttpPingServer", "methodReferences": {"py/set": []}, "py/object": "JavaParserVisitor.MethodInfo"}, "createWebSocketPingServer": {"memberReferences": {"py/set": []}, "methodName": "createWebSocketPingServer", "methodReferences": {"py/set": []}, "py/object": "JavaParserVisitor.MethodInfo"}, "downloadBody": {"memberReferences": {"py/set": []}, "methodName": "downloadBody", "methodReferences": {"py/set": []}, "py/object": "JavaParserVisitor.MethodInfo"}, "testGetNow": {"memberReferences": {"py/set": []}, "methodName": "testGetNow", "methodReferences": {"py/set": ["downloadBody", "createHttpPingServer"]}, "py/object": "JavaParserVisitor.MethodInfo"}, "testHttpClientRequestBuilderThrowsException": {"memberReferences": {"py/set": []}, "methodName": "testHttpClientRequestBuilderThrowsException", "methodReferences": {"py/set": []}, "py/object": "JavaParserVisitor.MethodInfo"}, "testHttpClientThrowsException": {"memberReferences": {"py/set": []}, "methodName": "testHttpClientThrowsException", "methodReferences": {"py/set": []}, "py/object": "JavaParserVisitor.MethodInfo"}, "testWebSocket": {"memberReferences": {"py/set": []}, "methodName": "testWebSocket", "methodReferences": {"py/set": ["createWebSocketPingServer"]}, "py/object": "JavaParserVisitor.MethodInfo"}}, "possibleFather": "TestVerticle", "py/object": "JavaParserVisitor.ClassInfo", "span": 122}, "MemoizeHandler": {"className": "MemoizeHandler", "members": {"py/set": ["subscribe", "error", "result", "subRef", "state"]}, "methods": {"MemoizeHandler": {"memberReferences": {"py/set": ["error", "result", "state"]}, "methodName": "MemoizeHandler", "methodReferences": {"py/set": []}, "py/object": "JavaParserVisitor.MethodInfo"}, "call": {"memberReferences": {"py/set": ["state"]}, "methodName": "call", "methodReferences": {"py/set": []}, "py/object": "JavaParserVisitor.MethodInfo"}, "complete": {"memberReferences": {"py/set": ["result", "state"]}, "methodName": "complete", "methodReferences": {"py/set": ["getObserver"]}, "py/object": "JavaParserVisitor.MethodInfo"}, "fail": {"memberReferences": {"py/set": ["error", "state"]}, "methodName": "fail", "methodReferences": {"py/set": ["getObserver"]}, "py/object": "JavaParserVisitor.MethodInfo"}, "getObserver": {"memberReferences": {"py/set": []}, "methodName": "getObserver", "methodReferences": {"py/set": []}, "py/object": "JavaParserVisitor.MethodInfo"}, "handle": {"memberReferences": {"py/set": ["result", "state"]}, "methodName": "handle", "methodReferences": {"py/set": ["complete"]}, "py/object": "JavaParserVisitor.MethodInfo"}}, "possibleFather": "", "py/object": "JavaParserVisitor.ClassInfo", "span": 89}, "NetIntegrationTest": {"className": "NetIntegrationTest", "members": {"py/set": []}, "methods": {"call": {"memberReferences": {"py/set": []}, "methodName": "call", "methodReferences": {"py/set": []}, "py/object": "JavaParserVisitor.MethodInfo"}, "testSimpleConnect": {"memberReferences": {"py/set": []}, "methodName": "testSimpleConnect", "methodReferences": {"py/set": []}, "py/object": "JavaParserVisitor.MethodInfo"}}, "possibleFather": "TestVerticle", "py/object": "JavaParserVisitor.ClassInfo", "span": 37}, "RateCounter": {"className": "RateCounter", "members": {"py/set": ["second", "count"]}, "methods": {"RateCounter": {"memberReferences": {"py/set": ["second", "count"]}, "methodName": "RateCounter", "methodReferences": {"py/set": []}, "py/object": "JavaParserVisitor.MethodInfo"}, "add": {"memberReferences": {"py/set": ["second", "count"]}, "methodName": "add", "methodReferences": {"py/set": []}, "py/object": "JavaParserVisitor.MethodInfo"}, "remaining": {"memberReferences": {"py/set": ["second"]}, "methodName": "remaining", "methodReferences": {"py/set": []}, "py/object": "JavaParserVisitor.MethodInfo"}}, "possibleFather": "", "py/object": "JavaParserVisitor.ClassInfo", "span": 28}, "RatedWriteStream": {"className": "RatedWriteStream", "members": {"py/set": ["wps", "counter", "exceptionHandler", "drainHandler", "vertx"]}, "methods": {"RatedWriteStream": {"memberReferences": {"py/set": ["wps", "counter", "exceptionHandler", "drainHandler", "vertx"]}, "methodName": "RatedWriteStream", "methodReferences": {"py/set": ["traceHandler"]}, "py/object": "JavaParserVisitor.MethodInfo"}, "drainHandler": {"memberReferences": {"py/set": ["drainHandler"]}, "methodName": "drainHandler", "methodReferences": {"py/set": []}, "py/object": "JavaParserVisitor.MethodInfo"}, "exceptionHandler": {"memberReferences": {"py/set": ["exceptionHandler"]}, "methodName": "exceptionHandler", "methodReferences": {"py/set": []}, "py/object": "JavaParserVisitor.MethodInfo"}, "handle": {"memberReferences": {"py/set": []}, "methodName": "handle", "methodReferences": {"py/set": []}, "py/object": "JavaParserVisitor.MethodInfo"}, "setWriteQueueMaxSize": {"memberReferences": {"py/set": []}, "methodName": "setWriteQueueMaxSize", "methodReferences": {"py/set": []}, "py/object": "JavaParserVisitor.MethodInfo"}, "traceHandler": {"memberReferences": {"py/set": []}, "methodName": "traceHandler", "methodReferences": {"py/set": []}, "py/object": "JavaParserVisitor.MethodInfo"}, "write": {"memberReferences": {"py/set": ["wps", "counter", "exceptionHandler", "vertx"]}, "methodName": "write", "methodReferences": {"py/set": ["handle"]}, "py/object": "JavaParserVisitor.MethodInfo"}, "writeQueueFull": {"memberReferences": {"py/set": ["counter", "wps"]}, "methodName": "writeQueueFull", "methodReferences": {"py/set": []}, "py/object": "JavaParserVisitor.MethodInfo"}}, "possibleFather": "", "py/object": "JavaParserVisitor.ClassInfo", "span": 108}, "ReceiveHandler": {"className": "ReceiveHandler", "members": {"py/set": []}, "methods": {"handle": {"memberReferences": {"py/set": []}, "methodName": "handle", "methodReferences": {"py/set": []}, "py/object": "JavaParserVisitor.MethodInfo"}}, "possibleFather": "SingleSubscriptionHandler<RxMessage<R>,Message>", "py/object": "JavaParserVisitor.ClassInfo", "span": 2}, "Regulator": {"className": "Regulator", "members": {"py/set": ["gate"]}, "methods": {"Regulator": {"memberReferences": {"py/set": []}, "methodName": "Regulator", "methodReferences": {"py/set": []}, "py/object": "JavaParserVisitor.MethodInfo"}, "call": {"memberReferences": {"py/set": []}, "methodName": "call", "methodReferences": {"py/set": []}, "py/object": "JavaParserVisitor.MethodInfo"}, "handle": {"memberReferences": {"py/set": []}, "methodName": "handle", "methodReferences": {"py/set": []}, "py/object": "JavaParserVisitor.MethodInfo"}, "onCompleted": {"memberReferences": {"py/set": []}, "methodName": "onCompleted", "methodReferences": {"py/set": []}, "py/object": "JavaParserVisitor.MethodInfo"}, "onError": {"memberReferences": {"py/set": []}, "methodName": "onError", "methodReferences": {"py/set": []}, "py/object": "JavaParserVisitor.MethodInfo"}, "onNext": {"memberReferences": {"py/set": []}, "methodName": "onNext", "methodReferences": {"py/set": []}, "py/object": "JavaParserVisitor.MethodInfo"}, "stream": {"memberReferences": {"py/set": []}, "methodName": "stream", "methodReferences": {"py/set": []}, "py/object": "JavaParserVisitor.MethodInfo"}}, "possibleFather": "", "py/object": "JavaParserVisitor.ClassInfo", "span": 344}, "Remover": {"className": "Remover", "members": {"py/set": ["once", "s", "ONCE_UPDATER", "parent"]}, "methods": {"Remover": {"memberReferences": {"py/set": ["s", "parent"]}, "methodName": "Remover", "methodReferences": {"py/set": []}, "py/object": "JavaParserVisitor.MethodInfo"}, "isUnsubscribed": {"memberReferences": {"py/set": []}, "methodName": "isUnsubscribed", "methodReferences": {"py/set": []}, "py/object": "JavaParserVisitor.MethodInfo"}, "unsubscribe": {"memberReferences": {"py/set": []}, "methodName": "unsubscribe", "methodReferences": {"py/set": []}, "py/object": "JavaParserVisitor.MethodInfo"}}, "possibleFather": "", "py/object": "JavaParserVisitor.ClassInfo", "span": 21}, "ResultMemoizeHandler": {"className": "ResultMemoizeHandler", "members": {"py/set": []}, "methods": {}, "possibleFather": "MemoizeHandler<T,T>", "py/object": "JavaParserVisitor.ClassInfo", "span": 0}, "RxAssert": {"className": "RxAssert", "members": {"py/set": ["thenComplete"]}, "methods": {"assertCompleted": {"memberReferences": {"py/set": []}, "methodName": "assertCompleted", "methodReferences": {"py/set": []}, "py/object": "JavaParserVisitor.MethodInfo"}, "assertCompletes": {"memberReferences": {"py/set": ["thenComplete"]}, "methodName": "assertCompletes", "methodReferences": {"py/set": ["assertSequenceThenComplete"]}, "py/object": "JavaParserVisitor.MethodInfo"}, "assertCount": {"memberReferences": {"py/set": []}, "methodName": "assertCount", "methodReferences": {"py/set": ["assertCountThen"]}, "py/object": "JavaParserVisitor.MethodInfo"}, "assertCountThen": {"memberReferences": {"py/set": []}, "methodName": "assertCountThen", "methodReferences": {"py/set": []}, "py/object": "JavaParserVisitor.MethodInfo"}, "assertCountThenComplete": {"memberReferences": {"py/set": ["thenComplete"]}, "methodName": "assertCountThenComplete", "methodReferences": {"py/set": ["assertCountThen"]}, "py/object": "JavaParserVisitor.MethodInfo"}, "assertErrorThen": {"memberReferences": {"py/set": []}, "methodName": "assertErrorThen", "methodReferences": {"py/set": []}, "py/object": "JavaParserVisitor.MethodInfo"}, "assertErrorThenComplete": {"memberReferences": {"py/set": ["thenComplete"]}, "methodName": "assertErrorThenComplete", "methodReferences": {"py/set": ["assertErrorThen"]}, "py/object": "JavaParserVisitor.MethodInfo"}, "assertMessageThenComplete": {"memberReferences": {"py/set": []}, "methodName": "assertMessageThenComplete", "methodReferences": {"py/set": []}, "py/object": "JavaParserVisitor.MethodInfo"}, "assertSequence": {"memberReferences": {"py/set": []}, "methodName": "assertSequence", "methodReferences": {"py/set": ["assertSequenceThen"]}, "py/object": "JavaParserVisitor.MethodInfo"}, "assertSequenceThen": {"memberReferences": {"py/set": []}, "methodName": "assertSequenceThen", "methodReferences": {"py/set": []}, "py/object": "JavaParserVisitor.MethodInfo"}, "assertSequenceThenComplete": {"memberReferences": {"py/set": ["thenComplete"]}, "methodName": "assertSequenceThenComplete", "methodReferences": {"py/set": ["assertSequenceThen"]}, "py/object": "JavaParserVisitor.MethodInfo"}, "assertSingle": {"memberReferences": {"py/set": []}, "methodName": "assertSingle", "methodReferences": {"py/set": ["assertSequence"]}, "py/object": "JavaParserVisitor.MethodInfo"}, "assertSingleThenComplete": {"memberReferences": {"py/set": ["thenComplete"]}, "methodName": "assertSingleThenComplete", "methodReferences": {"py/set": ["assertSequenceThenComplete"]}, "py/object": "JavaParserVisitor.MethodInfo"}, "call": {"memberReferences": {"py/set": []}, "methodName": "call", "methodReferences": {"py/set": []}, "py/object": "JavaParserVisitor.MethodInfo"}, "handleError": {"memberReferences": {"py/set": []}, "methodName": "handleError", "methodReferences": {"py/set": []}, "py/object": "JavaParserVisitor.MethodInfo"}, "run": {"memberReferences": {"py/set": []}, "methodName": "run", "methodReferences": {"py/set": []}, "py/object": "JavaParserVisitor.MethodInfo"}}, "possibleFather": "", "py/object": "JavaParserVisitor.ClassInfo", "span": 188}, "RxEventBus": {"className": "RxEventBus", "members": {"py/set": ["defaultTimeout", "eventBus", "DEFAULT_TIMEOUT"]}, "methods": {"RxEventBus": {"memberReferences": {"py/set": ["defaultTimeout", "eventBus"]}, "methodName": "RxEventBus", "methodReferences": {"py/set": []}, "py/object": "JavaParserVisitor.MethodInfo"}, "call": {"memberReferences": {"py/set": []}, "methodName": "call", "methodReferences": {"py/set": []}, "py/object": "JavaParserVisitor.MethodInfo"}, "close": {"memberReferences": {"py/set": ["eventBus"]}, "methodName": "close", "methodReferences": {"py/set": ["close"]}, "py/object": "JavaParserVisitor.MethodInfo"}, "coreEventBus": {"memberReferences": {"py/set": ["eventBus"]}, "methodName": "coreEventBus", "methodReferences": {"py/set": []}, "py/object": "JavaParserVisitor.MethodInfo"}, "execute": {"memberReferences": {"py/set": []}, "methodName": "execute", "methodReferences": {"py/set": []}, "py/object": "JavaParserVisitor.MethodInfo"}, "handle": {"memberReferences": {"py/set": []}, "methodName": "handle", "methodReferences": {"py/set": []}, "py/object": "JavaParserVisitor.MethodInfo"}, "observeSend": {"memberReferences": {"py/set": []}, "methodName": "observeSend", "methodReferences": {"py/set": []}, "py/object": "JavaParserVisitor.MethodInfo"}, "observeSendWithTimeout": {"memberReferences": {"py/set": []}, "methodName": "observeSendWithTimeout", "methodReferences": {"py/set": []}, "py/object": "JavaParserVisitor.MethodInfo"}, "observeStream": {"memberReferences": {"py/set": []}, "methodName": "observeStream", "methodReferences": {"py/set": []}, "py/object": "JavaParserVisitor.MethodInfo"}, "onUnsubscribed": {"memberReferences": {"py/set": []}, "methodName": "onUnsubscribed", "methodReferences": {"py/set": []}, "py/object": "JavaParserVisitor.MethodInfo"}, "publish": {"memberReferences": {"py/set": ["eventBus"]}, "methodName": "publish", "methodReferences": {"py/set": ["publish"]}, "py/object": "JavaParserVisitor.MethodInfo"}, "registerHandler": {"memberReferences": {"py/set": []}, "methodName": "registerHandler", "methodReferences": {"py/set": []}, "py/object": "JavaParserVisitor.MethodInfo"}, "registerLocalHandler": {"memberReferences": {"py/set": []}, "methodName": "registerLocalHandler", "methodReferences": {"py/set": []}, "py/object": "JavaParserVisitor.MethodInfo"}, "send": {"memberReferences": {"py/set": ["eventBus"]}, "methodName": "send", "methodReferences": {"py/set": ["send"]}, "py/object": "JavaParserVisitor.MethodInfo"}, "sendWithTimeout": {"memberReferences": {"py/set": ["eventBus"]}, "methodName": "sendWithTimeout", "methodReferences": {"py/set": ["sendWithTimeout"]}, "py/object": "JavaParserVisitor.MethodInfo"}}, "possibleFather": "", "py/object": "JavaParserVisitor.ClassInfo", "span": 210}, "RxHttpClient": {"className": "RxHttpClient", "members": {"py/set": ["core"]}, "methods": {"RxHttpClient": {"memberReferences": {"py/set": ["core"]}, "methodName": "RxHttpClient", "methodReferences": {"py/set": []}, "py/object": "JavaParserVisitor.MethodInfo"}, "close": {"memberReferences": {"py/set": ["core"]}, "methodName": "close", "methodReferences": {"py/set": ["close"]}, "py/object": "JavaParserVisitor.MethodInfo"}, "connect": {"memberReferences": {"py/set": []}, "methodName": "connect", "methodReferences": {"py/set": ["request"]}, "py/object": "JavaParserVisitor.MethodInfo"}, "connectWebsocket": {"memberReferences": {"py/set": []}, "methodName": "connectWebsocket", "methodReferences": {"py/set": []}, "py/object": "JavaParserVisitor.MethodInfo"}, "coreHttpClient": {"memberReferences": {"py/set": ["core"]}, "methodName": "coreHttpClient", "methodReferences": {"py/set": []}, "py/object": "JavaParserVisitor.MethodInfo"}, "delete": {"memberReferences": {"py/set": []}, "methodName": "delete", "methodReferences": {"py/set": ["request"]}, "py/object": "JavaParserVisitor.MethodInfo"}, "get": {"memberReferences": {"py/set": []}, "methodName": "get", "methodReferences": {"py/set": ["request"]}, "py/object": "JavaParserVisitor.MethodInfo"}, "getNow": {"memberReferences": {"py/set": []}, "methodName": "getNow", "methodReferences": {"py/set": []}, "py/object": "JavaParserVisitor.MethodInfo"}, "handle": {"memberReferences": {"py/set": []}, "methodName": "handle", "methodReferences": {"py/set": []}, "py/object": "JavaParserVisitor.MethodInfo"}, "options": {"memberReferences": {"py/set": []}, "methodName": "options", "methodReferences": {"py/set": ["request"]}, "py/object": "JavaParserVisitor.MethodInfo"}, "patch": {"memberReferences": {"py/set": []}, "methodName": "patch", "methodReferences": {"py/set": ["request"]}, "py/object": "JavaParserVisitor.MethodInfo"}, "post": {"memberReferences": {"py/set": []}, "methodName": "post", "methodReferences": {"py/set": ["request"]}, "py/object": "JavaParserVisitor.MethodInfo"}, "put": {"memberReferences": {"py/set": []}, "methodName": "put", "methodReferences": {"py/set": ["request"]}, "py/object": "JavaParserVisitor.MethodInfo"}, "request": {"memberReferences": {"py/set": []}, "methodName": "request", "methodReferences": {"py/set": []}, "py/object": "JavaParserVisitor.MethodInfo"}, "trace": {"memberReferences": {"py/set": []}, "methodName": "trace", "methodReferences": {"py/set": ["request"]}, "py/object": "JavaParserVisitor.MethodInfo"}}, "possibleFather": "", "py/object": "JavaParserVisitor.ClassInfo", "span": 116}, "RxHttpClientResponse": {"className": "RxHttpClientResponse", "members": {"py/set": ["nested"]}, "methods": {"RxHttpClientResponse": {"memberReferences": {"py/set": ["nested"]}, "methodName": "RxHttpClientResponse", "methodReferences": {"py/set": []}, "py/object": "JavaParserVisitor.MethodInfo"}, "asObservable": {"memberReferences": {"py/set": []}, "methodName": "asObservable", "methodReferences": {"py/set": []}, "py/object": "JavaParserVisitor.MethodInfo"}, "bodyHandler": {"memberReferences": {"py/set": []}, "methodName": "bodyHandler", "methodReferences": {"py/set": []}, "py/object": "JavaParserVisitor.MethodInfo"}, "cookies": {"memberReferences": {"py/set": []}, "methodName": "cookies", "methodReferences": {"py/set": []}, "py/object": "JavaParserVisitor.MethodInfo"}, "dataHandler": {"memberReferences": {"py/set": []}, "methodName": "dataHandler", "methodReferences": {"py/set": []}, "py/object": "JavaParserVisitor.MethodInfo"}, "endHandler": {"memberReferences": {"py/set": []}, "methodName": "endHandler", "methodReferences": {"py/set": []}, "py/object": "JavaParserVisitor.MethodInfo"}, "exceptionHandler": {"memberReferences": {"py/set": []}, "methodName": "exceptionHandler", "methodReferences": {"py/set": []}, "py/object": "JavaParserVisitor.MethodInfo"}, "headers": {"memberReferences": {"py/set": []}, "methodName": "headers", "methodReferences": {"py/set": []}, "py/object": "JavaParserVisitor.MethodInfo"}, "netSocket": {"memberReferences": {"py/set": []}, "methodName": "netSocket", "methodReferences": {"py/set": []}, "py/object": "JavaParserVisitor.MethodInfo"}, "pause": {"memberReferences": {"py/set": []}, "methodName": "pause", "methodReferences": {"py/set": []}, "py/object": "JavaParserVisitor.MethodInfo"}, "resume": {"memberReferences": {"py/set": []}, "methodName": "resume", "methodReferences": {"py/set": []}, "py/object": "JavaParserVisitor.MethodInfo"}, "statusCode": {"memberReferences": {"py/set": []}, "methodName": "statusCode", "methodReferences": {"py/set": []}, "py/object": "JavaParserVisitor.MethodInfo"}, "statusMessage": {"memberReferences": {"py/set": []}, "methodName": "statusMessage", "methodReferences": {"py/set": []}, "py/object": "JavaParserVisitor.MethodInfo"}, "trailers": {"memberReferences": {"py/set": []}, "methodName": "trailers", "methodReferences": {"py/set": []}, "py/object": "JavaParserVisitor.MethodInfo"}}, "possibleFather": "", "py/object": "JavaParserVisitor.ClassInfo", "span": 65}, "RxHttpServer": {"className": "RxHttpServer", "members": {"py/set": ["core"]}, "methods": {"RxHttpServer": {"memberReferences": {"py/set": ["core"]}, "methodName": "RxHttpServer", "methodReferences": {"py/set": []}, "py/object": "JavaParserVisitor.MethodInfo"}, "close": {"memberReferences": {"py/set": []}, "methodName": "close", "methodReferences": {"py/set": []}, "py/object": "JavaParserVisitor.MethodInfo"}, "closeNow": {"memberReferences": {"py/set": ["core"]}, "methodName": "closeNow", "methodReferences": {"py/set": ["close"]}, "py/object": "JavaParserVisitor.MethodInfo"}, "coreHttpServer": {"memberReferences": {"py/set": ["core"]}, "methodName": "coreHttpServer", "methodReferences": {"py/set": []}, "py/object": "JavaParserVisitor.MethodInfo"}, "execute": {"memberReferences": {"py/set": []}, "methodName": "execute", "methodReferences": {"py/set": []}, "py/object": "JavaParserVisitor.MethodInfo"}, "http": {"memberReferences": {"py/set": []}, "methodName": "http", "methodReferences": {"py/set": []}, "py/object": "JavaParserVisitor.MethodInfo"}, "onUnsubscribed": {"memberReferences": {"py/set": []}, "methodName": "onUnsubscribed", "methodReferences": {"py/set": []}, "py/object": "JavaParserVisitor.MethodInfo"}, "websocket": {"memberReferences": {"py/set": []}, "methodName": "websocket", "methodReferences": {"py/set": []}, "py/object": "JavaParserVisitor.MethodInfo"}, "wrap": {"memberReferences": {"py/set": []}, "methodName": "wrap", "methodReferences": {"py/set": []}, "py/object": "JavaParserVisitor.MethodInfo"}}, "possibleFather": "", "py/object": "JavaParserVisitor.ClassInfo", "span": 52}, "RxHttpServerRequest": {"className": "RxHttpServerRequest", "members": {"py/set": ["nested"]}, "methods": {"RxHttpServerRequest": {"memberReferences": {"py/set": ["nested"]}, "methodName": "RxHttpServerRequest", "methodReferences": {"py/set": []}, "py/object": "JavaParserVisitor.MethodInfo"}, "absoluteURI": {"memberReferences": {"py/set": []}, "methodName": "absoluteURI", "methodReferences": {"py/set": []}, "py/object": "JavaParserVisitor.MethodInfo"}, "asObservable": {"memberReferences": {"py/set": []}, "methodName": "asObservable", "methodReferences": {"py/set": []}, "py/object": "JavaParserVisitor.MethodInfo"}, "bodyHandler": {"memberReferences": {"py/set": []}, "methodName": "bodyHandler", "methodReferences": {"py/set": []}, "py/object": "JavaParserVisitor.MethodInfo"}, "dataHandler": {"memberReferences": {"py/set": []}, "methodName": "dataHandler", "methodReferences": {"py/set": []}, "py/object": "JavaParserVisitor.MethodInfo"}, "endHandler": {"memberReferences": {"py/set": []}, "methodName": "endHandler", "methodReferences": {"py/set": []}, "py/object": "JavaParserVisitor.MethodInfo"}, "exceptionHandler": {"memberReferences": {"py/set": []}, "methodName": "exceptionHandler", "methodReferences": {"py/set": []}, "py/object": "JavaParserVisitor.MethodInfo"}, "expectMultiPart": {"memberReferences": {"py/set": []}, "methodName": "expectMultiPart", "methodReferences": {"py/set": []}, "py/object": "JavaParserVisitor.MethodInfo"}, "formAttributes": {"memberReferences": {"py/set": []}, "methodName": "formAttributes", "methodReferences": {"py/set": []}, "py/object": "JavaParserVisitor.MethodInfo"}, "headers": {"memberReferences": {"py/set": []}, "methodName": "headers", "methodReferences": {"py/set": []}, "py/object": "JavaParserVisitor.MethodInfo"}, "localAddress": {"memberReferences": {"py/set": []}, "methodName": "localAddress", "methodReferences": {"py/set": []}, "py/object": "JavaParserVisitor.MethodInfo"}, "method": {"memberReferences": {"py/set": []}, "methodName": "method", "methodReferences": {"py/set": []}, "py/object": "JavaParserVisitor.MethodInfo"}, "netSocket": {"memberReferences": {"py/set": []}, "methodName": "netSocket", "methodReferences": {"py/set": []}, "py/object": "JavaParserVisitor.MethodInfo"}, "params": {"memberReferences": {"py/set": []}, "methodName": "params", "methodReferences": {"py/set": []}, "py/object": "JavaParserVisitor.MethodInfo"}, "path": {"memberReferences": {"py/set": []}, "methodName": "path", "methodReferences": {"py/set": []}, "py/object": "JavaParserVisitor.MethodInfo"}, "pause": {"memberReferences": {"py/set": []}, "methodName": "pause", "methodReferences": {"py/set": []}, "py/object": "JavaParserVisitor.MethodInfo"}, "peerCertificateChain": {"memberReferences": {"py/set": []}, "methodName": "peerCertificateChain", "methodReferences": {"py/set": []}, "py/object": "JavaParserVisitor.MethodInfo"}, "query": {"memberReferences": {"py/set": []}, "methodName": "query", "methodReferences": {"py/set": []}, "py/object": "JavaParserVisitor.MethodInfo"}, "remoteAddress": {"memberReferences": {"py/set": []}, "methodName": "remoteAddress", "methodReferences": {"py/set": []}, "py/object": "JavaParserVisitor.MethodInfo"}, "response": {"memberReferences": {"py/set": []}, "methodName": "response", "methodReferences": {"py/set": []}, "py/object": "JavaParserVisitor.MethodInfo"}, "resume": {"memberReferences": {"py/set": []}, "methodName": "resume", "methodReferences": {"py/set": []}, "py/object": "JavaParserVisitor.MethodInfo"}, "uploadHandler": {"memberReferences": {"py/set": []}, "methodName": "uploadHandler", "methodReferences": {"py/set": []}, "py/object": "JavaParserVisitor.MethodInfo"}, "uri": {"memberReferences": {"py/set": []}, "methodName": "uri", "methodReferences": {"py/set": []}, "py/object": "JavaParserVisitor.MethodInfo"}, "version": {"memberReferences": {"py/set": []}, "methodName": "version", "methodReferences": {"py/set": []}, "py/object": "JavaParserVisitor.MethodInfo"}}, "possibleFather": "", "py/object": "JavaParserVisitor.ClassInfo", "span": 104}, "RxHttpSupport": {"className": "RxHttpSupport", "members": {"py/set": ["decodeBody"]}, "methods": {"call": {"memberReferences": {"py/set": []}, "methodName": "call", "methodReferences": {"py/set": ["checkResponse"]}, "py/object": "JavaParserVisitor.MethodInfo"}, "checkResponse": {"memberReferences": {"py/set": []}, "methodName": "checkResponse", "methodReferences": {"py/set": []}, "py/object": "JavaParserVisitor.MethodInfo"}, "downloadBody": {"memberReferences": {"py/set": []}, "methodName": "downloadBody", "methodReferences": {"py/set": []}, "py/object": "JavaParserVisitor.MethodInfo"}, "downloadJson": {"memberReferences": {"py/set": []}, "methodName": "downloadJson", "methodReferences": {"py/set": []}, "py/object": "JavaParserVisitor.MethodInfo"}, "downloadStream": {"memberReferences": {"py/set": []}, "methodName": "downloadStream", "methodReferences": {"py/set": []}, "py/object": "JavaParserVisitor.MethodInfo"}, "uploadBody": {"memberReferences": {"py/set": []}, "methodName": "uploadBody", "methodReferences": {"py/set": []}, "py/object": "JavaParserVisitor.MethodInfo"}, "uploadJson": {"memberReferences": {"py/set": []}, "methodName": "uploadJson", "methodReferences": {"py/set": ["uploadBody"]}, "py/object": "JavaParserVisitor.MethodInfo"}}, "possibleFather": "", "py/object": "JavaParserVisitor.ClassInfo", "span": 91}, "RxMessage": {"className": "RxMessage", "members": {"py/set": ["coreMessage"]}, "methods": {"RxMessage": {"memberReferences": {"py/set": ["coreMessage"]}, "methodName": "RxMessage", "methodReferences": {"py/set": []}, "py/object": "JavaParserVisitor.MethodInfo"}, "body": {"memberReferences": {"py/set": []}, "methodName": "body", "methodReferences": {"py/set": []}, "py/object": "JavaParserVisitor.MethodInfo"}, "coreMessage": {"memberReferences": {"py/set": ["coreMessage"]}, "methodName": "coreMessage", "methodReferences": {"py/set": []}, "py/object": "JavaParserVisitor.MethodInfo"}, "fail": {"memberReferences": {"py/set": []}, "methodName": "fail", "methodReferences": {"py/set": []}, "py/object": "JavaParserVisitor.MethodInfo"}, "observeReply": {"memberReferences": {"py/set": []}, "methodName": "observeReply", "methodReferences": {"py/set": []}, "py/object": "JavaParserVisitor.MethodInfo"}, "observeReplyWithTimeout": {"memberReferences": {"py/set": []}, "methodName": "observeReplyWithTimeout", "methodReferences": {"py/set": []}, "py/object": "JavaParserVisitor.MethodInfo"}, "reply": {"memberReferences": {"py/set": []}, "methodName": "reply", "methodReferences": {"py/set": []}, "py/object": "JavaParserVisitor.MethodInfo"}, "replyAddress": {"memberReferences": {"py/set": []}, "methodName": "replyAddress", "methodReferences": {"py/set": []}, "py/object": "JavaParserVisitor.MethodInfo"}, "toString": {"memberReferences": {"py/set": []}, "methodName": "toString", "methodReferences": {"py/set": ["body"]}, "py/object": "JavaParserVisitor.MethodInfo"}}, "possibleFather": "", "py/object": "JavaParserVisitor.ClassInfo", "span": 54}, "RxMessageImpl": {"className": "RxMessageImpl", "members": {"py/set": []}, "methods": {"RxMessageImpl": {"memberReferences": {"py/set": []}, "methodName": "RxMessageImpl", "methodReferences": {"py/set": []}, "py/object": "JavaParserVisitor.MethodInfo"}, "execute": {"memberReferences": {"py/set": []}, "methodName": "execute", "methodReferences": {"py/set": []}, "py/object": "JavaParserVisitor.MethodInfo"}, "observeReply": {"memberReferences": {"py/set": []}, "methodName": "observeReply", "methodReferences": {"py/set": []}, "py/object": "JavaParserVisitor.MethodInfo"}, "observeReplyWithTimeout": {"memberReferences": {"py/set": []}, "methodName": "observeReplyWithTimeout", "methodReferences": {"py/set": []}, "py/object": "JavaParserVisitor.MethodInfo"}}, "possibleFather": "RxMessage<R>", "py/object": "JavaParserVisitor.ClassInfo", "span": 21}, "RxNetClient": {"className": "RxNetClient", "members": {"py/set": ["netClient"]}, "methods": {"RxNetClient": {"memberReferences": {"py/set": ["netClient"]}, "methodName": "RxNetClient", "methodReferences": {"py/set": []}, "py/object": "JavaParserVisitor.MethodInfo"}, "connect": {"memberReferences": {"py/set": []}, "methodName": "connect", "methodReferences": {"py/set": []}, "py/object": "JavaParserVisitor.MethodInfo"}, "coreClient": {"memberReferences": {"py/set": ["netClient"]}, "methodName": "coreClient", "methodReferences": {"py/set": []}, "py/object": "JavaParserVisitor.MethodInfo"}, "wrap": {"memberReferences": {"py/set": []}, "methodName": "wrap", "methodReferences": {"py/set": []}, "py/object": "JavaParserVisitor.MethodInfo"}}, "possibleFather": "", "py/object": "JavaParserVisitor.ClassInfo", "span": 24}, "RxNetServer": {"className": "RxNetServer", "members": {"py/set": ["netServer", "connectStream"]}, "methods": {"RxNetServer": {"memberReferences": {"py/set": ["netServer"]}, "methodName": "RxNetServer", "methodReferences": {"py/set": []}, "py/object": "JavaParserVisitor.MethodInfo"}, "close": {"memberReferences": {"py/set": []}, "methodName": "close", "methodReferences": {"py/set": []}, "py/object": "JavaParserVisitor.MethodInfo"}, "connectStream": {"memberReferences": {"py/set": ["connectStream"]}, "methodName": "connectStream", "methodReferences": {"py/set": []}, "py/object": "JavaParserVisitor.MethodInfo"}, "coreServer": {"memberReferences": {"py/set": ["netServer"]}, "methodName": "coreServer", "methodReferences": {"py/set": []}, "py/object": "JavaParserVisitor.MethodInfo"}, "execute": {"memberReferences": {"py/set": []}, "methodName": "execute", "methodReferences": {"py/set": []}, "py/object": "JavaParserVisitor.MethodInfo"}, "handle": {"memberReferences": {"py/set": []}, "methodName": "handle", "methodReferences": {"py/set": []}, "py/object": "JavaParserVisitor.MethodInfo"}, "listen": {"memberReferences": {"py/set": []}, "methodName": "listen", "methodReferences": {"py/set": []}, "py/object": "JavaParserVisitor.MethodInfo"}, "onUnsubscribed": {"memberReferences": {"py/set": ["connectStream"]}, "methodName": "onUnsubscribed", "methodReferences": {"py/set": []}, "py/object": "JavaParserVisitor.MethodInfo"}, "wrap": {"memberReferences": {"py/set": []}, "methodName": "wrap", "methodReferences": {"py/set": []}, "py/object": "JavaParserVisitor.MethodInfo"}}, "possibleFather": "", "py/object": "JavaParserVisitor.ClassInfo", "span": 61}, "RxNetSocket": {"className": "RxNetSocket", "members": {"py/set": ["dataStream", "netSocket"]}, "methods": {"RxNetSocket": {"memberReferences": {"py/set": ["netSocket"]}, "methodName": "RxNetSocket", "methodReferences": {"py/set": []}, "py/object": "JavaParserVisitor.MethodInfo"}, "asObservable": {"memberReferences": {"py/set": []}, "methodName": "asObservable", "methodReferences": {"py/set": []}, "py/object": "JavaParserVisitor.MethodInfo"}, "coreSocket": {"memberReferences": {"py/set": ["netSocket"]}, "methodName": "coreSocket", "methodReferences": {"py/set": []}, "py/object": "JavaParserVisitor.MethodInfo"}, "dataStream": {"memberReferences": {"py/set": []}, "methodName": "dataStream", "methodReferences": {"py/set": []}, "py/object": "JavaParserVisitor.MethodInfo"}}, "possibleFather": "", "py/object": "JavaParserVisitor.ClassInfo", "span": 20}, "RxServerWebSocket": {"className": "RxServerWebSocket", "members": {"py/set": ["nested"]}, "methods": {"RxServerWebSocket": {"memberReferences": {"py/set": ["nested"]}, "methodName": "RxServerWebSocket", "methodReferences": {"py/set": []}, "py/object": "JavaParserVisitor.MethodInfo"}, "asObservable": {"memberReferences": {"py/set": ["nested"]}, "methodName": "asObservable", "methodReferences": {"py/set": []}, "py/object": "JavaParserVisitor.MethodInfo"}, "headers": {"memberReferences": {"py/set": []}, "methodName": "headers", "methodReferences": {"py/set": []}, "py/object": "JavaParserVisitor.MethodInfo"}, "localAddress": {"memberReferences": {"py/set": []}, "methodName": "localAddress", "methodReferences": {"py/set": []}, "py/object": "JavaParserVisitor.MethodInfo"}, "path": {"memberReferences": {"py/set": []}, "methodName": "path", "methodReferences": {"py/set": []}, "py/object": "JavaParserVisitor.MethodInfo"}, "query": {"memberReferences": {"py/set": []}, "methodName": "query", "methodReferences": {"py/set": []}, "py/object": "JavaParserVisitor.MethodInfo"}, "reject": {"memberReferences": {"py/set": []}, "methodName": "reject", "methodReferences": {"py/set": []}, "py/object": "JavaParserVisitor.MethodInfo"}, "remoteAddress": {"memberReferences": {"py/set": []}, "methodName": "remoteAddress", "methodReferences": {"py/set": []}, "py/object": "JavaParserVisitor.MethodInfo"}, "uri": {"memberReferences": {"py/set": []}, "methodName": "uri", "methodReferences": {"py/set": []}, "py/object": "JavaParserVisitor.MethodInfo"}}, "possibleFather": "RxWebSocket<RxServerWebSocket>", "py/object": "JavaParserVisitor.ClassInfo", "span": 43}, "RxStream": {"className": "RxStream", "members": {"py/set": ["callback", "cur"]}, "methods": {"complete": {"memberReferences": {"py/set": []}, "methodName": "complete", "methodReferences": {"py/set": []}, "py/object": "JavaParserVisitor.MethodInfo"}, "handle": {"memberReferences": {"py/set": ["cur"]}, "methodName": "handle", "methodReferences": {"py/set": []}, "py/object": "JavaParserVisitor.MethodInfo"}, "next": {"memberReferences": {"py/set": ["callback", "cur"]}, "methodName": "next", "methodReferences": {"py/set": []}, "py/object": "JavaParserVisitor.MethodInfo"}, "value": {"memberReferences": {"py/set": []}, "methodName": "value", "methodReferences": {"py/set": []}, "py/object": "JavaParserVisitor.MethodInfo"}}, "possibleFather": "", "py/object": "JavaParserVisitor.ClassInfo", "span": 27}, "RxSupport": {"className": "RxSupport", "members": {"py/set": ["mergeBuffers", "unwrapMessage"]}, "methods": {"call": {"memberReferences": {"py/set": []}, "methodName": "call", "methodReferences": {"py/set": []}, "py/object": "JavaParserVisitor.MethodInfo"}, "decodeJson": {"memberReferences": {"py/set": []}, "methodName": "decodeJson", "methodReferences": {"py/set": []}, "py/object": "JavaParserVisitor.MethodInfo"}, "encodeJson": {"memberReferences": {"py/set": []}, "methodName": "encodeJson", "methodReferences": {"py/set": []}, "py/object": "JavaParserVisitor.MethodInfo"}, "execute": {"memberReferences": {"py/set": []}, "methodName": "execute", "methodReferences": {"py/set": []}, "py/object": "JavaParserVisitor.MethodInfo"}, "handle": {"memberReferences": {"py/set": []}, "methodName": "handle", "methodReferences": {"py/set": []}, "py/object": "JavaParserVisitor.MethodInfo"}, "onUnsubscribed": {"memberReferences": {"py/set": []}, "methodName": "onUnsubscribed", "methodReferences": {"py/set": []}, "py/object": "JavaParserVisitor.MethodInfo"}, "stream": {"memberReferences": {"py/set": []}, "methodName": "stream", "methodReferences": {"py/set": []}, "py/object": "JavaParserVisitor.MethodInfo"}, "toObservable": {"memberReferences": {"py/set": []}, "methodName": "toObservable", "methodReferences": {"py/set": []}, "py/object": "JavaParserVisitor.MethodInfo"}}, "possibleFather": "", "py/object": "JavaParserVisitor.ClassInfo", "span": 117}, "RxSupportTest": {"className": "RxSupportTest", "members": {"py/set": []}, "methods": {"testMergeBuffersB1AndB2NonEmpty": {"memberReferences": {"py/set": []}, "methodName": "testMergeBuffersB1AndB2NonEmpty", "methodReferences": {"py/set": []}, "py/object": "JavaParserVisitor.MethodInfo"}, "testMergeBuffersB1IsEmpty": {"memberReferences": {"py/set": []}, "methodName": "testMergeBuffersB1IsEmpty", "methodReferences": {"py/set": []}, "py/object": "JavaParserVisitor.MethodInfo"}, "testMergeBuffersB2IsEmpty": {"memberReferences": {"py/set": []}, "methodName": "testMergeBuffersB2IsEmpty", "methodReferences": {"py/set": []}, "py/object": "JavaParserVisitor.MethodInfo"}, "testMergeBuffersBothB2AndB1Empty": {"memberReferences": {"py/set": []}, "methodName": "testMergeBuffersBothB2AndB1Empty", "methodReferences": {"py/set": []}, "py/object": "JavaParserVisitor.MethodInfo"}, "testReduceMerge": {"memberReferences": {"py/set": []}, "methodName": "testReduceMerge", "methodReferences": {"py/set": []}, "py/object": "JavaParserVisitor.MethodInfo"}}, "possibleFather": "TestVerticle", "py/object": "JavaParserVisitor.ClassInfo", "span": 87}, "RxTimer": {"className": "RxTimer", "members": {"py/set": ["core"]}, "methods": {"RxTimer": {"memberReferences": {"py/set": ["core"]}, "methodName": "RxTimer", "methodReferences": {"py/set": []}, "py/object": "JavaParserVisitor.MethodInfo"}, "execute": {"memberReferences": {"py/set": []}, "methodName": "execute", "methodReferences": {"py/set": ["setPeriodic"]}, "py/object": "JavaParserVisitor.MethodInfo"}, "handle": {"memberReferences": {"py/set": []}, "methodName": "handle", "methodReferences": {"py/set": []}, "py/object": "JavaParserVisitor.MethodInfo"}, "setPeriodic": {"memberReferences": {"py/set": []}, "methodName": "setPeriodic", "methodReferences": {"py/set": []}, "py/object": "JavaParserVisitor.MethodInfo"}, "setTimer": {"memberReferences": {"py/set": []}, "methodName": "setTimer", "methodReferences": {"py/set": []}, "py/object": "JavaParserVisitor.MethodInfo"}}, "possibleFather": "", "py/object": "JavaParserVisitor.ClassInfo", "span": 56}, "RxVertx": {"className": "RxVertx", "members": {"py/set": ["eventBus", "context", "ctxScheduler", "core", "timer"]}, "methods": {"RxVertx": {"memberReferences": {"py/set": ["eventBus", "context", "core", "timer"]}, "methodName": "RxVertx", "methodReferences": {"py/set": []}, "py/object": "JavaParserVisitor.MethodInfo"}, "contextScheduler": {"memberReferences": {"py/set": ["core", "context", "ctxScheduler"]}, "methodName": "contextScheduler", "methodReferences": {"py/set": []}, "py/object": "JavaParserVisitor.MethodInfo"}, "coreVertx": {"memberReferences": {"py/set": ["core"]}, "methodName": "coreVertx", "methodReferences": {"py/set": []}, "py/object": "JavaParserVisitor.MethodInfo"}, "createHttpClient": {"memberReferences": {"py/set": []}, "methodName": "createHttpClient", "methodReferences": {"py/set": []}, "py/object": "JavaParserVisitor.MethodInfo"}, "createHttpServer": {"memberReferences": {"py/set": []}, "methodName": "createHttpServer", "methodReferences": {"py/set": []}, "py/object": "JavaParserVisitor.MethodInfo"}, "createNetClient": {"memberReferences": {"py/set": []}, "methodName": "createNetClient", "methodReferences": {"py/set": []}, "py/object": "JavaParserVisitor.MethodInfo"}, "createNetServer": {"memberReferences": {"py/set": []}, "methodName": "createNetServer", "methodReferences": {"py/set": []}, "py/object": "JavaParserVisitor.MethodInfo"}, "eventBus": {"memberReferences": {"py/set": ["eventBus"]}, "methodName": "eventBus", "methodReferences": {"py/set": []}, "py/object": "JavaParserVisitor.MethodInfo"}, "setPeriodic": {"memberReferences": {"py/set": ["timer"]}, "methodName": "setPeriodic", "methodReferences": {"py/set": ["setPeriodic"]}, "py/object": "JavaParserVisitor.MethodInfo"}, "setTimer": {"memberReferences": {"py/set": ["timer"]}, "methodName": "setTimer", "methodReferences": {"py/set": ["setTimer"]}, "py/object": "JavaParserVisitor.MethodInfo"}}, "possibleFather": "", "py/object": "JavaParserVisitor.ClassInfo", "span": 91}, "RxWebSocket": {"className": "RxWebSocket", "members": {"py/set": ["nested"]}, "methods": {"RxWebSocket": {"memberReferences": {"py/set": ["nested"]}, "methodName": "RxWebSocket", "methodReferences": {"py/set": []}, "py/object": "JavaParserVisitor.MethodInfo"}, "asObservable": {"memberReferences": {"py/set": []}, "methodName": "asObservable", "methodReferences": {"py/set": []}, "py/object": "JavaParserVisitor.MethodInfo"}, "binaryHandlerID": {"memberReferences": {"py/set": []}, "methodName": "binaryHandlerID", "methodReferences": {"py/set": []}, "py/object": "JavaParserVisitor.MethodInfo"}, "call": {"memberReferences": {"py/set": []}, "methodName": "call", "methodReferences": {"py/set": []}, "py/object": "JavaParserVisitor.MethodInfo"}, "close": {"memberReferences": {"py/set": []}, "methodName": "close", "methodReferences": {"py/set": []}, "py/object": "JavaParserVisitor.MethodInfo"}, "closeHandler": {"memberReferences": {"py/set": []}, "methodName": "closeHandler", "methodReferences": {"py/set": []}, "py/object": "JavaParserVisitor.MethodInfo"}, "dataHandler": {"memberReferences": {"py/set": []}, "methodName": "dataHandler", "methodReferences": {"py/set": []}, "py/object": "JavaParserVisitor.MethodInfo"}, "drainHandler": {"memberReferences": {"py/set": []}, "methodName": "drainHandler", "methodReferences": {"py/set": []}, "py/object": "JavaParserVisitor.MethodInfo"}, "endHandler": {"memberReferences": {"py/set": []}, "methodName": "endHandler", "methodReferences": {"py/set": []}, "py/object": "JavaParserVisitor.MethodInfo"}, "exceptionHandler": {"memberReferences": {"py/set": []}, "methodName": "exceptionHandler", "methodReferences": {"py/set": []}, "py/object": "JavaParserVisitor.MethodInfo"}, "frameHandler": {"memberReferences": {"py/set": []}, "methodName": "frameHandler", "methodReferences": {"py/set": []}, "py/object": "JavaParserVisitor.MethodInfo"}, "localAddress": {"memberReferences": {"py/set": []}, "methodName": "localAddress", "methodReferences": {"py/set": []}, "py/object": "JavaParserVisitor.MethodInfo"}, "pause": {"memberReferences": {"py/set": []}, "methodName": "pause", "methodReferences": {"py/set": []}, "py/object": "JavaParserVisitor.MethodInfo"}, "remoteAddress": {"memberReferences": {"py/set": []}, "methodName": "remoteAddress", "methodReferences": {"py/set": []}, "py/object": "JavaParserVisitor.MethodInfo"}, "resume": {"memberReferences": {"py/set": []}, "methodName": "resume", "methodReferences": {"py/set": []}, "py/object": "JavaParserVisitor.MethodInfo"}, "setWriteQueueMaxSize": {"memberReferences": {"py/set": []}, "methodName": "setWriteQueueMaxSize", "methodReferences": {"py/set": []}, "py/object": "JavaParserVisitor.MethodInfo"}, "textHandlerID": {"memberReferences": {"py/set": []}, "methodName": "textHandlerID", "methodReferences": {"py/set": []}, "py/object": "JavaParserVisitor.MethodInfo"}, "write": {"memberReferences": {"py/set": []}, "methodName": "write", "methodReferences": {"py/set": []}, "py/object": "JavaParserVisitor.MethodInfo"}, "writeAsTextFrame": {"memberReferences": {"py/set": []}, "methodName": "writeAsTextFrame", "methodReferences": {"py/set": []}, "py/object": "JavaParserVisitor.MethodInfo"}, "writeBinaryFrame": {"memberReferences": {"py/set": []}, "methodName": "writeBinaryFrame", "methodReferences": {"py/set": []}, "py/object": "JavaParserVisitor.MethodInfo"}, "writeQueueFull": {"memberReferences": {"py/set": []}, "methodName": "writeQueueFull", "methodReferences": {"py/set": []}, "py/object": "JavaParserVisitor.MethodInfo"}, "writeTextFrame": {"memberReferences": {"py/set": []}, "methodName": "writeTextFrame", "methodReferences": {"py/set": []}, "py/object": "JavaParserVisitor.MethodInfo"}}, "possibleFather": "", "py/object": "JavaParserVisitor.ClassInfo", "span": 125}, "SchedulerTest": {"className": "SchedulerTest", "members": {"py/set": []}, "methods": {"call": {"memberReferences": {"py/set": []}, "methodName": "call", "methodReferences": {"py/set": []}, "py/object": "JavaParserVisitor.MethodInfo"}, "onCompleted": {"memberReferences": {"py/set": []}, "methodName": "onCompleted", "methodReferences": {"py/set": []}, "py/object": "JavaParserVisitor.MethodInfo"}, "onError": {"memberReferences": {"py/set": []}, "methodName": "onError", "methodReferences": {"py/set": []}, "py/object": "JavaParserVisitor.MethodInfo"}, "onNext": {"memberReferences": {"py/set": []}, "methodName": "onNext", "methodReferences": {"py/set": []}, "py/object": "JavaParserVisitor.MethodInfo"}, "testBuffer": {"memberReferences": {"py/set": []}, "methodName": "testBuffer", "methodReferences": {"py/set": []}, "py/object": "JavaParserVisitor.MethodInfo"}, "testConcurrentDebounce": {"memberReferences": {"py/set": []}, "methodName": "testConcurrentDebounce", "methodReferences": {"py/set": []}, "py/object": "JavaParserVisitor.MethodInfo"}, "testMultiScheduler": {"memberReferences": {"py/set": []}, "methodName": "testMultiScheduler", "methodReferences": {"py/set": []}, "py/object": "JavaParserVisitor.MethodInfo"}, "testTimer": {"memberReferences": {"py/set": []}, "methodName": "testTimer", "methodReferences": {"py/set": []}, "py/object": "JavaParserVisitor.MethodInfo"}, "testZeroPeriodTimer": {"memberReferences": {"py/set": []}, "methodName": "testZeroPeriodTimer", "methodReferences": {"py/set": []}, "py/object": "JavaParserVisitor.MethodInfo"}}, "possibleFather": "TestVerticle", "py/object": "JavaParserVisitor.ClassInfo", "span": 213}, "SendHandler": {"className": "SendHandler", "members": {"py/set": []}, "methods": {"handle": {"memberReferences": {"py/set": []}, "methodName": "handle", "methodReferences": {"py/set": []}, "py/object": "JavaParserVisitor.MethodInfo"}}, "possibleFather": "MemoizeHandler<RxMessage<R>,Message<R>>", "py/object": "JavaParserVisitor.ClassInfo", "span": 2}, "SingleSubscription": {"className": "SingleSubscription", "members": {"py/set": ["subscriber"]}, "methods": {"SingleSubscription": {"memberReferences": {"py/set": ["subscriber"]}, "methodName": "SingleSubscription", "methodReferences": {"py/set": []}, "py/object": "JavaParserVisitor.MethodInfo"}, "isUnsubscribed": {"memberReferences": {"py/set": []}, "methodName": "isUnsubscribed", "methodReferences": {"py/set": []}, "py/object": "JavaParserVisitor.MethodInfo"}, "unsubscribe": {"memberReferences": {"py/set": ["subscriber"]}, "methodName": "unsubscribe", "methodReferences": {"py/set": ["isUnsubscribed"]}, "py/object": "JavaParserVisitor.MethodInfo"}}, "possibleFather": "", "py/object": "JavaParserVisitor.ClassInfo", "span": 28}, "SingleSubscriptionHandler": {"className": "SingleSubscriptionHandler", "members": {"py/set": ["subRef"]}, "methods": {"SingleSubscriptionHandler": {"memberReferences": {"py/set": ["subRef"]}, "methodName": "SingleSubscriptionHandler", "methodReferences": {"py/set": []}, "py/object": "JavaParserVisitor.MethodInfo"}, "call": {"memberReferences": {"py/set": ["subRef"]}, "methodName": "call", "methodReferences": {"py/set": ["execute", "fireError"]}, "py/object": "JavaParserVisitor.MethodInfo"}, "execute": {"memberReferences": {"py/set": []}, "methodName": "execute", "methodReferences": {"py/set": []}, "py/object": "JavaParserVisitor.MethodInfo"}, "fireComplete": {"memberReferences": {"py/set": ["subRef"]}, "methodName": "fireComplete", "methodReferences": {"py/set": ["getSubscriber"]}, "py/object": "JavaParserVisitor.MethodInfo"}, "fireError": {"memberReferences": {"py/set": ["subRef"]}, "methodName": "fireError", "methodReferences": {"py/set": ["getSubscriber"]}, "py/object": "JavaParserVisitor.MethodInfo"}, "fireNext": {"memberReferences": {"py/set": ["subRef"]}, "methodName": "fireNext", "methodReferences": {"py/set": ["getSubscriber"]}, "py/object": "JavaParserVisitor.MethodInfo"}, "fireResult": {"memberReferences": {"py/set": ["subRef"]}, "methodName": "fireResult", "methodReferences": {"py/set": ["getSubscriber"]}, "py/object": "JavaParserVisitor.MethodInfo"}, "getSubscriber": {"memberReferences": {"py/set": ["subRef"]}, "methodName": "getSubscriber", "methodReferences": {"py/set": []}, "py/object": "JavaParserVisitor.MethodInfo"}, "handle": {"memberReferences": {"py/set": ["subRef"]}, "methodName": "handle", "methodReferences": {"py/set": ["fireNext", "wrap"]}, "py/object": "JavaParserVisitor.MethodInfo"}, "onUnsubscribed": {"memberReferences": {"py/set": []}, "methodName": "onUnsubscribed", "methodReferences": {"py/set": []}, "py/object": "JavaParserVisitor.MethodInfo"}, "wrap": {"memberReferences": {"py/set": []}, "methodName": "wrap", "methodReferences": {"py/set": []}, "py/object": "JavaParserVisitor.MethodInfo"}}, "possibleFather": "", "py/object": "JavaParserVisitor.ClassInfo", "span": 141}, "Throttle": {"className": "Throttle", "members": {"py/set": ["completeHandler", "queue", "restricted"]}, "methods": {"Throttle": {"memberReferences": {"py/set": ["queue"]}, "methodName": "Throttle", "methodReferences": {"py/set": []}, "py/object": "JavaParserVisitor.MethodInfo"}, "clear": {"memberReferences": {"py/set": ["queue"]}, "methodName": "clear", "methodReferences": {"py/set": ["clear"]}, "py/object": "JavaParserVisitor.MethodInfo"}, "complete": {"memberReferences": {"py/set": ["completeHandler", "queue"]}, "methodName": "complete", "methodReferences": {"py/set": []}, "py/object": "JavaParserVisitor.MethodInfo"}, "flush": {"memberReferences": {"py/set": ["queue", "completeHandler", "restricted"]}, "methodName": "flush", "methodReferences": {"py/set": ["handle", "forward"]}, "py/object": "JavaParserVisitor.MethodInfo"}, "forward": {"memberReferences": {"py/set": []}, "methodName": "forward", "methodReferences": {"py/set": []}, "py/object": "JavaParserVisitor.MethodInfo"}, "handle": {"memberReferences": {"py/set": ["completeHandler", "queue", "restricted"]}, "methodName": "handle", "methodReferences": {"py/set": ["flush"]}, "py/object": "JavaParserVisitor.MethodInfo"}, "send": {"memberReferences": {"py/set": ["queue", "restricted"]}, "methodName": "send", "methodReferences": {"py/set": ["forward"]}, "py/object": "JavaParserVisitor.MethodInfo"}}, "possibleFather": "", "py/object": "JavaParserVisitor.ClassInfo", "span": 79}, "TimerHandler": {"className": "TimerHandler", "members": {"py/set": ["timerRef"]}, "methods": {"onUnsubscribed": {"memberReferences": {"py/set": []}, "methodName": "onUnsubscribed", "methodReferences": {"py/set": []}, "py/object": "JavaParserVisitor.MethodInfo"}}, "possibleFather": "SingleSubscriptionHandler<R,R>", "py/object": "JavaParserVisitor.ClassInfo", "span": 11}, "TimerIntegrationTest": {"className": "TimerIntegrationTest", "members": {"py/set": []}, "methods": {"call": {"memberReferences": {"py/set": []}, "methodName": "call", "methodReferences": {"py/set": []}, "py/object": "JavaParserVisitor.MethodInfo"}, "handle": {"memberReferences": {"py/set": []}, "methodName": "handle", "methodReferences": {"py/set": []}, "py/object": "JavaParserVisitor.MethodInfo"}, "testSetPeriodic": {"memberReferences": {"py/set": []}, "methodName": "testSetPeriodic", "methodReferences": {"py/set": []}, "py/object": "JavaParserVisitor.MethodInfo"}, "testSetTimer": {"memberReferences": {"py/set": []}, "methodName": "testSetTimer", "methodReferences": {"py/set": []}, "py/object": "JavaParserVisitor.MethodInfo"}, "testSetTimerButCancel": {"memberReferences": {"py/set": []}, "methodName": "testSetTimerButCancel", "methodReferences": {"py/set": []}, "py/object": "JavaParserVisitor.MethodInfo"}, "testSetTimerCancelAfter": {"memberReferences": {"py/set": []}, "methodName": "testSetTimerCancelAfter", "methodReferences": {"py/set": []}, "py/object": "JavaParserVisitor.MethodInfo"}}, "possibleFather": "TestVerticle", "py/object": "JavaParserVisitor.ClassInfo", "span": 61}}