{"SCOM": {"py/object": "Statistics.InterestingStatistics", "classValues": [{"py/tuple": [1, 6]}, {"py/tuple": [0.0, 20]}, {"py/tuple": [1, 6]}, {"py/tuple": [0.0, 13]}, {"py/tuple": [0.07575757575757575, 114]}, {"py/tuple": [0.13265306122448978, 196]}, {"py/tuple": [0.0, 293]}, {"py/tuple": [0.0, 64]}, {"py/tuple": [0.0, 449]}, {"py/tuple": [0.0, 50]}, {"py/tuple": [1, 2]}, {"py/tuple": [1.0, 47]}, {"py/tuple": [0.0, 122]}, {"py/tuple": [0.30666666666666664, 89]}, {"py/tuple": [0.0, 37]}, {"py/tuple": [1.0, 28]}, {"py/tuple": [0.19999999999999998, 108]}, {"py/tuple": [1, 2]}, {"py/tuple": [0.0, 344]}, {"py/tuple": [0.0, 21]}, {"py/tuple": [1, 0]}, {"py/tuple": [0.08333333333333333, 188]}, {"py/tuple": [0.06349206349206347, 210]}, {"py/tuple": [0.02857142857142857, 116]}, {"py/tuple": [0.0, 65]}, {"py/tuple": [0.08333333333333333, 52]}, {"py/tuple": [0.0, 104]}, {"py/tuple": [0.0, 91]}, {"py/tuple": [0.027777777777777776, 54]}, {"py/tuple": [0.0, 21]}, {"py/tuple": [0.16666666666666666, 24]}, {"py/tuple": [0.027777777777777776, 61]}, {"py/tuple": [0.08333333333333333, 20]}, {"py/tuple": [0.027777777777777776, 43]}, {"py/tuple": [0.16666666666666666, 27]}, {"py/tuple": [0.0, 117]}, {"py/tuple": [0.0, 87]}, {"py/tuple": [0.0, 56]}, {"py/tuple": [0.10370370370370369, 91]}, {"py/tuple": [0.0, 125]}, {"py/tuple": [0.0, 213]}, {"py/tuple": [1, 2]}, {"py/tuple": [0.3333333333333333, 28]}, {"py/tuple": [0.509090909090909, 141]}, {"py/tuple": [0.5952380952380952, 79]}, {"py/tuple": [1, 11]}, {"py/tuple": [0.0, 61]}]}, "LSCC": {"py/object": "Statistics.InterestingStatistics", "classValues": [{"py/tuple": [1, 6]}, {"py/tuple": [0, 20]}, {"py/tuple": [1, 6]}, {"py/tuple": [0, 13]}, {"py/tuple": [0.050505050505050504, 114]}, {"py/tuple": [0.05102040816326531, 196]}, {"py/tuple": [0.0, 293]}, {"py/tuple": [0.0, 64]}, {"py/tuple": [0, 449]}, {"py/tuple": [0.0, 50]}, {"py/tuple": [1, 2]}, {"py/tuple": [1.0, 47]}, {"py/tuple": [0, 122]}, {"py/tuple": [0.18666666666666668, 89]}, {"py/tuple": [0, 37]}, {"py/tuple": [0.6666666666666666, 28]}, {"py/tuple": [0.07857142857142857, 108]}, {"py/tuple": [1, 2]}, {"py/tuple": [0.0, 344]}, {"py/tuple": [0.0, 21]}, {"py/tuple": [1, 0]}, {"py/tuple": [0.08333333333333333, 188]}, {"py/tuple": [0.047619047619047616, 210]}, {"py/tuple": [0.02857142857142857, 116]}, {"py/tuple": [0.0, 65]}, {"py/tuple": [0.08333333333333333, 52]}, {"py/tuple": [0.0, 104]}, {"py/tuple": [0.0, 91]}, {"py/tuple": [0.027777777777777776, 54]}, {"py/tuple": [0, 21]}, {"py/tuple": [0.16666666666666666, 24]}, {"py/tuple": [0.027777777777777776, 61]}, {"py/tuple": [0.08333333333333333, 20]}, {"py/tuple": [0.027777777777777776, 43]}, {"py/tuple": [0.08333333333333333, 27]}, {"py/tuple": [0.0, 117]}, {"py/tuple": [0, 87]}, {"py/tuple": [0.0, 56]}, {"py/tuple": [0.035555555555555556, 91]}, {"py/tuple": [0.0, 125]}, {"py/tuple": [0, 213]}, {"py/tuple": [1, 2]}, {"py/tuple": [0.3333333333333333, 28]}, {"py/tuple": [0.509090909090909, 141]}, {"py/tuple": [0.3333333333333333, 79]}, {"py/tuple": [1, 11]}, {"py/tuple": [0, 61]}]}, "CC": {"py/object": "Statistics.InterestingStatistics", "classValues": [{"py/tuple": [1, 6]}, {"py/tuple": [1, 20]}, {"py/tuple": [1, 6]}, {"py/tuple": [1, 13]}, {"py/tuple": [0.11363636363636363, 114]}, {"py/tuple": [0.24285714285714285, 196]}, {"py/tuple": [0.0, 293]}, {"py/tuple": [0.0, 64]}, {"py/tuple": [1, 449]}, {"py/tuple": [0.0, 50]}, {"py/tuple": [1, 2]}, {"py/tuple": [1.0, 47]}, {"py/tuple": [1, 122]}, {"py/tuple": [0.3666666666666666, 89]}, {"py/tuple": [1, 37]}, {"py/tuple": [0.6666666666666666, 28]}, {"py/tuple": [0.08392857142857144, 108]}, {"py/tuple": [1, 2]}, {"py/tuple": [0.0, 344]}, {"py/tuple": [0.0, 21]}, {"py/tuple": [1, 0]}, {"py/tuple": [0.08333333333333333, 188]}, {"py/tuple": [0.11904761904761904, 210]}, {"py/tuple": [0.02857142857142857, 116]}, {"py/tuple": [0.0, 65]}, {"py/tuple": [0.08333333333333333, 52]}, {"py/tuple": [0.0, 104]}, {"py/tuple": [0.0, 91]}, {"py/tuple": [0.027777777777777776, 54]}, {"py/tuple": [1, 21]}, {"py/tuple": [0.16666666666666666, 24]}, {"py/tuple": [0.05555555555555555, 61]}, {"py/tuple": [0.16666666666666666, 20]}, {"py/tuple": [0.027777777777777776, 43]}, {"py/tuple": [0.08333333333333333, 27]}, {"py/tuple": [0.0, 117]}, {"py/tuple": [1, 87]}, {"py/tuple": [0.0, 56]}, {"py/tuple": [0.06074074074074074, 91]}, {"py/tuple": [0.0, 125]}, {"py/tuple": [1, 213]}, {"py/tuple": [1, 2]}, {"py/tuple": [0.3333333333333333, 28]}, {"py/tuple": [0.509090909090909, 141]}, {"py/tuple": [0.39682539682539686, 79]}, {"py/tuple": [1, 11]}, {"py/tuple": [1, 61]}]}, "LCOM5": {"py/object": "Statistics.InterestingStatistics", "classValues": [{"py/tuple": [0, 6]}, {"py/tuple": [0, 20]}, {"py/tuple": [0, 6]}, {"py/tuple": [0, 13]}, {"py/tuple": [0.75, 114]}, {"py/tuple": [0.8392857142857143, 196]}, {"py/tuple": [0.5, 293]}, {"py/tuple": [0.9, 64]}, {"py/tuple": [0, 449]}, {"py/tuple": [0.8333333333333334, 50]}, {"py/tuple": [0, 2]}, {"py/tuple": [0.0, 47]}, {"py/tuple": [0, 122]}, {"py/tuple": [0.6666666666666667, 89]}, {"py/tuple": [0, 37]}, {"py/tuple": [0.16666666666666663, 28]}, {"py/tuple": [0.675, 108]}, {"py/tuple": [0, 2]}, {"py/tuple": [1.0, 344]}, {"py/tuple": [0.8333333333333334, 21]}, {"py/tuple": [0, 0]}, {"py/tuple": [0.6875, 188]}, {"py/tuple": [0.8444444444444444, 210]}, {"py/tuple": [0.8, 116]}, {"py/tuple": [0.9285714285714286, 65]}, {"py/tuple": [0.6666666666666667, 52]}, {"py/tuple": [0.9583333333333334, 104]}, {"py/tuple": [1.0, 91]}, {"py/tuple": [0.7777777777777778, 54]}, {"py/tuple": [0, 21]}, {"py/tuple": [0.5, 24]}, {"py/tuple": [0.7777777777777778, 61]}, {"py/tuple": [0.75, 20]}, {"py/tuple": [0.7777777777777778, 43]}, {"py/tuple": [0.625, 27]}, {"py/tuple": [1.0, 117]}, {"py/tuple": [0, 87]}, {"py/tuple": [0.8, 56]}, {"py/tuple": [0.78, 91]}, {"py/tuple": [0.9545454545454546, 125]}, {"py/tuple": [0, 213]}, {"py/tuple": [0, 2]}, {"py/tuple": [0.33333333333333337, 28]}, {"py/tuple": [0.2727272727272727, 141]}, {"py/tuple": [0.4285714285714286, 79]}, {"py/tuple": [1.0, 11]}, {"py/tuple": [0, 61]}]}, "CBAMU": {"py/object": "Statistics.InterestingStatistics", "classValues": [{"py/tuple": [0.0, 6]}, {"py/tuple": [0.08333333333333333, 20]}, {"py/tuple": [0.0, 6]}, {"py/tuple": [0.0, 13]}, {"py/tuple": [0.14393939393939395, 114]}, {"py/tuple": [0.10714285714285715, 196]}, {"py/tuple": [0.25, 293]}, {"py/tuple": [0.05, 64]}, {"py/tuple": [0.0014619883040935672, 449]}, {"py/tuple": [0.08333333333333333, 50]}, {"py/tuple": [0.0, 2]}, {"py/tuple": [0.5166666666666667, 47]}, {"py/tuple": [0.026785714285714284, 122]}, {"py/tuple": [0.23333333333333334, 89]}, {"py/tuple": [0.0, 37]}, {"py/tuple": [0.4166666666666667, 28]}, {"py/tuple": [0.18035714285714285, 108]}, {"py/tuple": [0.0, 2]}, {"py/tuple": [0.0, 344]}, {"py/tuple": [0.08333333333333333, 21]}, {"py/tuple": [0.0, 0]}, {"py/tuple": [0.17916666666666667, 188]}, {"py/tuple": [0.07777777777777778, 210]}, {"py/tuple": [0.11904761904761905, 116]}, {"py/tuple": [0.03571428571428571, 65]}, {"py/tuple": [0.1736111111111111, 52]}, {"py/tuple": [0.020833333333333332, 104]}, {"py/tuple": [0.023809523809523808, 91]}, {"py/tuple": [0.11805555555555555, 54]}, {"py/tuple": [0.0, 21]}, {"py/tuple": [0.25, 24]}, {"py/tuple": [0.1111111111111111, 61]}, {"py/tuple": [0.125, 20]}, {"py/tuple": [0.1111111111111111, 43]}, {"py/tuple": [0.1875, 27]}, {"py/tuple": [0.0, 117]}, {"py/tuple": [0.0, 87]}, {"py/tuple": [0.125, 56]}, {"py/tuple": [0.11, 91]}, {"py/tuple": [0.022727272727272728, 125]}, {"py/tuple": [0.0, 213]}, {"py/tuple": [0.0, 2]}, {"py/tuple": [0.41666666666666663, 28]}, {"py/tuple": [0.4090909090909091, 141]}, {"py/tuple": [0.34523809523809523, 79]}, {"py/tuple": [0.0, 11]}, {"py/tuple": [0.0, 61]}]}}