{"id": 144650502, "node_id": "MDEwOlJlcG9zaXRvcnkxNDQ2NTA1MDI=", "name": "spring-boot-websocket-study", "full_name": "yudiandemingzi/spring-boot-websocket-study", "private": false, "owner": {"login": "yudiandemingzi", "id": 37285812, "node_id": "MDQ6VXNlcjM3Mjg1ODEy", "avatar_url": "https://avatars.githubusercontent.com/u/37285812?v=4", "gravatar_id": "", "url": "https://api.github.com/users/yudiandemingzi", "html_url": "https://github.com/yudiandemingzi", "followers_url": "https://api.github.com/users/yudiandemingzi/followers", "following_url": "https://api.github.com/users/yudiandemingzi/following{/other_user}", "gists_url": "https://api.github.com/users/yudiandemingzi/gists{/gist_id}", "starred_url": "https://api.github.com/users/yudiandemingzi/starred{/owner}{/repo}", "subscriptions_url": "https://api.github.com/users/yudiandemingzi/subscriptions", "organizations_url": "https://api.github.com/users/yudiandemingzi/orgs", "repos_url": "https://api.github.com/users/yudiandemingzi/repos", "events_url": "https://api.github.com/users/yudiandemingzi/events{/privacy}", "received_events_url": "https://api.github.com/users/yudiandemingzi/received_events", "type": "User", "site_admin": false}, "html_url": "https://github.com/yudiandemingzi/spring-boot-websocket-study", "description": "SpringBoot+Websocket \u5b9e\u73b0 1\u3001\u516c\u544a\u529f\u80fd 2\u3001\u5355\u4eba\u804a\u5929\u529f\u80fd 3\u3001\u6bd4\u7279\u5e01\u65f6\u65f6\u63a8\u9001\u529f\u80fd 4\u3001\u7fa4\u804a\u529f\u80fd\uff0c\u65f6\u65f6\u5728\u7ebf\u7528\u6237\u4fe1\u606f", "fork": false, "url": "https://api.github.com/repos/yudiandemingzi/spring-boot-websocket-study", "forks_url": "https://api.github.com/repos/yudiandemingzi/spring-boot-websocket-study/forks", "keys_url": "https://api.github.com/repos/yudiandemingzi/spring-boot-websocket-study/keys{/key_id}", "collaborators_url": "https://api.github.com/repos/yudiandemingzi/spring-boot-websocket-study/collaborators{/collaborator}", "teams_url": "https://api.github.com/repos/yudiandemingzi/spring-boot-websocket-study/teams", "hooks_url": "https://api.github.com/repos/yudiandemingzi/spring-boot-websocket-study/hooks", "issue_events_url": "https://api.github.com/repos/yudiandemingzi/spring-boot-websocket-study/issues/events{/number}", "events_url": "https://api.github.com/repos/yudiandemingzi/spring-boot-websocket-study/events", "assignees_url": "https://api.github.com/repos/yudiandemingzi/spring-boot-websocket-study/assignees{/user}", "branches_url": "https://api.github.com/repos/yudiandemingzi/spring-boot-websocket-study/branches{/branch}", "tags_url": "https://api.github.com/repos/yudiandemingzi/spring-boot-websocket-study/tags", "blobs_url": "https://api.github.com/repos/yudiandemingzi/spring-boot-websocket-study/git/blobs{/sha}", "git_tags_url": "https://api.github.com/repos/yudiandemingzi/spring-boot-websocket-study/git/tags{/sha}", "git_refs_url": "https://api.github.com/repos/yudiandemingzi/spring-boot-websocket-study/git/refs{/sha}", "trees_url": "https://api.github.com/repos/yudiandemingzi/spring-boot-websocket-study/git/trees{/sha}", "statuses_url": "https://api.github.com/repos/yudiandemingzi/spring-boot-websocket-study/statuses/{sha}", "languages_url": "https://api.github.com/repos/yudiandemingzi/spring-boot-websocket-study/languages", "stargazers_url": "https://api.github.com/repos/yudiandemingzi/spring-boot-websocket-study/stargazers", "contributors_url": "https://api.github.com/repos/yudiandemingzi/spring-boot-websocket-study/contributors", "subscribers_url": "https://api.github.com/repos/yudiandemingzi/spring-boot-websocket-study/subscribers", "subscription_url": "https://api.github.com/repos/yudiandemingzi/spring-boot-websocket-study/subscription", "commits_url": "https://api.github.com/repos/yudiandemingzi/spring-boot-websocket-study/commits{/sha}", "git_commits_url": "https://api.github.com/repos/yudiandemingzi/spring-boot-websocket-study/git/commits{/sha}", "comments_url": "https://api.github.com/repos/yudiandemingzi/spring-boot-websocket-study/comments{/number}", "issue_comment_url": "https://api.github.com/repos/yudiandemingzi/spring-boot-websocket-study/issues/comments{/number}", "contents_url": "https://api.github.com/repos/yudiandemingzi/spring-boot-websocket-study/contents/{+path}", "compare_url": "https://api.github.com/repos/yudiandemingzi/spring-boot-websocket-study/compare/{base}...{head}", "merges_url": "https://api.github.com/repos/yudiandemingzi/spring-boot-websocket-study/merges", "archive_url": "https://api.github.com/repos/yudiandemingzi/spring-boot-websocket-study/{archive_format}{/ref}", "downloads_url": "https://api.github.com/repos/yudiandemingzi/spring-boot-websocket-study/downloads", "issues_url": "https://api.github.com/repos/yudiandemingzi/spring-boot-websocket-study/issues{/number}", "pulls_url": "https://api.github.com/repos/yudiandemingzi/spring-boot-websocket-study/pulls{/number}", "milestones_url": "https://api.github.com/repos/yudiandemingzi/spring-boot-websocket-study/milestones{/number}", "notifications_url": "https://api.github.com/repos/yudiandemingzi/spring-boot-websocket-study/notifications{?since,all,participating}", "labels_url": "https://api.github.com/repos/yudiandemingzi/spring-boot-websocket-study/labels{/name}", "releases_url": "https://api.github.com/repos/yudiandemingzi/spring-boot-websocket-study/releases{/id}", "deployments_url": "https://api.github.com/repos/yudiandemingzi/spring-boot-websocket-study/deployments", "created_at": "2018-08-14T01:05:07Z", "updated_at": "2022-02-23T06:05:04Z", "pushed_at": "2021-11-17T05:45:57Z", "git_url": "git://github.com/yudiandemingzi/spring-boot-websocket-study.git", "ssh_url": "git@github.com:yudiandemingzi/spring-boot-websocket-study.git", "clone_url": "https://github.com/yudiandemingzi/spring-boot-websocket-study.git", "svn_url": "https://github.com/yudiandemingzi/spring-boot-websocket-study", "homepage": "", "size": 92, "stargazers_count": 50, "watchers_count": 50, "language": "Java", "has_issues": true, "has_projects": true, "has_downloads": true, "has_wiki": true, "has_pages": false, "forks_count": 49, "mirror_url": null, "archived": false, "disabled": false, "open_issues_count": 3, "license": null, "allow_forking": true, "is_template": false, "topics": [], "visibility": "public", "forks": 49, "open_issues": 3, "watchers": 50, "default_branch": "master", "score": 1.0, "__project_size": 198943, "__java_files_sizes": 33291, "__java_files_loc": 1119, "contributors_url_calculated": 2, "commits_url_calculated": 8}