{"Application": {"className": "Application", "members": {"py/set": []}, "methods": {"main": {"memberReferences": {"py/set": []}, "methodName": "main", "methodReferences": {"py/set": []}, "py/object": "JavaParserVisitor.MethodInfo"}}, "possibleFather": "", "py/object": "JavaParserVisitor.ClassInfo", "span": 3}, "CoinResult": {"className": "CoinResult", "members": {"py/set": ["Code", "obj"]}, "methods": {}, "possibleFather": "", "py/object": "JavaParserVisitor.ClassInfo", "span": 71}, "CoinSchedule": {"className": "CoinSchedule", "members": {"py/set": ["ws"]}, "methods": {"coinInfo": {"memberReferences": {"py/set": []}, "methodName": "coinInfo", "methodReferences": {"py/set": []}, "py/object": "JavaParserVisitor.MethodInfo"}}, "possibleFather": "", "py/object": "JavaParserVisitor.ClassInfo", "span": 10}, "CoinService": {"className": "CoinService", "members": {"py/set": []}, "methods": {"getStockInfo": {"memberReferences": {"py/set": []}, "methodName": "getStockInfo", "methodReferences": {"py/set": []}, "py/object": "JavaParserVisitor.MethodInfo"}}, "possibleFather": "", "py/object": "JavaParserVisitor.ClassInfo", "span": 29}, "GameInfoController": {"className": "GameInfoController", "members": {"py/set": []}, "methods": {"gameInfo": {"memberReferences": {"py/set": []}, "methodName": "gameInfo", "methodReferences": {"py/set": []}, "py/object": "JavaParserVisitor.MethodInfo"}}, "possibleFather": "", "py/object": "JavaParserVisitor.ClassInfo", "span": 10}, "HttpHandShakeIntecepter": {"className": "HttpHandShakeIntecepter", "members": {"py/set": []}, "methods": {"afterHandshake": {"memberReferences": {"py/set": []}, "methodName": "afterHandshake", "methodReferences": {"py/set": []}, "py/object": "JavaParserVisitor.MethodInfo"}, "beforeHandshake": {"memberReferences": {"py/set": []}, "methodName": "beforeHandshake", "methodReferences": {"py/set": []}, "py/object": "JavaParserVisitor.MethodInfo"}}, "possibleFather": "", "py/object": "JavaParserVisitor.ClassInfo", "span": 40}, "HttpUtils": {"className": "HttpUtils", "members": {"py/set": []}, "methods": {"buildUrl": {"memberReferences": {"py/set": []}, "methodName": "buildUrl", "methodReferences": {"py/set": []}, "py/object": "JavaParserVisitor.MethodInfo"}, "checkClientTrusted": {"memberReferences": {"py/set": []}, "methodName": "checkClientTrusted", "methodReferences": {"py/set": []}, "py/object": "JavaParserVisitor.MethodInfo"}, "checkServerTrusted": {"memberReferences": {"py/set": []}, "methodName": "checkServerTrusted", "methodReferences": {"py/set": []}, "py/object": "JavaParserVisitor.MethodInfo"}, "doDelete": {"memberReferences": {"py/set": []}, "methodName": "doDelete", "methodReferences": {"py/set": ["wrapClient", "buildUrl"]}, "py/object": "JavaParserVisitor.MethodInfo"}, "doGet": {"memberReferences": {"py/set": []}, "methodName": "doGet", "methodReferences": {"py/set": ["wrapClient", "buildUrl"]}, "py/object": "JavaParserVisitor.MethodInfo"}, "doPost": {"memberReferences": {"py/set": []}, "methodName": "doPost", "methodReferences": {"py/set": ["wrapClient", "buildUrl"]}, "py/object": "JavaParserVisitor.MethodInfo"}, "doPut": {"memberReferences": {"py/set": []}, "methodName": "doPut", "methodReferences": {"py/set": ["wrapClient", "buildUrl"]}, "py/object": "JavaParserVisitor.MethodInfo"}, "getAcceptedIssuers": {"memberReferences": {"py/set": []}, "methodName": "getAcceptedIssuers", "methodReferences": {"py/set": []}, "py/object": "JavaParserVisitor.MethodInfo"}, "sslClient": {"memberReferences": {"py/set": []}, "methodName": "sslClient", "methodReferences": {"py/set": []}, "py/object": "JavaParserVisitor.MethodInfo"}, "wrapClient": {"memberReferences": {"py/set": []}, "methodName": "wrapClient", "methodReferences": {"py/set": ["sslClient"]}, "py/object": "JavaParserVisitor.MethodInfo"}}, "possibleFather": "", "py/object": "JavaParserVisitor.ClassInfo", "span": 277}, "InMessage": {"className": "InMessage", "members": {"py/set": ["to", "content", "from", "time"]}, "methods": {"InMessage": {"memberReferences": {"py/set": ["content"]}, "methodName": "InMessage", "methodReferences": {"py/set": []}, "py/object": "JavaParserVisitor.MethodInfo"}}, "possibleFather": "", "py/object": "JavaParserVisitor.ClassInfo", "span": 15}, "JsonUtils": {"className": "JsonUtils", "members": {"py/set": ["MAPPER", "LOGGER"]}, "methods": {"bytesFromObject": {"memberReferences": {"py/set": []}, "methodName": "bytesFromObject", "methodReferences": {"py/set": []}, "py/object": "JavaParserVisitor.MethodInfo"}, "objectFromJson": {"memberReferences": {"py/set": ["MAPPER", "LOGGER"]}, "methodName": "objectFromJson", "methodReferences": {"py/set": []}, "py/object": "JavaParserVisitor.MethodInfo"}}, "possibleFather": "", "py/object": "JavaParserVisitor.ClassInfo", "span": 40}, "Obj": {"className": "Obj", "members": {"py/set": ["low", "bid1Volume", "high", "securityCode", "bid1", "now", "ask1Volume", "ask1", "name"]}, "methods": {}, "possibleFather": "", "py/object": "JavaParserVisitor.ClassInfo", "span": 53}, "OkHttp": {"className": "OkHttp", "members": {"py/set": ["OK_HTTP_CLIENT"]}, "methods": {"singleton": {"memberReferences": {"py/set": ["OK_HTTP_CLIENT"]}, "methodName": "singleton", "methodReferences": {"py/set": []}, "py/object": "JavaParserVisitor.MethodInfo"}}, "possibleFather": "", "py/object": "JavaParserVisitor.ClassInfo", "span": 6}, "OutMessage": {"className": "OutMessage", "members": {"py/set": ["content", "from", "time"]}, "methods": {"OutMessage": {"memberReferences": {"py/set": ["content"]}, "methodName": "OutMessage", "methodReferences": {"py/set": []}, "py/object": "JavaParserVisitor.MethodInfo"}}, "possibleFather": "", "py/object": "JavaParserVisitor.ClassInfo", "span": 10}, "PTPContoller": {"className": "PTPContoller", "members": {"py/set": ["ws"]}, "methods": {"singleChat": {"memberReferences": {"py/set": []}, "methodName": "singleChat", "methodReferences": {"py/set": []}, "py/object": "JavaParserVisitor.MethodInfo"}}, "possibleFather": "", "py/object": "JavaParserVisitor.ClassInfo", "span": 7}, "SocketChannelIntecepter": {"className": "SocketChannelIntecepter", "members": {"py/set": []}, "methods": {"afterSendCompletion": {"memberReferences": {"py/set": []}, "methodName": "afterSendCompletion", "methodReferences": {"py/set": []}, "py/object": "JavaParserVisitor.MethodInfo"}, "connect": {"memberReferences": {"py/set": []}, "methodName": "connect", "methodReferences": {"py/set": []}, "py/object": "JavaParserVisitor.MethodInfo"}, "disconnect": {"memberReferences": {"py/set": []}, "methodName": "disconnect", "methodReferences": {"py/set": []}, "py/object": "JavaParserVisitor.MethodInfo"}, "postSend": {"memberReferences": {"py/set": []}, "methodName": "postSend", "methodReferences": {"py/set": ["disconnect", "connect"]}, "py/object": "JavaParserVisitor.MethodInfo"}, "preSend": {"memberReferences": {"py/set": []}, "methodName": "preSend", "methodReferences": {"py/set": []}, "py/object": "JavaParserVisitor.MethodInfo"}}, "possibleFather": "ChannelInterceptorAdapter", "py/object": "JavaParserVisitor.ClassInfo", "span": 68}, "Transaction": {"className": "Transaction", "members": {"py/set": ["price", "time", "volume"]}, "methods": {}, "possibleFather": "", "py/object": "JavaParserVisitor.ClassInfo", "span": 15}, "User": {"className": "User", "members": {"py/set": ["pwd", "username"]}, "methods": {}, "possibleFather": "", "py/object": "JavaParserVisitor.ClassInfo", "span": 3}, "UserChatController": {"className": "UserChatController", "members": {"py/set": ["onlineUser", "ws", "userMap"]}, "methods": {"onlineUser": {"memberReferences": {"py/set": []}, "methodName": "onlineUser", "methodReferences": {"py/set": []}, "py/object": "JavaParserVisitor.MethodInfo"}, "topicChat": {"memberReferences": {"py/set": []}, "methodName": "topicChat", "methodReferences": {"py/set": []}, "py/object": "JavaParserVisitor.MethodInfo"}, "userLogin": {"memberReferences": {"py/set": []}, "methodName": "userLogin", "methodReferences": {"py/set": []}, "py/object": "JavaParserVisitor.MethodInfo"}}, "possibleFather": "", "py/object": "JavaParserVisitor.ClassInfo", "span": 76}, "WebSocketConfig": {"className": "WebSocketConfig", "members": {"py/set": []}, "methods": {"configureClientInboundChannel": {"memberReferences": {"py/set": []}, "methodName": "configureClientInboundChannel", "methodReferences": {"py/set": []}, "py/object": "JavaParserVisitor.MethodInfo"}, "configureClientOutboundChannel": {"memberReferences": {"py/set": []}, "methodName": "configureClientOutboundChannel", "methodReferences": {"py/set": []}, "py/object": "JavaParserVisitor.MethodInfo"}, "configureMessageBroker": {"memberReferences": {"py/set": []}, "methodName": "configureMessageBroker", "methodReferences": {"py/set": []}, "py/object": "JavaParserVisitor.MethodInfo"}, "registerStompEndpoints": {"memberReferences": {"py/set": []}, "methodName": "registerStompEndpoints", "methodReferences": {"py/set": []}, "py/object": "JavaParserVisitor.MethodInfo"}}, "possibleFather": "", "py/object": "JavaParserVisitor.ClassInfo", "span": 33}, "WebSocketService": {"className": "WebSocketService", "members": {"py/set": ["template"]}, "methods": {"sendChatMessage": {"memberReferences": {"py/set": ["template"]}, "methodName": "sendChatMessage", "methodReferences": {"py/set": []}, "py/object": "JavaParserVisitor.MethodInfo"}, "sendCoinInfo": {"memberReferences": {"py/set": []}, "methodName": "sendCoinInfo", "methodReferences": {"py/set": []}, "py/object": "JavaParserVisitor.MethodInfo"}, "sendOnlineUser": {"memberReferences": {"py/set": []}, "methodName": "sendOnlineUser", "methodReferences": {"py/set": []}, "py/object": "JavaParserVisitor.MethodInfo"}, "sendTopicChat": {"memberReferences": {"py/set": []}, "methodName": "sendTopicChat", "methodReferences": {"py/set": []}, "py/object": "JavaParserVisitor.MethodInfo"}}, "possibleFather": "", "py/object": "JavaParserVisitor.ClassInfo", "span": 54}}