{"ActionListener": {"className": "ActionListener", "members": {"py/set": []}, "methods": {"mousePressed": {"memberReferences": {"py/set": []}, "methodName": "mousePressed", "methodReferences": {"py/set": []}, "py/object": "JavaParserVisitor.MethodInfo"}, "windowActivated": {"memberReferences": {"py/set": []}, "methodName": "windowActivated", "methodReferences": {"py/set": []}, "py/object": "JavaParserVisitor.MethodInfo"}, "windowClosed": {"memberReferences": {"py/set": []}, "methodName": "windowClosed", "methodReferences": {"py/set": []}, "py/object": "JavaParserVisitor.MethodInfo"}, "windowClosing": {"memberReferences": {"py/set": []}, "methodName": "windowClosing", "methodReferences": {"py/set": []}, "py/object": "JavaParserVisitor.MethodInfo"}, "windowDeactivated": {"memberReferences": {"py/set": []}, "methodName": "windowDeactivated", "methodReferences": {"py/set": []}, "py/object": "JavaParserVisitor.MethodInfo"}, "windowDeiconified": {"memberReferences": {"py/set": []}, "methodName": "windowDeiconified", "methodReferences": {"py/set": []}, "py/object": "JavaParserVisitor.MethodInfo"}, "windowIconified": {"memberReferences": {"py/set": []}, "methodName": "windowIconified", "methodReferences": {"py/set": []}, "py/object": "JavaParserVisitor.MethodInfo"}, "windowOpened": {"memberReferences": {"py/set": []}, "methodName": "windowOpened", "methodReferences": {"py/set": []}, "py/object": "JavaParserVisitor.MethodInfo"}}, "possibleFather": "MouseAdapter", "py/object": "JavaParserVisitor.ClassInfo", "span": 26}, "AddContent": {"className": "AddContent", "members": {"py/set": ["nameLabel", "orderedMedia", "ensure", "popularityLabel", "sizeText", "serialVersionUID", "cancel", "addContent", "nameText", "viewContent", "popularityText", "sizeLabel"]}, "methods": {"AddContent": {"memberReferences": {"py/set": ["nameLabel", "ensure", "popularityLabel", "popularityText", "sizeText", "cancel", "nameText", "viewContent", "orderedMedia", "sizeLabel"]}, "methodName": "AddContent", "methodReferences": {"py/set": ["initial", "addListener"]}, "py/object": "JavaParserVisitor.MethodInfo"}, "addListener": {"memberReferences": {"py/set": ["cancel", "ensure"]}, "methodName": "addListener", "methodReferences": {"py/set": []}, "py/object": "JavaParserVisitor.MethodInfo"}, "clickEnsure": {"memberReferences": {"py/set": []}, "methodName": "clickEnsure", "methodReferences": {"py/set": []}, "py/object": "JavaParserVisitor.MethodInfo"}, "getAddContent": {"memberReferences": {"py/set": ["addContent"]}, "methodName": "getAddContent", "methodReferences": {"py/set": []}, "py/object": "JavaParserVisitor.MethodInfo"}, "initial": {"memberReferences": {"py/set": ["ensure", "cancel", "nameLabel", "sizeText", "nameText", "sizeLabel", "popularityLabel", "popularityText"]}, "methodName": "initial", "methodReferences": {"py/set": []}, "py/object": "JavaParserVisitor.MethodInfo"}, "setAddContent": {"memberReferences": {"py/set": ["addContent"]}, "methodName": "setAddContent", "methodReferences": {"py/set": []}, "py/object": "JavaParserVisitor.MethodInfo"}}, "possibleFather": "JFrame", "py/object": "JavaParserVisitor.ClassInfo", "span": 155}, "AddNetwork": {"className": "AddNetwork", "members": {"py/set": ["y", "radiusText", "radius", "ensure", "addNetwork", "typeBox", "serialVersionUID", "cacheSize", "cancel", "xText", "cacheSizeText", "viewNetwork", "yText", "x", "type"]}, "methods": {"AddNetwork": {"memberReferences": {"py/set": ["y", "radiusText", "ensure", "radius", "type", "typeBox", "cacheSize", "cancel", "cacheSizeText", "xText", "yText", "x", "viewNetwork"]}, "methodName": "AddNetwork", "methodReferences": {"py/set": ["initial", "addListener"]}, "py/object": "JavaParserVisitor.MethodInfo"}, "addListener": {"memberReferences": {"py/set": ["cancel", "ensure"]}, "methodName": "addListener", "methodReferences": {"py/set": []}, "py/object": "JavaParserVisitor.MethodInfo"}, "clickEnsure": {"memberReferences": {"py/set": []}, "methodName": "clickEnsure", "methodReferences": {"py/set": []}, "py/object": "JavaParserVisitor.MethodInfo"}, "getAddNetwork": {"memberReferences": {"py/set": ["addNetwork"]}, "methodName": "getAddNetwork", "methodReferences": {"py/set": []}, "py/object": "JavaParserVisitor.MethodInfo"}, "initial": {"memberReferences": {"py/set": ["y", "ensure", "cacheSizeText", "yText", "cacheSize", "cancel", "xText", "type", "radius", "x", "radiusText", "typeBox"]}, "methodName": "initial", "methodReferences": {"py/set": []}, "py/object": "JavaParserVisitor.MethodInfo"}, "setAddNetwork": {"memberReferences": {"py/set": ["addNetwork"]}, "methodName": "setAddNetwork", "methodReferences": {"py/set": []}, "py/object": "JavaParserVisitor.MethodInfo"}}, "possibleFather": "JFrame", "py/object": "JavaParserVisitor.ClassInfo", "span": 195}, "BaseLineChart": {"className": "BaseLineChart", "members": {"py/set": ["chartFrame", "chart"]}, "methods": {"BaseLineChart": {"memberReferences": {"py/set": []}, "methodName": "BaseLineChart", "methodReferences": {"py/set": []}, "py/object": "JavaParserVisitor.MethodInfo"}, "draw": {"memberReferences": {"py/set": []}, "methodName": "draw", "methodReferences": {"py/set": []}, "py/object": "JavaParserVisitor.MethodInfo"}, "generateLineChart": {"memberReferences": {"py/set": ["chartFrame", "chart"]}, "methodName": "generateLineChart", "methodReferences": {"py/set": []}, "py/object": "JavaParserVisitor.MethodInfo"}}, "possibleFather": "", "py/object": "JavaParserVisitor.ClassInfo", "span": 74}, "BaseStation": {"className": "BaseStation", "members": {"py/set": []}, "methods": {"BaseStation": {"memberReferences": {"py/set": []}, "methodName": "BaseStation", "methodReferences": {"py/set": []}, "py/object": "JavaParserVisitor.MethodInfo"}, "countUserOfNetwork": {"memberReferences": {"py/set": []}, "methodName": "countUserOfNetwork", "methodReferences": {"py/set": []}, "py/object": "JavaParserVisitor.MethodInfo"}}, "possibleFather": "WirelessNetwork", "py/object": "JavaParserVisitor.ClassInfo", "span": 50}, "ButtonAddBS": {"className": "ButtonAddBS", "members": {"py/set": ["click"]}, "methods": {"ButtonAddBS": {"memberReferences": {"py/set": ["click"]}, "methodName": "ButtonAddBS", "methodReferences": {"py/set": []}, "py/object": "JavaParserVisitor.MethodInfo"}}, "possibleFather": "JButton", "py/object": "JavaParserVisitor.ClassInfo", "span": 13}, "Cache": {"className": "Cache", "members": {"py/set": ["cacheContent", "cacheRequestAmount", "hasCache", "cacheSize", "hitAmount"]}, "methods": {"addCacheContent": {"memberReferences": {"py/set": ["cacheContent"]}, "methodName": "addCacheContent", "methodReferences": {"py/set": []}, "py/object": "JavaParserVisitor.MethodInfo"}, "addHitAmount": {"memberReferences": {"py/set": ["hitAmount", "cacheRequestAmount"]}, "methodName": "addHitAmount", "methodReferences": {"py/set": []}, "py/object": "JavaParserVisitor.MethodInfo"}, "addRequestAmount": {"memberReferences": {"py/set": ["cacheRequestAmount"]}, "methodName": "addRequestAmount", "methodReferences": {"py/set": []}, "py/object": "JavaParserVisitor.MethodInfo"}, "dealQuery": {"memberReferences": {"py/set": ["cacheContent"]}, "methodName": "dealQuery", "methodReferences": {"py/set": []}, "py/object": "JavaParserVisitor.MethodInfo"}, "getCacheContent": {"memberReferences": {"py/set": ["cacheContent"]}, "methodName": "getCacheContent", "methodReferences": {"py/set": []}, "py/object": "JavaParserVisitor.MethodInfo"}, "getCacheSize": {"memberReferences": {"py/set": ["cacheSize"]}, "methodName": "getCacheSize", "methodReferences": {"py/set": []}, "py/object": "JavaParserVisitor.MethodInfo"}, "getHasCache": {"memberReferences": {"py/set": ["hasCache"]}, "methodName": "getHasCache", "methodReferences": {"py/set": []}, "py/object": "JavaParserVisitor.MethodInfo"}, "getHitAmount": {"memberReferences": {"py/set": ["hitAmount"]}, "methodName": "getHitAmount", "methodReferences": {"py/set": []}, "py/object": "JavaParserVisitor.MethodInfo"}, "getRemainingCacheSize": {"memberReferences": {"py/set": ["cacheSize"]}, "methodName": "getRemainingCacheSize", "methodReferences": {"py/set": []}, "py/object": "JavaParserVisitor.MethodInfo"}, "getRequestAmount": {"memberReferences": {"py/set": ["cacheRequestAmount"]}, "methodName": "getRequestAmount", "methodReferences": {"py/set": []}, "py/object": "JavaParserVisitor.MethodInfo"}, "removeCacheContent": {"memberReferences": {"py/set": ["cacheContent"]}, "methodName": "removeCacheContent", "methodReferences": {"py/set": []}, "py/object": "JavaParserVisitor.MethodInfo"}, "resetAmountOfRequestAndHits": {"memberReferences": {"py/set": ["hitAmount", "cacheRequestAmount"]}, "methodName": "resetAmountOfRequestAndHits", "methodReferences": {"py/set": []}, "py/object": "JavaParserVisitor.MethodInfo"}, "setCacheContent": {"memberReferences": {"py/set": ["cacheContent"]}, "methodName": "setCacheContent", "methodReferences": {"py/set": []}, "py/object": "JavaParserVisitor.MethodInfo"}, "setCacheSize": {"memberReferences": {"py/set": ["cacheSize"]}, "methodName": "setCacheSize", "methodReferences": {"py/set": []}, "py/object": "JavaParserVisitor.MethodInfo"}}, "possibleFather": "", "py/object": "JavaParserVisitor.ClassInfo", "span": 140}, "CachingSingleContent": {"className": "CachingSingleContent", "members": {"py/set": ["singleContent"]}, "methods": {"CachingSingleContent": {"memberReferences": {"py/set": ["singleContent"]}, "methodName": "CachingSingleContent", "methodReferences": {"py/set": []}, "py/object": "JavaParserVisitor.MethodInfo"}, "equals": {"memberReferences": {"py/set": ["singleContent"]}, "methodName": "equals", "methodReferences": {"py/set": []}, "py/object": "JavaParserVisitor.MethodInfo"}, "getName": {"memberReferences": {"py/set": ["singleContent"]}, "methodName": "getName", "methodReferences": {"py/set": ["getName"]}, "py/object": "JavaParserVisitor.MethodInfo"}, "getSingleContent": {"memberReferences": {"py/set": ["singleContent"]}, "methodName": "getSingleContent", "methodReferences": {"py/set": []}, "py/object": "JavaParserVisitor.MethodInfo"}, "getSize": {"memberReferences": {"py/set": ["singleContent"]}, "methodName": "getSize", "methodReferences": {"py/set": ["getSize"]}, "py/object": "JavaParserVisitor.MethodInfo"}}, "possibleFather": "", "py/object": "JavaParserVisitor.ClassInfo", "span": 38}, "CaseFileReader": {"className": "CaseFileReader", "members": {"py/set": []}, "methods": {"read": {"memberReferences": {"py/set": []}, "methodName": "read", "methodReferences": {"py/set": []}, "py/object": "JavaParserVisitor.MethodInfo"}}, "possibleFather": "", "py/object": "JavaParserVisitor.ClassInfo", "span": 53}, "CaseFileWriter": {"className": "CaseFileWriter", "members": {"py/set": []}, "methods": {"write": {"memberReferences": {"py/set": []}, "methodName": "write", "methodReferences": {"py/set": ["write"]}, "py/object": "JavaParserVisitor.MethodInfo"}}, "possibleFather": "", "py/object": "JavaParserVisitor.ClassInfo", "span": 33}, "Content": {"className": "Content", "members": {"py/set": ["content"]}, "methods": {"Content": {"memberReferences": {"py/set": ["content"]}, "methodName": "Content", "methodReferences": {"py/set": []}, "py/object": "JavaParserVisitor.MethodInfo"}, "addSingleContent": {"memberReferences": {"py/set": ["content"]}, "methodName": "addSingleContent", "methodReferences": {"py/set": []}, "py/object": "JavaParserVisitor.MethodInfo"}, "clear": {"memberReferences": {"py/set": ["content"]}, "methodName": "clear", "methodReferences": {"py/set": ["clear"]}, "py/object": "JavaParserVisitor.MethodInfo"}, "compare": {"memberReferences": {"py/set": []}, "methodName": "compare", "methodReferences": {"py/set": []}, "py/object": "JavaParserVisitor.MethodInfo"}, "sortByPopularity": {"memberReferences": {"py/set": ["content"]}, "methodName": "sortByPopularity", "methodReferences": {"py/set": []}, "py/object": "JavaParserVisitor.MethodInfo"}}, "possibleFather": "", "py/object": "JavaParserVisitor.ClassInfo", "span": 20}, "ContentReader": {"className": "ContentReader", "members": {"py/set": []}, "methods": {"read": {"memberReferences": {"py/set": []}, "methodName": "read", "methodReferences": {"py/set": []}, "py/object": "JavaParserVisitor.MethodInfo"}}, "possibleFather": "", "py/object": "JavaParserVisitor.ClassInfo", "span": 37}, "ContentService": {"className": "ContentService", "members": {"py/set": ["mediaList"]}, "methods": {"compare": {"memberReferences": {"py/set": []}, "methodName": "compare", "methodReferences": {"py/set": []}, "py/object": "JavaParserVisitor.MethodInfo"}, "copyMyHobby": {"memberReferences": {"py/set": []}, "methodName": "copyMyHobby", "methodReferences": {"py/set": []}, "py/object": "JavaParserVisitor.MethodInfo"}, "getMediaList": {"memberReferences": {"py/set": ["mediaList"]}, "methodName": "getMediaList", "methodReferences": {"py/set": []}, "py/object": "JavaParserVisitor.MethodInfo"}, "initialPopularity": {"memberReferences": {"py/set": []}, "methodName": "initialPopularity", "methodReferences": {"py/set": ["sortByInitialPopularity"]}, "py/object": "JavaParserVisitor.MethodInfo"}, "resetMyHobby": {"memberReferences": {"py/set": []}, "methodName": "resetMyHobby", "methodReferences": {"py/set": []}, "py/object": "JavaParserVisitor.MethodInfo"}, "setMediaList": {"memberReferences": {"py/set": ["mediaList"]}, "methodName": "setMediaList", "methodReferences": {"py/set": []}, "py/object": "JavaParserVisitor.MethodInfo"}, "sortByAverageHobby": {"memberReferences": {"py/set": []}, "methodName": "sortByAverageHobby", "methodReferences": {"py/set": []}, "py/object": "JavaParserVisitor.MethodInfo"}, "sortByHobby": {"memberReferences": {"py/set": []}, "methodName": "sortByHobby", "methodReferences": {"py/set": []}, "py/object": "JavaParserVisitor.MethodInfo"}, "sortByInitialPopularity": {"memberReferences": {"py/set": []}, "methodName": "sortByInitialPopularity", "methodReferences": {"py/set": []}, "py/object": "JavaParserVisitor.MethodInfo"}, "sortMySingleContentByRequestedAmount": {"memberReferences": {"py/set": []}, "methodName": "sortMySingleContentByRequestedAmount", "methodReferences": {"py/set": []}, "py/object": "JavaParserVisitor.MethodInfo"}, "unitConversion": {"memberReferences": {"py/set": []}, "methodName": "unitConversion", "methodReferences": {"py/set": []}, "py/object": "JavaParserVisitor.MethodInfo"}}, "possibleFather": "", "py/object": "JavaParserVisitor.ClassInfo", "span": 106}, "ContentWriter": {"className": "ContentWriter", "members": {"py/set": []}, "methods": {"creatContentXML": {"memberReferences": {"py/set": []}, "methodName": "creatContentXML", "methodReferences": {"py/set": []}, "py/object": "JavaParserVisitor.MethodInfo"}, "main": {"memberReferences": {"py/set": []}, "methodName": "main", "methodReferences": {"py/set": ["creatContentXML"]}, "py/object": "JavaParserVisitor.MethodInfo"}, "saveContentXML": {"memberReferences": {"py/set": []}, "methodName": "saveContentXML", "methodReferences": {"py/set": []}, "py/object": "JavaParserVisitor.MethodInfo"}}, "possibleFather": "", "py/object": "JavaParserVisitor.ClassInfo", "span": 107}, "Controller": {"className": "Controller", "members": {"py/set": ["requestHandler", "controller", "users", "menuBar", "logger", "stateQueue", "mapPanel", "operationPanel", "logPanel", "wirelessNetworkGroup", "resultDataList", "originalContent"]}, "methods": {"Controller": {"memberReferences": {"py/set": ["originalContent"]}, "methodName": "Controller", "methodReferences": {"py/set": ["initial"]}, "py/object": "JavaParserVisitor.MethodInfo"}, "appendLog": {"memberReferences": {"py/set": ["logPanel"]}, "methodName": "appendLog", "methodReferences": {"py/set": []}, "py/object": "JavaParserVisitor.MethodInfo"}, "clearAll": {"memberReferences": {"py/set": ["users", "wirelessNetworkGroup"]}, "methodName": "clearAll", "methodReferences": {"py/set": []}, "py/object": "JavaParserVisitor.MethodInfo"}, "getInstance": {"memberReferences": {"py/set": ["controller"]}, "methodName": "getInstance", "methodReferences": {"py/set": []}, "py/object": "JavaParserVisitor.MethodInfo"}, "getLogPanel": {"memberReferences": {"py/set": ["logPanel"]}, "methodName": "getLogPanel", "methodReferences": {"py/set": []}, "py/object": "JavaParserVisitor.MethodInfo"}, "getOperationPanel": {"memberReferences": {"py/set": ["operationPanel"]}, "methodName": "getOperationPanel", "methodReferences": {"py/set": []}, "py/object": "JavaParserVisitor.MethodInfo"}, "getOriginalContent": {"memberReferences": {"py/set": ["originalContent"]}, "methodName": "getOriginalContent", "methodReferences": {"py/set": []}, "py/object": "JavaParserVisitor.MethodInfo"}, "getOriginalContentList": {"memberReferences": {"py/set": ["originalContent"]}, "methodName": "getOriginalContentList", "methodReferences": {"py/set": []}, "py/object": "JavaParserVisitor.MethodInfo"}, "getRequestHandler": {"memberReferences": {"py/set": ["requestHandler"]}, "methodName": "getRequestHandler", "methodReferences": {"py/set": []}, "py/object": "JavaParserVisitor.MethodInfo"}, "getResultDataList": {"memberReferences": {"py/set": ["resultDataList"]}, "methodName": "getResultDataList", "methodReferences": {"py/set": []}, "py/object": "JavaParserVisitor.MethodInfo"}, "getStateQueue": {"memberReferences": {"py/set": ["stateQueue"]}, "methodName": "getStateQueue", "methodReferences": {"py/set": []}, "py/object": "JavaParserVisitor.MethodInfo"}, "getWirelessNetworkGroup": {"memberReferences": {"py/set": ["wirelessNetworkGroup"]}, "methodName": "getWirelessNetworkGroup", "methodReferences": {"py/set": []}, "py/object": "JavaParserVisitor.MethodInfo"}, "hasUsers": {"memberReferences": {"py/set": ["users"]}, "methodName": "hasUsers", "methodReferences": {"py/set": []}, "py/object": "JavaParserVisitor.MethodInfo"}, "initial": {"memberReferences": {"py/set": ["originalContent"]}, "methodName": "initial", "methodReferences": {"py/set": []}, "py/object": "JavaParserVisitor.MethodInfo"}, "initialController": {"memberReferences": {"py/set": ["menuBar", "operationPanel", "mapPanel", "requestHandler", "users", "stateQueue", "resultDataList", "logPanel", "wirelessNetworkGroup"]}, "methodName": "initialController", "methodReferences": {"py/set": []}, "py/object": "JavaParserVisitor.MethodInfo"}, "setOriginalContent": {"memberReferences": {"py/set": ["originalContent"]}, "methodName": "setOriginalContent", "methodReferences": {"py/set": []}, "py/object": "JavaParserVisitor.MethodInfo"}}, "possibleFather": "", "py/object": "JavaParserVisitor.ClassInfo", "span": 194}, "CustomDailyRollingFileAppender": {"className": "CustomDailyRollingFileAppender", "members": {"py/set": ["TOP_OF_HOUR", "TOP_OF_WEEK", "TOP_OF_DAY", "gmtTimeZone", "HALF_DAY", "nextCheck", "checkPeriod", "TOP_OF_MONTH", "datePattern", "maxBackupIndex", "sdf", "now", "TOP_OF_MINUTE", "scheduledFilename", "TOP_OF_TROUBLE", "rc"]}, "methods": {"CustomDailyRollingFileAppender": {"memberReferences": {"py/set": ["gmtTimeZone", "TOP_OF_HOUR", "TOP_OF_DAY", "TOP_OF_WEEK", "HALF_DAY", "TOP_OF_MONTH", "datePattern", "sdf", "now", "TOP_OF_MINUTE", "scheduledFilename", "TOP_OF_TROUBLE"]}, "methodName": "CustomDailyRollingFileAppender", "methodReferences": {"py/set": ["activateOptions"]}, "py/object": "JavaParserVisitor.MethodInfo"}, "accept": {"memberReferences": {"py/set": []}, "methodName": "accept", "methodReferences": {"py/set": []}, "py/object": "JavaParserVisitor.MethodInfo"}, "activateOptions": {"memberReferences": {"py/set": ["TOP_OF_HOUR", "TOP_OF_MONTH", "datePattern", "now", "TOP_OF_WEEK", "scheduledFilename", "gmtTimeZone", "TOP_OF_DAY", "HALF_DAY", "sdf", "TOP_OF_MINUTE", "TOP_OF_TROUBLE"]}, "methodName": "activateOptions", "methodReferences": {"py/set": ["computeCheckPeriod", "printPeriodicity"]}, "py/object": "JavaParserVisitor.MethodInfo"}, "computeCheckPeriod": {"memberReferences": {"py/set": ["gmtTimeZone", "TOP_OF_MONTH", "datePattern", "TOP_OF_MINUTE", "TOP_OF_TROUBLE"]}, "methodName": "computeCheckPeriod", "methodReferences": {"py/set": []}, "py/object": "JavaParserVisitor.MethodInfo"}, "getAllFiles": {"memberReferences": {"py/set": []}, "methodName": "getAllFiles", "methodReferences": {"py/set": []}, "py/object": "JavaParserVisitor.MethodInfo"}, "getDatePattern": {"memberReferences": {"py/set": ["datePattern"]}, "methodName": "getDatePattern", "methodReferences": {"py/set": []}, "py/object": "JavaParserVisitor.MethodInfo"}, "getMaxBackupIndex": {"memberReferences": {"py/set": ["maxBackupIndex"]}, "methodName": "getMaxBackupIndex", "methodReferences": {"py/set": []}, "py/object": "JavaParserVisitor.MethodInfo"}, "printPeriodicity": {"memberReferences": {"py/set": ["TOP_OF_MINUTE", "TOP_OF_HOUR", "TOP_OF_DAY", "HALF_DAY", "TOP_OF_MONTH", "TOP_OF_WEEK"]}, "methodName": "printPeriodicity", "methodReferences": {"py/set": []}, "py/object": "JavaParserVisitor.MethodInfo"}, "rollOver": {"memberReferences": {"py/set": ["datePattern", "scheduledFilename", "maxBackupIndex"]}, "methodName": "rollOver", "methodReferences": {"py/set": ["getAllFiles"]}, "py/object": "JavaParserVisitor.MethodInfo"}, "setDatePattern": {"memberReferences": {"py/set": ["datePattern"]}, "methodName": "setDatePattern", "methodReferences": {"py/set": []}, "py/object": "JavaParserVisitor.MethodInfo"}, "setMaxBackupIndex": {"memberReferences": {"py/set": ["maxBackupIndex"]}, "methodName": "setMaxBackupIndex", "methodReferences": {"py/set": []}, "py/object": "JavaParserVisitor.MethodInfo"}, "subAppend": {"memberReferences": {"py/set": ["datePattern", "maxBackupIndex", "scheduledFilename", "nextCheck"]}, "methodName": "subAppend", "methodReferences": {"py/set": ["rollOver"]}, "py/object": "JavaParserVisitor.MethodInfo"}}, "possibleFather": "FileAppender", "py/object": "JavaParserVisitor.ClassInfo", "span": 300}, "Data": {"className": "Data", "members": {"py/set": ["Traffic", "latency", "timeSlice", "hitRate"]}, "methods": {"Data": {"memberReferences": {"py/set": ["Traffic", "timeSlice", "latency"]}, "methodName": "Data", "methodReferences": {"py/set": []}, "py/object": "JavaParserVisitor.MethodInfo"}, "addLatency": {"memberReferences": {"py/set": ["latency"]}, "methodName": "addLatency", "methodReferences": {"py/set": []}, "py/object": "JavaParserVisitor.MethodInfo"}, "addTraffic": {"memberReferences": {"py/set": ["Traffic"]}, "methodName": "addTraffic", "methodReferences": {"py/set": []}, "py/object": "JavaParserVisitor.MethodInfo"}, "getHitRate": {"memberReferences": {"py/set": ["hitRate"]}, "methodName": "getHitRate", "methodReferences": {"py/set": []}, "py/object": "JavaParserVisitor.MethodInfo"}, "getSaveTraffic": {"memberReferences": {"py/set": ["Traffic"]}, "methodName": "getSaveTraffic", "methodReferences": {"py/set": []}, "py/object": "JavaParserVisitor.MethodInfo"}, "getTimeSlice": {"memberReferences": {"py/set": ["timeSlice"]}, "methodName": "getTimeSlice", "methodReferences": {"py/set": []}, "py/object": "JavaParserVisitor.MethodInfo"}, "setHitRate": {"memberReferences": {"py/set": ["hitRate"]}, "methodName": "setHitRate", "methodReferences": {"py/set": []}, "py/object": "JavaParserVisitor.MethodInfo"}, "setTimeSlice": {"memberReferences": {"py/set": ["timeSlice"]}, "methodName": "setTimeSlice", "methodReferences": {"py/set": []}, "py/object": "JavaParserVisitor.MethodInfo"}}, "possibleFather": "", "py/object": "JavaParserVisitor.ClassInfo", "span": 62}, "DelayLineChart": {"className": "DelayLineChart", "members": {"py/set": ["yais_space", "yais_max_value", "xais_space", "yais_min_value"]}, "methods": {"draw": {"memberReferences": {"py/set": ["xais_space", "yais_max_value", "yais_space", "yais_min_value"]}, "methodName": "draw", "methodReferences": {"py/set": []}, "py/object": "JavaParserVisitor.MethodInfo"}}, "possibleFather": "BaseLineChart", "py/object": "JavaParserVisitor.ClassInfo", "span": 25}, "EdgeSim": {"className": "EdgeSim", "members": {"py/set": ["controller", "log", "serialVersionUID", "logger", "menu", "map", "mainFrame", "operator"]}, "methods": {"EdgeSim": {"memberReferences": {"py/set": ["map", "mainFrame", "log", "operator", "menu"]}, "methodName": "EdgeSim", "methodReferences": {"py/set": ["initial"]}, "py/object": "JavaParserVisitor.MethodInfo"}, "getMainFrame": {"memberReferences": {"py/set": ["mainFrame"]}, "methodName": "getMainFrame", "methodReferences": {"py/set": []}, "py/object": "JavaParserVisitor.MethodInfo"}, "initial": {"memberReferences": {"py/set": ["log", "menu", "map", "mainFrame", "operator"]}, "methodName": "initial", "methodReferences": {"py/set": []}, "py/object": "JavaParserVisitor.MethodInfo"}, "main": {"memberReferences": {"py/set": []}, "methodName": "main", "methodReferences": {"py/set": []}, "py/object": "JavaParserVisitor.MethodInfo"}, "run": {"memberReferences": {"py/set": []}, "methodName": "run", "methodReferences": {"py/set": []}, "py/object": "JavaParserVisitor.MethodInfo"}}, "possibleFather": "JFrame", "py/object": "JavaParserVisitor.ClassInfo", "span": 163}, "FIFOAlgorithm": {"className": "FIFOAlgorithm", "members": {"py/set": []}, "methods": {"include": {"memberReferences": {"py/set": []}, "methodName": "include", "methodReferences": {"py/set": []}, "py/object": "JavaParserVisitor.MethodInfo"}, "setCache": {"memberReferences": {"py/set": []}, "methodName": "setCache", "methodReferences": {"py/set": ["include"]}, "py/object": "JavaParserVisitor.MethodInfo"}}, "possibleFather": "", "py/object": "JavaParserVisitor.ClassInfo", "span": 40}, "FileChooser": {"className": "FileChooser", "members": {"py/set": ["serialVersionUID", "logger"]}, "methods": {"FileChooser": {"memberReferences": {"py/set": []}, "methodName": "FileChooser", "methodReferences": {"py/set": []}, "py/object": "JavaParserVisitor.MethodInfo"}, "actionPerformed": {"memberReferences": {"py/set": ["logger"]}, "methodName": "actionPerformed", "methodReferences": {"py/set": []}, "py/object": "JavaParserVisitor.MethodInfo"}, "main": {"memberReferences": {"py/set": []}, "methodName": "main", "methodReferences": {"py/set": []}, "py/object": "JavaParserVisitor.MethodInfo"}}, "possibleFather": "JFrame", "py/object": "JavaParserVisitor.ClassInfo", "span": 24}, "GetRandomPoint": {"className": "GetRandomPoint", "members": {"py/set": []}, "methods": {"getPoint": {"memberReferences": {"py/set": []}, "methodName": "getPoint", "methodReferences": {"py/set": []}, "py/object": "JavaParserVisitor.MethodInfo"}}, "possibleFather": "", "py/object": "JavaParserVisitor.ClassInfo", "span": 3}, "GreedyAlgorithm": {"className": "GreedyAlgorithm", "members": {"py/set": ["BSs", "list", "controller"]}, "methods": {"GreedyAlgorithm": {"memberReferences": {"py/set": ["BSs"]}, "methodName": "GreedyAlgorithm", "methodReferences": {"py/set": []}, "py/object": "JavaParserVisitor.MethodInfo"}, "setCache": {"memberReferences": {"py/set": ["controller", "list"]}, "methodName": "setCache", "methodReferences": {"py/set": []}, "py/object": "JavaParserVisitor.MethodInfo"}}, "possibleFather": "", "py/object": "JavaParserVisitor.ClassInfo", "span": 41}, "KnapsackAlgorithm": {"className": "KnapsackAlgorithm", "members": {"py/set": ["controller"]}, "methods": {"KnapsackAlgorithm": {"memberReferences": {"py/set": ["controller"]}, "methodName": "KnapsackAlgorithm", "methodReferences": {"py/set": []}, "py/object": "JavaParserVisitor.MethodInfo"}, "knapsackAlgorithm": {"memberReferences": {"py/set": []}, "methodName": "knapsackAlgorithm", "methodReferences": {"py/set": []}, "py/object": "JavaParserVisitor.MethodInfo"}, "setCache": {"memberReferences": {"py/set": []}, "methodName": "setCache", "methodReferences": {"py/set": ["knapsackAlgorithm"]}, "py/object": "JavaParserVisitor.MethodInfo"}}, "possibleFather": "", "py/object": "JavaParserVisitor.ClassInfo", "span": 100}, "LFUAlgorithm": {"className": "LFUAlgorithm", "members": {"py/set": ["watingCachingContent"]}, "methods": {"LFUAlgorithm": {"memberReferences": {"py/set": ["watingCachingContent"]}, "methodName": "LFUAlgorithm", "methodReferences": {"py/set": []}, "py/object": "JavaParserVisitor.MethodInfo"}, "setCache": {"memberReferences": {"py/set": []}, "methodName": "setCache", "methodReferences": {"py/set": []}, "py/object": "JavaParserVisitor.MethodInfo"}}, "possibleFather": "", "py/object": "JavaParserVisitor.ClassInfo", "span": 19}, "LRUAlgorithm": {"className": "LRUAlgorithm", "members": {"py/set": []}, "methods": {"include": {"memberReferences": {"py/set": []}, "methodName": "include", "methodReferences": {"py/set": []}, "py/object": "JavaParserVisitor.MethodInfo"}, "setCache": {"memberReferences": {"py/set": []}, "methodName": "setCache", "methodReferences": {"py/set": ["include"]}, "py/object": "JavaParserVisitor.MethodInfo"}}, "possibleFather": "", "py/object": "JavaParserVisitor.ClassInfo", "span": 36}, "LocalHobby": {"className": "LocalHobby", "members": {"py/set": ["contentList"]}, "methods": {"LocalHobby": {"memberReferences": {"py/set": ["contentList"]}, "methodName": "LocalHobby", "methodReferences": {"py/set": []}, "py/object": "JavaParserVisitor.MethodInfo"}, "addSingleContent": {"memberReferences": {"py/set": ["contentList"]}, "methodName": "addSingleContent", "methodReferences": {"py/set": []}, "py/object": "JavaParserVisitor.MethodInfo"}, "addSingleContentAmount": {"memberReferences": {"py/set": ["contentList"]}, "methodName": "addSingleContentAmount", "methodReferences": {"py/set": []}, "py/object": "JavaParserVisitor.MethodInfo"}, "clear": {"memberReferences": {"py/set": ["contentList"]}, "methodName": "clear", "methodReferences": {"py/set": ["clear"]}, "py/object": "JavaParserVisitor.MethodInfo"}, "compare": {"memberReferences": {"py/set": []}, "methodName": "compare", "methodReferences": {"py/set": []}, "py/object": "JavaParserVisitor.MethodInfo"}, "fluctuatePopularity": {"memberReferences": {"py/set": ["contentList"]}, "methodName": "fluctuatePopularity", "methodReferences": {"py/set": ["addSingleContent", "sortByHobby", "clear"]}, "py/object": "JavaParserVisitor.MethodInfo"}, "getContentList": {"memberReferences": {"py/set": ["contentList"]}, "methodName": "getContentList", "methodReferences": {"py/set": []}, "py/object": "JavaParserVisitor.MethodInfo"}, "getSingleContentByName": {"memberReferences": {"py/set": ["contentList"]}, "methodName": "getSingleContentByName", "methodReferences": {"py/set": []}, "py/object": "JavaParserVisitor.MethodInfo"}, "getSingleLocalHobbyBySingleContent": {"memberReferences": {"py/set": ["contentList"]}, "methodName": "getSingleLocalHobbyBySingleContent", "methodReferences": {"py/set": []}, "py/object": "JavaParserVisitor.MethodInfo"}, "setContentList": {"memberReferences": {"py/set": ["contentList"]}, "methodName": "setContentList", "methodReferences": {"py/set": []}, "py/object": "JavaParserVisitor.MethodInfo"}, "sortByHobby": {"memberReferences": {"py/set": ["contentList"]}, "methodName": "sortByHobby", "methodReferences": {"py/set": []}, "py/object": "JavaParserVisitor.MethodInfo"}}, "possibleFather": "", "py/object": "JavaParserVisitor.ClassInfo", "span": 77}, "Log": {"className": "Log", "members": {"py/set": ["logger"]}, "methods": {}, "possibleFather": "", "py/object": "JavaParserVisitor.ClassInfo", "span": 6}, "LogFileFilter": {"className": "LogFileFilter", "members": {"py/set": ["logName"]}, "methods": {"LogFileFilter": {"memberReferences": {"py/set": ["logName"]}, "methodName": "LogFileFilter", "methodReferences": {"py/set": []}, "py/object": "JavaParserVisitor.MethodInfo"}, "accept": {"memberReferences": {"py/set": ["logName"]}, "methodName": "accept", "methodReferences": {"py/set": []}, "py/object": "JavaParserVisitor.MethodInfo"}}, "possibleFather": "", "py/object": "JavaParserVisitor.ClassInfo", "span": 12}, "Map": {"className": "Map", "members": {"py/set": ["mapCanvas", "controller"]}, "methods": {"Initial": {"memberReferences": {"py/set": ["mapCanvas"]}, "methodName": "Initial", "methodReferences": {"py/set": []}, "py/object": "JavaParserVisitor.MethodInfo"}, "Map": {"memberReferences": {"py/set": ["mapCanvas"]}, "methodName": "Map", "methodReferences": {"py/set": ["Initial"]}, "py/object": "JavaParserVisitor.MethodInfo"}, "getMapCanvas": {"memberReferences": {"py/set": ["mapCanvas"]}, "methodName": "getMapCanvas", "methodReferences": {"py/set": []}, "py/object": "JavaParserVisitor.MethodInfo"}, "setMapCanvas": {"memberReferences": {"py/set": ["mapCanvas"]}, "methodName": "setMapCanvas", "methodReferences": {"py/set": []}, "py/object": "JavaParserVisitor.MethodInfo"}}, "possibleFather": "JScrollPane", "py/object": "JavaParserVisitor.ClassInfo", "span": 36}, "MapCanvas": {"className": "MapCanvas", "members": {"py/set": ["delete", "controller", "popupMenu", "image", "clear", "selectedNetwork", "BSFile", "configure"]}, "methods": {"MapCanvas": {"memberReferences": {"py/set": ["delete", "controller", "popupMenu", "clear", "image", "selectedNetwork", "BSFile", "configure"]}, "methodName": "MapCanvas", "methodReferences": {"py/set": ["initial", "addListener"]}, "py/object": "JavaParserVisitor.MethodInfo"}, "addListener": {"memberReferences": {"py/set": ["delete", "clear", "configure"]}, "methodName": "addListener", "methodReferences": {"py/set": []}, "py/object": "JavaParserVisitor.MethodInfo"}, "getBSFile": {"memberReferences": {"py/set": ["BSFile"]}, "methodName": "getBSFile", "methodReferences": {"py/set": []}, "py/object": "JavaParserVisitor.MethodInfo"}, "initial": {"memberReferences": {"py/set": ["controller", "clear", "image", "BSFile", "configure", "delete", "popupMenu", "selectedNetwork"]}, "methodName": "initial", "methodReferences": {"py/set": []}, "py/object": "JavaParserVisitor.MethodInfo"}, "mouseWheelMoved": {"memberReferences": {"py/set": []}, "methodName": "mouseWheelMoved", "methodReferences": {"py/set": []}, "py/object": "JavaParserVisitor.MethodInfo"}, "paint": {"memberReferences": {"py/set": ["controller", "image"]}, "methodName": "paint", "methodReferences": {"py/set": []}, "py/object": "JavaParserVisitor.MethodInfo"}, "setBSFile": {"memberReferences": {"py/set": ["BSFile"]}, "methodName": "setBSFile", "methodReferences": {"py/set": []}, "py/object": "JavaParserVisitor.MethodInfo"}}, "possibleFather": "JPanel", "py/object": "JavaParserVisitor.ClassInfo", "span": 239}, "MenuBar": {"className": "MenuBar", "members": {"py/set": ["viewHelp", "saveFile", "view", "controller", "logger", "viewBS", "help", "openFile", "file", "paramater", "viewContent", "configure"]}, "methods": {"MenuBar": {"memberReferences": {"py/set": ["viewHelp", "saveFile", "view", "viewBS", "help", "openFile", "file", "paramater", "viewContent", "configure"]}, "methodName": "MenuBar", "methodReferences": {"py/set": ["initial", "addListener"]}, "py/object": "JavaParserVisitor.MethodInfo"}, "actionPerformed": {"memberReferences": {"py/set": ["viewHelp", "controller", "viewBS", "openFile", "paramater", "viewContent", "saveFile"]}, "methodName": "actionPerformed", "methodReferences": {"py/set": ["openFileClicked", "saveFileClicked"]}, "py/object": "JavaParserVisitor.MethodInfo"}, "addListener": {"memberReferences": {"py/set": []}, "methodName": "addListener", "methodReferences": {"py/set": []}, "py/object": "JavaParserVisitor.MethodInfo"}, "getOpenFile": {"memberReferences": {"py/set": ["openFile"]}, "methodName": "getOpenFile", "methodReferences": {"py/set": []}, "py/object": "JavaParserVisitor.MethodInfo"}, "getSaveFile": {"memberReferences": {"py/set": ["saveFile"]}, "methodName": "getSaveFile", "methodReferences": {"py/set": []}, "py/object": "JavaParserVisitor.MethodInfo"}, "getViewBS": {"memberReferences": {"py/set": ["viewBS"]}, "methodName": "getViewBS", "methodReferences": {"py/set": []}, "py/object": "JavaParserVisitor.MethodInfo"}, "getViewHelp": {"memberReferences": {"py/set": ["viewHelp"]}, "methodName": "getViewHelp", "methodReferences": {"py/set": []}, "py/object": "JavaParserVisitor.MethodInfo"}, "initial": {"memberReferences": {"py/set": ["help", "file", "configure", "view", "openFile", "viewContent", "saveFile", "viewHelp", "viewBS", "paramater"]}, "methodName": "initial", "methodReferences": {"py/set": []}, "py/object": "JavaParserVisitor.MethodInfo"}, "openFileClicked": {"memberReferences": {"py/set": []}, "methodName": "openFileClicked", "methodReferences": {"py/set": []}, "py/object": "JavaParserVisitor.MethodInfo"}, "saveFileClicked": {"memberReferences": {"py/set": []}, "methodName": "saveFileClicked", "methodReferences": {"py/set": []}, "py/object": "JavaParserVisitor.MethodInfo"}, "setOpenFile": {"memberReferences": {"py/set": ["openFile"]}, "methodName": "setOpenFile", "methodReferences": {"py/set": []}, "py/object": "JavaParserVisitor.MethodInfo"}, "setSaveFile": {"memberReferences": {"py/set": ["saveFile"]}, "methodName": "setSaveFile", "methodReferences": {"py/set": []}, "py/object": "JavaParserVisitor.MethodInfo"}, "setViewBS": {"memberReferences": {"py/set": ["viewBS"]}, "methodName": "setViewBS", "methodReferences": {"py/set": []}, "py/object": "JavaParserVisitor.MethodInfo"}, "setViewHelp": {"memberReferences": {"py/set": ["viewHelp"]}, "methodName": "setViewHelp", "methodReferences": {"py/set": []}, "py/object": "JavaParserVisitor.MethodInfo"}}, "possibleFather": "JMenuBar", "py/object": "JavaParserVisitor.ClassInfo", "span": 198}, "MobileNetworkOperator": {"className": "MobileNetworkOperator", "members": {"py/set": []}, "methods": {}, "possibleFather": "Cache", "py/object": "JavaParserVisitor.ClassInfo", "span": 0}, "MobilityModel": {"className": "MobilityModel", "members": {"py/set": ["ratio", "location", "sumOfPopularity", "content", "distance", "wirelessNetwork", "ID"]}, "methods": {"checkLocationToAdjustNetwork": {"memberReferences": {"py/set": ["location", "distance", "wirelessNetwork"]}, "methodName": "checkLocationToAdjustNetwork", "methodReferences": {"py/set": []}, "py/object": "JavaParserVisitor.MethodInfo"}, "fluctuatePopularity": {"memberReferences": {"py/set": ["ratio", "sumOfPopularity", "content", "wirelessNetwork"]}, "methodName": "fluctuatePopularity", "methodReferences": {"py/set": ["generateProbabilityOfSingleContent", "fluctuatePopularity"]}, "py/object": "JavaParserVisitor.MethodInfo"}, "generateProbabilityOfSingleContent": {"memberReferences": {"py/set": ["ratio", "sumOfPopularity", "content"]}, "methodName": "generateProbabilityOfSingleContent", "methodReferences": {"py/set": []}, "py/object": "JavaParserVisitor.MethodInfo"}, "generateState": {"memberReferences": {"py/set": []}, "methodName": "generateState", "methodReferences": {"py/set": []}, "py/object": "JavaParserVisitor.MethodInfo"}, "getDownloadRate": {"memberReferences": {"py/set": ["distance", "wirelessNetwork"]}, "methodName": "getDownloadRate", "methodReferences": {"py/set": []}, "py/object": "JavaParserVisitor.MethodInfo"}, "getID": {"memberReferences": {"py/set": ["ID"]}, "methodName": "getID", "methodReferences": {"py/set": []}, "py/object": "JavaParserVisitor.MethodInfo"}, "getWirelessNetwork": {"memberReferences": {"py/set": ["wirelessNetwork"]}, "methodName": "getWirelessNetwork", "methodReferences": {"py/set": []}, "py/object": "JavaParserVisitor.MethodInfo"}, "move": {"memberReferences": {"py/set": []}, "methodName": "move", "methodReferences": {"py/set": []}, "py/object": "JavaParserVisitor.MethodInfo"}, "query": {"memberReferences": {"py/set": ["wirelessNetwork"]}, "methodName": "query", "methodReferences": {"py/set": []}, "py/object": "JavaParserVisitor.MethodInfo"}, "setID": {"memberReferences": {"py/set": ["ID"]}, "methodName": "setID", "methodReferences": {"py/set": []}, "py/object": "JavaParserVisitor.MethodInfo"}, "setWirelessNetwork": {"memberReferences": {"py/set": ["wirelessNetwork"]}, "methodName": "setWirelessNetwork", "methodReferences": {"py/set": []}, "py/object": "JavaParserVisitor.MethodInfo"}}, "possibleFather": "", "py/object": "JavaParserVisitor.ClassInfo", "span": 168}, "MobilityModelGenerator": {"className": "MobilityModelGenerator", "members": {"py/set": []}, "methods": {"chooseNetwork": {"memberReferences": {"py/set": []}, "methodName": "chooseNetwork", "methodReferences": {"py/set": []}, "py/object": "JavaParserVisitor.MethodInfo"}, "generateID": {"memberReferences": {"py/set": []}, "methodName": "generateID", "methodReferences": {"py/set": []}, "py/object": "JavaParserVisitor.MethodInfo"}, "generatePoint": {"memberReferences": {"py/set": []}, "methodName": "generatePoint", "methodReferences": {"py/set": []}, "py/object": "JavaParserVisitor.MethodInfo"}, "generateUser": {"memberReferences": {"py/set": []}, "methodName": "generateUser", "methodReferences": {"py/set": ["generatePoint", "generateID", "chooseNetwork"]}, "py/object": "JavaParserVisitor.MethodInfo"}}, "possibleFather": "", "py/object": "JavaParserVisitor.ClassInfo", "span": 79}, "ModifiedTimeSortableFile": {"className": "ModifiedTimeSortableFile", "members": {"py/set": ["serialVersionUID"]}, "methods": {"ModifiedTimeSortableFile": {"memberReferences": {"py/set": []}, "methodName": "ModifiedTimeSortableFile", "methodReferences": {"py/set": []}, "py/object": "JavaParserVisitor.MethodInfo"}, "compareTo": {"memberReferences": {"py/set": []}, "methodName": "compareTo", "methodReferences": {"py/set": []}, "py/object": "JavaParserVisitor.MethodInfo"}}, "possibleFather": "File", "py/object": "JavaParserVisitor.ClassInfo", "span": 25}, "MouseAction": {"className": "MouseAction", "members": {"py/set": []}, "methods": {"mousePressed": {"memberReferences": {"py/set": []}, "methodName": "mousePressed", "methodReferences": {"py/set": []}, "py/object": "JavaParserVisitor.MethodInfo"}}, "possibleFather": "MouseAdapter", "py/object": "JavaParserVisitor.ClassInfo", "span": 8}, "MyActionListener": {"className": "MyActionListener", "members": {"py/set": []}, "methods": {"windowActivated": {"memberReferences": {"py/set": []}, "methodName": "windowActivated", "methodReferences": {"py/set": []}, "py/object": "JavaParserVisitor.MethodInfo"}, "windowClosed": {"memberReferences": {"py/set": []}, "methodName": "windowClosed", "methodReferences": {"py/set": []}, "py/object": "JavaParserVisitor.MethodInfo"}, "windowClosing": {"memberReferences": {"py/set": []}, "methodName": "windowClosing", "methodReferences": {"py/set": []}, "py/object": "JavaParserVisitor.MethodInfo"}, "windowDeactivated": {"memberReferences": {"py/set": []}, "methodName": "windowDeactivated", "methodReferences": {"py/set": []}, "py/object": "JavaParserVisitor.MethodInfo"}, "windowDeiconified": {"memberReferences": {"py/set": []}, "methodName": "windowDeiconified", "methodReferences": {"py/set": []}, "py/object": "JavaParserVisitor.MethodInfo"}, "windowIconified": {"memberReferences": {"py/set": []}, "methodName": "windowIconified", "methodReferences": {"py/set": []}, "py/object": "JavaParserVisitor.MethodInfo"}, "windowOpened": {"memberReferences": {"py/set": []}, "methodName": "windowOpened", "methodReferences": {"py/set": []}, "py/object": "JavaParserVisitor.MethodInfo"}}, "possibleFather": "", "py/object": "JavaParserVisitor.ClassInfo", "span": 25}, "NetworkAdjust": {"className": "NetworkAdjust", "members": {"py/set": ["YLabel", "radiusText", "ensure", "YText", "networkAdjust", "network", "serialVersionUID", "cancel", "XText", "cacheText", "cacheLabel", "frame", "XLabel", "radiusLabel"]}, "methods": {"NetworkAdjust": {"memberReferences": {"py/set": ["YText", "YLabel", "ensure", "radiusText", "network", "cancel", "XText", "cacheText", "cacheLabel", "XLabel", "radiusLabel"]}, "methodName": "NetworkAdjust", "methodReferences": {"py/set": ["initial", "addListener"]}, "py/object": "JavaParserVisitor.MethodInfo"}, "addListener": {"memberReferences": {"py/set": ["cancel", "ensure"]}, "methodName": "addListener", "methodReferences": {"py/set": []}, "py/object": "JavaParserVisitor.MethodInfo"}, "getCacheLabel": {"memberReferences": {"py/set": ["cacheLabel"]}, "methodName": "getCacheLabel", "methodReferences": {"py/set": []}, "py/object": "JavaParserVisitor.MethodInfo"}, "getCacheText": {"memberReferences": {"py/set": ["cacheText"]}, "methodName": "getCacheText", "methodReferences": {"py/set": []}, "py/object": "JavaParserVisitor.MethodInfo"}, "getNetworkAdjust": {"memberReferences": {"py/set": ["networkAdjust"]}, "methodName": "getNetworkAdjust", "methodReferences": {"py/set": []}, "py/object": "JavaParserVisitor.MethodInfo"}, "getRadiusLabel": {"memberReferences": {"py/set": ["radiusLabel"]}, "methodName": "getRadiusLabel", "methodReferences": {"py/set": []}, "py/object": "JavaParserVisitor.MethodInfo"}, "getRadiusText": {"memberReferences": {"py/set": ["radiusText"]}, "methodName": "getRadiusText", "methodReferences": {"py/set": []}, "py/object": "JavaParserVisitor.MethodInfo"}, "getXLabel": {"memberReferences": {"py/set": ["XLabel"]}, "methodName": "getXLabel", "methodReferences": {"py/set": []}, "py/object": "JavaParserVisitor.MethodInfo"}, "getXText": {"memberReferences": {"py/set": ["XText"]}, "methodName": "getXText", "methodReferences": {"py/set": []}, "py/object": "JavaParserVisitor.MethodInfo"}, "getYLabel": {"memberReferences": {"py/set": ["YLabel"]}, "methodName": "getYLabel", "methodReferences": {"py/set": []}, "py/object": "JavaParserVisitor.MethodInfo"}, "getYText": {"memberReferences": {"py/set": ["YText"]}, "methodName": "getYText", "methodReferences": {"py/set": []}, "py/object": "JavaParserVisitor.MethodInfo"}, "initial": {"memberReferences": {"py/set": ["YText", "ensure", "XText", "YLabel", "cancel", "cacheText", "XLabel", "cacheLabel", "radiusText", "radiusLabel"]}, "methodName": "initial", "methodReferences": {"py/set": []}, "py/object": "JavaParserVisitor.MethodInfo"}, "setCacheLabel": {"memberReferences": {"py/set": ["cacheLabel"]}, "methodName": "setCacheLabel", "methodReferences": {"py/set": []}, "py/object": "JavaParserVisitor.MethodInfo"}, "setCacheText": {"memberReferences": {"py/set": ["cacheText"]}, "methodName": "setCacheText", "methodReferences": {"py/set": []}, "py/object": "JavaParserVisitor.MethodInfo"}, "setNetworkAdjust": {"memberReferences": {"py/set": ["networkAdjust"]}, "methodName": "setNetworkAdjust", "methodReferences": {"py/set": []}, "py/object": "JavaParserVisitor.MethodInfo"}, "setRadiusLabel": {"memberReferences": {"py/set": ["radiusLabel"]}, "methodName": "setRadiusLabel", "methodReferences": {"py/set": []}, "py/object": "JavaParserVisitor.MethodInfo"}, "setRadiusText": {"memberReferences": {"py/set": ["radiusText"]}, "methodName": "setRadiusText", "methodReferences": {"py/set": []}, "py/object": "JavaParserVisitor.MethodInfo"}, "setXLabel": {"memberReferences": {"py/set": ["XLabel"]}, "methodName": "setXLabel", "methodReferences": {"py/set": []}, "py/object": "JavaParserVisitor.MethodInfo"}, "setXText": {"memberReferences": {"py/set": ["XText"]}, "methodName": "setXText", "methodReferences": {"py/set": []}, "py/object": "JavaParserVisitor.MethodInfo"}, "setYLabel": {"memberReferences": {"py/set": ["YLabel"]}, "methodName": "setYLabel", "methodReferences": {"py/set": []}, "py/object": "JavaParserVisitor.MethodInfo"}, "setYText": {"memberReferences": {"py/set": ["YText"]}, "methodName": "setYText", "methodReferences": {"py/set": []}, "py/object": "JavaParserVisitor.MethodInfo"}}, "possibleFather": "JFrame", "py/object": "JavaParserVisitor.ClassInfo", "span": 243}, "NumberLineChart": {"className": "NumberLineChart", "members": {"py/set": ["chartTheme", "collection", "chartFrame", "chart"]}, "methods": {"NumberLineChart": {"memberReferences": {"py/set": ["chartTheme", "collection", "chartFrame", "chart"]}, "methodName": "NumberLineChart", "methodReferences": {"py/set": ["initial", "getCollection"]}, "py/object": "JavaParserVisitor.MethodInfo"}, "getCollection": {"memberReferences": {"py/set": []}, "methodName": "getCollection", "methodReferences": {"py/set": []}, "py/object": "JavaParserVisitor.MethodInfo"}, "initial": {"memberReferences": {"py/set": ["chartTheme"]}, "methodName": "initial", "methodReferences": {"py/set": []}, "py/object": "JavaParserVisitor.MethodInfo"}}, "possibleFather": "", "py/object": "JavaParserVisitor.ClassInfo", "span": 149}, "Operator": {"className": "Operator", "members": {"py/set": ["controller", "addBSRandomlyname", "userAmountLabel", "cacheSizeText", "userAmountText", "timeSlices", "knapsackAlgorithm", "running", "addBSName", "network", "Cache", "cacheSizeLabel", "chartType", "jframe", "run", "lfuAlgorithm", "chartTypePanel", "runName", "userWaveIntervalName", "addUserName", "User", "logger", "lruAlgorithm", "BSWaveIntervalName", "greedyAlgorithm", "Radius", "timeSlicesPanel", "addUser", "addBSRandomly", "addBS", "radiusText", "cancelAddBSName", "generateChart", "radiusLabel", "user"]}, "methods": {"Operator": {"memberReferences": {"py/set": ["chartTypePanel", "runName", "addBSRandomlyname", "addUserName", "User", "userAmountLabel", "cacheSizeText", "lruAlgorithm", "userAmountText", "greedyAlgorithm", "Radius", "timeSlicesPanel", "timeSlices", "knapsackAlgorithm", "addBSName", "running", "addUser", "addBSRandomly", "radiusText", "addBS", "network", "Cache", "cacheSizeLabel", "chartType", "run", "generateChart", "lfuAlgorithm", "radiusLabel", "user"]}, "methodName": "Operator", "methodReferences": {"py/set": ["initial", "listenerAdd"]}, "py/object": "JavaParserVisitor.MethodInfo"}, "addBS": {"memberReferences": {"py/set": ["network", "cancelAddBSName", "running", "user"]}, "methodName": "addBS", "methodReferences": {"py/set": []}, "py/object": "JavaParserVisitor.MethodInfo"}, "addBSRandomly": {"memberReferences": {"py/set": ["controller", "network", "logger", "running", "user"]}, "methodName": "addBSRandomly", "methodReferences": {"py/set": []}, "py/object": "JavaParserVisitor.MethodInfo"}, "addUser": {"memberReferences": {"py/set": ["network", "running"]}, "methodName": "addUser", "methodReferences": {"py/set": []}, "py/object": "JavaParserVisitor.MethodInfo"}, "getAddBS": {"memberReferences": {"py/set": ["addBS"]}, "methodName": "getAddBS", "methodReferences": {"py/set": []}, "py/object": "JavaParserVisitor.MethodInfo"}, "getAddBSRandomly": {"memberReferences": {"py/set": ["addBSRandomly"]}, "methodName": "getAddBSRandomly", "methodReferences": {"py/set": []}, "py/object": "JavaParserVisitor.MethodInfo"}, "getAddUser": {"memberReferences": {"py/set": ["addUser"]}, "methodName": "getAddUser", "methodReferences": {"py/set": []}, "py/object": "JavaParserVisitor.MethodInfo"}, "getCacheSizeLabel": {"memberReferences": {"py/set": ["cacheSizeLabel"]}, "methodName": "getCacheSizeLabel", "methodReferences": {"py/set": []}, "py/object": "JavaParserVisitor.MethodInfo"}, "getCacheSizeText": {"memberReferences": {"py/set": ["cacheSizeText"]}, "methodName": "getCacheSizeText", "methodReferences": {"py/set": []}, "py/object": "JavaParserVisitor.MethodInfo"}, "getRadiusLabel": {"memberReferences": {"py/set": ["radiusLabel"]}, "methodName": "getRadiusLabel", "methodReferences": {"py/set": []}, "py/object": "JavaParserVisitor.MethodInfo"}, "getRadiusText": {"memberReferences": {"py/set": ["radiusText"]}, "methodName": "getRadiusText", "methodReferences": {"py/set": []}, "py/object": "JavaParserVisitor.MethodInfo"}, "getTimeSlices": {"memberReferences": {"py/set": ["timeSlices"]}, "methodName": "getTimeSlices", "methodReferences": {"py/set": []}, "py/object": "JavaParserVisitor.MethodInfo"}, "getUserAmountLabel": {"memberReferences": {"py/set": ["userAmountLabel"]}, "methodName": "getUserAmountLabel", "methodReferences": {"py/set": []}, "py/object": "JavaParserVisitor.MethodInfo"}, "getUserAmountText": {"memberReferences": {"py/set": ["userAmountText"]}, "methodName": "getUserAmountText", "methodReferences": {"py/set": []}, "py/object": "JavaParserVisitor.MethodInfo"}, "initial": {"memberReferences": {"py/set": ["addBSRandomlyname", "userAmountLabel", "cacheSizeText", "userAmountText", "timeSlices", "knapsackAlgorithm", "addBSName", "running", "network", "Cache", "cacheSizeLabel", "chartType", "run", "lfuAlgorithm", "chartTypePanel", "runName", "addUserName", "User", "lruAlgorithm", "greedyAlgorithm", "Radius", "timeSlicesPanel", "addUser", "addBSRandomly", "radiusText", "addBS", "generateChart", "radiusLabel", "user"]}, "methodName": "initial", "methodReferences": {"py/set": []}, "py/object": "JavaParserVisitor.MethodInfo"}, "listenerAdd": {"memberReferences": {"py/set": []}, "methodName": "listenerAdd", "methodReferences": {"py/set": []}, "py/object": "JavaParserVisitor.MethodInfo"}, "move": {"memberReferences": {"py/set": []}, "methodName": "move", "methodReferences": {"py/set": []}, "py/object": "JavaParserVisitor.MethodInfo"}, "run": {"memberReferences": {"py/set": []}, "methodName": "run", "methodReferences": {"py/set": ["move"]}, "py/object": "JavaParserVisitor.MethodInfo"}, "setAddBS": {"memberReferences": {"py/set": ["addBS"]}, "methodName": "setAddBS", "methodReferences": {"py/set": []}, "py/object": "JavaParserVisitor.MethodInfo"}, "setAddBSRandomly": {"memberReferences": {"py/set": ["addBSRandomly"]}, "methodName": "setAddBSRandomly", "methodReferences": {"py/set": []}, "py/object": "JavaParserVisitor.MethodInfo"}, "setAddUser": {"memberReferences": {"py/set": ["addUser"]}, "methodName": "setAddUser", "methodReferences": {"py/set": []}, "py/object": "JavaParserVisitor.MethodInfo"}, "setCacheSizeLabel": {"memberReferences": {"py/set": ["cacheSizeLabel"]}, "methodName": "setCacheSizeLabel", "methodReferences": {"py/set": []}, "py/object": "JavaParserVisitor.MethodInfo"}, "setCacheSizeText": {"memberReferences": {"py/set": ["cacheSizeText"]}, "methodName": "setCacheSizeText", "methodReferences": {"py/set": []}, "py/object": "JavaParserVisitor.MethodInfo"}, "setRadiusLabel": {"memberReferences": {"py/set": ["radiusLabel"]}, "methodName": "setRadiusLabel", "methodReferences": {"py/set": []}, "py/object": "JavaParserVisitor.MethodInfo"}, "setRadiusText": {"memberReferences": {"py/set": ["radiusText"]}, "methodName": "setRadiusText", "methodReferences": {"py/set": []}, "py/object": "JavaParserVisitor.MethodInfo"}, "setTimeSlices": {"memberReferences": {"py/set": ["timeSlices"]}, "methodName": "setTimeSlices", "methodReferences": {"py/set": []}, "py/object": "JavaParserVisitor.MethodInfo"}, "setUserAmountLabel": {"memberReferences": {"py/set": ["userAmountLabel"]}, "methodName": "setUserAmountLabel", "methodReferences": {"py/set": []}, "py/object": "JavaParserVisitor.MethodInfo"}, "setUserAmountText": {"memberReferences": {"py/set": ["userAmountText"]}, "methodName": "setUserAmountText", "methodReferences": {"py/set": []}, "py/object": "JavaParserVisitor.MethodInfo"}}, "possibleFather": "JPanel", "py/object": "JavaParserVisitor.ClassInfo", "span": 635}, "PaintThread": {"className": "PaintThread", "members": {"py/set": []}, "methods": {"run": {"memberReferences": {"py/set": []}, "methodName": "run", "methodReferences": {"py/set": []}, "py/object": "JavaParserVisitor.MethodInfo"}}, "possibleFather": "", "py/object": "JavaParserVisitor.ClassInfo", "span": 7}, "Paramater": {"className": "Paramater", "members": {"py/set": ["ensure", "controller", "transmissionPower_Text", "BSWaveIntervalLabel", "serialVersionUID", "exponent", "pathLoss", "transmissionPower", "noisePower_Text", "cancel", "timeSlicesNumber_Text", "ZIPF_CONEFFICIENT", "requestProbability", "ZIPF_SAMPLE_Text", "requestProbability_Text", "exponent_Text", "userMinWaveInterval", "ZIPF_CONEFFICIENT_Text", "userMaxWaveInterval", "noisePower", "rootFrame", "bandWidth_Text", "ZIPF_SAMPLE", "bandWidth", "BSMaxWaveInterval", "BSMinWaveInterval", "timeSlicesNumber", "userWaveIntervalLabel", "pathLoss_Text", "paramater"]}, "methods": {"Paramater": {"memberReferences": {"py/set": ["ensure", "controller", "transmissionPower_Text", "BSWaveIntervalLabel", "exponent", "pathLoss", "transmissionPower", "noisePower_Text", "cancel", "timeSlicesNumber_Text", "ZIPF_CONEFFICIENT", "requestProbability", "ZIPF_SAMPLE_Text", "requestProbability_Text", "exponent_Text", "userMinWaveInterval", "ZIPF_CONEFFICIENT_Text", "noisePower", "userMaxWaveInterval", "rootFrame", "bandWidth_Text", "ZIPF_SAMPLE", "bandWidth", "BSMaxWaveInterval", "BSMinWaveInterval", "timeSlicesNumber", "userWaveIntervalLabel", "pathLoss_Text"]}, "methodName": "Paramater", "methodReferences": {"py/set": ["initial"]}, "py/object": "JavaParserVisitor.MethodInfo"}, "addListener": {"memberReferences": {"py/set": ["cancel", "ensure"]}, "methodName": "addListener", "methodReferences": {"py/set": []}, "py/object": "JavaParserVisitor.MethodInfo"}, "coverParamater": {"memberReferences": {"py/set": ["userMaxWaveInterval", "transmissionPower_Text", "bandWidth_Text", "noisePower_Text", "BSMaxWaveInterval", "BSMinWaveInterval", "timeSlicesNumber_Text", "pathLoss_Text", "ZIPF_SAMPLE_Text", "requestProbability_Text", "exponent_Text", "userMinWaveInterval", "ZIPF_CONEFFICIENT_Text"]}, "methodName": "coverParamater", "methodReferences": {"py/set": []}, "py/object": "JavaParserVisitor.MethodInfo"}, "initial": {"memberReferences": {"py/set": ["ensure", "transmissionPower_Text", "noisePower_Text", "cancel", "timeSlicesNumber_Text", "ZIPF_SAMPLE_Text", "requestProbability_Text", "exponent_Text", "userMinWaveInterval", "ZIPF_CONEFFICIENT_Text", "userMaxWaveInterval", "bandWidth_Text", "BSMaxWaveInterval", "BSMinWaveInterval", "pathLoss_Text"]}, "methodName": "initial", "methodReferences": {"py/set": ["addListener"]}, "py/object": "JavaParserVisitor.MethodInfo"}}, "possibleFather": "JFrame", "py/object": "JavaParserVisitor.ClassInfo", "span": 278}, "Parameter": {"className": "Parameter", "members": {"py/set": ["TRANSMISSION_POWER", "MNO_TO_CLOUD_DELAY", "ZIPF_CONEFFICIENT", "PATH", "UserMaxWaveInterval", "GAUSSIAN_WHITE_NOISE_POWER", "TimeSlicesMaxNumber", "UserMinWaveInterval", "BS_TO_BS_DELAY", "BANDWIDTH", "Radius", "PATH_LOSS", "ZIPF_SAMPLE", "BS_TO_MNO_DELAY", "BSMaxWaveInterval", "BSMinWaveInterval", "USER_TO_BS_DELAY", "RequestProbability", "EXPONENT"]}, "methods": {"setBANDWIDTH": {"memberReferences": {"py/set": ["BANDWIDTH"]}, "methodName": "setBANDWIDTH", "methodReferences": {"py/set": []}, "py/object": "JavaParserVisitor.MethodInfo"}, "setBSMaxWaveInterval": {"memberReferences": {"py/set": ["BSMaxWaveInterval"]}, "methodName": "setBSMaxWaveInterval", "methodReferences": {"py/set": []}, "py/object": "JavaParserVisitor.MethodInfo"}, "setBSMinWaveInterval": {"memberReferences": {"py/set": ["BSMinWaveInterval"]}, "methodName": "setBSMinWaveInterval", "methodReferences": {"py/set": []}, "py/object": "JavaParserVisitor.MethodInfo"}, "setBS_TO_BS_DELAY": {"memberReferences": {"py/set": ["BS_TO_BS_DELAY"]}, "methodName": "setBS_TO_BS_DELAY", "methodReferences": {"py/set": []}, "py/object": "JavaParserVisitor.MethodInfo"}, "setBS_TO_MNO_DELAY": {"memberReferences": {"py/set": ["BS_TO_MNO_DELAY"]}, "methodName": "setBS_TO_MNO_DELAY", "methodReferences": {"py/set": []}, "py/object": "JavaParserVisitor.MethodInfo"}, "setEXPONENT": {"memberReferences": {"py/set": ["EXPONENT"]}, "methodName": "setEXPONENT", "methodReferences": {"py/set": []}, "py/object": "JavaParserVisitor.MethodInfo"}, "setGAUSSIAN_WHITE_NOISE_POWER": {"memberReferences": {"py/set": ["GAUSSIAN_WHITE_NOISE_POWER"]}, "methodName": "setGAUSSIAN_WHITE_NOISE_POWER", "methodReferences": {"py/set": []}, "py/object": "JavaParserVisitor.MethodInfo"}, "setMNO_TO_CLOUD_DELAY": {"memberReferences": {"py/set": ["MNO_TO_CLOUD_DELAY"]}, "methodName": "setMNO_TO_CLOUD_DELAY", "methodReferences": {"py/set": []}, "py/object": "JavaParserVisitor.MethodInfo"}, "setPATH": {"memberReferences": {"py/set": ["PATH"]}, "methodName": "setPATH", "methodReferences": {"py/set": []}, "py/object": "JavaParserVisitor.MethodInfo"}, "setPATH_LOSS": {"memberReferences": {"py/set": ["PATH_LOSS"]}, "methodName": "setPATH_LOSS", "methodReferences": {"py/set": []}, "py/object": "JavaParserVisitor.MethodInfo"}, "setRequestProbability": {"memberReferences": {"py/set": ["RequestProbability"]}, "methodName": "setRequestProbability", "methodReferences": {"py/set": []}, "py/object": "JavaParserVisitor.MethodInfo"}, "setTRANSMISSION_POWER": {"memberReferences": {"py/set": ["TRANSMISSION_POWER"]}, "methodName": "setTRANSMISSION_POWER", "methodReferences": {"py/set": []}, "py/object": "JavaParserVisitor.MethodInfo"}, "setTimeSlicesMaxNumber": {"memberReferences": {"py/set": ["TimeSlicesMaxNumber"]}, "methodName": "setTimeSlicesMaxNumber", "methodReferences": {"py/set": []}, "py/object": "JavaParserVisitor.MethodInfo"}, "setUSER_TO_BS_DELAY": {"memberReferences": {"py/set": ["USER_TO_BS_DELAY"]}, "methodName": "setUSER_TO_BS_DELAY", "methodReferences": {"py/set": []}, "py/object": "JavaParserVisitor.MethodInfo"}, "setUserMaxWaveInterval": {"memberReferences": {"py/set": ["UserMaxWaveInterval"]}, "methodName": "setUserMaxWaveInterval", "methodReferences": {"py/set": []}, "py/object": "JavaParserVisitor.MethodInfo"}, "setUserMinWaveInterval": {"memberReferences": {"py/set": ["UserMinWaveInterval"]}, "methodName": "setUserMinWaveInterval", "methodReferences": {"py/set": []}, "py/object": "JavaParserVisitor.MethodInfo"}, "setZIPF_CONEFFICIENT": {"memberReferences": {"py/set": ["ZIPF_CONEFFICIENT"]}, "methodName": "setZIPF_CONEFFICIENT", "methodReferences": {"py/set": []}, "py/object": "JavaParserVisitor.MethodInfo"}, "setZIPF_SAMPLE": {"memberReferences": {"py/set": ["ZIPF_SAMPLE"]}, "methodName": "setZIPF_SAMPLE", "methodReferences": {"py/set": []}, "py/object": "JavaParserVisitor.MethodInfo"}}, "possibleFather": "", "py/object": "JavaParserVisitor.ClassInfo", "span": 132}, "ParameterFileReader": {"className": "ParameterFileReader", "members": {"py/set": []}, "methods": {"read": {"memberReferences": {"py/set": []}, "methodName": "read", "methodReferences": {"py/set": []}, "py/object": "JavaParserVisitor.MethodInfo"}}, "possibleFather": "", "py/object": "JavaParserVisitor.ClassInfo", "span": 43}, "Pretreatment": {"className": "Pretreatment", "members": {"py/set": []}, "methods": {"process": {"memberReferences": {"py/set": []}, "methodName": "process", "methodReferences": {"py/set": []}, "py/object": "JavaParserVisitor.MethodInfo"}}, "possibleFather": "", "py/object": "JavaParserVisitor.ClassInfo", "span": 18}, "PythonInterpreter": {"className": "PythonInterpreter", "members": {"py/set": ["PY_LATENCY_URL", "PY_HITRATRE_URL", "PY_TRAFFIC_URL", "path"]}, "methods": {"interpreter": {"memberReferences": {"py/set": ["PY_LATENCY_URL", "PY_TRAFFIC_URL", "PY_HITRATRE_URL"]}, "methodName": "interpreter", "methodReferences": {"py/set": []}, "py/object": "JavaParserVisitor.MethodInfo"}}, "possibleFather": "", "py/object": "JavaParserVisitor.ClassInfo", "span": 14}, "RandomBSReader": {"className": "RandomBSReader", "members": {"py/set": []}, "methods": {"parserXML": {"memberReferences": {"py/set": []}, "methodName": "parserXML", "methodReferences": {"py/set": []}, "py/object": "JavaParserVisitor.MethodInfo"}}, "possibleFather": "", "py/object": "JavaParserVisitor.ClassInfo", "span": 60}, "RelationalWirelessNetwork": {"className": "RelationalWirelessNetwork", "members": {"py/set": ["relationalNetworkMap"]}, "methods": {"RelationalWirelessNetwork": {"memberReferences": {"py/set": ["relationalNetworkMap"]}, "methodName": "RelationalWirelessNetwork", "methodReferences": {"py/set": []}, "py/object": "JavaParserVisitor.MethodInfo"}, "addNetwork": {"memberReferences": {"py/set": ["relationalNetworkMap"]}, "methodName": "addNetwork", "methodReferences": {"py/set": []}, "py/object": "JavaParserVisitor.MethodInfo"}, "clear": {"memberReferences": {"py/set": ["relationalNetworkMap"]}, "methodName": "clear", "methodReferences": {"py/set": ["clear"]}, "py/object": "JavaParserVisitor.MethodInfo"}, "getNetworkList": {"memberReferences": {"py/set": ["relationalNetworkMap"]}, "methodName": "getNetworkList", "methodReferences": {"py/set": []}, "py/object": "JavaParserVisitor.MethodInfo"}, "tryToAssociate": {"memberReferences": {"py/set": ["relationalNetworkMap"]}, "methodName": "tryToAssociate", "methodReferences": {"py/set": ["addNetwork"]}, "py/object": "JavaParserVisitor.MethodInfo"}}, "possibleFather": "", "py/object": "JavaParserVisitor.ClassInfo", "span": 33}, "RequestHandler": {"className": "RequestHandler", "members": {"py/set": ["ndMap", "controller", "logger", "wirelessNetworkIterator", "BSs", "stateIterator"]}, "methods": {"RequestHandler": {"memberReferences": {"py/set": ["ndMap", "controller", "BSs"]}, "methodName": "RequestHandler", "methodReferences": {"py/set": []}, "py/object": "JavaParserVisitor.MethodInfo"}, "addLocalHobby": {"memberReferences": {"py/set": []}, "methodName": "addLocalHobby", "methodReferences": {"py/set": []}, "py/object": "JavaParserVisitor.MethodInfo"}, "initResultData": {"memberReferences": {"py/set": []}, "methodName": "initResultData", "methodReferences": {"py/set": []}, "py/object": "JavaParserVisitor.MethodInfo"}, "printResult": {"memberReferences": {"py/set": ["controller"]}, "methodName": "printResult", "methodReferences": {"py/set": []}, "py/object": "JavaParserVisitor.MethodInfo"}, "processRequest": {"memberReferences": {"py/set": ["controller", "logger"]}, "methodName": "processRequest", "methodReferences": {"py/set": ["printResult", "initResultData", "addLocalHobby"]}, "py/object": "JavaParserVisitor.MethodInfo"}}, "possibleFather": "", "py/object": "JavaParserVisitor.ClassInfo", "span": 143}, "ResultDateWiriter": {"className": "ResultDateWiriter", "members": {"py/set": []}, "methods": {"write": {"memberReferences": {"py/set": []}, "methodName": "write", "methodReferences": {"py/set": ["write"]}, "py/object": "JavaParserVisitor.MethodInfo"}}, "possibleFather": "", "py/object": "JavaParserVisitor.ClassInfo", "span": 41}, "RollingCalendar": {"className": "RollingCalendar", "members": {"py/set": ["serialVersionUID", "type"]}, "methods": {"RollingCalendar": {"memberReferences": {"py/set": []}, "methodName": "RollingCalendar", "methodReferences": {"py/set": []}, "py/object": "JavaParserVisitor.MethodInfo"}, "getNextCheckDate": {"memberReferences": {"py/set": ["type"]}, "methodName": "getNextCheckDate", "methodReferences": {"py/set": []}, "py/object": "JavaParserVisitor.MethodInfo"}, "getNextCheckMillis": {"memberReferences": {"py/set": ["type"]}, "methodName": "getNextCheckMillis", "methodReferences": {"py/set": ["getNextCheckDate"]}, "py/object": "JavaParserVisitor.MethodInfo"}}, "possibleFather": "GregorianCalendar", "py/object": "JavaParserVisitor.ClassInfo", "span": 74}, "SameTypeMobilityModel": {"className": "SameTypeMobilityModel", "members": {"py/set": ["mobilityModelList", "type"]}, "methods": {"SameTypeMobilityModel": {"memberReferences": {"py/set": ["mobilityModelList", "type"]}, "methodName": "SameTypeMobilityModel", "methodReferences": {"py/set": []}, "py/object": "JavaParserVisitor.MethodInfo"}, "clearMobilityModel": {"memberReferences": {"py/set": ["mobilityModelList"]}, "methodName": "clearMobilityModel", "methodReferences": {"py/set": []}, "py/object": "JavaParserVisitor.MethodInfo"}, "getMobilityModelList": {"memberReferences": {"py/set": ["mobilityModelList"]}, "methodName": "getMobilityModelList", "methodReferences": {"py/set": []}, "py/object": "JavaParserVisitor.MethodInfo"}, "setUsers": {"memberReferences": {"py/set": ["mobilityModelList"]}, "methodName": "setUsers", "methodReferences": {"py/set": []}, "py/object": "JavaParserVisitor.MethodInfo"}}, "possibleFather": "", "py/object": "JavaParserVisitor.ClassInfo", "span": 30}, "SameTypeWirelessNetwork": {"className": "SameTypeWirelessNetwork", "members": {"py/set": ["color", "networks", "logger", "type"]}, "methods": {"SameTypeWirelessNetwork": {"memberReferences": {"py/set": ["color", "networks", "type"]}, "methodName": "SameTypeWirelessNetwork", "methodReferences": {"py/set": []}, "py/object": "JavaParserVisitor.MethodInfo"}, "addWirelessNetwork": {"memberReferences": {"py/set": ["networks"]}, "methodName": "addWirelessNetwork", "methodReferences": {"py/set": []}, "py/object": "JavaParserVisitor.MethodInfo"}, "clear": {"memberReferences": {"py/set": ["networks"]}, "methodName": "clear", "methodReferences": {"py/set": ["clear"]}, "py/object": "JavaParserVisitor.MethodInfo"}, "clearAllCache": {"memberReferences": {"py/set": ["networks"]}, "methodName": "clearAllCache", "methodReferences": {"py/set": []}, "py/object": "JavaParserVisitor.MethodInfo"}, "containsNetwork": {"memberReferences": {"py/set": ["networks"]}, "methodName": "containsNetwork", "methodReferences": {"py/set": []}, "py/object": "JavaParserVisitor.MethodInfo"}, "deleteWirelessNetwork": {"memberReferences": {"py/set": ["networks"]}, "methodName": "deleteWirelessNetwork", "methodReferences": {"py/set": []}, "py/object": "JavaParserVisitor.MethodInfo"}, "getAmount": {"memberReferences": {"py/set": ["networks"]}, "methodName": "getAmount", "methodReferences": {"py/set": []}, "py/object": "JavaParserVisitor.MethodInfo"}, "getIterator": {"memberReferences": {"py/set": ["networks"]}, "methodName": "getIterator", "methodReferences": {"py/set": []}, "py/object": "JavaParserVisitor.MethodInfo"}, "getNetwork": {"memberReferences": {"py/set": ["networks"]}, "methodName": "getNetwork", "methodReferences": {"py/set": []}, "py/object": "JavaParserVisitor.MethodInfo"}, "getWNetworkIterator": {"memberReferences": {"py/set": ["networks"]}, "methodName": "getWNetworkIterator", "methodReferences": {"py/set": []}, "py/object": "JavaParserVisitor.MethodInfo"}, "isNull": {"memberReferences": {"py/set": ["networks"]}, "methodName": "isNull", "methodReferences": {"py/set": []}, "py/object": "JavaParserVisitor.MethodInfo"}, "removeNetwork": {"memberReferences": {"py/set": ["networks"]}, "methodName": "removeNetwork", "methodReferences": {"py/set": ["resetNetowk"]}, "py/object": "JavaParserVisitor.MethodInfo"}, "resetNetowk": {"memberReferences": {"py/set": ["networks"]}, "methodName": "resetNetowk", "methodReferences": {"py/set": ["addWirelessNetwork", "clear"]}, "py/object": "JavaParserVisitor.MethodInfo"}, "setAmount": {"memberReferences": {"py/set": []}, "methodName": "setAmount", "methodReferences": {"py/set": []}, "py/object": "JavaParserVisitor.MethodInfo"}}, "possibleFather": "", "py/object": "JavaParserVisitor.ClassInfo", "span": 173}, "Signal": {"className": "Signal", "members": {"py/set": ["Button_BS_Click", "BSFileNumber", "SAVE"]}, "methods": {}, "possibleFather": "", "py/object": "JavaParserVisitor.ClassInfo", "span": 12}, "SimpleMobilityModel": {"className": "SimpleMobilityModel", "members": {"py/set": []}, "methods": {"SimpleMobilityModel": {"memberReferences": {"py/set": []}, "methodName": "SimpleMobilityModel", "methodReferences": {"py/set": []}, "py/object": "JavaParserVisitor.MethodInfo"}, "generateState": {"memberReferences": {"py/set": []}, "methodName": "generateState", "methodReferences": {"py/set": []}, "py/object": "JavaParserVisitor.MethodInfo"}, "move": {"memberReferences": {"py/set": []}, "methodName": "move", "methodReferences": {"py/set": []}, "py/object": "JavaParserVisitor.MethodInfo"}}, "possibleFather": "MobilityModel", "py/object": "JavaParserVisitor.ClassInfo", "span": 43}, "SingleContent": {"className": "SingleContent", "members": {"py/set": ["size", "timeSlotNumber", "popularity", "requestAmount", "name"]}, "methods": {"SingleContent": {"memberReferences": {"py/set": ["name"]}, "methodName": "SingleContent", "methodReferences": {"py/set": []}, "py/object": "JavaParserVisitor.MethodInfo"}, "addRequestAmount": {"memberReferences": {"py/set": ["requestAmount"]}, "methodName": "addRequestAmount", "methodReferences": {"py/set": []}, "py/object": "JavaParserVisitor.MethodInfo"}, "getRequestAmount": {"memberReferences": {"py/set": ["requestAmount"]}, "methodName": "getRequestAmount", "methodReferences": {"py/set": []}, "py/object": "JavaParserVisitor.MethodInfo"}, "getTimeSlotNumber": {"memberReferences": {"py/set": ["timeSlotNumber"]}, "methodName": "getTimeSlotNumber", "methodReferences": {"py/set": []}, "py/object": "JavaParserVisitor.MethodInfo"}, "setSize": {"memberReferences": {"py/set": ["size", "timeSlotNumber"]}, "methodName": "setSize", "methodReferences": {"py/set": []}, "py/object": "JavaParserVisitor.MethodInfo"}}, "possibleFather": "", "py/object": "JavaParserVisitor.ClassInfo", "span": 69}, "SingleLocalHobby": {"className": "SingleLocalHobby", "members": {"py/set": ["singleContent", "localHobbyValue"]}, "methods": {"SingleLocalHobby": {"memberReferences": {"py/set": ["singleContent", "localHobbyValue"]}, "methodName": "SingleLocalHobby", "methodReferences": {"py/set": []}, "py/object": "JavaParserVisitor.MethodInfo"}, "addLocalHobbyValue": {"memberReferences": {"py/set": ["localHobbyValue"]}, "methodName": "addLocalHobbyValue", "methodReferences": {"py/set": []}, "py/object": "JavaParserVisitor.MethodInfo"}, "addRequestedAmount": {"memberReferences": {"py/set": ["singleContent"]}, "methodName": "addRequestedAmount", "methodReferences": {"py/set": []}, "py/object": "JavaParserVisitor.MethodInfo"}, "equals": {"memberReferences": {"py/set": ["singleContent"]}, "methodName": "equals", "methodReferences": {"py/set": []}, "py/object": "JavaParserVisitor.MethodInfo"}, "getLocalHobbyValue": {"memberReferences": {"py/set": ["localHobbyValue"]}, "methodName": "getLocalHobbyValue", "methodReferences": {"py/set": []}, "py/object": "JavaParserVisitor.MethodInfo"}, "getName": {"memberReferences": {"py/set": ["singleContent"]}, "methodName": "getName", "methodReferences": {"py/set": ["getName"]}, "py/object": "JavaParserVisitor.MethodInfo"}, "getSingleContent": {"memberReferences": {"py/set": ["singleContent"]}, "methodName": "getSingleContent", "methodReferences": {"py/set": []}, "py/object": "JavaParserVisitor.MethodInfo"}, "getSize": {"memberReferences": {"py/set": ["singleContent"]}, "methodName": "getSize", "methodReferences": {"py/set": ["getSize"]}, "py/object": "JavaParserVisitor.MethodInfo"}, "getTimeSlotNumber": {"memberReferences": {"py/set": ["singleContent"]}, "methodName": "getTimeSlotNumber", "methodReferences": {"py/set": ["getTimeSlotNumber"]}, "py/object": "JavaParserVisitor.MethodInfo"}, "setLocalHobbyValue": {"memberReferences": {"py/set": ["localHobbyValue"]}, "methodName": "setLocalHobbyValue", "methodReferences": {"py/set": []}, "py/object": "JavaParserVisitor.MethodInfo"}, "setSingleContent": {"memberReferences": {"py/set": ["singleContent"]}, "methodName": "setSingleContent", "methodReferences": {"py/set": []}, "py/object": "JavaParserVisitor.MethodInfo"}}, "possibleFather": "", "py/object": "JavaParserVisitor.ClassInfo", "span": 68}, "State": {"className": "State", "members": {"py/set": ["request", "requestSingleContent", "remainingTimeSlotNumber", "latency", "user"]}, "methods": {"State": {"memberReferences": {"py/set": ["request", "requestSingleContent", "remainingTimeSlotNumber", "latency", "user"]}, "methodName": "State", "methodReferences": {"py/set": []}, "py/object": "JavaParserVisitor.MethodInfo"}, "clone": {"memberReferences": {"py/set": []}, "methodName": "clone", "methodReferences": {"py/set": []}, "py/object": "JavaParserVisitor.MethodInfo"}, "cutTimeSlotNumber": {"memberReferences": {"py/set": ["remainingTimeSlotNumber"]}, "methodName": "cutTimeSlotNumber", "methodReferences": {"py/set": []}, "py/object": "JavaParserVisitor.MethodInfo"}, "getNetwork": {"memberReferences": {"py/set": ["user"]}, "methodName": "getNetwork", "methodReferences": {"py/set": []}, "py/object": "JavaParserVisitor.MethodInfo"}, "getRemainingTimeSlotNumber": {"memberReferences": {"py/set": ["remainingTimeSlotNumber"]}, "methodName": "getRemainingTimeSlotNumber", "methodReferences": {"py/set": []}, "py/object": "JavaParserVisitor.MethodInfo"}, "getRequestSingleContent": {"memberReferences": {"py/set": ["requestSingleContent"]}, "methodName": "getRequestSingleContent", "methodReferences": {"py/set": []}, "py/object": "JavaParserVisitor.MethodInfo"}, "setRemainingTimeSlotNumber": {"memberReferences": {"py/set": ["remainingTimeSlotNumber"]}, "methodName": "setRemainingTimeSlotNumber", "methodReferences": {"py/set": []}, "py/object": "JavaParserVisitor.MethodInfo"}, "setRequestSingleContent": {"memberReferences": {"py/set": ["requestSingleContent"]}, "methodName": "setRequestSingleContent", "methodReferences": {"py/set": []}, "py/object": "JavaParserVisitor.MethodInfo"}}, "possibleFather": "", "py/object": "JavaParserVisitor.ClassInfo", "span": 87}, "StateFileReader": {"className": "StateFileReader", "members": {"py/set": []}, "methods": {"XMLDocunmentContent": {"memberReferences": {"py/set": []}, "methodName": "XMLDocunmentContent", "methodReferences": {"py/set": []}, "py/object": "JavaParserVisitor.MethodInfo"}, "getFilePath": {"memberReferences": {"py/set": []}, "methodName": "getFilePath", "methodReferences": {"py/set": []}, "py/object": "JavaParserVisitor.MethodInfo"}, "traverseFolderToGetMax": {"memberReferences": {"py/set": []}, "methodName": "traverseFolderToGetMax", "methodReferences": {"py/set": ["getFilePath"]}, "py/object": "JavaParserVisitor.MethodInfo"}}, "possibleFather": "", "py/object": "JavaParserVisitor.ClassInfo", "span": 200}, "StateQueue": {"className": "StateQueue", "members": {"py/set": ["logger", "stateQueueMap"]}, "methods": {"StateQueue": {"memberReferences": {"py/set": ["stateQueueMap"]}, "methodName": "StateQueue", "methodReferences": {"py/set": []}, "py/object": "JavaParserVisitor.MethodInfo"}, "assignStateToNetwork": {"memberReferences": {"py/set": []}, "methodName": "assignStateToNetwork", "methodReferences": {"py/set": ["getStateList"]}, "py/object": "JavaParserVisitor.MethodInfo"}, "generateStateQueue": {"memberReferences": {"py/set": ["logger", "stateQueueMap"]}, "methodName": "generateStateQueue", "methodReferences": {"py/set": []}, "py/object": "JavaParserVisitor.MethodInfo"}, "getStateList": {"memberReferences": {"py/set": []}, "methodName": "getStateList", "methodReferences": {"py/set": []}, "py/object": "JavaParserVisitor.MethodInfo"}, "getStateListIterator": {"memberReferences": {"py/set": []}, "methodName": "getStateListIterator", "methodReferences": {"py/set": []}, "py/object": "JavaParserVisitor.MethodInfo"}}, "possibleFather": "", "py/object": "JavaParserVisitor.ClassInfo", "span": 56}, "StringHandler": {"className": "StringHandler", "members": {"py/set": []}, "methods": {"array": {"memberReferences": {"py/set": []}, "methodName": "array", "methodReferences": {"py/set": []}, "py/object": "JavaParserVisitor.MethodInfo"}, "readBS": {"memberReferences": {"py/set": []}, "methodName": "readBS", "methodReferences": {"py/set": []}, "py/object": "JavaParserVisitor.MethodInfo"}}, "possibleFather": "", "py/object": "JavaParserVisitor.ClassInfo", "span": 30}, "TimeLineChart": {"className": "TimeLineChart", "members": {"py/set": ["YAIS_MIN_VALUE", "XAIS_SPACE", "YAIS_SPACE", "YAIS_MAX_VALUE"]}, "methods": {"TimeLineChart": {"memberReferences": {"py/set": []}, "methodName": "TimeLineChart", "methodReferences": {"py/set": []}, "py/object": "JavaParserVisitor.MethodInfo"}, "draw": {"memberReferences": {"py/set": ["YAIS_MIN_VALUE", "XAIS_SPACE", "YAIS_MAX_VALUE", "YAIS_SPACE"]}, "methodName": "draw", "methodReferences": {"py/set": []}, "py/object": "JavaParserVisitor.MethodInfo"}}, "possibleFather": "BaseLineChart", "py/object": "JavaParserVisitor.ClassInfo", "span": 82}, "ToolKit": {"className": "ToolKit", "members": {"py/set": []}, "methods": {"getPossionProbability": {"memberReferences": {"py/set": []}, "methodName": "getPossionProbability", "methodReferences": {"py/set": []}, "py/object": "JavaParserVisitor.MethodInfo"}, "getPossionVariable": {"memberReferences": {"py/set": []}, "methodName": "getPossionVariable", "methodReferences": {"py/set": ["getPossionProbability"]}, "py/object": "JavaParserVisitor.MethodInfo"}, "pointRand": {"memberReferences": {"py/set": []}, "methodName": "pointRand", "methodReferences": {"py/set": []}, "py/object": "JavaParserVisitor.MethodInfo"}, "printCache": {"memberReferences": {"py/set": []}, "methodName": "printCache", "methodReferences": {"py/set": []}, "py/object": "JavaParserVisitor.MethodInfo"}}, "possibleFather": "", "py/object": "JavaParserVisitor.ClassInfo", "span": 43}, "TrafficLoadLineChart": {"className": "TrafficLoadLineChart", "members": {"py/set": ["chartTheme", "collection", "chartFrame", "chart"]}, "methods": {"TrafficLoadLineChart": {"memberReferences": {"py/set": ["chartTheme", "collection", "chartFrame", "chart"]}, "methodName": "TrafficLoadLineChart", "methodReferences": {"py/set": ["initial", "getCollection"]}, "py/object": "JavaParserVisitor.MethodInfo"}, "getCollection": {"memberReferences": {"py/set": []}, "methodName": "getCollection", "methodReferences": {"py/set": []}, "py/object": "JavaParserVisitor.MethodInfo"}, "initial": {"memberReferences": {"py/set": ["chartTheme"]}, "methodName": "initial", "methodReferences": {"py/set": []}, "py/object": "JavaParserVisitor.MethodInfo"}}, "possibleFather": "", "py/object": "JavaParserVisitor.ClassInfo", "span": 175}, "Users": {"className": "Users", "members": {"py/set": ["simpleUsers"]}, "methods": {"Users": {"memberReferences": {"py/set": ["simpleUsers"]}, "methodName": "Users", "methodReferences": {"py/set": []}, "py/object": "JavaParserVisitor.MethodInfo"}, "generateStateList": {"memberReferences": {"py/set": ["simpleUsers"]}, "methodName": "generateStateList", "methodReferences": {"py/set": []}, "py/object": "JavaParserVisitor.MethodInfo"}, "getSimpleUsers": {"memberReferences": {"py/set": []}, "methodName": "getSimpleUsers", "methodReferences": {"py/set": []}, "py/object": "JavaParserVisitor.MethodInfo"}, "getSimpleUsersAmount": {"memberReferences": {"py/set": []}, "methodName": "getSimpleUsersAmount", "methodReferences": {"py/set": []}, "py/object": "JavaParserVisitor.MethodInfo"}, "getSimpleUsersType": {"memberReferences": {"py/set": []}, "methodName": "getSimpleUsersType", "methodReferences": {"py/set": []}, "py/object": "JavaParserVisitor.MethodInfo"}, "setSimpleUsers": {"memberReferences": {"py/set": ["simpleUsers"]}, "methodName": "setSimpleUsers", "methodReferences": {"py/set": []}, "py/object": "JavaParserVisitor.MethodInfo"}}, "possibleFather": "", "py/object": "JavaParserVisitor.ClassInfo", "span": 33}, "ViewContent": {"className": "ViewContent", "members": {"py/set": ["delete", "jTable", "reset", "mediaList", "content", "rootFrame", "save", "controller", "serialVersionUID", "jTableModel", "logger", "sumOfSize", "tableColumn", "jScrollPane", "columnNames", "add"]}, "methods": {"ViewContent": {"memberReferences": {"py/set": ["mediaList", "reset", "rootFrame", "controller", "jTableModel", "sumOfSize", "jScrollPane", "add", "delete", "jTable", "save", "tableColumn", "columnNames"]}, "methodName": "ViewContent", "methodReferences": {"py/set": ["initial", "addListener", "tableUpdate"]}, "py/object": "JavaParserVisitor.MethodInfo"}, "addListener": {"memberReferences": {"py/set": []}, "methodName": "addListener", "methodReferences": {"py/set": []}, "py/object": "JavaParserVisitor.MethodInfo"}, "deleteButtonClicked": {"memberReferences": {"py/set": ["logger"]}, "methodName": "deleteButtonClicked", "methodReferences": {"py/set": []}, "py/object": "JavaParserVisitor.MethodInfo"}, "initial": {"memberReferences": {"py/set": ["mediaList", "sumOfSize", "tableColumn", "reset", "jTableModel", "jScrollPane", "add", "delete", "jTable", "save", "columnNames"]}, "methodName": "initial", "methodReferences": {"py/set": []}, "py/object": "JavaParserVisitor.MethodInfo"}, "saveButtonClicked": {"memberReferences": {"py/set": ["tableColumn"]}, "methodName": "saveButtonClicked", "methodReferences": {"py/set": []}, "py/object": "JavaParserVisitor.MethodInfo"}, "tableUpdate": {"memberReferences": {"py/set": []}, "methodName": "tableUpdate", "methodReferences": {"py/set": []}, "py/object": "JavaParserVisitor.MethodInfo"}}, "possibleFather": "JFrame", "py/object": "JavaParserVisitor.ClassInfo", "span": 182}, "ViewNetwork": {"className": "ViewNetwork", "members": {"py/set": ["delete", "jTable", "rootFrame", "controller", "serialVersionUID", "jTableModel", "logger", "tableColumn", "jScrollPane", "columnNames", "add", "BSs", "viewNetwork"]}, "methods": {"ViewNetwork": {"memberReferences": {"py/set": ["delete", "jTable", "rootFrame", "controller", "jTableModel", "tableColumn", "jScrollPane", "columnNames", "add", "BSs"]}, "methodName": "ViewNetwork", "methodReferences": {"py/set": ["initial", "addListener", "tableUpdate"]}, "py/object": "JavaParserVisitor.MethodInfo"}, "addListener": {"memberReferences": {"py/set": []}, "methodName": "addListener", "methodReferences": {"py/set": []}, "py/object": "JavaParserVisitor.MethodInfo"}, "deleteButtonClicked": {"memberReferences": {"py/set": ["logger"]}, "methodName": "deleteButtonClicked", "methodReferences": {"py/set": []}, "py/object": "JavaParserVisitor.MethodInfo"}, "getColumnNames": {"memberReferences": {"py/set": ["columnNames"]}, "methodName": "getColumnNames", "methodReferences": {"py/set": []}, "py/object": "JavaParserVisitor.MethodInfo"}, "getRootFrame": {"memberReferences": {"py/set": ["rootFrame"]}, "methodName": "getRootFrame", "methodReferences": {"py/set": []}, "py/object": "JavaParserVisitor.MethodInfo"}, "getTableColumn": {"memberReferences": {"py/set": ["tableColumn"]}, "methodName": "getTableColumn", "methodReferences": {"py/set": []}, "py/object": "JavaParserVisitor.MethodInfo"}, "getViewNetwork": {"memberReferences": {"py/set": ["viewNetwork"]}, "methodName": "getViewNetwork", "methodReferences": {"py/set": []}, "py/object": "JavaParserVisitor.MethodInfo"}, "initial": {"memberReferences": {"py/set": ["delete", "jTable", "jTableModel", "tableColumn", "jScrollPane", "columnNames", "add"]}, "methodName": "initial", "methodReferences": {"py/set": []}, "py/object": "JavaParserVisitor.MethodInfo"}, "setColumnNames": {"memberReferences": {"py/set": ["columnNames"]}, "methodName": "setColumnNames", "methodReferences": {"py/set": []}, "py/object": "JavaParserVisitor.MethodInfo"}, "setRootFrame": {"memberReferences": {"py/set": ["rootFrame"]}, "methodName": "setRootFrame", "methodReferences": {"py/set": []}, "py/object": "JavaParserVisitor.MethodInfo"}, "setTableColumn": {"memberReferences": {"py/set": ["tableColumn"]}, "methodName": "setTableColumn", "methodReferences": {"py/set": []}, "py/object": "JavaParserVisitor.MethodInfo"}, "setViewNetwork": {"memberReferences": {"py/set": ["viewNetwork"]}, "methodName": "setViewNetwork", "methodReferences": {"py/set": []}, "py/object": "JavaParserVisitor.MethodInfo"}, "tableUpdate": {"memberReferences": {"py/set": []}, "methodName": "tableUpdate", "methodReferences": {"py/set": []}, "py/object": "JavaParserVisitor.MethodInfo"}}, "possibleFather": "JFrame", "py/object": "JavaParserVisitor.ClassInfo", "span": 226}, "WirelessAccessPoint": {"className": "WirelessAccessPoint", "members": {"py/set": []}, "methods": {"countUserOfNetwork": {"memberReferences": {"py/set": []}, "methodName": "countUserOfNetwork", "methodReferences": {"py/set": []}, "py/object": "JavaParserVisitor.MethodInfo"}}, "possibleFather": "WirelessNetwork", "py/object": "JavaParserVisitor.ClassInfo", "span": 5}, "WirelessNetwork": {"className": "WirelessNetwork", "members": {"py/set": ["location", "radius", "content", "userOfNetwork", "number", "relationalWirelessNetwork", "statesQueue", "type"]}, "methods": {"addHobbyByRequestContent": {"memberReferences": {"py/set": ["content"]}, "methodName": "addHobbyByRequestContent", "methodReferences": {"py/set": []}, "py/object": "JavaParserVisitor.MethodInfo"}, "clearCache": {"memberReferences": {"py/set": []}, "methodName": "clearCache", "methodReferences": {"py/set": []}, "py/object": "JavaParserVisitor.MethodInfo"}, "countUserOfNetwork": {"memberReferences": {"py/set": []}, "methodName": "countUserOfNetwork", "methodReferences": {"py/set": []}, "py/object": "JavaParserVisitor.MethodInfo"}, "fluctuatePopularity": {"memberReferences": {"py/set": ["content"]}, "methodName": "fluctuatePopularity", "methodReferences": {"py/set": ["fluctuatePopularity"]}, "py/object": "JavaParserVisitor.MethodInfo"}, "getCanBeCachedContent": {"memberReferences": {"py/set": ["content"]}, "methodName": "getCanBeCachedContent", "methodReferences": {"py/set": []}, "py/object": "JavaParserVisitor.MethodInfo"}, "getRelationalWirelessNetwork": {"memberReferences": {"py/set": ["relationalWirelessNetwork"]}, "methodName": "getRelationalWirelessNetwork", "methodReferences": {"py/set": []}, "py/object": "JavaParserVisitor.MethodInfo"}, "getStatesQueue": {"memberReferences": {"py/set": ["statesQueue"]}, "methodName": "getStatesQueue", "methodReferences": {"py/set": []}, "py/object": "JavaParserVisitor.MethodInfo"}, "getUserOfNetwork": {"memberReferences": {"py/set": ["userOfNetwork"]}, "methodName": "getUserOfNetwork", "methodReferences": {"py/set": []}, "py/object": "JavaParserVisitor.MethodInfo"}, "query": {"memberReferences": {"py/set": []}, "methodName": "query", "methodReferences": {"py/set": []}, "py/object": "JavaParserVisitor.MethodInfo"}, "setRelationalWirelessNetwork": {"memberReferences": {"py/set": ["relationalWirelessNetwork"]}, "methodName": "setRelationalWirelessNetwork", "methodReferences": {"py/set": []}, "py/object": "JavaParserVisitor.MethodInfo"}, "setStatesQueue": {"memberReferences": {"py/set": ["statesQueue"]}, "methodName": "setStatesQueue", "methodReferences": {"py/set": []}, "py/object": "JavaParserVisitor.MethodInfo"}, "setUserOfNetwork": {"memberReferences": {"py/set": ["userOfNetwork"]}, "methodName": "setUserOfNetwork", "methodReferences": {"py/set": []}, "py/object": "JavaParserVisitor.MethodInfo"}}, "possibleFather": "Cache", "py/object": "JavaParserVisitor.ClassInfo", "span": 129}, "WirelessNetworkGroup": {"className": "WirelessNetworkGroup", "members": {"py/set": ["BS"]}, "methods": {"WirelessNetworkGroup": {"memberReferences": {"py/set": ["BS"]}, "methodName": "WirelessNetworkGroup", "methodReferences": {"py/set": []}, "py/object": "JavaParserVisitor.MethodInfo"}, "clearAllCache": {"memberReferences": {"py/set": []}, "methodName": "clearAllCache", "methodReferences": {"py/set": []}, "py/object": "JavaParserVisitor.MethodInfo"}, "getBSAmount": {"memberReferences": {"py/set": []}, "methodName": "getBSAmount", "methodReferences": {"py/set": []}, "py/object": "JavaParserVisitor.MethodInfo"}}, "possibleFather": "", "py/object": "JavaParserVisitor.ClassInfo", "span": 12}, "mydata": {"className": "mydata", "members": {"py/set": ["hitrate", "hitamount"]}, "methods": {"mydata": {"memberReferences": {"py/set": ["hitrate", "hitamount"]}, "methodName": "mydata", "methodReferences": {"py/set": []}, "py/object": "JavaParserVisitor.MethodInfo"}}, "possibleFather": "", "py/object": "JavaParserVisitor.ClassInfo", "span": 6}}