{"SCOM": {"py/object": "Statistics.InterestingStatistics", "classValues": [{"py/tuple": [0.0, 26]}, {"py/tuple": [0.16111111111111112, 155]}, {"py/tuple": [0.17333333333333334, 195]}, {"py/tuple": [0.0, 74]}, {"py/tuple": [0.0, 50]}, {"py/tuple": [1, 13]}, {"py/tuple": [0.06153846153846156, 140]}, {"py/tuple": [1.0, 38]}, {"py/tuple": [1, 53]}, {"py/tuple": [1, 33]}, {"py/tuple": [0.6, 20]}, {"py/tuple": [1, 37]}, {"py/tuple": [0.01818181818181818, 106]}, {"py/tuple": [0.0, 107]}, {"py/tuple": [0.06666666666666667, 194]}, {"py/tuple": [0.18112373737373735, 300]}, {"py/tuple": [0.16071428571428573, 62]}, {"py/tuple": [1, 25]}, {"py/tuple": [0.1875, 163]}, {"py/tuple": [0.0, 40]}, {"py/tuple": [0.0, 24]}, {"py/tuple": [1, 3]}, {"py/tuple": [0.0, 41]}, {"py/tuple": [0.0, 100]}, {"py/tuple": [0.0, 19]}, {"py/tuple": [0.0, 36]}, {"py/tuple": [0.8181818181818182, 77]}, {"py/tuple": [1, 6]}, {"py/tuple": [1.0, 12]}, {"py/tuple": [0.5, 36]}, {"py/tuple": [0.43452380952380953, 239]}, {"py/tuple": [0.22789115646258498, 198]}, {"py/tuple": [1, 0]}, {"py/tuple": [0.1103896103896104, 168]}, {"py/tuple": [0.0, 79]}, {"py/tuple": [0.0, 25]}, {"py/tuple": [1, 8]}, {"py/tuple": [0.0, 25]}, {"py/tuple": [0.12823129251700693, 243]}, {"py/tuple": [0.3333333333333333, 149]}, {"py/tuple": [0.10224489795918372, 635]}, {"py/tuple": [1, 7]}, {"py/tuple": [0.6333333333333333, 278]}, {"py/tuple": [0.0, 132]}, {"py/tuple": [1, 43]}, {"py/tuple": [1, 18]}, {"py/tuple": [1, 14]}, {"py/tuple": [1, 60]}, {"py/tuple": [1.0, 33]}, {"py/tuple": [0.11666666666666665, 143]}, {"py/tuple": [1, 41]}, {"py/tuple": [0.16666666666666666, 74]}, {"py/tuple": [0.75, 30]}, {"py/tuple": [0.2802197802197802, 173]}, {"py/tuple": [1, 12]}, {"py/tuple": [0.0, 43]}, {"py/tuple": [0.06000000000000001, 69]}, {"py/tuple": [0.4, 68]}, {"py/tuple": [0.24285714285714288, 87]}, {"py/tuple": [0.0, 200]}, {"py/tuple": [0.1, 56]}, {"py/tuple": [0.0, 30]}, {"py/tuple": [0.0, 82]}, {"py/tuple": [0.0, 43]}, {"py/tuple": [0.3333333333333333, 175]}, {"py/tuple": [0.2, 33]}, {"py/tuple": [0.15416666666666667, 182]}, {"py/tuple": [0.10059171597633135, 226]}, {"py/tuple": [1, 5]}, {"py/tuple": [0.011363636363636364, 129]}, {"py/tuple": [0.0, 12]}, {"py/tuple": [1, 6]}]}, "LSCC": {"py/object": "Statistics.InterestingStatistics", "classValues": [{"py/tuple": [0, 26]}, {"py/tuple": [0.07222222222222222, 155]}, {"py/tuple": [0.07555555555555556, 195]}, {"py/tuple": [0.0, 74]}, {"py/tuple": [0, 50]}, {"py/tuple": [1, 13]}, {"py/tuple": [0.04835164835164835, 140]}, {"py/tuple": [1.0, 38]}, {"py/tuple": [1, 53]}, {"py/tuple": [1, 33]}, {"py/tuple": [0.6, 20]}, {"py/tuple": [1, 37]}, {"py/tuple": [0.01818181818181818, 106]}, {"py/tuple": [0, 107]}, {"py/tuple": [0.01597222222222222, 194]}, {"py/tuple": [0.061553030303030304, 300]}, {"py/tuple": [0.07142857142857142, 62]}, {"py/tuple": [1, 25]}, {"py/tuple": [0.0875, 163]}, {"py/tuple": [0, 40]}, {"py/tuple": [0.0, 24]}, {"py/tuple": [1, 3]}, {"py/tuple": [0.0, 41]}, {"py/tuple": [0.0, 100]}, {"py/tuple": [0.0, 19]}, {"py/tuple": [0, 36]}, {"py/tuple": [0.8181818181818182, 77]}, {"py/tuple": [1, 6]}, {"py/tuple": [1.0, 12]}, {"py/tuple": [0.5, 36]}, {"py/tuple": [0.13690476190476192, 239]}, {"py/tuple": [0.045787545787545784, 198]}, {"py/tuple": [1, 0]}, {"py/tuple": [0.05194805194805195, 168]}, {"py/tuple": [0, 79]}, {"py/tuple": [0.0, 25]}, {"py/tuple": [1, 8]}, {"py/tuple": [0, 25]}, {"py/tuple": [0.01870748299319728, 243]}, {"py/tuple": [0.08333333333333333, 149]}, {"py/tuple": [0.007709750566893424, 635]}, {"py/tuple": [1, 7]}, {"py/tuple": [0.25, 278]}, {"py/tuple": [0.0, 132]}, {"py/tuple": [1, 43]}, {"py/tuple": [1, 18]}, {"py/tuple": [1, 14]}, {"py/tuple": [1, 60]}, {"py/tuple": [1.0, 33]}, {"py/tuple": [0.05, 143]}, {"py/tuple": [1, 41]}, {"py/tuple": [0.16666666666666666, 74]}, {"py/tuple": [0.5, 30]}, {"py/tuple": [0.21428571428571427, 173]}, {"py/tuple": [1, 12]}, {"py/tuple": [0, 43]}, {"py/tuple": [0.04, 69]}, {"py/tuple": [0.3090909090909091, 68]}, {"py/tuple": [0.07142857142857142, 87]}, {"py/tuple": [0, 200]}, {"py/tuple": [0.05, 56]}, {"py/tuple": [0, 30]}, {"py/tuple": [0.0, 82]}, {"py/tuple": [0, 43]}, {"py/tuple": [0.08333333333333333, 175]}, {"py/tuple": [0.2, 33]}, {"py/tuple": [0.05416666666666667, 182]}, {"py/tuple": [0.020710059171597635, 226]}, {"py/tuple": [1, 5]}, {"py/tuple": [0.011363636363636364, 129]}, {"py/tuple": [0.0, 12]}, {"py/tuple": [1, 6]}]}, "CC": {"py/object": "Statistics.InterestingStatistics", "classValues": [{"py/tuple": [1, 26]}, {"py/tuple": [0.15, 155]}, {"py/tuple": [0.14957264957264957, 195]}, {"py/tuple": [0.0, 74]}, {"py/tuple": [1, 50]}, {"py/tuple": [1, 13]}, {"py/tuple": [0.1978021978021978, 140]}, {"py/tuple": [1.0, 38]}, {"py/tuple": [1, 53]}, {"py/tuple": [1, 33]}, {"py/tuple": [0.6, 20]}, {"py/tuple": [1, 37]}, {"py/tuple": [0.01818181818181818, 106]}, {"py/tuple": [1, 107]}, {"py/tuple": [0.10925925925925922, 194]}, {"py/tuple": [0.14747705997705998, 300]}, {"py/tuple": [0.16666666666666666, 62]}, {"py/tuple": [1, 25]}, {"py/tuple": [0.13999999999999999, 163]}, {"py/tuple": [1, 40]}, {"py/tuple": [0.0, 24]}, {"py/tuple": [1, 3]}, {"py/tuple": [0.0, 41]}, {"py/tuple": [0.0, 100]}, {"py/tuple": [0.0, 19]}, {"py/tuple": [1, 36]}, {"py/tuple": [0.8181818181818182, 77]}, {"py/tuple": [1, 6]}, {"py/tuple": [1.0, 12]}, {"py/tuple": [1.0, 36]}, {"py/tuple": [0.17857142857142858, 239]}, {"py/tuple": [0.09707435421721132, 198]}, {"py/tuple": [1, 0]}, {"py/tuple": [0.16424242424242425, 168]}, {"py/tuple": [1, 79]}, {"py/tuple": [0.0, 25]}, {"py/tuple": [1, 8]}, {"py/tuple": [1, 25]}, {"py/tuple": [0.06354978354978352, 243]}, {"py/tuple": [0.08333333333333333, 149]}, {"py/tuple": [0.03785923218626225, 635]}, {"py/tuple": [1, 7]}, {"py/tuple": [0.3452380952380952, 278]}, {"py/tuple": [0.0, 132]}, {"py/tuple": [1, 43]}, {"py/tuple": [1, 18]}, {"py/tuple": [1, 14]}, {"py/tuple": [1, 60]}, {"py/tuple": [1.0, 33]}, {"py/tuple": [0.10833333333333332, 143]}, {"py/tuple": [1, 41]}, {"py/tuple": [0.3333333333333333, 74]}, {"py/tuple": [0.75, 30]}, {"py/tuple": [0.7692307692307693, 173]}, {"py/tuple": [1, 12]}, {"py/tuple": [1, 43]}, {"py/tuple": [0.15, 69]}, {"py/tuple": [0.5272727272727272, 68]}, {"py/tuple": [0.18571428571428572, 87]}, {"py/tuple": [1, 200]}, {"py/tuple": [0.05, 56]}, {"py/tuple": [1, 30]}, {"py/tuple": [0.0, 82]}, {"py/tuple": [1, 43]}, {"py/tuple": [0.08333333333333333, 175]}, {"py/tuple": [0.2, 33]}, {"py/tuple": [0.0675990675990676, 182]}, {"py/tuple": [0.07527472527472528, 226]}, {"py/tuple": [1, 5]}, {"py/tuple": [0.09090909090909091, 129]}, {"py/tuple": [0.0, 12]}, {"py/tuple": [1, 6]}]}, "LCOM5": {"py/object": "Statistics.InterestingStatistics", "classValues": [{"py/tuple": [0, 26]}, {"py/tuple": [0.6944444444444444, 155]}, {"py/tuple": [0.6777777777777778, 195]}, {"py/tuple": [0.6666666666666667, 74]}, {"py/tuple": [0, 50]}, {"py/tuple": [0.0, 13]}, {"py/tuple": [0.7714285714285715, 140]}, {"py/tuple": [0.0, 38]}, {"py/tuple": [0, 53]}, {"py/tuple": [0, 33]}, {"py/tuple": [0.19999999999999996, 20]}, {"py/tuple": [0, 37]}, {"py/tuple": [0.8181818181818181, 106]}, {"py/tuple": [0, 107]}, {"py/tuple": [0.8697916666666666, 194]}, {"py/tuple": [0.7604166666666666, 300]}, {"py/tuple": [0.6875, 62]}, {"py/tuple": [0.0, 25]}, {"py/tuple": [0.725, 163]}, {"py/tuple": [0, 40]}, {"py/tuple": [0.8333333333333334, 24]}, {"py/tuple": [0, 3]}, {"py/tuple": [0.5, 41]}, {"py/tuple": [0.6666666666666667, 100]}, {"py/tuple": [0.5, 19]}, {"py/tuple": [0, 36]}, {"py/tuple": [0.09090909090909094, 77]}, {"py/tuple": [0, 6]}, {"py/tuple": [0.0, 12]}, {"py/tuple": [0.5, 36]}, {"py/tuple": [0.5892857142857143, 239]}, {"py/tuple": [0.7916666666666666, 198]}, {"py/tuple": [0, 0]}, {"py/tuple": [0.7792207792207793, 168]}, {"py/tuple": [0, 79]}, {"py/tuple": [1.0, 25]}, {"py/tuple": [0, 8]}, {"py/tuple": [0, 25]}, {"py/tuple": [0.8605442176870748, 243]}, {"py/tuple": [0.5833333333333333, 149]}, {"py/tuple": [0.9091836734693878, 635]}, {"py/tuple": [0, 7]}, {"py/tuple": [0.5166666666666666, 278]}, {"py/tuple": [0.9473684210526316, 132]}, {"py/tuple": [0, 43]}, {"py/tuple": [0, 18]}, {"py/tuple": [0.25, 14]}, {"py/tuple": [0, 60]}, {"py/tuple": [0.0, 33]}, {"py/tuple": [0.8, 143]}, {"py/tuple": [0, 41]}, {"py/tuple": [0.6666666666666667, 74]}, {"py/tuple": [0.375, 30]}, {"py/tuple": [0.7321428571428572, 173]}, {"py/tuple": [0, 12]}, {"py/tuple": [0, 43]}, {"py/tuple": [0.76, 69]}, {"py/tuple": [0.4545454545454546, 68]}, {"py/tuple": [0.725, 87]}, {"py/tuple": [0, 200]}, {"py/tuple": [0.7, 56]}, {"py/tuple": [0, 30]}, {"py/tuple": [0.5, 82]}, {"py/tuple": [0, 43]}, {"py/tuple": [0.5833333333333333, 175]}, {"py/tuple": [0.5, 33]}, {"py/tuple": [0.7291666666666667, 182]}, {"py/tuple": [0.8461538461538461, 226]}, {"py/tuple": [0, 5]}, {"py/tuple": [0.90625, 129]}, {"py/tuple": [0.6666666666666667, 12]}, {"py/tuple": [0.0, 6]}]}, "CBAMU": {"py/object": "Statistics.InterestingStatistics", "classValues": [{"py/tuple": [0.0, 26]}, {"py/tuple": [0.18611111111111112, 155]}, {"py/tuple": [0.19444444444444445, 195]}, {"py/tuple": [0.16666666666666666, 74]}, {"py/tuple": [0.0, 50]}, {"py/tuple": [0.5, 13]}, {"py/tuple": [0.11428571428571428, 140]}, {"py/tuple": [0.5, 38]}, {"py/tuple": [0.0, 53]}, {"py/tuple": [0.0, 33]}, {"py/tuple": [0.4, 20]}, {"py/tuple": [0.0, 37]}, {"py/tuple": [0.09545454545454546, 106]}, {"py/tuple": [0.08333333333333333, 107]}, {"py/tuple": [0.06718750000000001, 194]}, {"py/tuple": [0.15009469696969696, 300]}, {"py/tuple": [0.15625, 62]}, {"py/tuple": [0.5, 25]}, {"py/tuple": [0.1625, 163]}, {"py/tuple": [0.25, 40]}, {"py/tuple": [0.08333333333333333, 24]}, {"py/tuple": [0.0, 3]}, {"py/tuple": [0.25, 41]}, {"py/tuple": [0.25, 100]}, {"py/tuple": [0.25, 19]}, {"py/tuple": [0.25, 36]}, {"py/tuple": [0.46818181818181814, 77]}, {"py/tuple": [0.0, 6]}, {"py/tuple": [0.5, 12]}, {"py/tuple": [0.2916666666666667, 36]}, {"py/tuple": [0.22916666666666666, 239]}, {"py/tuple": [0.11515567765567766, 198]}, {"py/tuple": [0.0, 0]}, {"py/tuple": [0.11493506493506493, 168]}, {"py/tuple": [0.125, 79]}, {"py/tuple": [0.0, 25]}, {"py/tuple": [0.0, 8]}, {"py/tuple": [0.0, 25]}, {"py/tuple": [0.07210884353741497, 243]}, {"py/tuple": [0.375, 149]}, {"py/tuple": [0.04739229024943311, 635]}, {"py/tuple": [0.0, 7]}, {"py/tuple": [0.3666666666666667, 278]}, {"py/tuple": [0.02631578947368421, 132]}, {"py/tuple": [0.0, 43]}, {"py/tuple": [0.0, 18]}, {"py/tuple": [0.375, 14]}, {"py/tuple": [0.0, 60]}, {"py/tuple": [0.525, 33]}, {"py/tuple": [0.175, 143]}, {"py/tuple": [0.0, 41]}, {"py/tuple": [0.25, 74]}, {"py/tuple": [0.3125, 30]}, {"py/tuple": [0.14766483516483517, 173]}, {"py/tuple": [0.0, 12]}, {"py/tuple": [0.0, 43]}, {"py/tuple": [0.12, 69]}, {"py/tuple": [0.2727272727272727, 68]}, {"py/tuple": [0.1375, 87]}, {"py/tuple": [0.08333333333333333, 200]}, {"py/tuple": [0.175, 56]}, {"py/tuple": [0.0, 30]}, {"py/tuple": [0.25, 82]}, {"py/tuple": [0.041666666666666664, 43]}, {"py/tuple": [0.375, 175]}, {"py/tuple": [0.25, 33]}, {"py/tuple": [0.18541666666666667, 182]}, {"py/tuple": [0.08653846153846154, 226]}, {"py/tuple": [0.0, 5]}, {"py/tuple": [0.046875, 129]}, {"py/tuple": [0.16666666666666666, 12]}, {"py/tuple": [0.5, 6]}]}}