{"id": 130373612, "node_id": "MDEwOlJlcG9zaXRvcnkxMzAzNzM2MTI=", "name": "Java-EE-VulnWeb", "full_name": "mtxiaowangzi/Java-EE-VulnWeb", "private": false, "owner": {"login": "mtxiaowangzi", "id": 27118150, "node_id": "MDQ6VXNlcjI3MTE4MTUw", "avatar_url": "https://avatars.githubusercontent.com/u/27118150?v=4", "gravatar_id": "", "url": "https://api.github.com/users/mtxiaowangzi", "html_url": "https://github.com/mtxiaowangzi", "followers_url": "https://api.github.com/users/mtxiaowangzi/followers", "following_url": "https://api.github.com/users/mtxiaowangzi/following{/other_user}", "gists_url": "https://api.github.com/users/mtxiaowangzi/gists{/gist_id}", "starred_url": "https://api.github.com/users/mtxiaowangzi/starred{/owner}{/repo}", "subscriptions_url": "https://api.github.com/users/mtxiaowangzi/subscriptions", "organizations_url": "https://api.github.com/users/mtxiaowangzi/orgs", "repos_url": "https://api.github.com/users/mtxiaowangzi/repos", "events_url": "https://api.github.com/users/mtxiaowangzi/events{/privacy}", "received_events_url": "https://api.github.com/users/mtxiaowangzi/received_events", "type": "User", "site_admin": false}, "html_url": "https://github.com/mtxiaowangzi/Java-EE-VulnWeb", "description": "\u7528\u4e8e\u6f14\u793aJava Web\u9879\u76ee\u4e2d\uff0c\u6f0f\u6d1e\u7684\u6210\u56e0\u53ca\u4fee\u590d\u65b9\u6848\uff0c\u53ef\u7528\u4e8e\u9ed1\u76d2\u6d4b\u8bd5\u548c\u767d\u76d2\u6d4b\u8bd5\uff0c\u90e8\u5206\u4fee\u590d\u65b9\u6848\u53ef\u7528\u4e8e\u751f\u4ea7\u73af\u5883\u3002", "fork": false, "url": "https://api.github.com/repos/mtxiaowangzi/Java-EE-VulnWeb", "forks_url": "https://api.github.com/repos/mtxiaowangzi/Java-EE-VulnWeb/forks", "keys_url": "https://api.github.com/repos/mtxiaowangzi/Java-EE-VulnWeb/keys{/key_id}", "collaborators_url": "https://api.github.com/repos/mtxiaowangzi/Java-EE-VulnWeb/collaborators{/collaborator}", "teams_url": "https://api.github.com/repos/mtxiaowangzi/Java-EE-VulnWeb/teams", "hooks_url": "https://api.github.com/repos/mtxiaowangzi/Java-EE-VulnWeb/hooks", "issue_events_url": "https://api.github.com/repos/mtxiaowangzi/Java-EE-VulnWeb/issues/events{/number}", "events_url": "https://api.github.com/repos/mtxiaowangzi/Java-EE-VulnWeb/events", "assignees_url": "https://api.github.com/repos/mtxiaowangzi/Java-EE-VulnWeb/assignees{/user}", "branches_url": "https://api.github.com/repos/mtxiaowangzi/Java-EE-VulnWeb/branches{/branch}", "tags_url": "https://api.github.com/repos/mtxiaowangzi/Java-EE-VulnWeb/tags", "blobs_url": "https://api.github.com/repos/mtxiaowangzi/Java-EE-VulnWeb/git/blobs{/sha}", "git_tags_url": "https://api.github.com/repos/mtxiaowangzi/Java-EE-VulnWeb/git/tags{/sha}", "git_refs_url": "https://api.github.com/repos/mtxiaowangzi/Java-EE-VulnWeb/git/refs{/sha}", "trees_url": "https://api.github.com/repos/mtxiaowangzi/Java-EE-VulnWeb/git/trees{/sha}", "statuses_url": "https://api.github.com/repos/mtxiaowangzi/Java-EE-VulnWeb/statuses/{sha}", "languages_url": "https://api.github.com/repos/mtxiaowangzi/Java-EE-VulnWeb/languages", "stargazers_url": "https://api.github.com/repos/mtxiaowangzi/Java-EE-VulnWeb/stargazers", "contributors_url": "https://api.github.com/repos/mtxiaowangzi/Java-EE-VulnWeb/contributors", "subscribers_url": "https://api.github.com/repos/mtxiaowangzi/Java-EE-VulnWeb/subscribers", "subscription_url": "https://api.github.com/repos/mtxiaowangzi/Java-EE-VulnWeb/subscription", "commits_url": "https://api.github.com/repos/mtxiaowangzi/Java-EE-VulnWeb/commits{/sha}", "git_commits_url": "https://api.github.com/repos/mtxiaowangzi/Java-EE-VulnWeb/git/commits{/sha}", "comments_url": "https://api.github.com/repos/mtxiaowangzi/Java-EE-VulnWeb/comments{/number}", "issue_comment_url": "https://api.github.com/repos/mtxiaowangzi/Java-EE-VulnWeb/issues/comments{/number}", "contents_url": "https://api.github.com/repos/mtxiaowangzi/Java-EE-VulnWeb/contents/{+path}", "compare_url": "https://api.github.com/repos/mtxiaowangzi/Java-EE-VulnWeb/compare/{base}...{head}", "merges_url": "https://api.github.com/repos/mtxiaowangzi/Java-EE-VulnWeb/merges", "archive_url": "https://api.github.com/repos/mtxiaowangzi/Java-EE-VulnWeb/{archive_format}{/ref}", "downloads_url": "https://api.github.com/repos/mtxiaowangzi/Java-EE-VulnWeb/downloads", "issues_url": "https://api.github.com/repos/mtxiaowangzi/Java-EE-VulnWeb/issues{/number}", "pulls_url": "https://api.github.com/repos/mtxiaowangzi/Java-EE-VulnWeb/pulls{/number}", "milestones_url": "https://api.github.com/repos/mtxiaowangzi/Java-EE-VulnWeb/milestones{/number}", "notifications_url": "https://api.github.com/repos/mtxiaowangzi/Java-EE-VulnWeb/notifications{?since,all,participating}", "labels_url": "https://api.github.com/repos/mtxiaowangzi/Java-EE-VulnWeb/labels{/name}", "releases_url": "https://api.github.com/repos/mtxiaowangzi/Java-EE-VulnWeb/releases{/id}", "deployments_url": "https://api.github.com/repos/mtxiaowangzi/Java-EE-VulnWeb/deployments", "created_at": "2018-04-20T14:31:55Z", "updated_at": "2021-11-13T07:40:46Z", "pushed_at": "2018-04-20T15:37:28Z", "git_url": "git://github.com/mtxiaowangzi/Java-EE-VulnWeb.git", "ssh_url": "git@github.com:mtxiaowangzi/Java-EE-VulnWeb.git", "clone_url": "https://github.com/mtxiaowangzi/Java-EE-VulnWeb.git", "svn_url": "https://github.com/mtxiaowangzi/Java-EE-VulnWeb", "homepage": null, "size": 4011, "stargazers_count": 38, "watchers_count": 38, "language": "Java", "has_issues": true, "has_projects": true, "has_downloads": true, "has_wiki": true, "has_pages": false, "forks_count": 13, "mirror_url": null, "archived": false, "disabled": false, "open_issues_count": 0, "license": {"key": "mit", "name": "MIT License", "spdx_id": "MIT", "url": "https://api.github.com/licenses/mit", "node_id": "MDc6TGljZW5zZTEz"}, "allow_forking": true, "is_template": false, "topics": [], "visibility": "public", "forks": 13, "open_issues": 0, "watchers": 38, "default_branch": "master", "score": 1.0, "__project_size": 8457548, "__java_files_sizes": 36129, "__java_files_loc": 1281, "contributors_url_calculated": 1, "commits_url_calculated": 4}