{"BusinessServerImpl": {"className": "BusinessServerImpl", "members": {"py/set": ["dao"]}, "methods": {"deleteUser": {"memberReferences": {"py/set": []}, "methodName": "deleteUser", "methodReferences": {"py/set": []}, "py/object": "JavaParserVisitor.MethodInfo"}, "loginUser": {"memberReferences": {"py/set": []}, "methodName": "loginUser", "methodReferences": {"py/set": []}, "py/object": "JavaParserVisitor.MethodInfo"}, "registerUser": {"memberReferences": {"py/set": ["dao"]}, "methodName": "registerUser", "methodReferences": {"py/set": []}, "py/object": "JavaParserVisitor.MethodInfo"}, "updateUser": {"memberReferences": {"py/set": []}, "methodName": "updateUser", "methodReferences": {"py/set": []}, "py/object": "JavaParserVisitor.MethodInfo"}}, "possibleFather": "", "py/object": "JavaParserVisitor.ClassInfo", "span": 45}, "CharacterEncodingFilter": {"className": "CharacterEncodingFilter", "members": {"py/set": ["defaultEncoding", "pageEncoding", "config"]}, "methods": {"destroy": {"memberReferences": {"py/set": []}, "methodName": "destroy", "methodReferences": {"py/set": []}, "py/object": "JavaParserVisitor.MethodInfo"}, "doFilter": {"memberReferences": {"py/set": ["pageEncoding", "defaultEncoding"]}, "methodName": "doFilter", "methodReferences": {"py/set": []}, "py/object": "JavaParserVisitor.MethodInfo"}, "init": {"memberReferences": {"py/set": ["config"]}, "methodName": "init", "methodReferences": {"py/set": []}, "py/object": "JavaParserVisitor.MethodInfo"}}, "possibleFather": "", "py/object": "JavaParserVisitor.ClassInfo", "span": 30}, "CmdServlet": {"className": "CmdServlet", "members": {"py/set": ["serialVersionUID"]}, "methods": {"doGet": {"memberReferences": {"py/set": []}, "methodName": "doGet", "methodReferences": {"py/set": []}, "py/object": "JavaParserVisitor.MethodInfo"}, "doPost": {"memberReferences": {"py/set": []}, "methodName": "doPost", "methodReferences": {"py/set": ["doGet"]}, "py/object": "JavaParserVisitor.MethodInfo"}}, "possibleFather": "HttpServlet", "py/object": "JavaParserVisitor.ClassInfo", "span": 24}, "DownloadServlet": {"className": "DownloadServlet", "members": {"py/set": ["serialVersionUID"]}, "methods": {"doGet": {"memberReferences": {"py/set": []}, "methodName": "doGet", "methodReferences": {"py/set": []}, "py/object": "JavaParserVisitor.MethodInfo"}, "doPost": {"memberReferences": {"py/set": []}, "methodName": "doPost", "methodReferences": {"py/set": []}, "py/object": "JavaParserVisitor.MethodInfo"}}, "possibleFather": "HttpServlet", "py/object": "JavaParserVisitor.ClassInfo", "span": 41}, "EncodingRequest": {"className": "EncodingRequest", "members": {"py/set": ["request"]}, "methods": {"EncodingRequest": {"memberReferences": {"py/set": ["request"]}, "methodName": "EncodingRequest", "methodReferences": {"py/set": []}, "py/object": "JavaParserVisitor.MethodInfo"}, "getParameter": {"memberReferences": {"py/set": []}, "methodName": "getParameter", "methodReferences": {"py/set": []}, "py/object": "JavaParserVisitor.MethodInfo"}}, "possibleFather": "HttpServletRequestWrapper", "py/object": "JavaParserVisitor.ClassInfo", "span": 21}, "HtmlEncode": {"className": "HtmlEncode", "members": {"py/set": []}, "methods": {"htmlFilter": {"memberReferences": {"py/set": []}, "methodName": "htmlFilter", "methodReferences": {"py/set": []}, "py/object": "JavaParserVisitor.MethodInfo"}}, "possibleFather": "", "py/object": "JavaParserVisitor.ClassInfo", "span": 28}, "HtmlEncodeRequest": {"className": "HtmlEncodeRequest", "members": {"py/set": ["request"]}, "methods": {"HtmlEncodeRequest": {"memberReferences": {"py/set": ["request"]}, "methodName": "HtmlEncodeRequest", "methodReferences": {"py/set": []}, "py/object": "JavaParserVisitor.MethodInfo"}, "getParameter": {"memberReferences": {"py/set": []}, "methodName": "getParameter", "methodReferences": {"py/set": []}, "py/object": "JavaParserVisitor.MethodInfo"}, "getParameterValues": {"memberReferences": {"py/set": []}, "methodName": "getParameterValues", "methodReferences": {"py/set": []}, "py/object": "JavaParserVisitor.MethodInfo"}}, "possibleFather": "HttpServletRequestWrapper", "py/object": "JavaParserVisitor.ClassInfo", "span": 27}, "HtmlFilter": {"className": "HtmlFilter", "members": {"py/set": []}, "methods": {"destroy": {"memberReferences": {"py/set": []}, "methodName": "destroy", "methodReferences": {"py/set": []}, "py/object": "JavaParserVisitor.MethodInfo"}, "doFilter": {"memberReferences": {"py/set": []}, "methodName": "doFilter", "methodReferences": {"py/set": []}, "py/object": "JavaParserVisitor.MethodInfo"}, "init": {"memberReferences": {"py/set": []}, "methodName": "init", "methodReferences": {"py/set": []}, "py/object": "JavaParserVisitor.MethodInfo"}}, "possibleFather": "", "py/object": "JavaParserVisitor.ClassInfo", "span": 16}, "JdbcUtils": {"className": "JdbcUtils", "members": {"py/set": ["dataSource", "config"]}, "methods": {"getConnection": {"memberReferences": {"py/set": []}, "methodName": "getConnection", "methodReferences": {"py/set": []}, "py/object": "JavaParserVisitor.MethodInfo"}, "getDataSource": {"memberReferences": {"py/set": ["dataSource"]}, "methodName": "getDataSource", "methodReferences": {"py/set": []}, "py/object": "JavaParserVisitor.MethodInfo"}, "release": {"memberReferences": {"py/set": []}, "methodName": "release", "methodReferences": {"py/set": []}, "py/object": "JavaParserVisitor.MethodInfo"}}, "possibleFather": "", "py/object": "JavaParserVisitor.ClassInfo", "span": 43}, "LoginServlet": {"className": "LoginServlet", "members": {"py/set": ["serialVersionUID"]}, "methods": {"LoginServlet": {"memberReferences": {"py/set": []}, "methodName": "LoginServlet", "methodReferences": {"py/set": []}, "py/object": "JavaParserVisitor.MethodInfo"}, "doGet": {"memberReferences": {"py/set": []}, "methodName": "doGet", "methodReferences": {"py/set": []}, "py/object": "JavaParserVisitor.MethodInfo"}, "doPost": {"memberReferences": {"py/set": []}, "methodName": "doPost", "methodReferences": {"py/set": []}, "py/object": "JavaParserVisitor.MethodInfo"}}, "possibleFather": "HttpServlet", "py/object": "JavaParserVisitor.ClassInfo", "span": 52}, "LoginServletUI": {"className": "LoginServletUI", "members": {"py/set": ["serialVersionUID"]}, "methods": {"LoginServletUI": {"memberReferences": {"py/set": []}, "methodName": "LoginServletUI", "methodReferences": {"py/set": []}, "py/object": "JavaParserVisitor.MethodInfo"}, "doGet": {"memberReferences": {"py/set": []}, "methodName": "doGet", "methodReferences": {"py/set": []}, "py/object": "JavaParserVisitor.MethodInfo"}, "doPost": {"memberReferences": {"py/set": []}, "methodName": "doPost", "methodReferences": {"py/set": ["doGet"]}, "py/object": "JavaParserVisitor.MethodInfo"}}, "possibleFather": "HttpServlet", "py/object": "JavaParserVisitor.ClassInfo", "span": 23}, "RegisterServlet": {"className": "RegisterServlet", "members": {"py/set": ["serialVersionUID"]}, "methods": {"RegisterServlet": {"memberReferences": {"py/set": []}, "methodName": "RegisterServlet", "methodReferences": {"py/set": []}, "py/object": "JavaParserVisitor.MethodInfo"}, "doGet": {"memberReferences": {"py/set": []}, "methodName": "doGet", "methodReferences": {"py/set": []}, "py/object": "JavaParserVisitor.MethodInfo"}, "doPost": {"memberReferences": {"py/set": []}, "methodName": "doPost", "methodReferences": {"py/set": []}, "py/object": "JavaParserVisitor.MethodInfo"}}, "possibleFather": "HttpServlet", "py/object": "JavaParserVisitor.ClassInfo", "span": 43}, "RegisterServletUI": {"className": "RegisterServletUI", "members": {"py/set": ["serialVersionUID"]}, "methods": {"RegisterServletUI": {"memberReferences": {"py/set": []}, "methodName": "RegisterServletUI", "methodReferences": {"py/set": []}, "py/object": "JavaParserVisitor.MethodInfo"}, "doGet": {"memberReferences": {"py/set": []}, "methodName": "doGet", "methodReferences": {"py/set": []}, "py/object": "JavaParserVisitor.MethodInfo"}, "doPost": {"memberReferences": {"py/set": []}, "methodName": "doPost", "methodReferences": {"py/set": ["doGet"]}, "py/object": "JavaParserVisitor.MethodInfo"}}, "possibleFather": "HttpServlet", "py/object": "JavaParserVisitor.ClassInfo", "span": 23}, "UploadServlet": {"className": "UploadServlet", "members": {"py/set": ["serialVersionUID"]}, "methods": {"doPost": {"memberReferences": {"py/set": []}, "methodName": "doPost", "methodReferences": {"py/set": []}, "py/object": "JavaParserVisitor.MethodInfo"}}, "possibleFather": "HttpServlet", "py/object": "JavaParserVisitor.ClassInfo", "span": 60}, "User": {"className": "User", "members": {"py/set": ["password", "username", "id"]}, "methods": {}, "possibleFather": "", "py/object": "JavaParserVisitor.ClassInfo", "span": 26}, "UserDaoImpl": {"className": "UserDaoImpl", "members": {"py/set": ["qr"]}, "methods": {"addUser": {"memberReferences": {"py/set": []}, "methodName": "addUser", "methodReferences": {"py/set": []}, "py/object": "JavaParserVisitor.MethodInfo"}, "deleteUser": {"memberReferences": {"py/set": []}, "methodName": "deleteUser", "methodReferences": {"py/set": []}, "py/object": "JavaParserVisitor.MethodInfo"}, "findUser": {"memberReferences": {"py/set": ["qr"]}, "methodName": "findUser", "methodReferences": {"py/set": []}, "py/object": "JavaParserVisitor.MethodInfo"}, "getAll": {"memberReferences": {"py/set": ["qr"]}, "methodName": "getAll", "methodReferences": {"py/set": []}, "py/object": "JavaParserVisitor.MethodInfo"}, "updateUser": {"memberReferences": {"py/set": []}, "methodName": "updateUser", "methodReferences": {"py/set": []}, "py/object": "JavaParserVisitor.MethodInfo"}}, "possibleFather": "", "py/object": "JavaParserVisitor.ClassInfo", "span": 87}, "UserDaoTest": {"className": "UserDaoTest", "members": {"py/set": []}, "methods": {"getAllTest": {"memberReferences": {"py/set": []}, "methodName": "getAllTest", "methodReferences": {"py/set": []}, "py/object": "JavaParserVisitor.MethodInfo"}, "testAdd": {"memberReferences": {"py/set": []}, "methodName": "testAdd", "methodReferences": {"py/set": []}, "py/object": "JavaParserVisitor.MethodInfo"}}, "possibleFather": "", "py/object": "JavaParserVisitor.ClassInfo", "span": 26}, "UserExistEception": {"className": "UserExistEception", "members": {"py/set": ["serialVersionUID"]}, "methods": {"UserExistEception": {"memberReferences": {"py/set": []}, "methodName": "UserExistEception", "methodReferences": {"py/set": []}, "py/object": "JavaParserVisitor.MethodInfo"}}, "possibleFather": "Exception", "py/object": "JavaParserVisitor.ClassInfo", "span": 9}, "UserTest": {"className": "UserTest", "members": {"py/set": []}, "methods": {"findTest": {"memberReferences": {"py/set": []}, "methodName": "findTest", "methodReferences": {"py/set": []}, "py/object": "JavaParserVisitor.MethodInfo"}}, "possibleFather": "", "py/object": "JavaParserVisitor.ClassInfo", "span": 18}, "WebUtils": {"className": "WebUtils", "members": {"py/set": []}, "methods": {"generateID": {"memberReferences": {"py/set": []}, "methodName": "generateID", "methodReferences": {"py/set": []}, "py/object": "JavaParserVisitor.MethodInfo"}}, "possibleFather": "", "py/object": "JavaParserVisitor.ClassInfo", "span": 3}, "WordsFilter": {"className": "WordsFilter", "members": {"py/set": ["remainWords", "bandWords", "auditWords"]}, "methods": {"destroy": {"memberReferences": {"py/set": []}, "methodName": "destroy", "methodReferences": {"py/set": []}, "py/object": "JavaParserVisitor.MethodInfo"}, "doFilter": {"memberReferences": {"py/set": ["remainWords", "auditWords", "bandWords"]}, "methodName": "doFilter", "methodReferences": {"py/set": []}, "py/object": "JavaParserVisitor.MethodInfo"}, "init": {"memberReferences": {"py/set": []}, "methodName": "init", "methodReferences": {"py/set": []}, "py/object": "JavaParserVisitor.MethodInfo"}}, "possibleFather": "", "py/object": "JavaParserVisitor.ClassInfo", "span": 81}, "XSSServlet": {"className": "XSSServlet", "members": {"py/set": ["hMap", "serialVersionUID"]}, "methods": {"XSSServlet": {"memberReferences": {"py/set": []}, "methodName": "XSSServlet", "methodReferences": {"py/set": []}, "py/object": "JavaParserVisitor.MethodInfo"}, "doGet": {"memberReferences": {"py/set": []}, "methodName": "doGet", "methodReferences": {"py/set": []}, "py/object": "JavaParserVisitor.MethodInfo"}, "doPost": {"memberReferences": {"py/set": []}, "methodName": "doPost", "methodReferences": {"py/set": ["doGet"]}, "py/object": "JavaParserVisitor.MethodInfo"}}, "possibleFather": "HttpServlet", "py/object": "JavaParserVisitor.ClassInfo", "span": 35}, "XssDefend": {"className": "XssDefend", "members": {"py/set": []}, "methods": {"stripXSS": {"memberReferences": {"py/set": []}, "methodName": "stripXSS", "methodReferences": {"py/set": []}, "py/object": "JavaParserVisitor.MethodInfo"}}, "possibleFather": "", "py/object": "JavaParserVisitor.ClassInfo", "span": 41}, "XssDefendRequest": {"className": "XssDefendRequest", "members": {"py/set": ["request"]}, "methods": {"XssDefendRequest": {"memberReferences": {"py/set": ["request"]}, "methodName": "XssDefendRequest", "methodReferences": {"py/set": []}, "py/object": "JavaParserVisitor.MethodInfo"}, "getParameter": {"memberReferences": {"py/set": []}, "methodName": "getParameter", "methodReferences": {"py/set": []}, "py/object": "JavaParserVisitor.MethodInfo"}, "getParameterValues": {"memberReferences": {"py/set": []}, "methodName": "getParameterValues", "methodReferences": {"py/set": []}, "py/object": "JavaParserVisitor.MethodInfo"}}, "possibleFather": "HttpServletRequestWrapper", "py/object": "JavaParserVisitor.ClassInfo", "span": 26}, "XssFilter": {"className": "XssFilter", "members": {"py/set": []}, "methods": {"destroy": {"memberReferences": {"py/set": []}, "methodName": "destroy", "methodReferences": {"py/set": []}, "py/object": "JavaParserVisitor.MethodInfo"}, "doFilter": {"memberReferences": {"py/set": []}, "methodName": "doFilter", "methodReferences": {"py/set": []}, "py/object": "JavaParserVisitor.MethodInfo"}, "init": {"memberReferences": {"py/set": []}, "methodName": "init", "methodReferences": {"py/set": []}, "py/object": "JavaParserVisitor.MethodInfo"}}, "possibleFather": "", "py/object": "JavaParserVisitor.ClassInfo", "span": 16}}