{"id": 111296520, "node_id": "MDEwOlJlcG9zaXRvcnkxMTEyOTY1MjA=", "name": "Pact-JVM-Example", "full_name": "Mikuu/Pact-JVM-Example", "private": false, "owner": {"login": "Mikuu", "id": 11648253, "node_id": "MDQ6VXNlcjExNjQ4MjUz", "avatar_url": "https://avatars.githubusercontent.com/u/11648253?v=4", "gravatar_id": "", "url": "https://api.github.com/users/Mikuu", "html_url": "https://github.com/Mikuu", "followers_url": "https://api.github.com/users/Mikuu/followers", "following_url": "https://api.github.com/users/Mikuu/following{/other_user}", "gists_url": "https://api.github.com/users/Mikuu/gists{/gist_id}", "starred_url": "https://api.github.com/users/Mikuu/starred{/owner}{/repo}", "subscriptions_url": "https://api.github.com/users/Mikuu/subscriptions", "organizations_url": "https://api.github.com/users/Mikuu/orgs", "repos_url": "https://api.github.com/users/Mikuu/repos", "events_url": "https://api.github.com/users/Mikuu/events{/privacy}", "received_events_url": "https://api.github.com/users/Mikuu/received_events", "type": "User", "site_admin": false}, "html_url": "https://github.com/Mikuu/Pact-JVM-Example", "description": "Example Consumer & Provider projects for Pact JVM", "fork": false, "url": "https://api.github.com/repos/Mikuu/Pact-JVM-Example", "forks_url": "https://api.github.com/repos/Mikuu/Pact-JVM-Example/forks", "keys_url": "https://api.github.com/repos/Mikuu/Pact-JVM-Example/keys{/key_id}", "collaborators_url": "https://api.github.com/repos/Mikuu/Pact-JVM-Example/collaborators{/collaborator}", "teams_url": "https://api.github.com/repos/Mikuu/Pact-JVM-Example/teams", "hooks_url": "https://api.github.com/repos/Mikuu/Pact-JVM-Example/hooks", "issue_events_url": "https://api.github.com/repos/Mikuu/Pact-JVM-Example/issues/events{/number}", "events_url": "https://api.github.com/repos/Mikuu/Pact-JVM-Example/events", "assignees_url": "https://api.github.com/repos/Mikuu/Pact-JVM-Example/assignees{/user}", "branches_url": "https://api.github.com/repos/Mikuu/Pact-JVM-Example/branches{/branch}", "tags_url": "https://api.github.com/repos/Mikuu/Pact-JVM-Example/tags", "blobs_url": "https://api.github.com/repos/Mikuu/Pact-JVM-Example/git/blobs{/sha}", "git_tags_url": "https://api.github.com/repos/Mikuu/Pact-JVM-Example/git/tags{/sha}", "git_refs_url": "https://api.github.com/repos/Mikuu/Pact-JVM-Example/git/refs{/sha}", "trees_url": "https://api.github.com/repos/Mikuu/Pact-JVM-Example/git/trees{/sha}", "statuses_url": "https://api.github.com/repos/Mikuu/Pact-JVM-Example/statuses/{sha}", "languages_url": "https://api.github.com/repos/Mikuu/Pact-JVM-Example/languages", "stargazers_url": "https://api.github.com/repos/Mikuu/Pact-JVM-Example/stargazers", "contributors_url": "https://api.github.com/repos/Mikuu/Pact-JVM-Example/contributors", "subscribers_url": "https://api.github.com/repos/Mikuu/Pact-JVM-Example/subscribers", "subscription_url": "https://api.github.com/repos/Mikuu/Pact-JVM-Example/subscription", "commits_url": "https://api.github.com/repos/Mikuu/Pact-JVM-Example/commits{/sha}", "git_commits_url": "https://api.github.com/repos/Mikuu/Pact-JVM-Example/git/commits{/sha}", "comments_url": "https://api.github.com/repos/Mikuu/Pact-JVM-Example/comments{/number}", "issue_comment_url": "https://api.github.com/repos/Mikuu/Pact-JVM-Example/issues/comments{/number}", "contents_url": "https://api.github.com/repos/Mikuu/Pact-JVM-Example/contents/{+path}", "compare_url": "https://api.github.com/repos/Mikuu/Pact-JVM-Example/compare/{base}...{head}", "merges_url": "https://api.github.com/repos/Mikuu/Pact-JVM-Example/merges", "archive_url": "https://api.github.com/repos/Mikuu/Pact-JVM-Example/{archive_format}{/ref}", "downloads_url": "https://api.github.com/repos/Mikuu/Pact-JVM-Example/downloads", "issues_url": "https://api.github.com/repos/Mikuu/Pact-JVM-Example/issues{/number}", "pulls_url": "https://api.github.com/repos/Mikuu/Pact-JVM-Example/pulls{/number}", "milestones_url": "https://api.github.com/repos/Mikuu/Pact-JVM-Example/milestones{/number}", "notifications_url": "https://api.github.com/repos/Mikuu/Pact-JVM-Example/notifications{?since,all,participating}", "labels_url": "https://api.github.com/repos/Mikuu/Pact-JVM-Example/labels{/name}", "releases_url": "https://api.github.com/repos/Mikuu/Pact-JVM-Example/releases{/id}", "deployments_url": "https://api.github.com/repos/Mikuu/Pact-JVM-Example/deployments", "created_at": "2017-11-19T13:14:01Z", "updated_at": "2022-01-04T07:41:15Z", "pushed_at": "2019-11-28T02:19:31Z", "git_url": "git://github.com/Mikuu/Pact-JVM-Example.git", "ssh_url": "git@github.com:Mikuu/Pact-JVM-Example.git", "clone_url": "https://github.com/Mikuu/Pact-JVM-Example.git", "svn_url": "https://github.com/Mikuu/Pact-JVM-Example", "homepage": "https://arxman.com/pact-jvm-example", "size": 1590, "stargazers_count": 63, "watchers_count": 63, "language": "Java", "has_issues": true, "has_projects": true, "has_downloads": true, "has_wiki": true, "has_pages": false, "forks_count": 50, "mirror_url": null, "archived": false, "disabled": false, "open_issues_count": 0, "license": {"key": "mit", "name": "MIT License", "spdx_id": "MIT", "url": "https://api.github.com/licenses/mit", "node_id": "MDc6TGljZW5zZTEz"}, "allow_forking": true, "is_template": false, "topics": ["consumer-driven-contract-testing", "contract-testing", "pact", "pact-jvm"], "visibility": "public", "forks": 50, "open_issues": 0, "watchers": 63, "default_branch": "master", "score": 1.0, "__project_size": 3629839, "__java_files_sizes": 32057, "__java_files_loc": 959, "contributors_url_calculated": 2, "commits_url_calculated": 59}