{"id": 19120302, "node_id": "MDEwOlJlcG9zaXRvcnkxOTEyMDMwMg==", "name": "LibStruct", "full_name": "riven8192/LibStruct", "private": false, "owner": {"login": "riven8192", "id": 1624845, "node_id": "MDQ6VXNlcjE2MjQ4NDU=", "avatar_url": "https://avatars.githubusercontent.com/u/1624845?v=4", "gravatar_id": "", "url": "https://api.github.com/users/riven8192", "html_url": "https://github.com/riven8192", "followers_url": "https://api.github.com/users/riven8192/followers", "following_url": "https://api.github.com/users/riven8192/following{/other_user}", "gists_url": "https://api.github.com/users/riven8192/gists{/gist_id}", "starred_url": "https://api.github.com/users/riven8192/starred{/owner}{/repo}", "subscriptions_url": "https://api.github.com/users/riven8192/subscriptions", "organizations_url": "https://api.github.com/users/riven8192/orgs", "repos_url": "https://api.github.com/users/riven8192/repos", "events_url": "https://api.github.com/users/riven8192/events{/privacy}", "received_events_url": "https://api.github.com/users/riven8192/received_events", "type": "User", "site_admin": false}, "html_url": "https://github.com/riven8192/LibStruct", "description": null, "fork": false, "url": "https://api.github.com/repos/riven8192/LibStruct", "forks_url": "https://api.github.com/repos/riven8192/LibStruct/forks", "keys_url": "https://api.github.com/repos/riven8192/LibStruct/keys{/key_id}", "collaborators_url": "https://api.github.com/repos/riven8192/LibStruct/collaborators{/collaborator}", "teams_url": "https://api.github.com/repos/riven8192/LibStruct/teams", "hooks_url": "https://api.github.com/repos/riven8192/LibStruct/hooks", "issue_events_url": "https://api.github.com/repos/riven8192/LibStruct/issues/events{/number}", "events_url": "https://api.github.com/repos/riven8192/LibStruct/events", "assignees_url": "https://api.github.com/repos/riven8192/LibStruct/assignees{/user}", "branches_url": "https://api.github.com/repos/riven8192/LibStruct/branches{/branch}", "tags_url": "https://api.github.com/repos/riven8192/LibStruct/tags", "blobs_url": "https://api.github.com/repos/riven8192/LibStruct/git/blobs{/sha}", "git_tags_url": "https://api.github.com/repos/riven8192/LibStruct/git/tags{/sha}", "git_refs_url": "https://api.github.com/repos/riven8192/LibStruct/git/refs{/sha}", "trees_url": "https://api.github.com/repos/riven8192/LibStruct/git/trees{/sha}", "statuses_url": "https://api.github.com/repos/riven8192/LibStruct/statuses/{sha}", "languages_url": "https://api.github.com/repos/riven8192/LibStruct/languages", "stargazers_url": "https://api.github.com/repos/riven8192/LibStruct/stargazers", "contributors_url": "https://api.github.com/repos/riven8192/LibStruct/contributors", "subscribers_url": "https://api.github.com/repos/riven8192/LibStruct/subscribers", "subscription_url": "https://api.github.com/repos/riven8192/LibStruct/subscription", "commits_url": "https://api.github.com/repos/riven8192/LibStruct/commits{/sha}", "git_commits_url": "https://api.github.com/repos/riven8192/LibStruct/git/commits{/sha}", "comments_url": "https://api.github.com/repos/riven8192/LibStruct/comments{/number}", "issue_comment_url": "https://api.github.com/repos/riven8192/LibStruct/issues/comments{/number}", "contents_url": "https://api.github.com/repos/riven8192/LibStruct/contents/{+path}", "compare_url": "https://api.github.com/repos/riven8192/LibStruct/compare/{base}...{head}", "merges_url": "https://api.github.com/repos/riven8192/LibStruct/merges", "archive_url": "https://api.github.com/repos/riven8192/LibStruct/{archive_format}{/ref}", "downloads_url": "https://api.github.com/repos/riven8192/LibStruct/downloads", "issues_url": "https://api.github.com/repos/riven8192/LibStruct/issues{/number}", "pulls_url": "https://api.github.com/repos/riven8192/LibStruct/pulls{/number}", "milestones_url": "https://api.github.com/repos/riven8192/LibStruct/milestones{/number}", "notifications_url": "https://api.github.com/repos/riven8192/LibStruct/notifications{?since,all,participating}", "labels_url": "https://api.github.com/repos/riven8192/LibStruct/labels{/name}", "releases_url": "https://api.github.com/repos/riven8192/LibStruct/releases{/id}", "deployments_url": "https://api.github.com/repos/riven8192/LibStruct/deployments", "created_at": "2014-04-24T18:57:20Z", "updated_at": "2021-10-09T19:41:31Z", "pushed_at": "2015-05-07T12:47:07Z", "git_url": "git://github.com/riven8192/LibStruct.git", "ssh_url": "git@github.com:riven8192/LibStruct.git", "clone_url": "https://github.com/riven8192/LibStruct.git", "svn_url": "https://github.com/riven8192/LibStruct", "homepage": null, "size": 1941, "stargazers_count": 63, "watchers_count": 63, "language": "Java", "has_issues": true, "has_projects": true, "has_downloads": true, "has_wiki": true, "has_pages": false, "forks_count": 3, "mirror_url": null, "archived": false, "disabled": false, "open_issues_count": 2, "license": null, "allow_forking": true, "is_template": false, "topics": [], "visibility": "public", "forks": 3, "open_issues": 2, "watchers": 63, "default_branch": "master", "score": 1.0, "__project_size": 2469102, "__java_files_sizes": 277201, "__java_files_loc": 10113, "contributors_url_calculated": 1, "commits_url_calculated": 127}