{"SCOM": {"py/object": "Statistics.InterestingStatistics", "classValues": [{"py/tuple": [0.5, 27]}, {"py/tuple": [0.0, 20]}, {"py/tuple": [1, 1]}, {"py/tuple": [0.0, 151]}, {"py/tuple": [0.06666666666666667, 54]}, {"py/tuple": [0.014285714285714282, 341]}, {"py/tuple": [1, 10]}, {"py/tuple": [1, 14]}, {"py/tuple": [0.0, 7]}, {"py/tuple": [0.0, 9]}, {"py/tuple": [0.0, 61]}, {"py/tuple": [0.004411764705882354, 303]}, {"py/tuple": [1, 1]}, {"py/tuple": [0.3333333333333333, 49]}, {"py/tuple": [0.15625, 201]}, {"py/tuple": [0.1942424242424242, 205]}, {"py/tuple": [1.0, 30]}]}, "LSCC": {"py/object": "Statistics.InterestingStatistics", "classValues": [{"py/tuple": [0.5, 27]}, {"py/tuple": [0, 20]}, {"py/tuple": [1, 1]}, {"py/tuple": [0.0, 151]}, {"py/tuple": [0.03333333333333333, 54]}, {"py/tuple": [0.008843537414965987, 341]}, {"py/tuple": [1, 10]}, {"py/tuple": [1, 14]}, {"py/tuple": [0.0, 7]}, {"py/tuple": [0.0, 9]}, {"py/tuple": [0, 61]}, {"py/tuple": [0.0029411764705882353, 303]}, {"py/tuple": [1, 1]}, {"py/tuple": [0.3333333333333333, 49]}, {"py/tuple": [0.07536764705882353, 201]}, {"py/tuple": [0.06909090909090909, 205]}, {"py/tuple": [1.0, 30]}]}, "CC": {"py/object": "Statistics.InterestingStatistics", "classValues": [{"py/tuple": [1.0, 27]}, {"py/tuple": [1, 20]}, {"py/tuple": [1, 1]}, {"py/tuple": [0.0, 151]}, {"py/tuple": [0.05, 54]}, {"py/tuple": [0.0380952380952381, 341]}, {"py/tuple": [1, 10]}, {"py/tuple": [1, 14]}, {"py/tuple": [0.0, 7]}, {"py/tuple": [0.0, 9]}, {"py/tuple": [1, 61]}, {"py/tuple": [0.011029411764705883, 303]}, {"py/tuple": [1, 1]}, {"py/tuple": [0.3333333333333333, 49]}, {"py/tuple": [0.11519607843137254, 201]}, {"py/tuple": [0.13359307359307362, 205]}, {"py/tuple": [1.0, 30]}]}, "LCOM5": {"py/object": "Statistics.InterestingStatistics", "classValues": [{"py/tuple": [0.5, 27]}, {"py/tuple": [0, 20]}, {"py/tuple": [0, 1]}, {"py/tuple": [0.9444444444444444, 151]}, {"py/tuple": [0.8, 54]}, {"py/tuple": [0.9251700680272109, 341]}, {"py/tuple": [0, 10]}, {"py/tuple": [0, 14]}, {"py/tuple": [1.0, 7]}, {"py/tuple": [0.75, 9]}, {"py/tuple": [0, 61]}, {"py/tuple": [0.9411764705882353, 303]}, {"py/tuple": [0, 1]}, {"py/tuple": [0.33333333333333337, 49]}, {"py/tuple": [0.7352941176470589, 201]}, {"py/tuple": [0.7545454545454545, 205]}, {"py/tuple": [0.0, 30]}]}, "CBAMU": {"py/object": "Statistics.InterestingStatistics", "classValues": [{"py/tuple": [0.25, 27]}, {"py/tuple": [0.0, 20]}, {"py/tuple": [0.0, 1]}, {"py/tuple": [0.034313725490196074, 151]}, {"py/tuple": [0.1, 54]}, {"py/tuple": [0.05170068027210884, 341]}, {"py/tuple": [0.0, 10]}, {"py/tuple": [0.0, 14]}, {"py/tuple": [0.25, 7]}, {"py/tuple": [0.125, 9]}, {"py/tuple": [0.005555555555555556, 61]}, {"py/tuple": [0.029411764705882353, 303]}, {"py/tuple": [0.0, 1]}, {"py/tuple": [0.3333333333333333, 49]}, {"py/tuple": [0.15625, 201]}, {"py/tuple": [0.1318181818181818, 205]}, {"py/tuple": [0.5, 30]}]}}