{"SCOM": {"py/object": "Statistics.InterestingStatistics", "classValues": [{"py/tuple": [0.0, 74]}, {"py/tuple": [0.0, 60]}, {"py/tuple": [0.08416666666666668, 207]}, {"py/tuple": [1, 26]}, {"py/tuple": [0.08727272727272728, 883]}, {"py/tuple": [0.0, 58]}, {"py/tuple": [1, 3]}, {"py/tuple": [0.0, 82]}, {"py/tuple": [0.06666666666666667, 282]}, {"py/tuple": [0.0, 73]}, {"py/tuple": [0.0, 73]}, {"py/tuple": [0.0, 36]}, {"py/tuple": [0.0, 100]}, {"py/tuple": [0.0007541478129713424, 278]}, {"py/tuple": [1, 27]}, {"py/tuple": [1, 12]}, {"py/tuple": [0.0, 107]}, {"py/tuple": [0.05494505494505494, 285]}, {"py/tuple": [1, 4]}, {"py/tuple": [0.2857142857142857, 158]}, {"py/tuple": [0.0, 34]}, {"py/tuple": [0.0, 73]}, {"py/tuple": [0.06719367588932805, 221]}, {"py/tuple": [0.08727272727272728, 943]}, {"py/tuple": [0.0, 45]}, {"py/tuple": [0.0, 48]}, {"py/tuple": [0.0, 29]}, {"py/tuple": [0.08363970588235294, 179]}, {"py/tuple": [0.0, 26]}, {"py/tuple": [0.08727272727272728, 683]}, {"py/tuple": [0.0, 16]}, {"py/tuple": [0.13333333333333333, 65]}, {"py/tuple": [0.09956709956709955, 165]}, {"py/tuple": [0.0, 91]}, {"py/tuple": [0.08727272727272728, 683]}, {"py/tuple": [0.0, 125]}, {"py/tuple": [0.0, 18]}, {"py/tuple": [0.06896551724137931, 516]}, {"py/tuple": [0.0, 236]}, {"py/tuple": [0.044642857142857144, 91]}, {"py/tuple": [0.11555555555555554, 137]}, {"py/tuple": [0.0, 95]}, {"py/tuple": [0.10909090909090909, 137]}, {"py/tuple": [0.08727272727272728, 533]}, {"py/tuple": [0.08727272727272728, 543]}, {"py/tuple": [0.0, 171]}, {"py/tuple": [0.23809523809523805, 200]}, {"py/tuple": [0.5833333333333334, 50]}, {"py/tuple": [0.0, 30]}, {"py/tuple": [0.0, 25]}, {"py/tuple": [0.08333333333333331, 221]}, {"py/tuple": [0.0, 129]}, {"py/tuple": [0.0, 77]}, {"py/tuple": [0.08727272727272728, 953]}, {"py/tuple": [0.10909090909090909, 137]}, {"py/tuple": [0.08727272727272728, 533]}, {"py/tuple": [0.0, 199]}, {"py/tuple": [0.0, 71]}, {"py/tuple": [1, 28]}, {"py/tuple": [0.07222222222222222, 301]}]}, "LSCC": {"py/object": "Statistics.InterestingStatistics", "classValues": [{"py/tuple": [0.0, 74]}, {"py/tuple": [0.0, 60]}, {"py/tuple": [0.0175, 207]}, {"py/tuple": [1, 26]}, {"py/tuple": [0.04, 883]}, {"py/tuple": [0.0, 58]}, {"py/tuple": [1, 3]}, {"py/tuple": [0.0, 82]}, {"py/tuple": [0.06666666666666667, 282]}, {"py/tuple": [0, 73]}, {"py/tuple": [0.0, 73]}, {"py/tuple": [0, 36]}, {"py/tuple": [0, 100]}, {"py/tuple": [0.0007541478129713424, 278]}, {"py/tuple": [1, 27]}, {"py/tuple": [1, 12]}, {"py/tuple": [0, 107]}, {"py/tuple": [0.045787545787545784, 285]}, {"py/tuple": [1, 4]}, {"py/tuple": [0.2857142857142857, 158]}, {"py/tuple": [0, 34]}, {"py/tuple": [0.0, 73]}, {"py/tuple": [0.01221703197987783, 221]}, {"py/tuple": [0.04, 943]}, {"py/tuple": [0.0, 45]}, {"py/tuple": [0.0, 48]}, {"py/tuple": [0, 29]}, {"py/tuple": [0.02297794117647059, 179]}, {"py/tuple": [0.0, 26]}, {"py/tuple": [0.04, 683]}, {"py/tuple": [0.0, 16]}, {"py/tuple": [0.06666666666666667, 65]}, {"py/tuple": [0.03463203463203463, 165]}, {"py/tuple": [0.0, 91]}, {"py/tuple": [0.04, 683]}, {"py/tuple": [0.0, 125]}, {"py/tuple": [0, 18]}, {"py/tuple": [0.06896551724137931, 516]}, {"py/tuple": [0, 236]}, {"py/tuple": [0.026785714285714284, 91]}, {"py/tuple": [0.06222222222222222, 137]}, {"py/tuple": [0.0, 95]}, {"py/tuple": [0.05454545454545454, 137]}, {"py/tuple": [0.04, 533]}, {"py/tuple": [0.04, 543]}, {"py/tuple": [0.0, 171]}, {"py/tuple": [0.12698412698412698, 200]}, {"py/tuple": [0.3333333333333333, 50]}, {"py/tuple": [0.0, 30]}, {"py/tuple": [0.0, 25]}, {"py/tuple": [0.015151515151515152, 221]}, {"py/tuple": [0.0, 129]}, {"py/tuple": [0.0, 77]}, {"py/tuple": [0.04, 953]}, {"py/tuple": [0.05454545454545454, 137]}, {"py/tuple": [0.04, 533]}, {"py/tuple": [0.0, 199]}, {"py/tuple": [0.0, 71]}, {"py/tuple": [1, 28]}, {"py/tuple": [0.03333333333333333, 301]}]}, "CC": {"py/object": "Statistics.InterestingStatistics", "classValues": [{"py/tuple": [0.0, 74]}, {"py/tuple": [0.0, 60]}, {"py/tuple": [0.10092592592592589, 207]}, {"py/tuple": [1, 26]}, {"py/tuple": [0.08636363636363636, 883]}, {"py/tuple": [0.0, 58]}, {"py/tuple": [1, 3]}, {"py/tuple": [0.0, 82]}, {"py/tuple": [0.06666666666666667, 282]}, {"py/tuple": [1, 73]}, {"py/tuple": [0.0, 73]}, {"py/tuple": [1, 36]}, {"py/tuple": [1, 100]}, {"py/tuple": [0.0007541478129713424, 278]}, {"py/tuple": [1, 27]}, {"py/tuple": [1, 12]}, {"py/tuple": [1, 107]}, {"py/tuple": [0.12362637362637363, 285]}, {"py/tuple": [1, 4]}, {"py/tuple": [0.2857142857142857, 158]}, {"py/tuple": [1, 34]}, {"py/tuple": [0.0, 73]}, {"py/tuple": [0.07391304347826093, 221]}, {"py/tuple": [0.08636363636363636, 943]}, {"py/tuple": [0.0, 45]}, {"py/tuple": [0.0, 48]}, {"py/tuple": [1, 29]}, {"py/tuple": [0.11449579831932769, 179]}, {"py/tuple": [0.0, 26]}, {"py/tuple": [0.08636363636363636, 683]}, {"py/tuple": [0.0, 16]}, {"py/tuple": [0.1, 65]}, {"py/tuple": [0.1666666666666666, 165]}, {"py/tuple": [0.0, 91]}, {"py/tuple": [0.08636363636363636, 683]}, {"py/tuple": [0.0, 125]}, {"py/tuple": [1, 18]}, {"py/tuple": [0.06896551724137931, 516]}, {"py/tuple": [1, 236]}, {"py/tuple": [0.07142857142857142, 91]}, {"py/tuple": [0.24444444444444444, 137]}, {"py/tuple": [0.0, 95]}, {"py/tuple": [0.20454545454545456, 137]}, {"py/tuple": [0.08636363636363636, 533]}, {"py/tuple": [0.08636363636363636, 543]}, {"py/tuple": [0.0, 171]}, {"py/tuple": [0.22222222222222218, 200]}, {"py/tuple": [0.4166666666666667, 50]}, {"py/tuple": [0.0, 30]}, {"py/tuple": [0.0, 25]}, {"py/tuple": [0.09166666666666663, 221]}, {"py/tuple": [0.0, 129]}, {"py/tuple": [0.0, 77]}, {"py/tuple": [0.08636363636363636, 953]}, {"py/tuple": [0.20454545454545456, 137]}, {"py/tuple": [0.08636363636363636, 533]}, {"py/tuple": [0.0, 199]}, {"py/tuple": [0.0, 71]}, {"py/tuple": [1, 28]}, {"py/tuple": [0.05185185185185186, 301]}]}, "LCOM5": {"py/object": "Statistics.InterestingStatistics", "classValues": [{"py/tuple": [1.0, 74]}, {"py/tuple": [1.0, 60]}, {"py/tuple": [0.85, 207]}, {"py/tuple": [1.0, 26]}, {"py/tuple": [0.7636363636363637, 883]}, {"py/tuple": [0.75, 58]}, {"py/tuple": [0, 3]}, {"py/tuple": [0.8928571428571429, 82]}, {"py/tuple": [0.6666666666666667, 282]}, {"py/tuple": [0, 73]}, {"py/tuple": [0.9583333333333334, 73]}, {"py/tuple": [0, 36]}, {"py/tuple": [0, 100]}, {"py/tuple": [0.9615384615384616, 278]}, {"py/tuple": [0.0, 27]}, {"py/tuple": [0.0, 12]}, {"py/tuple": [0, 107]}, {"py/tuple": [0.8452380952380952, 285]}, {"py/tuple": [0, 4]}, {"py/tuple": [0.4285714285714286, 158]}, {"py/tuple": [0, 34]}, {"py/tuple": [1.0, 73]}, {"py/tuple": [0.8735177865612649, 221]}, {"py/tuple": [0.7636363636363637, 943]}, {"py/tuple": [1.0, 45]}, {"py/tuple": [0.9166666666666666, 48]}, {"py/tuple": [0, 29]}, {"py/tuple": [0.8308823529411764, 179]}, {"py/tuple": [0.5, 26]}, {"py/tuple": [0.7636363636363637, 683]}, {"py/tuple": [1.0, 16]}, {"py/tuple": [0.6666666666666667, 65]}, {"py/tuple": [0.7976190476190477, 165]}, {"py/tuple": [0.8, 91]}, {"py/tuple": [0.7636363636363637, 683]}, {"py/tuple": [0.875, 125]}, {"py/tuple": [0, 18]}, {"py/tuple": [0.7241379310344828, 516]}, {"py/tuple": [0, 236]}, {"py/tuple": [0.78125, 91]}, {"py/tuple": [0.74, 137]}, {"py/tuple": [0.9, 95]}, {"py/tuple": [0.75, 137]}, {"py/tuple": [0.7636363636363637, 533]}, {"py/tuple": [0.7636363636363637, 543]}, {"py/tuple": [0.962962962962963, 171]}, {"py/tuple": [0.6190476190476191, 200]}, {"py/tuple": [0.375, 50]}, {"py/tuple": [0.5, 30]}, {"py/tuple": [1.0, 25]}, {"py/tuple": [0.8579545454545454, 221]}, {"py/tuple": [0.8571428571428572, 129]}, {"py/tuple": [1.0, 77]}, {"py/tuple": [0.7636363636363637, 953]}, {"py/tuple": [0.75, 137]}, {"py/tuple": [0.7636363636363637, 533]}, {"py/tuple": [0.9666666666666667, 199]}, {"py/tuple": [0.85, 71]}, {"py/tuple": [0.0, 28]}, {"py/tuple": [0.825, 301]}]}, "CBAMU": {"py/object": "Statistics.InterestingStatistics", "classValues": [{"py/tuple": [0.05, 74]}, {"py/tuple": [0.25, 60]}, {"py/tuple": [0.075, 207]}, {"py/tuple": [0.0, 26]}, {"py/tuple": [0.12727272727272726, 883]}, {"py/tuple": [0.125, 58]}, {"py/tuple": [0.0, 3]}, {"py/tuple": [0.05357142857142857, 82]}, {"py/tuple": [0.16666666666666666, 282]}, {"py/tuple": [0.0, 73]}, {"py/tuple": [0.02976190476190476, 73]}, {"py/tuple": [0.0, 36]}, {"py/tuple": [0.0, 100]}, {"py/tuple": [0.028280542986425343, 278]}, {"py/tuple": [0.5, 27]}, {"py/tuple": [0.5, 12]}, {"py/tuple": [0.0, 107]}, {"py/tuple": [0.1488095238095238, 285]}, {"py/tuple": [0.0, 4]}, {"py/tuple": [0.2976190476190476, 158]}, {"py/tuple": [0.08333333333333333, 34]}, {"py/tuple": [0.0, 73]}, {"py/tuple": [0.06324110671936758, 221]}, {"py/tuple": [0.12727272727272726, 943]}, {"py/tuple": [0.0, 45]}, {"py/tuple": [0.041666666666666664, 48]}, {"py/tuple": [0.041666666666666664, 29]}, {"py/tuple": [0.08455882352941177, 179]}, {"py/tuple": [0.25, 26]}, {"py/tuple": [0.12727272727272726, 683]}, {"py/tuple": [0.25, 16]}, {"py/tuple": [0.16666666666666666, 65]}, {"py/tuple": [0.10119047619047619, 165]}, {"py/tuple": [0.1, 91]}, {"py/tuple": [0.12727272727272726, 683]}, {"py/tuple": [0.0625, 125]}, {"py/tuple": [0.0, 18]}, {"py/tuple": [0.14224137931034483, 516]}, {"py/tuple": [0.025, 236]}, {"py/tuple": [0.12723214285714285, 91]}, {"py/tuple": [0.13, 137]}, {"py/tuple": [0.05, 95]}, {"py/tuple": [0.125, 137]}, {"py/tuple": [0.12727272727272726, 533]}, {"py/tuple": [0.12727272727272726, 543]}, {"py/tuple": [0.018518518518518517, 171]}, {"py/tuple": [0.23809523809523808, 200]}, {"py/tuple": [0.3125, 50]}, {"py/tuple": [0.5, 30]}, {"py/tuple": [0.0, 25]}, {"py/tuple": [0.07102272727272728, 221]}, {"py/tuple": [0.07142857142857142, 129]}, {"py/tuple": [0.0, 77]}, {"py/tuple": [0.12727272727272726, 953]}, {"py/tuple": [0.125, 137]}, {"py/tuple": [0.12727272727272726, 533]}, {"py/tuple": [0.016666666666666666, 199]}, {"py/tuple": [0.075, 71]}, {"py/tuple": [0.5, 28]}, {"py/tuple": [0.2263888888888889, 301]}]}}