{"id": 14811487, "node_id": "MDEwOlJlcG9zaXRvcnkxNDgxMTQ4Nw==", "name": "sdscanner", "full_name": "jerickson314/sdscanner", "private": false, "owner": {"login": "jerickson314", "id": 2388399, "node_id": "MDQ6VXNlcjIzODgzOTk=", "avatar_url": "https://avatars.githubusercontent.com/u/2388399?v=4", "gravatar_id": "", "url": "https://api.github.com/users/jerickson314", "html_url": "https://github.com/jerickson314", "followers_url": "https://api.github.com/users/jerickson314/followers", "following_url": "https://api.github.com/users/jerickson314/following{/other_user}", "gists_url": "https://api.github.com/users/jerickson314/gists{/gist_id}", "starred_url": "https://api.github.com/users/jerickson314/starred{/owner}{/repo}", "subscriptions_url": "https://api.github.com/users/jerickson314/subscriptions", "organizations_url": "https://api.github.com/users/jerickson314/orgs", "repos_url": "https://api.github.com/users/jerickson314/repos", "events_url": "https://api.github.com/users/jerickson314/events{/privacy}", "received_events_url": "https://api.github.com/users/jerickson314/received_events", "type": "User", "site_admin": false}, "html_url": "https://github.com/jerickson314/sdscanner", "description": "SD Scanner: An app to force Android to rescan a storage medium.  Uses a method compatible with 4.4.", "fork": false, "url": "https://api.github.com/repos/jerickson314/sdscanner", "forks_url": "https://api.github.com/repos/jerickson314/sdscanner/forks", "keys_url": "https://api.github.com/repos/jerickson314/sdscanner/keys{/key_id}", "collaborators_url": "https://api.github.com/repos/jerickson314/sdscanner/collaborators{/collaborator}", "teams_url": "https://api.github.com/repos/jerickson314/sdscanner/teams", "hooks_url": "https://api.github.com/repos/jerickson314/sdscanner/hooks", "issue_events_url": "https://api.github.com/repos/jerickson314/sdscanner/issues/events{/number}", "events_url": "https://api.github.com/repos/jerickson314/sdscanner/events", "assignees_url": "https://api.github.com/repos/jerickson314/sdscanner/assignees{/user}", "branches_url": "https://api.github.com/repos/jerickson314/sdscanner/branches{/branch}", "tags_url": "https://api.github.com/repos/jerickson314/sdscanner/tags", "blobs_url": "https://api.github.com/repos/jerickson314/sdscanner/git/blobs{/sha}", "git_tags_url": "https://api.github.com/repos/jerickson314/sdscanner/git/tags{/sha}", "git_refs_url": "https://api.github.com/repos/jerickson314/sdscanner/git/refs{/sha}", "trees_url": "https://api.github.com/repos/jerickson314/sdscanner/git/trees{/sha}", "statuses_url": "https://api.github.com/repos/jerickson314/sdscanner/statuses/{sha}", "languages_url": "https://api.github.com/repos/jerickson314/sdscanner/languages", "stargazers_url": "https://api.github.com/repos/jerickson314/sdscanner/stargazers", "contributors_url": "https://api.github.com/repos/jerickson314/sdscanner/contributors", "subscribers_url": "https://api.github.com/repos/jerickson314/sdscanner/subscribers", "subscription_url": "https://api.github.com/repos/jerickson314/sdscanner/subscription", "commits_url": "https://api.github.com/repos/jerickson314/sdscanner/commits{/sha}", "git_commits_url": "https://api.github.com/repos/jerickson314/sdscanner/git/commits{/sha}", "comments_url": "https://api.github.com/repos/jerickson314/sdscanner/comments{/number}", "issue_comment_url": "https://api.github.com/repos/jerickson314/sdscanner/issues/comments{/number}", "contents_url": "https://api.github.com/repos/jerickson314/sdscanner/contents/{+path}", "compare_url": "https://api.github.com/repos/jerickson314/sdscanner/compare/{base}...{head}", "merges_url": "https://api.github.com/repos/jerickson314/sdscanner/merges", "archive_url": "https://api.github.com/repos/jerickson314/sdscanner/{archive_format}{/ref}", "downloads_url": "https://api.github.com/repos/jerickson314/sdscanner/downloads", "issues_url": "https://api.github.com/repos/jerickson314/sdscanner/issues{/number}", "pulls_url": "https://api.github.com/repos/jerickson314/sdscanner/pulls{/number}", "milestones_url": "https://api.github.com/repos/jerickson314/sdscanner/milestones{/number}", "notifications_url": "https://api.github.com/repos/jerickson314/sdscanner/notifications{?since,all,participating}", "labels_url": "https://api.github.com/repos/jerickson314/sdscanner/labels{/name}", "releases_url": "https://api.github.com/repos/jerickson314/sdscanner/releases{/id}", "deployments_url": "https://api.github.com/repos/jerickson314/sdscanner/deployments", "created_at": "2013-11-29T22:43:54Z", "updated_at": "2021-10-06T21:15:51Z", "pushed_at": "2017-08-25T19:17:24Z", "git_url": "git://github.com/jerickson314/sdscanner.git", "ssh_url": "git@github.com:jerickson314/sdscanner.git", "clone_url": "https://github.com/jerickson314/sdscanner.git", "svn_url": "https://github.com/jerickson314/sdscanner", "homepage": null, "size": 203, "stargazers_count": 44, "watchers_count": 44, "language": "Java", "has_issues": true, "has_projects": true, "has_downloads": true, "has_wiki": true, "has_pages": false, "forks_count": 11, "mirror_url": null, "archived": false, "disabled": false, "open_issues_count": 13, "license": {"key": "gpl-2.0", "name": "GNU General Public License v2.0", "spdx_id": "GPL-2.0", "url": "https://api.github.com/licenses/gpl-2.0", "node_id": "MDc6TGljZW5zZTg="}, "allow_forking": true, "is_template": false, "topics": [], "visibility": "public", "forks": 11, "open_issues": 13, "watchers": 44, "default_branch": "master", "score": 1.0, "__project_size": 420866, "__java_files_sizes": 25842, "__java_files_loc": 784, "contributors_url_calculated": 7, "commits_url_calculated": 39}