{"id": 13862381, "node_id": "MDEwOlJlcG9zaXRvcnkxMzg2MjM4MQ==", "name": "Telegram", "full_name": "DrKLO/Telegram", "private": false, "owner": {"login": "DrKLO", "id": 69369, "node_id": "MDQ6VXNlcjY5MzY5", "avatar_url": "https://avatars.githubusercontent.com/u/69369?v=4", "gravatar_id": "", "url": "https://api.github.com/users/DrKLO", "html_url": "https://github.com/DrKLO", "followers_url": "https://api.github.com/users/DrKLO/followers", "following_url": "https://api.github.com/users/DrKLO/following{/other_user}", "gists_url": "https://api.github.com/users/DrKLO/gists{/gist_id}", "starred_url": "https://api.github.com/users/DrKLO/starred{/owner}{/repo}", "subscriptions_url": "https://api.github.com/users/DrKLO/subscriptions", "organizations_url": "https://api.github.com/users/DrKLO/orgs", "repos_url": "https://api.github.com/users/DrKLO/repos", "events_url": "https://api.github.com/users/DrKLO/events{/privacy}", "received_events_url": "https://api.github.com/users/DrKLO/received_events", "type": "User", "site_admin": false}, "html_url": "https://github.com/DrKLO/Telegram", "description": "Telegram for Android source", "fork": false, "url": "https://api.github.com/repos/DrKLO/Telegram", "forks_url": "https://api.github.com/repos/DrKLO/Telegram/forks", "keys_url": "https://api.github.com/repos/DrKLO/Telegram/keys{/key_id}", "collaborators_url": "https://api.github.com/repos/DrKLO/Telegram/collaborators{/collaborator}", "teams_url": "https://api.github.com/repos/DrKLO/Telegram/teams", "hooks_url": "https://api.github.com/repos/DrKLO/Telegram/hooks", "issue_events_url": "https://api.github.com/repos/DrKLO/Telegram/issues/events{/number}", "events_url": "https://api.github.com/repos/DrKLO/Telegram/events", "assignees_url": "https://api.github.com/repos/DrKLO/Telegram/assignees{/user}", "branches_url": "https://api.github.com/repos/DrKLO/Telegram/branches{/branch}", "tags_url": "https://api.github.com/repos/DrKLO/Telegram/tags", "blobs_url": "https://api.github.com/repos/DrKLO/Telegram/git/blobs{/sha}", "git_tags_url": "https://api.github.com/repos/DrKLO/Telegram/git/tags{/sha}", "git_refs_url": "https://api.github.com/repos/DrKLO/Telegram/git/refs{/sha}", "trees_url": "https://api.github.com/repos/DrKLO/Telegram/git/trees{/sha}", "statuses_url": "https://api.github.com/repos/DrKLO/Telegram/statuses/{sha}", "languages_url": "https://api.github.com/repos/DrKLO/Telegram/languages", "stargazers_url": "https://api.github.com/repos/DrKLO/Telegram/stargazers", "contributors_url": "https://api.github.com/repos/DrKLO/Telegram/contributors", "subscribers_url": "https://api.github.com/repos/DrKLO/Telegram/subscribers", "subscription_url": "https://api.github.com/repos/DrKLO/Telegram/subscription", "commits_url": "https://api.github.com/repos/DrKLO/Telegram/commits{/sha}", "git_commits_url": "https://api.github.com/repos/DrKLO/Telegram/git/commits{/sha}", "comments_url": "https://api.github.com/repos/DrKLO/Telegram/comments{/number}", "issue_comment_url": "https://api.github.com/repos/DrKLO/Telegram/issues/comments{/number}", "contents_url": "https://api.github.com/repos/DrKLO/Telegram/contents/{+path}", "compare_url": "https://api.github.com/repos/DrKLO/Telegram/compare/{base}...{head}", "merges_url": "https://api.github.com/repos/DrKLO/Telegram/merges", "archive_url": "https://api.github.com/repos/DrKLO/Telegram/{archive_format}{/ref}", "downloads_url": "https://api.github.com/repos/DrKLO/Telegram/downloads", "issues_url": "https://api.github.com/repos/DrKLO/Telegram/issues{/number}", "pulls_url": "https://api.github.com/repos/DrKLO/Telegram/pulls{/number}", "milestones_url": "https://api.github.com/repos/DrKLO/Telegram/milestones{/number}", "notifications_url": "https://api.github.com/repos/DrKLO/Telegram/notifications{?since,all,participating}", "labels_url": "https://api.github.com/repos/DrKLO/Telegram/labels{/name}", "releases_url": "https://api.github.com/repos/DrKLO/Telegram/releases{/id}", "deployments_url": "https://api.github.com/repos/DrKLO/Telegram/deployments", "created_at": "2013-10-25T14:08:10Z", "updated_at": "2021-12-15T14:28:04Z", "pushed_at": "2021-12-11T08:39:26Z", "git_url": "git://github.com/DrKLO/Telegram.git", "ssh_url": "git@github.com:DrKLO/Telegram.git", "clone_url": "https://github.com/DrKLO/Telegram.git", "svn_url": "https://github.com/DrKLO/Telegram", "homepage": null, "size": 315136, "stargazers_count": 18823, "watchers_count": 18823, "language": "Java", "has_issues": false, "has_projects": true, "has_downloads": true, "has_wiki": false, "has_pages": false, "forks_count": 6525, "mirror_url": null, "archived": false, "disabled": false, "open_issues_count": 478, "license": {"key": "gpl-2.0", "name": "GNU General Public License v2.0", "spdx_id": "GPL-2.0", "url": "https://api.github.com/licenses/gpl-2.0", "node_id": "MDc6TGljZW5zZTg="}, "allow_forking": true, "is_template": false, "topics": ["telegram"], "visibility": "public", "forks": 6525, "open_issues": 478, "watchers": 18823, "default_branch": "master", "score": 1.0, "__project_size": 629931948, "__java_files_sizes": 38461817, "__java_files_loc": 868207, "contributors_url_calculated": 14, "commits_url_calculated": 447}