{"id": 11591159, "node_id": "MDEwOlJlcG9zaXRvcnkxMTU5MTE1OQ==", "name": "AirPirate", "full_name": "gat3way/AirPirate", "private": false, "owner": {"login": "gat3way", "id": 2312523, "node_id": "MDQ6VXNlcjIzMTI1MjM=", "avatar_url": "https://avatars.githubusercontent.com/u/2312523?v=4", "gravatar_id": "", "url": "https://api.github.com/users/gat3way", "html_url": "https://github.com/gat3way", "followers_url": "https://api.github.com/users/gat3way/followers", "following_url": "https://api.github.com/users/gat3way/following{/other_user}", "gists_url": "https://api.github.com/users/gat3way/gists{/gist_id}", "starred_url": "https://api.github.com/users/gat3way/starred{/owner}{/repo}", "subscriptions_url": "https://api.github.com/users/gat3way/subscriptions", "organizations_url": "https://api.github.com/users/gat3way/orgs", "repos_url": "https://api.github.com/users/gat3way/repos", "events_url": "https://api.github.com/users/gat3way/events{/privacy}", "received_events_url": "https://api.github.com/users/gat3way/received_events", "type": "User", "site_admin": false}, "html_url": "https://github.com/gat3way/AirPirate", "description": "Android 802.11 pentesting tool", "fork": false, "url": "https://api.github.com/repos/gat3way/AirPirate", "forks_url": "https://api.github.com/repos/gat3way/AirPirate/forks", "keys_url": "https://api.github.com/repos/gat3way/AirPirate/keys{/key_id}", "collaborators_url": "https://api.github.com/repos/gat3way/AirPirate/collaborators{/collaborator}", "teams_url": "https://api.github.com/repos/gat3way/AirPirate/teams", "hooks_url": "https://api.github.com/repos/gat3way/AirPirate/hooks", "issue_events_url": "https://api.github.com/repos/gat3way/AirPirate/issues/events{/number}", "events_url": "https://api.github.com/repos/gat3way/AirPirate/events", "assignees_url": "https://api.github.com/repos/gat3way/AirPirate/assignees{/user}", "branches_url": "https://api.github.com/repos/gat3way/AirPirate/branches{/branch}", "tags_url": "https://api.github.com/repos/gat3way/AirPirate/tags", "blobs_url": "https://api.github.com/repos/gat3way/AirPirate/git/blobs{/sha}", "git_tags_url": "https://api.github.com/repos/gat3way/AirPirate/git/tags{/sha}", "git_refs_url": "https://api.github.com/repos/gat3way/AirPirate/git/refs{/sha}", "trees_url": "https://api.github.com/repos/gat3way/AirPirate/git/trees{/sha}", "statuses_url": "https://api.github.com/repos/gat3way/AirPirate/statuses/{sha}", "languages_url": "https://api.github.com/repos/gat3way/AirPirate/languages", "stargazers_url": "https://api.github.com/repos/gat3way/AirPirate/stargazers", "contributors_url": "https://api.github.com/repos/gat3way/AirPirate/contributors", "subscribers_url": "https://api.github.com/repos/gat3way/AirPirate/subscribers", "subscription_url": "https://api.github.com/repos/gat3way/AirPirate/subscription", "commits_url": "https://api.github.com/repos/gat3way/AirPirate/commits{/sha}", "git_commits_url": "https://api.github.com/repos/gat3way/AirPirate/git/commits{/sha}", "comments_url": "https://api.github.com/repos/gat3way/AirPirate/comments{/number}", "issue_comment_url": "https://api.github.com/repos/gat3way/AirPirate/issues/comments{/number}", "contents_url": "https://api.github.com/repos/gat3way/AirPirate/contents/{+path}", "compare_url": "https://api.github.com/repos/gat3way/AirPirate/compare/{base}...{head}", "merges_url": "https://api.github.com/repos/gat3way/AirPirate/merges", "archive_url": "https://api.github.com/repos/gat3way/AirPirate/{archive_format}{/ref}", "downloads_url": "https://api.github.com/repos/gat3way/AirPirate/downloads", "issues_url": "https://api.github.com/repos/gat3way/AirPirate/issues{/number}", "pulls_url": "https://api.github.com/repos/gat3way/AirPirate/pulls{/number}", "milestones_url": "https://api.github.com/repos/gat3way/AirPirate/milestones{/number}", "notifications_url": "https://api.github.com/repos/gat3way/AirPirate/notifications{?since,all,participating}", "labels_url": "https://api.github.com/repos/gat3way/AirPirate/labels{/name}", "releases_url": "https://api.github.com/repos/gat3way/AirPirate/releases{/id}", "deployments_url": "https://api.github.com/repos/gat3way/AirPirate/deployments", "created_at": "2013-07-22T20:05:00Z", "updated_at": "2022-02-12T03:31:25Z", "pushed_at": "2014-05-03T21:08:12Z", "git_url": "git://github.com/gat3way/AirPirate.git", "ssh_url": "git@github.com:gat3way/AirPirate.git", "clone_url": "https://github.com/gat3way/AirPirate.git", "svn_url": "https://github.com/gat3way/AirPirate", "homepage": null, "size": 2007, "stargazers_count": 68, "watchers_count": 68, "language": "Java", "has_issues": true, "has_projects": true, "has_downloads": true, "has_wiki": true, "has_pages": false, "forks_count": 27, "mirror_url": null, "archived": false, "disabled": false, "open_issues_count": 5, "license": null, "allow_forking": true, "is_template": false, "topics": [], "visibility": "public", "forks": 27, "open_issues": 5, "watchers": 68, "default_branch": "master", "score": 1.0, "__project_size": 5185971, "__java_files_sizes": 156061, "__java_files_loc": 5747, "contributors_url_calculated": 1, "commits_url_calculated": 15}