{"SCOM": {"py/object": "Statistics.InterestingStatistics", "classValues": [{"py/tuple": [1.0, 10]}, {"py/tuple": [0.07476190476190471, 414]}, {"py/tuple": [1, 1]}, {"py/tuple": [0.007792207792207792, 352]}, {"py/tuple": [0.0, 42]}, {"py/tuple": [0.02727272727272727, 186]}, {"py/tuple": [0.07222222222222222, 155]}, {"py/tuple": [0.16000000000000003, 55]}, {"py/tuple": [0.03787878787878788, 203]}, {"py/tuple": [0.16540404040404025, 254]}, {"py/tuple": [1, 68]}, {"py/tuple": [0.0033102699769366425, 2662]}, {"py/tuple": [0.075, 56]}, {"py/tuple": [0.0, 46]}, {"py/tuple": [0.03333333333333333, 53]}, {"py/tuple": [0.0, 31]}, {"py/tuple": [0.0, 29]}, {"py/tuple": [0.005273833671399592, 731]}, {"py/tuple": [1, 40]}, {"py/tuple": [1, 0]}, {"py/tuple": [1, 8]}, {"py/tuple": [1, 1]}, {"py/tuple": [1, 7]}, {"py/tuple": [1, 4]}, {"py/tuple": [1, 1]}, {"py/tuple": [1, 3]}, {"py/tuple": [1, 26]}, {"py/tuple": [0.0, 43]}, {"py/tuple": [1, 1]}]}, "LSCC": {"py/object": "Statistics.InterestingStatistics", "classValues": [{"py/tuple": [1.0, 10]}, {"py/tuple": [0.031746031746031744, 414]}, {"py/tuple": [1, 1]}, {"py/tuple": [0.0012987012987012987, 352]}, {"py/tuple": [0, 42]}, {"py/tuple": [0.00909090909090909, 186]}, {"py/tuple": [0.03333333333333333, 155]}, {"py/tuple": [0.04, 55]}, {"py/tuple": [0.015151515151515152, 203]}, {"py/tuple": [0.07034632034632035, 254]}, {"py/tuple": [1, 68]}, {"py/tuple": [0.0009768009768009768, 2662]}, {"py/tuple": [0.025, 56]}, {"py/tuple": [0.0, 46]}, {"py/tuple": [0.03333333333333333, 53]}, {"py/tuple": [0.0, 31]}, {"py/tuple": [0.0, 29]}, {"py/tuple": [0.002839756592292089, 731]}, {"py/tuple": [1, 40]}, {"py/tuple": [1, 0]}, {"py/tuple": [1, 8]}, {"py/tuple": [1, 1]}, {"py/tuple": [1, 7]}, {"py/tuple": [1, 4]}, {"py/tuple": [1, 1]}, {"py/tuple": [1, 3]}, {"py/tuple": [1, 26]}, {"py/tuple": [0.0, 43]}, {"py/tuple": [1, 1]}]}, "CC": {"py/object": "Statistics.InterestingStatistics", "classValues": [{"py/tuple": [1.0, 10]}, {"py/tuple": [0.20062358276643988, 414]}, {"py/tuple": [1, 1]}, {"py/tuple": [0.0017779839208410637, 352]}, {"py/tuple": [1, 42]}, {"py/tuple": [0.012121212121212121, 186]}, {"py/tuple": [0.05185185185185184, 155]}, {"py/tuple": [0.05, 55]}, {"py/tuple": [0.030303030303030304, 203]}, {"py/tuple": [0.283022533022533, 254]}, {"py/tuple": [1, 68]}, {"py/tuple": [0.01203703703703704, 2662]}, {"py/tuple": [0.03333333333333333, 56]}, {"py/tuple": [0.0, 46]}, {"py/tuple": [0.06666666666666667, 53]}, {"py/tuple": [0.0, 31]}, {"py/tuple": [0.0, 29]}, {"py/tuple": [0.03793103448275862, 731]}, {"py/tuple": [1, 40]}, {"py/tuple": [1, 0]}, {"py/tuple": [1, 8]}, {"py/tuple": [1, 1]}, {"py/tuple": [1, 7]}, {"py/tuple": [1, 4]}, {"py/tuple": [1, 1]}, {"py/tuple": [1, 3]}, {"py/tuple": [1, 26]}, {"py/tuple": [0.0, 43]}, {"py/tuple": [1, 1]}]}, "LCOM5": {"py/object": "Statistics.InterestingStatistics", "classValues": [{"py/tuple": [0.0, 10]}, {"py/tuple": [0.8952380952380953, 414]}, {"py/tuple": [0, 1]}, {"py/tuple": [0.9454545454545454, 352]}, {"py/tuple": [0, 42]}, {"py/tuple": [0.8863636363636364, 186]}, {"py/tuple": [0.825, 155]}, {"py/tuple": [0.7333333333333334, 55]}, {"py/tuple": [0.875, 203]}, {"py/tuple": [0.8095238095238095, 254]}, {"py/tuple": [0, 68]}, {"py/tuple": [0.9850427350427351, 2662]}, {"py/tuple": [0.75, 56]}, {"py/tuple": [0.875, 46]}, {"py/tuple": [0.8333333333333334, 53]}, {"py/tuple": [0.6666666666666667, 31]}, {"py/tuple": [0.5625, 29]}, {"py/tuple": [0.9764705882352941, 731]}, {"py/tuple": [0.65, 40]}, {"py/tuple": [0, 0]}, {"py/tuple": [0, 8]}, {"py/tuple": [0, 1]}, {"py/tuple": [0, 7]}, {"py/tuple": [0, 4]}, {"py/tuple": [0, 1]}, {"py/tuple": [0, 3]}, {"py/tuple": [0, 26]}, {"py/tuple": [0.6666666666666667, 43]}, {"py/tuple": [0, 1]}]}, "CBAMU": {"py/object": "Statistics.InterestingStatistics", "classValues": [{"py/tuple": [0.5, 10]}, {"py/tuple": [0.053571428571428575, 414]}, {"py/tuple": [0.0, 1]}, {"py/tuple": [0.03051948051948052, 352]}, {"py/tuple": [0.0, 42]}, {"py/tuple": [0.06136363636363636, 186]}, {"py/tuple": [0.09305555555555554, 155]}, {"py/tuple": [0.13333333333333333, 55]}, {"py/tuple": [0.06628787878787878, 203]}, {"py/tuple": [0.09523809523809523, 254]}, {"py/tuple": [0.0, 68]}, {"py/tuple": [0.05747863247863248, 2662]}, {"py/tuple": [0.125, 56]}, {"py/tuple": [0.0625, 46]}, {"py/tuple": [0.08333333333333333, 53]}, {"py/tuple": [0.16666666666666666, 31]}, {"py/tuple": [0.21875, 29]}, {"py/tuple": [0.012914131169709263, 731]}, {"py/tuple": [0.175, 40]}, {"py/tuple": [0.0, 0]}, {"py/tuple": [0.0, 8]}, {"py/tuple": [0.0, 1]}, {"py/tuple": [0.0, 7]}, {"py/tuple": [0.0, 4]}, {"py/tuple": [0.0, 1]}, {"py/tuple": [0.0, 3]}, {"py/tuple": [0.0, 26]}, {"py/tuple": [0.16666666666666666, 43]}, {"py/tuple": [0.0, 1]}]}}