{"SCOM": {"py/object": "Statistics.InterestingStatistics", "classValues": [{"py/tuple": [1, 2]}, {"py/tuple": [1.0, 28]}, {"py/tuple": [1, 1]}, {"py/tuple": [1, 24]}, {"py/tuple": [1, 3]}, {"py/tuple": [0.1, 43]}, {"py/tuple": [0.0, 13]}, {"py/tuple": [1, 3]}, {"py/tuple": [1, 23]}, {"py/tuple": [1, 5]}, {"py/tuple": [1, 43]}, {"py/tuple": [1, 52]}, {"py/tuple": [0.0, 8]}, {"py/tuple": [0.3333333333333333, 15]}, {"py/tuple": [0.09999999999999999, 73]}, {"py/tuple": [0.0, 26]}, {"py/tuple": [0.0, 10]}, {"py/tuple": [0.0, 33]}, {"py/tuple": [0.0, 15]}, {"py/tuple": [1, 5]}, {"py/tuple": [1.0, 17]}, {"py/tuple": [0.0, 9]}, {"py/tuple": [1, 4]}, {"py/tuple": [1.0, 11]}, {"py/tuple": [1, 10]}, {"py/tuple": [0.16666666666666666, 31]}, {"py/tuple": [1, 33]}, {"py/tuple": [1, 44]}, {"py/tuple": [0.0, 36]}, {"py/tuple": [0.0, 86]}, {"py/tuple": [1, 4]}, {"py/tuple": [1, 23]}, {"py/tuple": [1, 10]}, {"py/tuple": [1, 42]}, {"py/tuple": [0.3333333333333333, 52]}, {"py/tuple": [0.0, 35]}, {"py/tuple": [0.0, 22]}, {"py/tuple": [0.0, 21]}, {"py/tuple": [1, 3]}, {"py/tuple": [1, 6]}, {"py/tuple": [0.0, 19]}, {"py/tuple": [0.0, 40]}, {"py/tuple": [1, 16]}, {"py/tuple": [1, 7]}, {"py/tuple": [1, 9]}, {"py/tuple": [1, 3]}, {"py/tuple": [0.16666666666666666, 143]}, {"py/tuple": [0.13333333333333333, 41]}, {"py/tuple": [1, 11]}, {"py/tuple": [0.0, 18]}, {"py/tuple": [1, 3]}, {"py/tuple": [0.0, 23]}, {"py/tuple": [1, 4]}, {"py/tuple": [1, 11]}, {"py/tuple": [1, 0]}, {"py/tuple": [1, 1]}, {"py/tuple": [0.1, 50]}, {"py/tuple": [0.0, 42]}, {"py/tuple": [1, 50]}, {"py/tuple": [0.3333333333333333, 26]}, {"py/tuple": [1.0, 9]}, {"py/tuple": [1, 131]}, {"py/tuple": [1, 18]}, {"py/tuple": [0.0, 26]}, {"py/tuple": [1.0, 19]}, {"py/tuple": [0.0, 9]}, {"py/tuple": [0.16666666666666666, 68]}, {"py/tuple": [0.0, 189]}, {"py/tuple": [0.0, 235]}, {"py/tuple": [1, 38]}, {"py/tuple": [1.0, 12]}, {"py/tuple": [0.0, 39]}, {"py/tuple": [1, 3]}, {"py/tuple": [1, 29]}, {"py/tuple": [1.0, 16]}, {"py/tuple": [0.3333333333333333, 25]}, {"py/tuple": [0.0, 7]}, {"py/tuple": [0.9333333333333333, 71]}, {"py/tuple": [0.0, 11]}, {"py/tuple": [0.0, 11]}, {"py/tuple": [1, 5]}, {"py/tuple": [0.6666666666666666, 28]}, {"py/tuple": [0.0, 102]}, {"py/tuple": [1, 11]}, {"py/tuple": [0.0, 56]}, {"py/tuple": [1, 22]}, {"py/tuple": [1, 78]}, {"py/tuple": [1, 12]}, {"py/tuple": [1, 92]}, {"py/tuple": [1, 13]}, {"py/tuple": [0.0, 88]}, {"py/tuple": [0.0, 60]}, {"py/tuple": [1, 52]}, {"py/tuple": [1, 3]}, {"py/tuple": [1, 18]}, {"py/tuple": [1, 1]}, {"py/tuple": [0.0, 18]}, {"py/tuple": [1, 16]}, {"py/tuple": [1, 11]}, {"py/tuple": [1, 13]}, {"py/tuple": [0.8333333333333334, 26]}]}, "LSCC": {"py/object": "Statistics.InterestingStatistics", "classValues": [{"py/tuple": [1, 2]}, {"py/tuple": [0.6666666666666666, 28]}, {"py/tuple": [1, 1]}, {"py/tuple": [1, 24]}, {"py/tuple": [1, 3]}, {"py/tuple": [0.05, 43]}, {"py/tuple": [0.0, 13]}, {"py/tuple": [1, 3]}, {"py/tuple": [1, 23]}, {"py/tuple": [1, 5]}, {"py/tuple": [1, 43]}, {"py/tuple": [1, 52]}, {"py/tuple": [0, 8]}, {"py/tuple": [0.3333333333333333, 15]}, {"py/tuple": [0.03333333333333333, 73]}, {"py/tuple": [0.0, 26]}, {"py/tuple": [0.0, 10]}, {"py/tuple": [0, 33]}, {"py/tuple": [0.0, 15]}, {"py/tuple": [1, 5]}, {"py/tuple": [1.0, 17]}, {"py/tuple": [0, 9]}, {"py/tuple": [1, 4]}, {"py/tuple": [1.0, 11]}, {"py/tuple": [1, 10]}, {"py/tuple": [0.08333333333333333, 31]}, {"py/tuple": [1, 33]}, {"py/tuple": [1, 44]}, {"py/tuple": [0, 36]}, {"py/tuple": [0, 86]}, {"py/tuple": [1, 4]}, {"py/tuple": [1, 23]}, {"py/tuple": [1, 10]}, {"py/tuple": [1, 42]}, {"py/tuple": [0.2222222222222222, 52]}, {"py/tuple": [0.0, 35]}, {"py/tuple": [0, 22]}, {"py/tuple": [0, 21]}, {"py/tuple": [1, 3]}, {"py/tuple": [1, 6]}, {"py/tuple": [0, 19]}, {"py/tuple": [0, 40]}, {"py/tuple": [1, 16]}, {"py/tuple": [1, 7]}, {"py/tuple": [1, 9]}, {"py/tuple": [1, 3]}, {"py/tuple": [0.05555555555555555, 143]}, {"py/tuple": [0.06666666666666667, 41]}, {"py/tuple": [1, 11]}, {"py/tuple": [0, 18]}, {"py/tuple": [1, 3]}, {"py/tuple": [0.0, 23]}, {"py/tuple": [1, 4]}, {"py/tuple": [1, 11]}, {"py/tuple": [1, 0]}, {"py/tuple": [1, 1]}, {"py/tuple": [0.05, 50]}, {"py/tuple": [0.0, 42]}, {"py/tuple": [1, 50]}, {"py/tuple": [0.3333333333333333, 26]}, {"py/tuple": [1.0, 9]}, {"py/tuple": [1, 131]}, {"py/tuple": [1, 18]}, {"py/tuple": [0.0, 26]}, {"py/tuple": [1.0, 19]}, {"py/tuple": [0.0, 9]}, {"py/tuple": [0.16666666666666666, 68]}, {"py/tuple": [0.0, 189]}, {"py/tuple": [0.0, 235]}, {"py/tuple": [1, 38]}, {"py/tuple": [1.0, 12]}, {"py/tuple": [0.0, 39]}, {"py/tuple": [1, 3]}, {"py/tuple": [1, 29]}, {"py/tuple": [1.0, 16]}, {"py/tuple": [0.3333333333333333, 25]}, {"py/tuple": [0, 7]}, {"py/tuple": [0.6666666666666666, 71]}, {"py/tuple": [0.0, 11]}, {"py/tuple": [0, 11]}, {"py/tuple": [1, 5]}, {"py/tuple": [0.3333333333333333, 28]}, {"py/tuple": [0.0, 102]}, {"py/tuple": [1, 11]}, {"py/tuple": [0, 56]}, {"py/tuple": [1, 22]}, {"py/tuple": [1, 78]}, {"py/tuple": [1, 12]}, {"py/tuple": [1, 92]}, {"py/tuple": [1, 13]}, {"py/tuple": [0, 88]}, {"py/tuple": [0, 60]}, {"py/tuple": [1, 52]}, {"py/tuple": [1, 3]}, {"py/tuple": [1, 18]}, {"py/tuple": [1, 1]}, {"py/tuple": [0, 18]}, {"py/tuple": [1, 16]}, {"py/tuple": [1, 11]}, {"py/tuple": [1, 13]}, {"py/tuple": [0.5, 26]}]}, "CC": {"py/object": "Statistics.InterestingStatistics", "classValues": [{"py/tuple": [1, 2]}, {"py/tuple": [0.6666666666666666, 28]}, {"py/tuple": [1, 1]}, {"py/tuple": [1, 24]}, {"py/tuple": [1, 3]}, {"py/tuple": [0.05, 43]}, {"py/tuple": [0.0, 13]}, {"py/tuple": [1, 3]}, {"py/tuple": [1, 23]}, {"py/tuple": [1, 5]}, {"py/tuple": [1, 43]}, {"py/tuple": [1, 52]}, {"py/tuple": [1, 8]}, {"py/tuple": [0.3333333333333333, 15]}, {"py/tuple": [0.05555555555555555, 73]}, {"py/tuple": [0.0, 26]}, {"py/tuple": [0.0, 10]}, {"py/tuple": [1, 33]}, {"py/tuple": [0.0, 15]}, {"py/tuple": [1, 5]}, {"py/tuple": [1.0, 17]}, {"py/tuple": [1, 9]}, {"py/tuple": [1, 4]}, {"py/tuple": [1.0, 11]}, {"py/tuple": [1, 10]}, {"py/tuple": [0.08333333333333333, 31]}, {"py/tuple": [1, 33]}, {"py/tuple": [1, 44]}, {"py/tuple": [1, 36]}, {"py/tuple": [1, 86]}, {"py/tuple": [1, 4]}, {"py/tuple": [1, 23]}, {"py/tuple": [1, 10]}, {"py/tuple": [1, 42]}, {"py/tuple": [0.2222222222222222, 52]}, {"py/tuple": [0.0, 35]}, {"py/tuple": [1, 22]}, {"py/tuple": [1, 21]}, {"py/tuple": [1, 3]}, {"py/tuple": [1, 6]}, {"py/tuple": [1, 19]}, {"py/tuple": [1, 40]}, {"py/tuple": [1, 16]}, {"py/tuple": [1, 7]}, {"py/tuple": [1, 9]}, {"py/tuple": [1, 3]}, {"py/tuple": [0.05555555555555555, 143]}, {"py/tuple": [0.16666666666666666, 41]}, {"py/tuple": [1, 11]}, {"py/tuple": [1, 18]}, {"py/tuple": [1, 3]}, {"py/tuple": [0.0, 23]}, {"py/tuple": [1, 4]}, {"py/tuple": [1, 11]}, {"py/tuple": [1, 0]}, {"py/tuple": [1, 1]}, {"py/tuple": [0.05, 50]}, {"py/tuple": [0.0, 42]}, {"py/tuple": [1, 50]}, {"py/tuple": [0.3333333333333333, 26]}, {"py/tuple": [1.0, 9]}, {"py/tuple": [1, 131]}, {"py/tuple": [1, 18]}, {"py/tuple": [0.0, 26]}, {"py/tuple": [1.0, 19]}, {"py/tuple": [0.0, 9]}, {"py/tuple": [0.3333333333333333, 68]}, {"py/tuple": [0.0, 189]}, {"py/tuple": [0.0, 235]}, {"py/tuple": [1, 38]}, {"py/tuple": [1.0, 12]}, {"py/tuple": [0.0, 39]}, {"py/tuple": [1, 3]}, {"py/tuple": [1, 29]}, {"py/tuple": [1.0, 16]}, {"py/tuple": [1.0, 25]}, {"py/tuple": [1, 7]}, {"py/tuple": [0.6666666666666667, 71]}, {"py/tuple": [0.0, 11]}, {"py/tuple": [1, 11]}, {"py/tuple": [1, 5]}, {"py/tuple": [0.3333333333333333, 28]}, {"py/tuple": [0.0, 102]}, {"py/tuple": [1, 11]}, {"py/tuple": [1, 56]}, {"py/tuple": [1, 22]}, {"py/tuple": [1, 78]}, {"py/tuple": [1, 12]}, {"py/tuple": [1, 92]}, {"py/tuple": [1, 13]}, {"py/tuple": [1, 88]}, {"py/tuple": [1, 60]}, {"py/tuple": [1, 52]}, {"py/tuple": [1, 3]}, {"py/tuple": [1, 18]}, {"py/tuple": [1, 1]}, {"py/tuple": [1, 18]}, {"py/tuple": [1, 16]}, {"py/tuple": [1, 11]}, {"py/tuple": [1, 13]}, {"py/tuple": [0.5, 26]}]}, "LCOM5": {"py/object": "Statistics.InterestingStatistics", "classValues": [{"py/tuple": [0, 2]}, {"py/tuple": [0.16666666666666663, 28]}, {"py/tuple": [0, 1]}, {"py/tuple": [1.0, 24]}, {"py/tuple": [0, 3]}, {"py/tuple": [0.7, 43]}, {"py/tuple": [1.0, 13]}, {"py/tuple": [0, 3]}, {"py/tuple": [0, 23]}, {"py/tuple": [0.5, 5]}, {"py/tuple": [0.0, 43]}, {"py/tuple": [0, 52]}, {"py/tuple": [0, 8]}, {"py/tuple": [0.33333333333333337, 15]}, {"py/tuple": [0.75, 73]}, {"py/tuple": [0.875, 26]}, {"py/tuple": [0.5, 10]}, {"py/tuple": [0, 33]}, {"py/tuple": [0.6666666666666667, 15]}, {"py/tuple": [0, 5]}, {"py/tuple": [0.0, 17]}, {"py/tuple": [0, 9]}, {"py/tuple": [0, 4]}, {"py/tuple": [0.0, 11]}, {"py/tuple": [0, 10]}, {"py/tuple": [0.625, 31]}, {"py/tuple": [0.25, 33]}, {"py/tuple": [0, 44]}, {"py/tuple": [0, 36]}, {"py/tuple": [0, 86]}, {"py/tuple": [0, 4]}, {"py/tuple": [1.0, 23]}, {"py/tuple": [0.0, 10]}, {"py/tuple": [0, 42]}, {"py/tuple": [0.4444444444444444, 52]}, {"py/tuple": [0.5, 35]}, {"py/tuple": [0, 22]}, {"py/tuple": [0, 21]}, {"py/tuple": [0, 3]}, {"py/tuple": [0, 6]}, {"py/tuple": [0, 19]}, {"py/tuple": [0, 40]}, {"py/tuple": [0, 16]}, {"py/tuple": [0, 7]}, {"py/tuple": [0, 9]}, {"py/tuple": [0, 3]}, {"py/tuple": [0.6666666666666667, 143]}, {"py/tuple": [0.8, 41]}, {"py/tuple": [0, 11]}, {"py/tuple": [0, 18]}, {"py/tuple": [0, 3]}, {"py/tuple": [1.0, 23]}, {"py/tuple": [0, 4]}, {"py/tuple": [0, 11]}, {"py/tuple": [0, 0]}, {"py/tuple": [0, 1]}, {"py/tuple": [0.7, 50]}, {"py/tuple": [0.5, 42]}, {"py/tuple": [0.0, 50]}, {"py/tuple": [0.33333333333333337, 26]}, {"py/tuple": [0.0, 9]}, {"py/tuple": [0.33333333333333337, 131]}, {"py/tuple": [0, 18]}, {"py/tuple": [1.0, 26]}, {"py/tuple": [0.0, 19]}, {"py/tuple": [0.5, 9]}, {"py/tuple": [0.5, 68]}, {"py/tuple": [0.5, 189]}, {"py/tuple": [0.6666666666666667, 235]}, {"py/tuple": [1.0, 38]}, {"py/tuple": [0.0, 12]}, {"py/tuple": [0.8333333333333334, 39]}, {"py/tuple": [0, 3]}, {"py/tuple": [0, 29]}, {"py/tuple": [0.0, 16]}, {"py/tuple": [0.6666666666666667, 25]}, {"py/tuple": [0, 7]}, {"py/tuple": [0.16666666666666663, 71]}, {"py/tuple": [1.0, 11]}, {"py/tuple": [0, 11]}, {"py/tuple": [0, 5]}, {"py/tuple": [0.33333333333333337, 28]}, {"py/tuple": [1.0, 102]}, {"py/tuple": [0, 11]}, {"py/tuple": [0, 56]}, {"py/tuple": [0.0, 22]}, {"py/tuple": [0, 78]}, {"py/tuple": [0, 12]}, {"py/tuple": [0, 92]}, {"py/tuple": [0, 13]}, {"py/tuple": [0, 88]}, {"py/tuple": [0, 60]}, {"py/tuple": [0.0, 52]}, {"py/tuple": [0, 3]}, {"py/tuple": [0, 18]}, {"py/tuple": [0, 1]}, {"py/tuple": [0, 18]}, {"py/tuple": [1.0, 16]}, {"py/tuple": [0, 11]}, {"py/tuple": [0, 13]}, {"py/tuple": [0.25, 26]}]}, "CBAMU": {"py/object": "Statistics.InterestingStatistics", "classValues": [{"py/tuple": [0.0, 2]}, {"py/tuple": [0.5, 28]}, {"py/tuple": [0.0, 1]}, {"py/tuple": [0.0, 24]}, {"py/tuple": [0.0, 3]}, {"py/tuple": [0.15, 43]}, {"py/tuple": [0.25, 13]}, {"py/tuple": [0.0, 3]}, {"py/tuple": [0.0, 23]}, {"py/tuple": [0.25, 5]}, {"py/tuple": [0.5, 43]}, {"py/tuple": [0.0, 52]}, {"py/tuple": [0.0, 8]}, {"py/tuple": [0.3333333333333333, 15]}, {"py/tuple": [0.125, 73]}, {"py/tuple": [0.10416666666666666, 26]}, {"py/tuple": [0.25, 10]}, {"py/tuple": [0.016666666666666666, 33]}, {"py/tuple": [0.25, 15]}, {"py/tuple": [0.0, 5]}, {"py/tuple": [0.5, 17]}, {"py/tuple": [0.0, 9]}, {"py/tuple": [0.0, 4]}, {"py/tuple": [0.5, 11]}, {"py/tuple": [0.0, 10]}, {"py/tuple": [0.1875, 31]}, {"py/tuple": [0.375, 33]}, {"py/tuple": [0.0, 44]}, {"py/tuple": [0.25, 36]}, {"py/tuple": [0.25, 86]}, {"py/tuple": [0.0, 4]}, {"py/tuple": [0.0, 23]}, {"py/tuple": [0.5, 10]}, {"py/tuple": [0.0, 42]}, {"py/tuple": [0.3611111111111111, 52]}, {"py/tuple": [0.25, 35]}, {"py/tuple": [0.25, 22]}, {"py/tuple": [0.0, 21]}, {"py/tuple": [0.0, 3]}, {"py/tuple": [0.0, 6]}, {"py/tuple": [0.0, 19]}, {"py/tuple": [0.0, 40]}, {"py/tuple": [0.0, 16]}, {"py/tuple": [0.0, 7]}, {"py/tuple": [0.0, 9]}, {"py/tuple": [0.0, 3]}, {"py/tuple": [0.16666666666666666, 143]}, {"py/tuple": [0.1, 41]}, {"py/tuple": [0.0, 11]}, {"py/tuple": [0.0, 18]}, {"py/tuple": [0.0, 3]}, {"py/tuple": [0.25, 23]}, {"py/tuple": [0.0, 4]}, {"py/tuple": [0.0, 11]}, {"py/tuple": [0.0, 0]}, {"py/tuple": [0.0, 1]}, {"py/tuple": [0.15, 50]}, {"py/tuple": [0.25, 42]}, {"py/tuple": [0.5, 50]}, {"py/tuple": [0.3333333333333333, 26]}, {"py/tuple": [0.5, 9]}, {"py/tuple": [0.3333333333333333, 131]}, {"py/tuple": [0.0, 18]}, {"py/tuple": [0.0, 26]}, {"py/tuple": [0.5, 19]}, {"py/tuple": [0.25, 9]}, {"py/tuple": [0.25, 68]}, {"py/tuple": [0.25, 189]}, {"py/tuple": [0.16666666666666666, 235]}, {"py/tuple": [0.0, 38]}, {"py/tuple": [0.5, 12]}, {"py/tuple": [0.08333333333333333, 39]}, {"py/tuple": [0.0, 3]}, {"py/tuple": [0.0, 29]}, {"py/tuple": [0.5, 16]}, {"py/tuple": [0.16666666666666666, 25]}, {"py/tuple": [0.0, 7]}, {"py/tuple": [0.5166666666666667, 71]}, {"py/tuple": [0.0, 11]}, {"py/tuple": [0.0, 11]}, {"py/tuple": [0.0, 5]}, {"py/tuple": [0.3333333333333333, 28]}, {"py/tuple": [0.08333333333333333, 102]}, {"py/tuple": [0.0, 11]}, {"py/tuple": [0.0625, 56]}, {"py/tuple": [0.5, 22]}, {"py/tuple": [0.0, 78]}, {"py/tuple": [0.0, 12]}, {"py/tuple": [0.0, 92]}, {"py/tuple": [0.0, 13]}, {"py/tuple": [0.041666666666666664, 88]}, {"py/tuple": [0.25, 60]}, {"py/tuple": [0.5, 52]}, {"py/tuple": [0.0, 3]}, {"py/tuple": [0.0, 18]}, {"py/tuple": [0.0, 1]}, {"py/tuple": [0.0, 18]}, {"py/tuple": [0.0, 16]}, {"py/tuple": [0.0, 11]}, {"py/tuple": [0.0, 13]}, {"py/tuple": [0.4166666666666667, 26]}]}}