{"id": 18360797, "node_id": "MDEwOlJlcG9zaXRvcnkxODM2MDc5Nw==", "name": "StartPointSeekBar", "full_name": "vashisthg/StartPointSeekBar", "private": false, "owner": {"login": "vashisthg", "id": 1661780, "node_id": "MDQ6VXNlcjE2NjE3ODA=", "avatar_url": "https://avatars.githubusercontent.com/u/1661780?v=4", "gravatar_id": "", "url": "https://api.github.com/users/vashisthg", "html_url": "https://github.com/vashisthg", "followers_url": "https://api.github.com/users/vashisthg/followers", "following_url": "https://api.github.com/users/vashisthg/following{/other_user}", "gists_url": "https://api.github.com/users/vashisthg/gists{/gist_id}", "starred_url": "https://api.github.com/users/vashisthg/starred{/owner}{/repo}", "subscriptions_url": "https://api.github.com/users/vashisthg/subscriptions", "organizations_url": "https://api.github.com/users/vashisthg/orgs", "repos_url": "https://api.github.com/users/vashisthg/repos", "events_url": "https://api.github.com/users/vashisthg/events{/privacy}", "received_events_url": "https://api.github.com/users/vashisthg/received_events", "type": "User", "site_admin": false}, "html_url": "https://github.com/vashisthg/StartPointSeekBar", "description": "StartPointSeekBar is a custom view for the Android platform that makes it possible to have a SeekBar to have custom start point. ", "fork": false, "url": "https://api.github.com/repos/vashisthg/StartPointSeekBar", "forks_url": "https://api.github.com/repos/vashisthg/StartPointSeekBar/forks", "keys_url": "https://api.github.com/repos/vashisthg/StartPointSeekBar/keys{/key_id}", "collaborators_url": "https://api.github.com/repos/vashisthg/StartPointSeekBar/collaborators{/collaborator}", "teams_url": "https://api.github.com/repos/vashisthg/StartPointSeekBar/teams", "hooks_url": "https://api.github.com/repos/vashisthg/StartPointSeekBar/hooks", "issue_events_url": "https://api.github.com/repos/vashisthg/StartPointSeekBar/issues/events{/number}", "events_url": "https://api.github.com/repos/vashisthg/StartPointSeekBar/events", "assignees_url": "https://api.github.com/repos/vashisthg/StartPointSeekBar/assignees{/user}", "branches_url": "https://api.github.com/repos/vashisthg/StartPointSeekBar/branches{/branch}", "tags_url": "https://api.github.com/repos/vashisthg/StartPointSeekBar/tags", "blobs_url": "https://api.github.com/repos/vashisthg/StartPointSeekBar/git/blobs{/sha}", "git_tags_url": "https://api.github.com/repos/vashisthg/StartPointSeekBar/git/tags{/sha}", "git_refs_url": "https://api.github.com/repos/vashisthg/StartPointSeekBar/git/refs{/sha}", "trees_url": "https://api.github.com/repos/vashisthg/StartPointSeekBar/git/trees{/sha}", "statuses_url": "https://api.github.com/repos/vashisthg/StartPointSeekBar/statuses/{sha}", "languages_url": "https://api.github.com/repos/vashisthg/StartPointSeekBar/languages", "stargazers_url": "https://api.github.com/repos/vashisthg/StartPointSeekBar/stargazers", "contributors_url": "https://api.github.com/repos/vashisthg/StartPointSeekBar/contributors", "subscribers_url": "https://api.github.com/repos/vashisthg/StartPointSeekBar/subscribers", "subscription_url": "https://api.github.com/repos/vashisthg/StartPointSeekBar/subscription", "commits_url": "https://api.github.com/repos/vashisthg/StartPointSeekBar/commits{/sha}", "git_commits_url": "https://api.github.com/repos/vashisthg/StartPointSeekBar/git/commits{/sha}", "comments_url": "https://api.github.com/repos/vashisthg/StartPointSeekBar/comments{/number}", "issue_comment_url": "https://api.github.com/repos/vashisthg/StartPointSeekBar/issues/comments{/number}", "contents_url": "https://api.github.com/repos/vashisthg/StartPointSeekBar/contents/{+path}", "compare_url": "https://api.github.com/repos/vashisthg/StartPointSeekBar/compare/{base}...{head}", "merges_url": "https://api.github.com/repos/vashisthg/StartPointSeekBar/merges", "archive_url": "https://api.github.com/repos/vashisthg/StartPointSeekBar/{archive_format}{/ref}", "downloads_url": "https://api.github.com/repos/vashisthg/StartPointSeekBar/downloads", "issues_url": "https://api.github.com/repos/vashisthg/StartPointSeekBar/issues{/number}", "pulls_url": "https://api.github.com/repos/vashisthg/StartPointSeekBar/pulls{/number}", "milestones_url": "https://api.github.com/repos/vashisthg/StartPointSeekBar/milestones{/number}", "notifications_url": "https://api.github.com/repos/vashisthg/StartPointSeekBar/notifications{?since,all,participating}", "labels_url": "https://api.github.com/repos/vashisthg/StartPointSeekBar/labels{/name}", "releases_url": "https://api.github.com/repos/vashisthg/StartPointSeekBar/releases{/id}", "deployments_url": "https://api.github.com/repos/vashisthg/StartPointSeekBar/deployments", "created_at": "2014-04-02T09:13:02Z", "updated_at": "2022-01-26T14:20:37Z", "pushed_at": "2015-10-12T06:04:15Z", "git_url": "git://github.com/vashisthg/StartPointSeekBar.git", "ssh_url": "git@github.com:vashisthg/StartPointSeekBar.git", "clone_url": "https://github.com/vashisthg/StartPointSeekBar.git", "svn_url": "https://github.com/vashisthg/StartPointSeekBar", "homepage": "", "size": 325, "stargazers_count": 144, "watchers_count": 144, "language": "Java", "has_issues": true, "has_projects": true, "has_downloads": true, "has_wiki": true, "has_pages": false, "forks_count": 33, "mirror_url": null, "archived": false, "disabled": false, "open_issues_count": 5, "license": null, "allow_forking": true, "is_template": false, "topics": [], "visibility": "public", "forks": 33, "open_issues": 5, "watchers": 144, "default_branch": "master", "score": 1.0, "__project_size": 299545, "__java_files_sizes": 16907, "__java_files_loc": 471, "contributors_url_calculated": 2, "commits_url_calculated": 16}