{"id": 11074602, "node_id": "MDEwOlJlcG9zaXRvcnkxMTA3NDYwMg==", "name": "FWeather", "full_name": "frakbot/FWeather", "private": false, "owner": {"login": "frakbot", "id": 3843029, "node_id": "MDEyOk9yZ2FuaXphdGlvbjM4NDMwMjk=", "avatar_url": "https://avatars.githubusercontent.com/u/3843029?v=4", "gravatar_id": "", "url": "https://api.github.com/users/frakbot", "html_url": "https://github.com/frakbot", "followers_url": "https://api.github.com/users/frakbot/followers", "following_url": "https://api.github.com/users/frakbot/following{/other_user}", "gists_url": "https://api.github.com/users/frakbot/gists{/gist_id}", "starred_url": "https://api.github.com/users/frakbot/starred{/owner}{/repo}", "subscriptions_url": "https://api.github.com/users/frakbot/subscriptions", "organizations_url": "https://api.github.com/users/frakbot/orgs", "repos_url": "https://api.github.com/users/frakbot/repos", "events_url": "https://api.github.com/users/frakbot/events{/privacy}", "received_events_url": "https://api.github.com/users/frakbot/received_events", "type": "Organization", "site_admin": false}, "html_url": "https://github.com/frakbot/FWeather", "description": "A weather widget for Android based upon Tobias van Scheider's Authentic Weather design.", "fork": false, "url": "https://api.github.com/repos/frakbot/FWeather", "forks_url": "https://api.github.com/repos/frakbot/FWeather/forks", "keys_url": "https://api.github.com/repos/frakbot/FWeather/keys{/key_id}", "collaborators_url": "https://api.github.com/repos/frakbot/FWeather/collaborators{/collaborator}", "teams_url": "https://api.github.com/repos/frakbot/FWeather/teams", "hooks_url": "https://api.github.com/repos/frakbot/FWeather/hooks", "issue_events_url": "https://api.github.com/repos/frakbot/FWeather/issues/events{/number}", "events_url": "https://api.github.com/repos/frakbot/FWeather/events", "assignees_url": "https://api.github.com/repos/frakbot/FWeather/assignees{/user}", "branches_url": "https://api.github.com/repos/frakbot/FWeather/branches{/branch}", "tags_url": "https://api.github.com/repos/frakbot/FWeather/tags", "blobs_url": "https://api.github.com/repos/frakbot/FWeather/git/blobs{/sha}", "git_tags_url": "https://api.github.com/repos/frakbot/FWeather/git/tags{/sha}", "git_refs_url": "https://api.github.com/repos/frakbot/FWeather/git/refs{/sha}", "trees_url": "https://api.github.com/repos/frakbot/FWeather/git/trees{/sha}", "statuses_url": "https://api.github.com/repos/frakbot/FWeather/statuses/{sha}", "languages_url": "https://api.github.com/repos/frakbot/FWeather/languages", "stargazers_url": "https://api.github.com/repos/frakbot/FWeather/stargazers", "contributors_url": "https://api.github.com/repos/frakbot/FWeather/contributors", "subscribers_url": "https://api.github.com/repos/frakbot/FWeather/subscribers", "subscription_url": "https://api.github.com/repos/frakbot/FWeather/subscription", "commits_url": "https://api.github.com/repos/frakbot/FWeather/commits{/sha}", "git_commits_url": "https://api.github.com/repos/frakbot/FWeather/git/commits{/sha}", "comments_url": "https://api.github.com/repos/frakbot/FWeather/comments{/number}", "issue_comment_url": "https://api.github.com/repos/frakbot/FWeather/issues/comments{/number}", "contents_url": "https://api.github.com/repos/frakbot/FWeather/contents/{+path}", "compare_url": "https://api.github.com/repos/frakbot/FWeather/compare/{base}...{head}", "merges_url": "https://api.github.com/repos/frakbot/FWeather/merges", "archive_url": "https://api.github.com/repos/frakbot/FWeather/{archive_format}{/ref}", "downloads_url": "https://api.github.com/repos/frakbot/FWeather/downloads", "issues_url": "https://api.github.com/repos/frakbot/FWeather/issues{/number}", "pulls_url": "https://api.github.com/repos/frakbot/FWeather/pulls{/number}", "milestones_url": "https://api.github.com/repos/frakbot/FWeather/milestones{/number}", "notifications_url": "https://api.github.com/repos/frakbot/FWeather/notifications{?since,all,participating}", "labels_url": "https://api.github.com/repos/frakbot/FWeather/labels{/name}", "releases_url": "https://api.github.com/repos/frakbot/FWeather/releases{/id}", "deployments_url": "https://api.github.com/repos/frakbot/FWeather/deployments", "created_at": "2013-06-30T17:39:20Z", "updated_at": "2021-01-23T02:41:14Z", "pushed_at": "2017-03-12T23:21:01Z", "git_url": "git://github.com/frakbot/FWeather.git", "ssh_url": "git@github.com:frakbot/FWeather.git", "clone_url": "https://github.com/frakbot/FWeather.git", "svn_url": "https://github.com/frakbot/FWeather", "homepage": "https://play.google.com/store/apps/details?id=net.frakbot.FWeather", "size": 9399, "stargazers_count": 89, "watchers_count": 89, "language": "Java", "has_issues": true, "has_projects": false, "has_downloads": true, "has_wiki": false, "has_pages": false, "forks_count": 31, "mirror_url": null, "archived": true, "disabled": false, "open_issues_count": 19, "license": null, "allow_forking": true, "is_template": false, "topics": [], "visibility": "public", "forks": 31, "open_issues": 19, "watchers": 89, "default_branch": "develop", "score": 1.0, "__project_size": 8418251, "__java_files_sizes": 225573, "__java_files_loc": 5937, "contributors_url_calculated": 8, "commits_url_calculated": 414}