{"ActuallyWorkingSwitchPreference": {"className": "ActuallyWorkingSwitchPreference", "members": {"py/set": []}, "methods": {"ActuallyWorkingSwitchPreference": {"memberReferences": {"py/set": []}, "methodName": "ActuallyWorkingSwitchPreference", "methodReferences": {"py/set": []}, "py/object": "JavaParserVisitor.MethodInfo"}}, "possibleFather": "SwitchPreference", "py/object": "JavaParserVisitor.ClassInfo", "span": 11}, "AdvancedPreferencesFragment": {"className": "AdvancedPreferencesFragment", "members": {"py/set": []}, "methods": {"onCreate": {"memberReferences": {"py/set": []}, "methodName": "onCreate", "methodReferences": {"py/set": []}, "py/object": "JavaParserVisitor.MethodInfo"}}, "possibleFather": "BackupPreferenceFragment", "py/object": "JavaParserVisitor.ClassInfo", "span": 11}, "AlarmHelper": {"className": "AlarmHelper", "members": {"py/set": ["TAG"]}, "methods": {"deleteAlarms": {"memberReferences": {"py/set": []}, "methodName": "deleteAlarms", "methodReferences": {"py/set": []}, "py/object": "JavaParserVisitor.MethodInfo"}, "getUpdateIntent": {"memberReferences": {"py/set": []}, "methodName": "getUpdateIntent", "methodReferences": {"py/set": []}, "py/object": "JavaParserVisitor.MethodInfo"}, "rescheduleAlarm": {"memberReferences": {"py/set": ["TAG"]}, "methodName": "rescheduleAlarm", "methodReferences": {"py/set": ["deleteAlarms", "getUpdateIntent"]}, "py/object": "JavaParserVisitor.MethodInfo"}}, "possibleFather": "", "py/object": "JavaParserVisitor.ClassInfo", "span": 51}, "AuthorsDialog": {"className": "AuthorsDialog", "members": {"py/set": ["donateFrakbotBtn", "authenticWeatherBtn", "packageName", "pm", "versionName", "VERSION_UNAVAILABLE", "aboutAuthorsView", "TAG", "nameAndVersionView"]}, "methods": {"getLocalizedString": {"memberReferences": {"py/set": []}, "methodName": "getLocalizedString", "methodReferences": {"py/set": []}, "py/object": "JavaParserVisitor.MethodInfo"}, "onClick": {"memberReferences": {"py/set": []}, "methodName": "onClick", "methodReferences": {"py/set": []}, "py/object": "JavaParserVisitor.MethodInfo"}, "onCreate": {"memberReferences": {"py/set": ["donateFrakbotBtn", "versionName", "aboutAuthorsView", "nameAndVersionView", "packageName", "pm", "VERSION_UNAVAILABLE", "authenticWeatherBtn"]}, "methodName": "onCreate", "methodReferences": {"py/set": ["getLocalizedString"]}, "py/object": "JavaParserVisitor.MethodInfo"}, "onStart": {"memberReferences": {"py/set": []}, "methodName": "onStart", "methodReferences": {"py/set": []}, "py/object": "JavaParserVisitor.MethodInfo"}, "onStop": {"memberReferences": {"py/set": []}, "methodName": "onStop", "methodReferences": {"py/set": []}, "py/object": "JavaParserVisitor.MethodInfo"}}, "possibleFather": "FragmentActivity", "py/object": "JavaParserVisitor.ClassInfo", "span": 109}, "BackupPreferenceFragment": {"className": "BackupPreferenceFragment", "members": {"py/set": []}, "methods": {"onPause": {"memberReferences": {"py/set": []}, "methodName": "onPause", "methodReferences": {"py/set": []}, "py/object": "JavaParserVisitor.MethodInfo"}, "onResume": {"memberReferences": {"py/set": []}, "methodName": "onResume", "methodReferences": {"py/set": []}, "py/object": "JavaParserVisitor.MethodInfo"}, "onSharedPreferenceChanged": {"memberReferences": {"py/set": []}, "methodName": "onSharedPreferenceChanged", "methodReferences": {"py/set": []}, "py/object": "JavaParserVisitor.MethodInfo"}}, "possibleFather": "PreferenceFragment", "py/object": "JavaParserVisitor.ClassInfo", "span": 22}, "Bundles": {"className": "Bundles", "members": {"py/set": []}, "methods": {}, "possibleFather": "", "py/object": "JavaParserVisitor.ClassInfo", "span": 0}, "CantGetWeatherException": {"className": "CantGetWeatherException", "members": {"py/set": ["mUserFacingErrorStringId", "mRetryable"]}, "methods": {"CantGetWeatherException": {"memberReferences": {"py/set": ["mUserFacingErrorStringId", "mRetryable"]}, "methodName": "CantGetWeatherException", "methodReferences": {"py/set": []}, "py/object": "JavaParserVisitor.MethodInfo"}, "getUserFacingErrorStringId": {"memberReferences": {"py/set": ["mUserFacingErrorStringId"]}, "methodName": "getUserFacingErrorStringId", "methodReferences": {"py/set": []}, "py/object": "JavaParserVisitor.MethodInfo"}, "isRetryable": {"memberReferences": {"py/set": ["mRetryable"]}, "methodName": "isRetryable", "methodReferences": {"py/set": []}, "py/object": "JavaParserVisitor.MethodInfo"}}, "possibleFather": "Exception", "py/object": "JavaParserVisitor.ClassInfo", "span": 26}, "ConnectionHelper": {"className": "ConnectionHelper", "members": {"py/set": ["isRegistered", "mReceiver"]}, "methods": {"registerConnectivityListener": {"memberReferences": {"py/set": ["isRegistered", "mReceiver"]}, "methodName": "registerConnectivityListener", "methodReferences": {"py/set": []}, "py/object": "JavaParserVisitor.MethodInfo"}, "unregisterConnectivityListener": {"memberReferences": {"py/set": ["isRegistered", "mReceiver"]}, "methodName": "unregisterConnectivityListener", "methodReferences": {"py/set": []}, "py/object": "JavaParserVisitor.MethodInfo"}}, "possibleFather": "", "py/object": "JavaParserVisitor.ClassInfo", "span": 24}, "ConnectivityBroadcastReceiver": {"className": "ConnectivityBroadcastReceiver", "members": {"py/set": ["TAG"]}, "methods": {"onReceive": {"memberReferences": {"py/set": ["TAG"]}, "methodName": "onReceive", "methodReferences": {"py/set": []}, "py/object": "JavaParserVisitor.MethodInfo"}}, "possibleFather": "BroadcastReceiver", "py/object": "JavaParserVisitor.ClassInfo", "span": 23}, "Const": {"className": "Const", "members": {"py/set": ["APP_NAME"]}, "methods": {}, "possibleFather": "", "py/object": "JavaParserVisitor.ClassInfo", "span": 68}, "CustomizationPreferencesFragment": {"className": "CustomizationPreferencesFragment", "members": {"py/set": []}, "methods": {"onCreate": {"memberReferences": {"py/set": []}, "methodName": "onCreate", "methodReferences": {"py/set": []}, "py/object": "JavaParserVisitor.MethodInfo"}}, "possibleFather": "BackupPreferenceFragment", "py/object": "JavaParserVisitor.ClassInfo", "span": 9}, "DataSyncPreferencesFragment": {"className": "DataSyncPreferencesFragment", "members": {"py/set": []}, "methods": {"onCreate": {"memberReferences": {"py/set": []}, "methodName": "onCreate", "methodReferences": {"py/set": []}, "py/object": "JavaParserVisitor.MethodInfo"}}, "possibleFather": "BackupPreferenceFragment", "py/object": "JavaParserVisitor.ClassInfo", "span": 8}, "EmailSender": {"className": "EmailSender", "members": {"py/set": ["mContext", "TAG"]}, "methods": {"EmailSender": {"memberReferences": {"py/set": ["mContext"]}, "methodName": "EmailSender", "methodReferences": {"py/set": []}, "py/object": "JavaParserVisitor.MethodInfo"}, "accept": {"memberReferences": {"py/set": []}, "methodName": "accept", "methodReferences": {"py/set": []}, "py/object": "JavaParserVisitor.MethodInfo"}, "cleanupLogcatCache": {"memberReferences": {"py/set": ["TAG"]}, "methodName": "cleanupLogcatCache", "methodReferences": {"py/set": []}, "py/object": "JavaParserVisitor.MethodInfo"}, "collectLogcat": {"memberReferences": {"py/set": ["TAG"]}, "methodName": "collectLogcat", "methodReferences": {"py/set": ["cleanupLogcatCache"]}, "py/object": "JavaParserVisitor.MethodInfo"}, "generateFeedbackBody": {"memberReferences": {"py/set": []}, "methodName": "generateFeedbackBody", "methodReferences": {"py/set": ["getKernelVersion", "getAppVersionNumber"]}, "py/object": "JavaParserVisitor.MethodInfo"}, "getAppVersionNumber": {"memberReferences": {"py/set": []}, "methodName": "getAppVersionNumber", "methodReferences": {"py/set": []}, "py/object": "JavaParserVisitor.MethodInfo"}, "getKernelVersion": {"memberReferences": {"py/set": []}, "methodName": "getKernelVersion", "methodReferences": {"py/set": []}, "py/object": "JavaParserVisitor.MethodInfo"}, "run": {"memberReferences": {"py/set": ["mContext", "TAG"]}, "methodName": "run", "methodReferences": {"py/set": ["collectLogcat", "generateFeedbackBody"]}, "py/object": "JavaParserVisitor.MethodInfo"}}, "possibleFather": "", "py/object": "JavaParserVisitor.ClassInfo", "span": 225}, "FLog": {"className": "FLog", "members": {"py/set": ["VERBOSE", "ERROR_FILTERED", "DEBUG", "TAG_PREFIX", "sLock", "TAG_MAX_LENGTH", "SCRIPT_SETPROP", "sDebugChangeListener", "sInitialized", "sForcedLevel", "ERROR_NOT_INITIALIZED"]}, "methods": {"FLog": {"memberReferences": {"py/set": []}, "methodName": "FLog", "methodReferences": {"py/set": []}, "py/object": "JavaParserVisitor.MethodInfo"}, "d": {"memberReferences": {"py/set": ["ERROR_FILTERED", "DEBUG", "ERROR_NOT_INITIALIZED"]}, "methodName": "d", "methodReferences": {"py/set": ["printNotInitializedError"]}, "py/object": "JavaParserVisitor.MethodInfo"}, "e": {"memberReferences": {"py/set": ["ERROR_NOT_INITIALIZED"]}, "methodName": "e", "methodReferences": {"py/set": ["printNotInitializedError"]}, "py/object": "JavaParserVisitor.MethodInfo"}, "getTag": {"memberReferences": {"py/set": ["TAG_PREFIX", "sLock"]}, "methodName": "getTag", "methodReferences": {"py/set": []}, "py/object": "JavaParserVisitor.MethodInfo"}, "i": {"memberReferences": {"py/set": ["ERROR_NOT_INITIALIZED"]}, "methodName": "i", "methodReferences": {"py/set": ["printNotInitializedError"]}, "py/object": "JavaParserVisitor.MethodInfo"}, "initLog": {"memberReferences": {"py/set": ["TAG_PREFIX", "sLock"]}, "methodName": "initLog", "methodReferences": {"py/set": ["getTag"]}, "py/object": "JavaParserVisitor.MethodInfo"}, "onSharedPreferenceChanged": {"memberReferences": {"py/set": ["VERBOSE", "ERROR_FILTERED", "DEBUG", "sLock", "TAG_MAX_LENGTH", "sForcedLevel", "ERROR_NOT_INITIALIZED"]}, "methodName": "onSharedPreferenceChanged", "methodReferences": {"py/set": ["d", "setLogLevel"]}, "py/object": "JavaParserVisitor.MethodInfo"}, "printNotInitializedError": {"memberReferences": {"py/set": ["ERROR_NOT_INITIALIZED"]}, "methodName": "printNotInitializedError", "methodReferences": {"py/set": []}, "py/object": "JavaParserVisitor.MethodInfo"}, "recheckLogLevels": {"memberReferences": {"py/set": ["VERBOSE", "DEBUG", "TAG_MAX_LENGTH", "sForcedLevel"]}, "methodName": "recheckLogLevels", "methodReferences": {"py/set": []}, "py/object": "JavaParserVisitor.MethodInfo"}, "setLogLevel": {"memberReferences": {"py/set": ["VERBOSE", "DEBUG", "sLock", "TAG_MAX_LENGTH", "sForcedLevel", "ERROR_NOT_INITIALIZED"]}, "methodName": "setLogLevel", "methodReferences": {"py/set": ["recheckLogLevels", "i"]}, "py/object": "JavaParserVisitor.MethodInfo"}, "uninitLog": {"memberReferences": {"py/set": ["sDebugChangeListener", "TAG_PREFIX", "sLock"]}, "methodName": "uninitLog", "methodReferences": {"py/set": []}, "py/object": "JavaParserVisitor.MethodInfo"}, "v": {"memberReferences": {"py/set": ["VERBOSE", "ERROR_FILTERED", "ERROR_NOT_INITIALIZED"]}, "methodName": "v", "methodReferences": {"py/set": ["printNotInitializedError"]}, "py/object": "JavaParserVisitor.MethodInfo"}, "w": {"memberReferences": {"py/set": ["ERROR_NOT_INITIALIZED"]}, "methodName": "w", "methodReferences": {"py/set": ["printNotInitializedError"]}, "py/object": "JavaParserVisitor.MethodInfo"}, "wtf": {"memberReferences": {"py/set": ["ERROR_NOT_INITIALIZED"]}, "methodName": "wtf", "methodReferences": {"py/set": ["printNotInitializedError"]}, "py/object": "JavaParserVisitor.MethodInfo"}}, "possibleFather": "", "py/object": "JavaParserVisitor.ClassInfo", "span": 561}, "FWeatherApplication": {"className": "FWeatherApplication", "members": {"py/set": ["mUserAgent", "mApiKey"]}, "methods": {"getApiKey": {"memberReferences": {"py/set": ["mApiKey"]}, "methodName": "getApiKey", "methodReferences": {"py/set": []}, "py/object": "JavaParserVisitor.MethodInfo"}, "getUserAgent": {"memberReferences": {"py/set": ["mUserAgent"]}, "methodName": "getUserAgent", "methodReferences": {"py/set": []}, "py/object": "JavaParserVisitor.MethodInfo"}, "initUserAgent": {"memberReferences": {"py/set": ["mUserAgent"]}, "methodName": "initUserAgent", "methodReferences": {"py/set": []}, "py/object": "JavaParserVisitor.MethodInfo"}, "onCreate": {"memberReferences": {"py/set": ["mUserAgent", "mApiKey"]}, "methodName": "onCreate", "methodReferences": {"py/set": ["initUserAgent"]}, "py/object": "JavaParserVisitor.MethodInfo"}}, "possibleFather": "Application", "py/object": "JavaParserVisitor.ClassInfo", "span": 77}, "FWeatherWidgetProvider": {"className": "FWeatherWidgetProvider", "members": {"py/set": ["TAG"]}, "methods": {"onAppWidgetOptionsChanged": {"memberReferences": {"py/set": []}, "methodName": "onAppWidgetOptionsChanged", "methodReferences": {"py/set": []}, "py/object": "JavaParserVisitor.MethodInfo"}, "onReceive": {"memberReferences": {"py/set": ["TAG"]}, "methodName": "onReceive", "methodReferences": {"py/set": ["startUpdate"]}, "py/object": "JavaParserVisitor.MethodInfo"}, "onUpdate": {"memberReferences": {"py/set": ["TAG"]}, "methodName": "onUpdate", "methodReferences": {"py/set": ["startUpdate"]}, "py/object": "JavaParserVisitor.MethodInfo"}, "startUpdate": {"memberReferences": {"py/set": []}, "methodName": "startUpdate", "methodReferences": {"py/set": []}, "py/object": "JavaParserVisitor.MethodInfo"}}, "possibleFather": "AppWidgetProvider", "py/object": "JavaParserVisitor.ClassInfo", "span": 53}, "FeedbackHelper": {"className": "FeedbackHelper", "members": {"py/set": ["MAX_SCREENSHOT_SIZE", "BUG_REPORT_INTENT", "TAG"]}, "methods": {"canHandleIntent": {"memberReferences": {"py/set": []}, "methodName": "canHandleIntent", "methodReferences": {"py/set": []}, "py/object": "JavaParserVisitor.MethodInfo"}, "canSendAndroidFeedback": {"memberReferences": {"py/set": []}, "methodName": "canSendAndroidFeedback", "methodReferences": {"py/set": []}, "py/object": "JavaParserVisitor.MethodInfo"}, "getCurrentScreenshot": {"memberReferences": {"py/set": ["MAX_SCREENSHOT_SIZE"]}, "methodName": "getCurrentScreenshot", "methodReferences": {"py/set": ["resizeBitmap"]}, "py/object": "JavaParserVisitor.MethodInfo"}, "isInstalledFromPlayStore": {"memberReferences": {"py/set": []}, "methodName": "isInstalledFromPlayStore", "methodReferences": {"py/set": []}, "py/object": "JavaParserVisitor.MethodInfo"}, "resizeBitmap": {"memberReferences": {"py/set": ["MAX_SCREENSHOT_SIZE"]}, "methodName": "resizeBitmap", "methodReferences": {"py/set": []}, "py/object": "JavaParserVisitor.MethodInfo"}, "sendFeedback": {"memberReferences": {"py/set": ["BUG_REPORT_INTENT", "TAG"]}, "methodName": "sendFeedback", "methodReferences": {"py/set": ["sendFeedbackEmail", "canSendAndroidFeedback", "isInstalledFromPlayStore"]}, "py/object": "JavaParserVisitor.MethodInfo"}, "sendFeedbackEmail": {"memberReferences": {"py/set": []}, "methodName": "sendFeedbackEmail", "methodReferences": {"py/set": []}, "py/object": "JavaParserVisitor.MethodInfo"}}, "possibleFather": "", "py/object": "JavaParserVisitor.ClassInfo", "span": 202}, "FeedbackServiceBinder": {"className": "FeedbackServiceBinder", "members": {"py/set": ["mActivity"]}, "methods": {"FeedbackServiceBinder": {"memberReferences": {"py/set": ["mActivity"]}, "methodName": "FeedbackServiceBinder", "methodReferences": {"py/set": []}, "py/object": "JavaParserVisitor.MethodInfo"}, "onServiceConnected": {"memberReferences": {"py/set": ["mActivity"]}, "methodName": "onServiceConnected", "methodReferences": {"py/set": []}, "py/object": "JavaParserVisitor.MethodInfo"}, "onServiceDisconnected": {"memberReferences": {"py/set": []}, "methodName": "onServiceDisconnected", "methodReferences": {"py/set": []}, "py/object": "JavaParserVisitor.MethodInfo"}}, "possibleFather": "", "py/object": "JavaParserVisitor.ClassInfo", "span": 34}, "FontHelper": {"className": "FontHelper", "members": {"py/set": ["mFontsCache"]}, "methods": {"getFont": {"memberReferences": {"py/set": []}, "methodName": "getFont", "methodReferences": {"py/set": ["isFontCached"]}, "py/object": "JavaParserVisitor.MethodInfo"}, "getRobotoCondensed": {"memberReferences": {"py/set": []}, "methodName": "getRobotoCondensed", "methodReferences": {"py/set": ["getRobotoLight"]}, "py/object": "JavaParserVisitor.MethodInfo"}, "getRobotoLight": {"memberReferences": {"py/set": []}, "methodName": "getRobotoLight", "methodReferences": {"py/set": ["getFont"]}, "py/object": "JavaParserVisitor.MethodInfo"}, "isFontCached": {"memberReferences": {"py/set": []}, "methodName": "isFontCached", "methodReferences": {"py/set": []}, "py/object": "JavaParserVisitor.MethodInfo"}}, "possibleFather": "", "py/object": "JavaParserVisitor.ClassInfo", "span": 78}, "FontTextView": {"className": "FontTextView", "members": {"py/set": []}, "methods": {"FontTextView": {"memberReferences": {"py/set": []}, "methodName": "FontTextView", "methodReferences": {"py/set": ["setTypeface"]}, "py/object": "JavaParserVisitor.MethodInfo"}, "setTypeface": {"memberReferences": {"py/set": []}, "methodName": "setTypeface", "methodReferences": {"py/set": ["setTypeface"]}, "py/object": "JavaParserVisitor.MethodInfo"}}, "possibleFather": "TextView", "py/object": "JavaParserVisitor.ClassInfo", "span": 51}, "Frags": {"className": "Frags", "members": {"py/set": []}, "methods": {}, "possibleFather": "", "py/object": "JavaParserVisitor.ClassInfo", "span": 0}, "InformationPreferencesFragment": {"className": "InformationPreferencesFragment", "members": {"py/set": []}, "methods": {"onCreate": {"memberReferences": {"py/set": []}, "methodName": "onCreate", "methodReferences": {"py/set": []}, "py/object": "JavaParserVisitor.MethodInfo"}}, "possibleFather": "BackupPreferenceFragment", "py/object": "JavaParserVisitor.ClassInfo", "span": 11}, "Intents": {"className": "Intents", "members": {"py/set": ["ACTION_UPDATE_FRAKKING_WIDGET", "SYNC_RATE_PREFERENCE_CHANGED_ACTION", "ACTION_DO_NOTHING_JON_SNOW"]}, "methods": {}, "possibleFather": "", "py/object": "JavaParserVisitor.ClassInfo", "span": 3}, "LicensesActivity": {"className": "LicensesActivity", "members": {"py/set": ["mWebView", "mProgressBar"]}, "methods": {"onCreate": {"memberReferences": {"py/set": ["mProgressBar", "mWebView"]}, "methodName": "onCreate", "methodReferences": {"py/set": []}, "py/object": "JavaParserVisitor.MethodInfo"}, "onOptionsItemSelected": {"memberReferences": {"py/set": []}, "methodName": "onOptionsItemSelected", "methodReferences": {"py/set": []}, "py/object": "JavaParserVisitor.MethodInfo"}, "onPageFinished": {"memberReferences": {"py/set": ["mWebView", "mProgressBar"]}, "methodName": "onPageFinished", "methodReferences": {"py/set": []}, "py/object": "JavaParserVisitor.MethodInfo"}, "onStart": {"memberReferences": {"py/set": []}, "methodName": "onStart", "methodReferences": {"py/set": []}, "py/object": "JavaParserVisitor.MethodInfo"}, "onStop": {"memberReferences": {"py/set": []}, "methodName": "onStop", "methodReferences": {"py/set": []}, "py/object": "JavaParserVisitor.MethodInfo"}}, "possibleFather": "Activity", "py/object": "JavaParserVisitor.ClassInfo", "span": 57}, "Loaders": {"className": "Loaders", "members": {"py/set": []}, "methods": {}, "possibleFather": "", "py/object": "JavaParserVisitor.ClassInfo", "span": 0}, "Location": {"className": "Location", "members": {"py/set": ["mSunrise", "mLatitude", "mSunset", "mCity", "mCountry", "mLongitude"]}, "methods": {"getCity": {"memberReferences": {"py/set": ["mCity"]}, "methodName": "getCity", "methodReferences": {"py/set": []}, "py/object": "JavaParserVisitor.MethodInfo"}, "getCountry": {"memberReferences": {"py/set": ["mCountry"]}, "methodName": "getCountry", "methodReferences": {"py/set": []}, "py/object": "JavaParserVisitor.MethodInfo"}, "getLatitude": {"memberReferences": {"py/set": ["mLatitude"]}, "methodName": "getLatitude", "methodReferences": {"py/set": []}, "py/object": "JavaParserVisitor.MethodInfo"}, "getLongitude": {"memberReferences": {"py/set": ["mLongitude"]}, "methodName": "getLongitude", "methodReferences": {"py/set": []}, "py/object": "JavaParserVisitor.MethodInfo"}, "getSunrise": {"memberReferences": {"py/set": ["mSunrise"]}, "methodName": "getSunrise", "methodReferences": {"py/set": []}, "py/object": "JavaParserVisitor.MethodInfo"}, "getSunset": {"memberReferences": {"py/set": ["mSunset"]}, "methodName": "getSunset", "methodReferences": {"py/set": []}, "py/object": "JavaParserVisitor.MethodInfo"}, "setCity": {"memberReferences": {"py/set": ["mCity"]}, "methodName": "setCity", "methodReferences": {"py/set": []}, "py/object": "JavaParserVisitor.MethodInfo"}, "setCountry": {"memberReferences": {"py/set": ["mCountry"]}, "methodName": "setCountry", "methodReferences": {"py/set": []}, "py/object": "JavaParserVisitor.MethodInfo"}, "setLatitude": {"memberReferences": {"py/set": ["mLatitude"]}, "methodName": "setLatitude", "methodReferences": {"py/set": []}, "py/object": "JavaParserVisitor.MethodInfo"}, "setLongitude": {"memberReferences": {"py/set": ["mLongitude"]}, "methodName": "setLongitude", "methodReferences": {"py/set": []}, "py/object": "JavaParserVisitor.MethodInfo"}, "setSunrise": {"memberReferences": {"py/set": ["mSunrise"]}, "methodName": "setSunrise", "methodReferences": {"py/set": []}, "py/object": "JavaParserVisitor.MethodInfo"}, "setSunset": {"memberReferences": {"py/set": ["mSunset"]}, "methodName": "setSunset", "methodReferences": {"py/set": []}, "py/object": "JavaParserVisitor.MethodInfo"}}, "possibleFather": "", "py/object": "JavaParserVisitor.ClassInfo", "span": 54}, "LocationChooserDialog": {"className": "LocationChooserDialog", "members": {"py/set": ["mSearchResultsAdapter", "mSearchResultsList", "mSelectedValue", "mRestartLoaderHandler", "QUERY_DELAY_MILLIS", "TAG", "mQuery"]}, "methods": {"afterTextChanged": {"memberReferences": {"py/set": []}, "methodName": "afterTextChanged", "methodReferences": {"py/set": []}, "py/object": "JavaParserVisitor.MethodInfo"}, "beforeTextChanged": {"memberReferences": {"py/set": []}, "methodName": "beforeTextChanged", "methodReferences": {"py/set": []}, "py/object": "JavaParserVisitor.MethodInfo"}, "handleMessage": {"memberReferences": {"py/set": []}, "methodName": "handleMessage", "methodReferences": {"py/set": []}, "py/object": "JavaParserVisitor.MethodInfo"}, "onCreate": {"memberReferences": {"py/set": ["mSearchResultsAdapter", "mSearchResultsList"]}, "methodName": "onCreate", "methodReferences": {"py/set": ["tryBindList"]}, "py/object": "JavaParserVisitor.MethodInfo"}, "onCreateLoader": {"memberReferences": {"py/set": []}, "methodName": "onCreateLoader", "methodReferences": {"py/set": []}, "py/object": "JavaParserVisitor.MethodInfo"}, "onItemClick": {"memberReferences": {"py/set": ["mSelectedValue"]}, "methodName": "onItemClick", "methodReferences": {"py/set": []}, "py/object": "JavaParserVisitor.MethodInfo"}, "onLoadFinished": {"memberReferences": {"py/set": []}, "methodName": "onLoadFinished", "methodReferences": {"py/set": []}, "py/object": "JavaParserVisitor.MethodInfo"}, "onLoaderReset": {"memberReferences": {"py/set": []}, "methodName": "onLoaderReset", "methodReferences": {"py/set": []}, "py/object": "JavaParserVisitor.MethodInfo"}, "onPause": {"memberReferences": {"py/set": ["mSelectedValue"]}, "methodName": "onPause", "methodReferences": {"py/set": []}, "py/object": "JavaParserVisitor.MethodInfo"}, "onTextChanged": {"memberReferences": {"py/set": ["QUERY_DELAY_MILLIS", "mRestartLoaderHandler", "mQuery"]}, "methodName": "onTextChanged", "methodReferences": {"py/set": []}, "py/object": "JavaParserVisitor.MethodInfo"}, "tryBindList": {"memberReferences": {"py/set": ["mSearchResultsAdapter", "mSearchResultsList"]}, "methodName": "tryBindList", "methodReferences": {"py/set": []}, "py/object": "JavaParserVisitor.MethodInfo"}}, "possibleFather": "Activity", "py/object": "JavaParserVisitor.ClassInfo", "span": 250}, "LocationClientListener": {"className": "LocationClientListener", "members": {"py/set": []}, "methods": {"onConnected": {"memberReferences": {"py/set": []}, "methodName": "onConnected", "methodReferences": {"py/set": ["onDisconnected"]}, "py/object": "JavaParserVisitor.MethodInfo"}, "onConnectionFailed": {"memberReferences": {"py/set": []}, "methodName": "onConnectionFailed", "methodReferences": {"py/set": []}, "py/object": "JavaParserVisitor.MethodInfo"}, "onDisconnected": {"memberReferences": {"py/set": []}, "methodName": "onDisconnected", "methodReferences": {"py/set": []}, "py/object": "JavaParserVisitor.MethodInfo"}, "onLocationChanged": {"memberReferences": {"py/set": []}, "methodName": "onLocationChanged", "methodReferences": {"py/set": []}, "py/object": "JavaParserVisitor.MethodInfo"}}, "possibleFather": "", "py/object": "JavaParserVisitor.ClassInfo", "span": 77}, "LocationHelper": {"className": "LocationHelper", "members": {"py/set": ["mPendingIntent", "hasPlayServices", "_instance", "mTimeoutRunnable", "mLocationManagerListener", "isConnected", "mLocationClient", "isInitialized", "mContext", "mLocationClientListener", "PLAY_SERVICES_CONNECTION_RETRIES", "lastKnownSurroundings", "mPlayServicesConnRetriesLeft", "mLocationManager", "UPDATE_TIMEOUT_MILLIS", "mHandler", "TAG"]}, "methods": {"bootstrapLocationHelper": {"memberReferences": {"py/set": ["hasPlayServices", "mLocationManagerListener", "mLocationClient", "mLocationClientListener", "mContext", "mLocationManager", "TAG"]}, "methodName": "bootstrapLocationHelper", "methodReferences": {"py/set": ["getMinUpdateInterval", "switchToCompatibilityMode", "getDefaultCriteria"]}, "py/object": "JavaParserVisitor.MethodInfo"}, "cancelUpdateTimeout": {"memberReferences": {"py/set": []}, "methodName": "cancelUpdateTimeout", "methodReferences": {"py/set": []}, "py/object": "JavaParserVisitor.MethodInfo"}, "checkForInit": {"memberReferences": {"py/set": ["hasPlayServices", "isInitialized", "TAG"]}, "methodName": "checkForInit", "methodReferences": {"py/set": ["isInit", "isLowPowerLocationProviderEnabled"]}, "py/object": "JavaParserVisitor.MethodInfo"}, "getDefaultCriteria": {"memberReferences": {"py/set": []}, "methodName": "getDefaultCriteria", "methodReferences": {"py/set": []}, "py/object": "JavaParserVisitor.MethodInfo"}, "getLastKnownSurroundings": {"memberReferences": {"py/set": ["mPendingIntent", "hasPlayServices", "isConnected", "isInitialized", "lastKnownSurroundings", "TAG"]}, "methodName": "getLastKnownSurroundings", "methodReferences": {"py/set": ["checkForInit"]}, "py/object": "JavaParserVisitor.MethodInfo"}, "getMinUpdateInterval": {"memberReferences": {"py/set": []}, "methodName": "getMinUpdateInterval", "methodReferences": {"py/set": []}, "py/object": "JavaParserVisitor.MethodInfo"}, "init": {"memberReferences": {"py/set": ["hasPlayServices", "isInitialized", "mContext"]}, "methodName": "init", "methodReferences": {"py/set": []}, "py/object": "JavaParserVisitor.MethodInfo"}, "isInit": {"memberReferences": {"py/set": ["isInitialized"]}, "methodName": "isInit", "methodReferences": {"py/set": []}, "py/object": "JavaParserVisitor.MethodInfo"}, "isLowPowerLocationProviderEnabled": {"memberReferences": {"py/set": ["TAG"]}, "methodName": "isLowPowerLocationProviderEnabled", "methodReferences": {"py/set": []}, "py/object": "JavaParserVisitor.MethodInfo"}, "onGenericConnected": {"memberReferences": {"py/set": ["isConnected"]}, "methodName": "onGenericConnected", "methodReferences": {"py/set": []}, "py/object": "JavaParserVisitor.MethodInfo"}, "onGenericDisconnected": {"memberReferences": {"py/set": ["hasPlayServices", "isConnected", "TAG"]}, "methodName": "onGenericDisconnected", "methodReferences": {"py/set": []}, "py/object": "JavaParserVisitor.MethodInfo"}, "startUpdateTimeout": {"memberReferences": {"py/set": []}, "methodName": "startUpdateTimeout", "methodReferences": {"py/set": []}, "py/object": "JavaParserVisitor.MethodInfo"}, "switchToCompatibilityMode": {"memberReferences": {"py/set": ["hasPlayServices", "mLocationManagerListener", "mLocationClient", "mLocationClientListener", "mContext", "mLocationManager", "TAG"]}, "methodName": "switchToCompatibilityMode", "methodReferences": {"py/set": ["bootstrapLocationHelper"]}, "py/object": "JavaParserVisitor.MethodInfo"}, "tryUpdateWidgets": {"memberReferences": {"py/set": ["mPendingIntent", "mContext", "TAG"]}, "methodName": "tryUpdateWidgets", "methodReferences": {"py/set": []}, "py/object": "JavaParserVisitor.MethodInfo"}, "updateLocation": {"memberReferences": {"py/set": ["mPendingIntent", "hasPlayServices", "isConnected", "mContext", "lastKnownSurroundings", "TAG"]}, "methodName": "updateLocation", "methodReferences": {"py/set": ["onGenericConnected", "tryUpdateWidgets"]}, "py/object": "JavaParserVisitor.MethodInfo"}}, "possibleFather": "", "py/object": "JavaParserVisitor.ClassInfo", "span": 391}, "LocationInfo": {"className": "LocationInfo", "members": {"py/set": ["woeids", "town"]}, "methods": {}, "possibleFather": "", "py/object": "JavaParserVisitor.ClassInfo", "span": 4}, "LocationManagerListener": {"className": "LocationManagerListener", "members": {"py/set": []}, "methods": {"onLocationChanged": {"memberReferences": {"py/set": []}, "methodName": "onLocationChanged", "methodReferences": {"py/set": []}, "py/object": "JavaParserVisitor.MethodInfo"}, "onProviderDisabled": {"memberReferences": {"py/set": []}, "methodName": "onProviderDisabled", "methodReferences": {"py/set": []}, "py/object": "JavaParserVisitor.MethodInfo"}, "onProviderEnabled": {"memberReferences": {"py/set": []}, "methodName": "onProviderEnabled", "methodReferences": {"py/set": []}, "py/object": "JavaParserVisitor.MethodInfo"}, "onStatusChanged": {"memberReferences": {"py/set": []}, "methodName": "onStatusChanged", "methodReferences": {"py/set": []}, "py/object": "JavaParserVisitor.MethodInfo"}}, "possibleFather": "", "py/object": "JavaParserVisitor.ClassInfo", "span": 29}, "LocationNotReadyYetException": {"className": "LocationNotReadyYetException", "members": {"py/set": []}, "methods": {}, "possibleFather": "Exception", "py/object": "JavaParserVisitor.ClassInfo", "span": 0}, "LocationSearchResult": {"className": "LocationSearchResult", "members": {"py/set": ["woeid", "displayName", "country"]}, "methods": {}, "possibleFather": "", "py/object": "JavaParserVisitor.ClassInfo", "span": 3}, "Preferences": {"className": "Preferences", "members": {"py/set": ["ANALYTICS", "LOCATION_CACHE_TIMESTAMP", "SYNC_FREQUENCY", "CHANGE", "DEBUG", "UI_DARKMODE", "SYNC_FORCE", "UI_TOGGLE_BUTTONS", "CHANGELOG", "UI_OVERRIDE_LANGUAGE", "UI_TOGGLE_WEATHER_ICON", "LOCATION_CACHE", "PREFERENCE", "AUTHORS", "UI_TOGGLE_TEMPERATURE_INFO", "FEEDBACK"]}, "methods": {}, "possibleFather": "", "py/object": "JavaParserVisitor.ClassInfo", "span": 16}, "ResultsLoader": {"className": "ResultsLoader", "members": {"py/set": ["mResults", "mQuery"]}, "methods": {"ResultsLoader": {"memberReferences": {"py/set": ["mQuery"]}, "methodName": "ResultsLoader", "methodReferences": {"py/set": []}, "py/object": "JavaParserVisitor.MethodInfo"}, "deliverResult": {"memberReferences": {"py/set": ["mResults"]}, "methodName": "deliverResult", "methodReferences": {"py/set": []}, "py/object": "JavaParserVisitor.MethodInfo"}, "loadInBackground": {"memberReferences": {"py/set": []}, "methodName": "loadInBackground", "methodReferences": {"py/set": []}, "py/object": "JavaParserVisitor.MethodInfo"}, "onReset": {"memberReferences": {"py/set": []}, "methodName": "onReset", "methodReferences": {"py/set": ["onStopLoading"]}, "py/object": "JavaParserVisitor.MethodInfo"}, "onStartLoading": {"memberReferences": {"py/set": ["mResults"]}, "methodName": "onStartLoading", "methodReferences": {"py/set": ["deliverResult"]}, "py/object": "JavaParserVisitor.MethodInfo"}, "onStopLoading": {"memberReferences": {"py/set": []}, "methodName": "onStopLoading", "methodReferences": {"py/set": []}, "py/object": "JavaParserVisitor.MethodInfo"}}, "possibleFather": "AsyncTaskLoader<List<LocationSearchResult>>", "py/object": "JavaParserVisitor.ClassInfo", "span": 47}, "SearchResultsListAdapter": {"className": "SearchResultsListAdapter", "members": {"py/set": ["mResults"]}, "methods": {"SearchResultsListAdapter": {"memberReferences": {"py/set": ["mResults"]}, "methodName": "SearchResultsListAdapter", "methodReferences": {"py/set": []}, "py/object": "JavaParserVisitor.MethodInfo"}, "changeArray": {"memberReferences": {"py/set": ["mResults"]}, "methodName": "changeArray", "methodReferences": {"py/set": []}, "py/object": "JavaParserVisitor.MethodInfo"}, "getCount": {"memberReferences": {"py/set": []}, "methodName": "getCount", "methodReferences": {"py/set": []}, "py/object": "JavaParserVisitor.MethodInfo"}, "getItem": {"memberReferences": {"py/set": []}, "methodName": "getItem", "methodReferences": {"py/set": []}, "py/object": "JavaParserVisitor.MethodInfo"}, "getItemId": {"memberReferences": {"py/set": []}, "methodName": "getItemId", "methodReferences": {"py/set": []}, "py/object": "JavaParserVisitor.MethodInfo"}, "getPrefValueAt": {"memberReferences": {"py/set": []}, "methodName": "getPrefValueAt", "methodReferences": {"py/set": []}, "py/object": "JavaParserVisitor.MethodInfo"}, "getView": {"memberReferences": {"py/set": []}, "methodName": "getView", "methodReferences": {"py/set": []}, "py/object": "JavaParserVisitor.MethodInfo"}}, "possibleFather": "BaseAdapter", "py/object": "JavaParserVisitor.ClassInfo", "span": 69}, "SettingsActivity": {"className": "SettingsActivity", "members": {"py/set": ["mNewWidgetId", "sBindPreferenceSummaryToValueListener", "ALWAYS_SIMPLE_PREFS", "mHandler", "TAG"]}, "methods": {"bindPreferenceSummaryToValue": {"memberReferences": {"py/set": ["sBindPreferenceSummaryToValueListener", "TAG"]}, "methodName": "bindPreferenceSummaryToValue", "methodReferences": {"py/set": ["onPreferenceChange", "buildListener"]}, "py/object": "JavaParserVisitor.MethodInfo"}, "buildListener": {"memberReferences": {"py/set": ["sBindPreferenceSummaryToValueListener"]}, "methodName": "buildListener", "methodReferences": {"py/set": []}, "py/object": "JavaParserVisitor.MethodInfo"}, "handlePreferenceChange": {"memberReferences": {"py/set": []}, "methodName": "handlePreferenceChange", "methodReferences": {"py/set": []}, "py/object": "JavaParserVisitor.MethodInfo"}, "isSimplePreferences": {"memberReferences": {"py/set": ["ALWAYS_SIMPLE_PREFS"]}, "methodName": "isSimplePreferences", "methodReferences": {"py/set": ["isXLargeTablet"]}, "py/object": "JavaParserVisitor.MethodInfo"}, "isValidFragment": {"memberReferences": {"py/set": []}, "methodName": "isValidFragment", "methodReferences": {"py/set": []}, "py/object": "JavaParserVisitor.MethodInfo"}, "isXLargeTablet": {"memberReferences": {"py/set": []}, "methodName": "isXLargeTablet", "methodReferences": {"py/set": []}, "py/object": "JavaParserVisitor.MethodInfo"}, "onBuildHeaders": {"memberReferences": {"py/set": ["ALWAYS_SIMPLE_PREFS"]}, "methodName": "onBuildHeaders", "methodReferences": {"py/set": ["isSimplePreferences"]}, "py/object": "JavaParserVisitor.MethodInfo"}, "onClick": {"memberReferences": {"py/set": []}, "methodName": "onClick", "methodReferences": {"py/set": []}, "py/object": "JavaParserVisitor.MethodInfo"}, "onCreate": {"memberReferences": {"py/set": ["mNewWidgetId", "mHandler"]}, "methodName": "onCreate", "methodReferences": {"py/set": []}, "py/object": "JavaParserVisitor.MethodInfo"}, "onDismiss": {"memberReferences": {"py/set": []}, "methodName": "onDismiss", "methodReferences": {"py/set": []}, "py/object": "JavaParserVisitor.MethodInfo"}, "onIsMultiPane": {"memberReferences": {"py/set": ["ALWAYS_SIMPLE_PREFS"]}, "methodName": "onIsMultiPane", "methodReferences": {"py/set": ["isXLargeTablet", "isSimplePreferences"]}, "py/object": "JavaParserVisitor.MethodInfo"}, "onPause": {"memberReferences": {"py/set": []}, "methodName": "onPause", "methodReferences": {"py/set": []}, "py/object": "JavaParserVisitor.MethodInfo"}, "onPostCreate": {"memberReferences": {"py/set": ["ALWAYS_SIMPLE_PREFS", "sBindPreferenceSummaryToValueListener", "TAG"]}, "methodName": "onPostCreate", "methodReferences": {"py/set": ["setupActionBar", "setupSimplePreferencesScreen"]}, "py/object": "JavaParserVisitor.MethodInfo"}, "onPreferenceChange": {"memberReferences": {"py/set": ["TAG"]}, "methodName": "onPreferenceChange", "methodReferences": {"py/set": ["handlePreferenceChange"]}, "py/object": "JavaParserVisitor.MethodInfo"}, "onPreferenceClick": {"memberReferences": {"py/set": []}, "methodName": "onPreferenceClick", "methodReferences": {"py/set": []}, "py/object": "JavaParserVisitor.MethodInfo"}, "onResume": {"memberReferences": {"py/set": []}, "methodName": "onResume", "methodReferences": {"py/set": []}, "py/object": "JavaParserVisitor.MethodInfo"}, "onSharedPreferenceChanged": {"memberReferences": {"py/set": []}, "methodName": "onSharedPreferenceChanged", "methodReferences": {"py/set": []}, "py/object": "JavaParserVisitor.MethodInfo"}, "onStart": {"memberReferences": {"py/set": []}, "methodName": "onStart", "methodReferences": {"py/set": []}, "py/object": "JavaParserVisitor.MethodInfo"}, "onStop": {"memberReferences": {"py/set": []}, "methodName": "onStop", "methodReferences": {"py/set": ["requestWidgetsUpdate"]}, "py/object": "JavaParserVisitor.MethodInfo"}, "requestWidgetsUpdate": {"memberReferences": {"py/set": []}, "methodName": "requestWidgetsUpdate", "methodReferences": {"py/set": []}, "py/object": "JavaParserVisitor.MethodInfo"}, "run": {"memberReferences": {"py/set": []}, "methodName": "run", "methodReferences": {"py/set": []}, "py/object": "JavaParserVisitor.MethodInfo"}, "sendSyncPreferenceChangedBroadcast": {"memberReferences": {"py/set": []}, "methodName": "sendSyncPreferenceChangedBroadcast", "methodReferences": {"py/set": []}, "py/object": "JavaParserVisitor.MethodInfo"}, "setupActionBar": {"memberReferences": {"py/set": []}, "methodName": "setupActionBar", "methodReferences": {"py/set": []}, "py/object": "JavaParserVisitor.MethodInfo"}, "setupAnalyticsOnChangeListener": {"memberReferences": {"py/set": []}, "methodName": "setupAnalyticsOnChangeListener", "methodReferences": {"py/set": []}, "py/object": "JavaParserVisitor.MethodInfo"}, "setupChangelogOnClickListener": {"memberReferences": {"py/set": []}, "methodName": "setupChangelogOnClickListener", "methodReferences": {"py/set": []}, "py/object": "JavaParserVisitor.MethodInfo"}, "setupFeedbackOnClickListener": {"memberReferences": {"py/set": []}, "methodName": "setupFeedbackOnClickListener", "methodReferences": {"py/set": []}, "py/object": "JavaParserVisitor.MethodInfo"}, "setupRefreshNowOnClickListener": {"memberReferences": {"py/set": []}, "methodName": "setupRefreshNowOnClickListener", "methodReferences": {"py/set": []}, "py/object": "JavaParserVisitor.MethodInfo"}, "setupSimplePreferencesScreen": {"memberReferences": {"py/set": ["TAG", "sBindPreferenceSummaryToValueListener", "ALWAYS_SIMPLE_PREFS"]}, "methodName": "setupSimplePreferencesScreen", "methodReferences": {"py/set": ["setupFeedbackOnClickListener", "setupRefreshNowOnClickListener", "setupChangelogOnClickListener", "isSimplePreferences", "bindPreferenceSummaryToValue", "setupAnalyticsOnChangeListener"]}, "py/object": "JavaParserVisitor.MethodInfo"}}, "possibleFather": "PreferenceActivity", "py/object": "JavaParserVisitor.ClassInfo", "span": 477}, "Share": {"className": "Share", "members": {"py/set": ["VIA"]}, "methods": {}, "possibleFather": "", "py/object": "JavaParserVisitor.ClassInfo", "span": 1}, "Thresholds": {"className": "Thresholds", "members": {"py/set": ["MAX_FETCH_WEATHER_ATTEMPTS", "MAX_FETCH_LOCATION_ATTEMPTS"]}, "methods": {}, "possibleFather": "", "py/object": "JavaParserVisitor.ClassInfo", "span": 2}, "TimeoutRunnable": {"className": "TimeoutRunnable", "members": {"py/set": []}, "methods": {"run": {"memberReferences": {"py/set": []}, "methodName": "run", "methodReferences": {"py/set": []}, "py/object": "JavaParserVisitor.MethodInfo"}}, "possibleFather": "", "py/object": "JavaParserVisitor.ClassInfo", "span": 4}, "TrackerHelper": {"className": "TrackerHelper", "members": {"py/set": ["TAG"]}, "methods": {"activityStart": {"memberReferences": {"py/set": []}, "methodName": "activityStart", "methodReferences": {"py/set": ["activityStart"]}, "py/object": "JavaParserVisitor.MethodInfo"}, "activityStop": {"memberReferences": {"py/set": []}, "methodName": "activityStop", "methodReferences": {"py/set": ["activityStop"]}, "py/object": "JavaParserVisitor.MethodInfo"}, "initGoogleAnalyticsOptout": {"memberReferences": {"py/set": []}, "methodName": "initGoogleAnalyticsOptout", "methodReferences": {"py/set": []}, "py/object": "JavaParserVisitor.MethodInfo"}, "preferenceChange": {"memberReferences": {"py/set": []}, "methodName": "preferenceChange", "methodReferences": {"py/set": []}, "py/object": "JavaParserVisitor.MethodInfo"}, "sendException": {"memberReferences": {"py/set": []}, "methodName": "sendException", "methodReferences": {"py/set": []}, "py/object": "JavaParserVisitor.MethodInfo"}}, "possibleFather": "", "py/object": "JavaParserVisitor.ClassInfo", "span": 75}, "UpdaterService": {"className": "UpdaterService", "members": {"py/set": ["EXTRA_SILENT_FORCE_UPDATE", "REGEX_LANGCODE_COUNTRY", "mWidgetHelper", "mHandler", "EXTRA_USER_FORCE_UPDATE", "EXTRA_WIDGET_IDS", "REGEX_LANGCODE_SIMPLE", "TAG"]}, "methods": {"UpdaterService": {"memberReferences": {"py/set": []}, "methodName": "UpdaterService", "methodReferences": {"py/set": []}, "py/object": "JavaParserVisitor.MethodInfo"}, "getUserSelectedLocale": {"memberReferences": {"py/set": ["TAG"]}, "methodName": "getUserSelectedLocale", "methodReferences": {"py/set": []}, "py/object": "JavaParserVisitor.MethodInfo"}, "getWidgetBgColorPrefValue": {"memberReferences": {"py/set": []}, "methodName": "getWidgetBgColorPrefValue", "methodReferences": {"py/set": []}, "py/object": "JavaParserVisitor.MethodInfo"}, "getWidgetLayout": {"memberReferences": {"py/set": []}, "methodName": "getWidgetLayout", "methodReferences": {"py/set": []}, "py/object": "JavaParserVisitor.MethodInfo"}, "onCreate": {"memberReferences": {"py/set": ["mWidgetHelper", "mHandler"]}, "methodName": "onCreate", "methodReferences": {"py/set": []}, "py/object": "JavaParserVisitor.MethodInfo"}, "onHandleIntent": {"memberReferences": {"py/set": ["TAG", "mHandler"]}, "methodName": "onHandleIntent", "methodReferences": {"py/set": ["switchLocale", "getWidgetLayout", "setupViewsForKeyguard", "getUserSelectedLocale", "updateViews"]}, "py/object": "JavaParserVisitor.MethodInfo"}, "run": {"memberReferences": {"py/set": []}, "methodName": "run", "methodReferences": {"py/set": []}, "py/object": "JavaParserVisitor.MethodInfo"}, "setupViewsForKeyguard": {"memberReferences": {"py/set": []}, "methodName": "setupViewsForKeyguard", "methodReferences": {"py/set": []}, "py/object": "JavaParserVisitor.MethodInfo"}, "switchLocale": {"memberReferences": {"py/set": ["TAG"]}, "methodName": "switchLocale", "methodReferences": {"py/set": []}, "py/object": "JavaParserVisitor.MethodInfo"}, "updateViews": {"memberReferences": {"py/set": []}, "methodName": "updateViews", "methodReferences": {"py/set": ["getWidgetBgColorPrefValue"]}, "py/object": "JavaParserVisitor.MethodInfo"}}, "possibleFather": "IntentService", "py/object": "JavaParserVisitor.ClassInfo", "span": 356}, "Urls": {"className": "Urls", "members": {"py/set": ["DONATE_FRAKBOT", "AUTHENTIC_WEATHER"]}, "methods": {}, "possibleFather": "", "py/object": "JavaParserVisitor.ClassInfo", "span": 2}, "WeatherData": {"className": "WeatherData", "members": {"py/set": ["conditionText", "location", "WEATHER_DATA_VERSION", "low", "conditionCode", "forecastText", "WEATHER_ID_ERR_WTF", "todayForecastConditionCode", "WEATHER_DATA_FIELDS_COUNT", "INVALID_TEMPERATURE", "high", "temperature", "INVALID_CONDITION", "WEATHER_ID_ERR_NO_LOCATION", "TAG", "WEATHER_ID_ERR_NO_NETWORK"]}, "methods": {"WeatherData": {"memberReferences": {"py/set": []}, "methodName": "WeatherData", "methodReferences": {"py/set": []}, "py/object": "JavaParserVisitor.MethodInfo"}, "deserializeFromString": {"memberReferences": {"py/set": ["WEATHER_DATA_VERSION", "WEATHER_DATA_FIELDS_COUNT", "TAG"]}, "methodName": "deserializeFromString", "methodReferences": {"py/set": []}, "py/object": "JavaParserVisitor.MethodInfo"}, "serializeToString": {"memberReferences": {"py/set": []}, "methodName": "serializeToString", "methodReferences": {"py/set": []}, "py/object": "JavaParserVisitor.MethodInfo"}, "toString": {"memberReferences": {"py/set": []}, "methodName": "toString", "methodReferences": {"py/set": []}, "py/object": "JavaParserVisitor.MethodInfo"}}, "possibleFather": "", "py/object": "JavaParserVisitor.ClassInfo", "span": 102}, "WeatherHelper": {"className": "WeatherHelper", "members": {"py/set": ["mCacheDataRead", "WEATHER_CACHE_DURATION_MILLIS", "mCachedWeather", "mCachedWeatherTimestamp", "TAG"]}, "methods": {"checkNetwork": {"memberReferences": {"py/set": []}, "methodName": "checkNetwork", "methodReferences": {"py/set": []}, "py/object": "JavaParserVisitor.MethodInfo"}, "clearCache": {"memberReferences": {"py/set": []}, "methodName": "clearCache", "methodReferences": {"py/set": ["clearCache"]}, "py/object": "JavaParserVisitor.MethodInfo"}, "getLatestWeather": {"memberReferences": {"py/set": ["WEATHER_CACHE_DURATION_MILLIS", "mCachedWeather", "mCachedWeatherTimestamp"]}, "methodName": "getLatestWeather", "methodReferences": {"py/set": ["isLatestWeatherStillGood"]}, "py/object": "JavaParserVisitor.MethodInfo"}, "getLatestWeatherAgeMillis": {"memberReferences": {"py/set": ["mCachedWeather", "mCachedWeatherTimestamp"]}, "methodName": "getLatestWeatherAgeMillis", "methodReferences": {"py/set": []}, "py/object": "JavaParserVisitor.MethodInfo"}, "getLocation": {"memberReferences": {"py/set": []}, "methodName": "getLocation", "methodReferences": {"py/set": []}, "py/object": "JavaParserVisitor.MethodInfo"}, "getLocationInfoWithRetry": {"memberReferences": {"py/set": ["TAG"]}, "methodName": "getLocationInfoWithRetry", "methodReferences": {"py/set": []}, "py/object": "JavaParserVisitor.MethodInfo"}, "getWeather": {"memberReferences": {"py/set": ["mCacheDataRead", "WEATHER_CACHE_DURATION_MILLIS", "mCachedWeather", "mCachedWeatherTimestamp", "TAG"]}, "methodName": "getWeather", "methodReferences": {"py/set": ["readDataFromCache", "getWeatherDataForLocationInfo", "saveDataToCache", "checkNetwork", "getLatestWeather", "clearCache", "getWeatherDataForLocation", "getLocation"]}, "py/object": "JavaParserVisitor.MethodInfo"}, "getWeatherDataForLocation": {"memberReferences": {"py/set": ["TAG"]}, "methodName": "getWeatherDataForLocation", "methodReferences": {"py/set": ["getLocationInfoWithRetry", "getWeatherWithRetry"]}, "py/object": "JavaParserVisitor.MethodInfo"}, "getWeatherDataForLocationInfo": {"memberReferences": {"py/set": ["TAG"]}, "methodName": "getWeatherDataForLocationInfo", "methodReferences": {"py/set": ["getWeatherWithRetry"]}, "py/object": "JavaParserVisitor.MethodInfo"}, "getWeatherWithRetry": {"memberReferences": {"py/set": ["TAG"]}, "methodName": "getWeatherWithRetry", "methodReferences": {"py/set": []}, "py/object": "JavaParserVisitor.MethodInfo"}, "isLatestWeatherStillGood": {"memberReferences": {"py/set": ["WEATHER_CACHE_DURATION_MILLIS", "mCachedWeather", "mCachedWeatherTimestamp"]}, "methodName": "isLatestWeatherStillGood", "methodReferences": {"py/set": ["getLatestWeatherAgeMillis"]}, "py/object": "JavaParserVisitor.MethodInfo"}, "readDataFromCache": {"memberReferences": {"py/set": ["WEATHER_CACHE_DURATION_MILLIS", "mCachedWeather", "mCachedWeatherTimestamp"]}, "methodName": "readDataFromCache", "methodReferences": {"py/set": ["isLatestWeatherStillGood"]}, "py/object": "JavaParserVisitor.MethodInfo"}, "saveDataToCache": {"memberReferences": {"py/set": ["mCachedWeather", "mCachedWeatherTimestamp"]}, "methodName": "saveDataToCache", "methodReferences": {"py/set": ["clearCache"]}, "py/object": "JavaParserVisitor.MethodInfo"}}, "possibleFather": "", "py/object": "JavaParserVisitor.ClassInfo", "span": 348}, "WeatherLocationPreference": {"className": "WeatherLocationPreference", "members": {"py/set": ["ACTION_CANCELED", "ACTION_SET_VALUE", "EXTRA_VALUE", "mReceiver", "TAG"]}, "methods": {"WeatherLocationPreference": {"memberReferences": {"py/set": []}, "methodName": "WeatherLocationPreference", "methodReferences": {"py/set": []}, "py/object": "JavaParserVisitor.MethodInfo"}, "getDisplayValue": {"memberReferences": {"py/set": []}, "methodName": "getDisplayValue", "methodReferences": {"py/set": []}, "py/object": "JavaParserVisitor.MethodInfo"}, "getWoeidFromValue": {"memberReferences": {"py/set": []}, "methodName": "getWoeidFromValue", "methodReferences": {"py/set": []}, "py/object": "JavaParserVisitor.MethodInfo"}, "onClick": {"memberReferences": {"py/set": ["ACTION_SET_VALUE", "mReceiver"]}, "methodName": "onClick", "methodReferences": {"py/set": []}, "py/object": "JavaParserVisitor.MethodInfo"}, "onGetDefaultValue": {"memberReferences": {"py/set": []}, "methodName": "onGetDefaultValue", "methodReferences": {"py/set": []}, "py/object": "JavaParserVisitor.MethodInfo"}, "onReceive": {"memberReferences": {"py/set": ["ACTION_SET_VALUE", "TAG", "mReceiver"]}, "methodName": "onReceive", "methodReferences": {"py/set": ["setValue"]}, "py/object": "JavaParserVisitor.MethodInfo"}, "onSetInitialValue": {"memberReferences": {"py/set": ["TAG", "mReceiver"]}, "methodName": "onSetInitialValue", "methodReferences": {"py/set": ["setValue"]}, "py/object": "JavaParserVisitor.MethodInfo"}, "setValue": {"memberReferences": {"py/set": ["mReceiver", "TAG"]}, "methodName": "setValue", "methodReferences": {"py/set": []}, "py/object": "JavaParserVisitor.MethodInfo"}}, "possibleFather": "Preference", "py/object": "JavaParserVisitor.ClassInfo", "span": 103}, "WidgetHelper": {"className": "WidgetHelper", "members": {"py/set": ["mContext", "PLACEHOLDER_COLOR"]}, "methods": {"WidgetHelper": {"memberReferences": {"py/set": ["mContext"]}, "methodName": "WidgetHelper", "methodReferences": {"py/set": []}, "py/object": "JavaParserVisitor.MethodInfo"}, "buildResourceName": {"memberReferences": {"py/set": []}, "methodName": "buildResourceName", "methodReferences": {"py/set": []}, "py/object": "JavaParserVisitor.MethodInfo"}, "getColoredSpannedString": {"memberReferences": {"py/set": ["PLACEHOLDER_COLOR"]}, "methodName": "getColoredSpannedString", "methodReferences": {"py/set": []}, "py/object": "JavaParserVisitor.MethodInfo"}, "getGenericRandomWeatherSpanned": {"memberReferences": {"py/set": ["mContext", "PLACEHOLDER_COLOR"]}, "methodName": "getGenericRandomWeatherSpanned", "methodReferences": {"py/set": ["getGenericStringNameArray", "getColoredSpannedString", "getRandomString"]}, "py/object": "JavaParserVisitor.MethodInfo"}, "getGenericStringNameArray": {"memberReferences": {"py/set": ["mContext"]}, "methodName": "getGenericStringNameArray", "methodReferences": {"py/set": ["buildResourceName"]}, "py/object": "JavaParserVisitor.MethodInfo"}, "getRandomString": {"memberReferences": {"py/set": []}, "methodName": "getRandomString", "methodReferences": {"py/set": []}, "py/object": "JavaParserVisitor.MethodInfo"}, "getShareString": {"memberReferences": {"py/set": ["mContext", "PLACEHOLDER_COLOR"]}, "methodName": "getShareString", "methodReferences": {"py/set": ["getWeatherMainString"]}, "py/object": "JavaParserVisitor.MethodInfo"}, "getUpdaterIntent": {"memberReferences": {"py/set": []}, "methodName": "getUpdaterIntent", "methodReferences": {"py/set": ["getWidgetIds"]}, "py/object": "JavaParserVisitor.MethodInfo"}, "getWeatherImageId": {"memberReferences": {"py/set": []}, "methodName": "getWeatherImageId", "methodReferences": {"py/set": ["buildResourceName"]}, "py/object": "JavaParserVisitor.MethodInfo"}, "getWeatherMainString": {"memberReferences": {"py/set": ["mContext", "PLACEHOLDER_COLOR"]}, "methodName": "getWeatherMainString", "methodReferences": {"py/set": ["getGenericRandomWeatherSpanned"]}, "py/object": "JavaParserVisitor.MethodInfo"}, "getWeatherTempString": {"memberReferences": {"py/set": ["PLACEHOLDER_COLOR", "mContext"]}, "methodName": "getWeatherTempString", "methodReferences": {"py/set": ["getGenericRandomWeatherSpanned"]}, "py/object": "JavaParserVisitor.MethodInfo"}, "getWidgetBGColor": {"memberReferences": {"py/set": []}, "methodName": "getWidgetBGColor", "methodReferences": {"py/set": []}, "py/object": "JavaParserVisitor.MethodInfo"}, "getWidgetIds": {"memberReferences": {"py/set": []}, "methodName": "getWidgetIds", "methodReferences": {"py/set": []}, "py/object": "JavaParserVisitor.MethodInfo"}, "makeToast": {"memberReferences": {"py/set": []}, "methodName": "makeToast", "methodReferences": {"py/set": []}, "py/object": "JavaParserVisitor.MethodInfo"}}, "possibleFather": "", "py/object": "JavaParserVisitor.ClassInfo", "span": 322}, "YahooWeatherApiClient": {"className": "YahooWeatherApiClient", "members": {"py/set": ["PARSE_STATE_ADMIN1", "sXmlPullParserFactory", "PARSE_STATE_NONE", "PARSE_STATE_WOEID", "MAX_SEARCH_RESULTS", "PARSE_STATE_COUNTRY", "PARSE_STATE_PLACE", "PARSE_STATE_NAME", "sWeatherUnits", "TAG"]}, "methods": {"buildPlaceSearchStartsWithUrl": {"memberReferences": {"py/set": ["MAX_SEARCH_RESULTS"]}, "methodName": "buildPlaceSearchStartsWithUrl", "methodReferences": {"py/set": []}, "py/object": "JavaParserVisitor.MethodInfo"}, "buildPlaceSearchUrl": {"memberReferences": {"py/set": []}, "methodName": "buildPlaceSearchUrl", "methodReferences": {"py/set": []}, "py/object": "JavaParserVisitor.MethodInfo"}, "buildWeatherQueryUrl": {"memberReferences": {"py/set": ["sWeatherUnits"]}, "methodName": "buildWeatherQueryUrl", "methodReferences": {"py/set": []}, "py/object": "JavaParserVisitor.MethodInfo"}, "compare": {"memberReferences": {"py/set": []}, "methodName": "compare", "methodReferences": {"py/set": []}, "py/object": "JavaParserVisitor.MethodInfo"}, "findLocationsAutocomplete": {"memberReferences": {"py/set": ["PARSE_STATE_ADMIN1", "PARSE_STATE_NONE", "PARSE_STATE_WOEID", "PARSE_STATE_COUNTRY", "MAX_SEARCH_RESULTS", "PARSE_STATE_PLACE", "PARSE_STATE_NAME"]}, "methodName": "findLocationsAutocomplete", "methodReferences": {"py/set": ["buildPlaceSearchStartsWithUrl", "openUrlConnection"]}, "py/object": "JavaParserVisitor.MethodInfo"}, "getLocationInfo": {"memberReferences": {"py/set": []}, "methodName": "getLocationInfo", "methodReferences": {"py/set": ["openUrlConnection", "buildPlaceSearchUrl"]}, "py/object": "JavaParserVisitor.MethodInfo"}, "getWeatherForLocationInfo": {"memberReferences": {"py/set": ["sWeatherUnits"]}, "methodName": "getWeatherForLocationInfo", "methodReferences": {"py/set": ["getWeatherForWoeid"]}, "py/object": "JavaParserVisitor.MethodInfo"}, "getWeatherForWoeid": {"memberReferences": {"py/set": ["sWeatherUnits"]}, "methodName": "getWeatherForWoeid", "methodReferences": {"py/set": ["openUrlConnection", "buildWeatherQueryUrl"]}, "py/object": "JavaParserVisitor.MethodInfo"}, "openUrlConnection": {"memberReferences": {"py/set": []}, "methodName": "openUrlConnection", "methodReferences": {"py/set": []}, "py/object": "JavaParserVisitor.MethodInfo"}, "setWeatherUnits": {"memberReferences": {"py/set": ["sWeatherUnits"]}, "methodName": "setWeatherUnits", "methodReferences": {"py/set": []}, "py/object": "JavaParserVisitor.MethodInfo"}}, "possibleFather": "", "py/object": "JavaParserVisitor.ClassInfo", "span": 382}}