{"id": 163749557, "node_id": "MDEwOlJlcG9zaXRvcnkxNjM3NDk1NTc=", "name": "BedWars", "full_name": "ScreamingSandals/BedWars", "private": false, "owner": {"login": "ScreamingSandals", "id": 56512741, "node_id": "MDEyOk9yZ2FuaXphdGlvbjU2NTEyNzQx", "avatar_url": "https://avatars.githubusercontent.com/u/56512741?v=4", "gravatar_id": "", "url": "https://api.github.com/users/ScreamingSandals", "html_url": "https://github.com/ScreamingSandals", "followers_url": "https://api.github.com/users/ScreamingSandals/followers", "following_url": "https://api.github.com/users/ScreamingSandals/following{/other_user}", "gists_url": "https://api.github.com/users/ScreamingSandals/gists{/gist_id}", "starred_url": "https://api.github.com/users/ScreamingSandals/starred{/owner}{/repo}", "subscriptions_url": "https://api.github.com/users/ScreamingSandals/subscriptions", "organizations_url": "https://api.github.com/users/ScreamingSandals/orgs", "repos_url": "https://api.github.com/users/ScreamingSandals/repos", "events_url": "https://api.github.com/users/ScreamingSandals/events{/privacy}", "received_events_url": "https://api.github.com/users/ScreamingSandals/received_events", "type": "Organization", "site_admin": false}, "html_url": "https://github.com/ScreamingSandals/BedWars", "description": "Simple BedWars minigame plugin for Spigot version 1.9.4 - 1.17.1", "fork": false, "url": "https://api.github.com/repos/ScreamingSandals/BedWars", "forks_url": "https://api.github.com/repos/ScreamingSandals/BedWars/forks", "keys_url": "https://api.github.com/repos/ScreamingSandals/BedWars/keys{/key_id}", "collaborators_url": "https://api.github.com/repos/ScreamingSandals/BedWars/collaborators{/collaborator}", "teams_url": "https://api.github.com/repos/ScreamingSandals/BedWars/teams", "hooks_url": "https://api.github.com/repos/ScreamingSandals/BedWars/hooks", "issue_events_url": "https://api.github.com/repos/ScreamingSandals/BedWars/issues/events{/number}", "events_url": "https://api.github.com/repos/ScreamingSandals/BedWars/events", "assignees_url": "https://api.github.com/repos/ScreamingSandals/BedWars/assignees{/user}", "branches_url": "https://api.github.com/repos/ScreamingSandals/BedWars/branches{/branch}", "tags_url": "https://api.github.com/repos/ScreamingSandals/BedWars/tags", "blobs_url": "https://api.github.com/repos/ScreamingSandals/BedWars/git/blobs{/sha}", "git_tags_url": "https://api.github.com/repos/ScreamingSandals/BedWars/git/tags{/sha}", "git_refs_url": "https://api.github.com/repos/ScreamingSandals/BedWars/git/refs{/sha}", "trees_url": "https://api.github.com/repos/ScreamingSandals/BedWars/git/trees{/sha}", "statuses_url": "https://api.github.com/repos/ScreamingSandals/BedWars/statuses/{sha}", "languages_url": "https://api.github.com/repos/ScreamingSandals/BedWars/languages", "stargazers_url": "https://api.github.com/repos/ScreamingSandals/BedWars/stargazers", "contributors_url": "https://api.github.com/repos/ScreamingSandals/BedWars/contributors", "subscribers_url": "https://api.github.com/repos/ScreamingSandals/BedWars/subscribers", "subscription_url": "https://api.github.com/repos/ScreamingSandals/BedWars/subscription", "commits_url": "https://api.github.com/repos/ScreamingSandals/BedWars/commits{/sha}", "git_commits_url": "https://api.github.com/repos/ScreamingSandals/BedWars/git/commits{/sha}", "comments_url": "https://api.github.com/repos/ScreamingSandals/BedWars/comments{/number}", "issue_comment_url": "https://api.github.com/repos/ScreamingSandals/BedWars/issues/comments{/number}", "contents_url": "https://api.github.com/repos/ScreamingSandals/BedWars/contents/{+path}", "compare_url": "https://api.github.com/repos/ScreamingSandals/BedWars/compare/{base}...{head}", "merges_url": "https://api.github.com/repos/ScreamingSandals/BedWars/merges", "archive_url": "https://api.github.com/repos/ScreamingSandals/BedWars/{archive_format}{/ref}", "downloads_url": "https://api.github.com/repos/ScreamingSandals/BedWars/downloads", "issues_url": "https://api.github.com/repos/ScreamingSandals/BedWars/issues{/number}", "pulls_url": "https://api.github.com/repos/ScreamingSandals/BedWars/pulls{/number}", "milestones_url": "https://api.github.com/repos/ScreamingSandals/BedWars/milestones{/number}", "notifications_url": "https://api.github.com/repos/ScreamingSandals/BedWars/notifications{?since,all,participating}", "labels_url": "https://api.github.com/repos/ScreamingSandals/BedWars/labels{/name}", "releases_url": "https://api.github.com/repos/ScreamingSandals/BedWars/releases{/id}", "deployments_url": "https://api.github.com/repos/ScreamingSandals/BedWars/deployments", "created_at": "2019-01-01T16:15:06Z", "updated_at": "2022-03-09T06:22:51Z", "pushed_at": "2022-03-09T17:14:13Z", "git_url": "git://github.com/ScreamingSandals/BedWars.git", "ssh_url": "git@github.com:ScreamingSandals/BedWars.git", "clone_url": "https://github.com/ScreamingSandals/BedWars.git", "svn_url": "https://github.com/ScreamingSandals/BedWars", "homepage": "https://www.spigotmc.org/resources/bedwars.63714/", "size": 8844, "stargazers_count": 164, "watchers_count": 164, "language": "Java", "has_issues": true, "has_projects": true, "has_downloads": true, "has_wiki": true, "has_pages": true, "forks_count": 77, "mirror_url": null, "archived": false, "disabled": false, "open_issues_count": 44, "license": {"key": "other", "name": "Other", "spdx_id": "NOASSERTION", "url": null, "node_id": "MDc6TGljZW5zZTA="}, "allow_forking": true, "is_template": false, "topics": ["bedwars", "bukkit", "minecraft", "minigame", "papermc", "spigot"], "visibility": "public", "forks": 77, "open_issues": 44, "watchers": 164, "default_branch": "master", "score": 1.0, "__project_size": 7492639, "__java_files_sizes": 1398852, "__java_files_loc": 32650, "contributors_url_calculated": 21, "commits_url_calculated": 1117}