{"ByteBufferSvgDecoder": {"className": "ByteBufferSvgDecoder", "members": {"py/set": []}, "methods": {"getSize": {"memberReferences": {"py/set": []}, "methodName": "getSize", "methodReferences": {"py/set": []}, "py/object": "JavaParserVisitor.MethodInfo"}, "loadSvg": {"memberReferences": {"py/set": []}, "methodName": "loadSvg", "methodReferences": {"py/set": []}, "py/object": "JavaParserVisitor.MethodInfo"}}, "possibleFather": "SvgDecoder<ByteBuffer>", "py/object": "JavaParserVisitor.ClassInfo", "span": 13}, "Factory": {"className": "Factory", "members": {"py/set": ["FACTORY"]}, "methods": {"build": {"memberReferences": {"py/set": []}, "methodName": "build", "methodReferences": {"py/set": []}, "py/object": "JavaParserVisitor.MethodInfo"}, "getInstance": {"memberReferences": {"py/set": ["FACTORY"]}, "methodName": "getInstance", "methodReferences": {"py/set": []}, "py/object": "JavaParserVisitor.MethodInfo"}, "teardown": {"memberReferences": {"py/set": []}, "methodName": "teardown", "methodReferences": {"py/set": []}, "py/object": "JavaParserVisitor.MethodInfo"}}, "possibleFather": "", "py/object": "JavaParserVisitor.ClassInfo", "span": 15}, "FileDescriptorSvgDecoder": {"className": "FileDescriptorSvgDecoder", "members": {"py/set": []}, "methods": {"getSize": {"memberReferences": {"py/set": []}, "methodName": "getSize", "methodReferences": {"py/set": []}, "py/object": "JavaParserVisitor.MethodInfo"}, "loadSvg": {"memberReferences": {"py/set": []}, "methodName": "loadSvg", "methodReferences": {"py/set": []}, "py/object": "JavaParserVisitor.MethodInfo"}}, "possibleFather": "SvgDecoder<FileDescriptor>", "py/object": "JavaParserVisitor.ClassInfo", "span": 18}, "FileSvgDecoder": {"className": "FileSvgDecoder", "members": {"py/set": []}, "methods": {"getSize": {"memberReferences": {"py/set": []}, "methodName": "getSize", "methodReferences": {"py/set": []}, "py/object": "JavaParserVisitor.MethodInfo"}, "loadSvg": {"memberReferences": {"py/set": []}, "methodName": "loadSvg", "methodReferences": {"py/set": []}, "py/object": "JavaParserVisitor.MethodInfo"}}, "possibleFather": "SvgDecoder<File>", "py/object": "JavaParserVisitor.ClassInfo", "span": 13}, "InputStreamSvgDecoder": {"className": "InputStreamSvgDecoder", "members": {"py/set": []}, "methods": {"getSize": {"memberReferences": {"py/set": []}, "methodName": "getSize", "methodReferences": {"py/set": []}, "py/object": "JavaParserVisitor.MethodInfo"}, "loadSvg": {"memberReferences": {"py/set": []}, "methodName": "loadSvg", "methodReferences": {"py/set": []}, "py/object": "JavaParserVisitor.MethodInfo"}}, "possibleFather": "SvgDecoder<InputStream>", "py/object": "JavaParserVisitor.ClassInfo", "span": 13}, "MainActivity": {"className": "MainActivity", "members": {"py/set": ["mSource", "mImageView"]}, "methods": {"onCreate": {"memberReferences": {"py/set": ["mImageView"]}, "methodName": "onCreate", "methodReferences": {"py/set": []}, "py/object": "JavaParserVisitor.MethodInfo"}, "onItemSelected": {"memberReferences": {"py/set": ["mSource", "mImageView"]}, "methodName": "onItemSelected", "methodReferences": {"py/set": ["setSource"]}, "py/object": "JavaParserVisitor.MethodInfo"}, "onNothingSelected": {"memberReferences": {"py/set": ["mSource", "mImageView"]}, "methodName": "onNothingSelected", "methodReferences": {"py/set": ["setSource"]}, "py/object": "JavaParserVisitor.MethodInfo"}, "setSource": {"memberReferences": {"py/set": ["mSource", "mImageView"]}, "methodName": "setSource", "methodReferences": {"py/set": []}, "py/object": "JavaParserVisitor.MethodInfo"}}, "possibleFather": "AppCompatActivity", "py/object": "JavaParserVisitor.ClassInfo", "span": 37}, "ParcelFileDescriptorSvgDecoder": {"className": "ParcelFileDescriptorSvgDecoder", "members": {"py/set": ["mDecoder"]}, "methods": {"getSize": {"memberReferences": {"py/set": []}, "methodName": "getSize", "methodReferences": {"py/set": []}, "py/object": "JavaParserVisitor.MethodInfo"}, "handles": {"memberReferences": {"py/set": ["mDecoder"]}, "methodName": "handles", "methodReferences": {"py/set": ["handles"]}, "py/object": "JavaParserVisitor.MethodInfo"}, "loadSvg": {"memberReferences": {"py/set": ["mDecoder"]}, "methodName": "loadSvg", "methodReferences": {"py/set": ["loadSvg"]}, "py/object": "JavaParserVisitor.MethodInfo"}}, "possibleFather": "SvgDecoder<ParcelFileDescriptor>", "py/object": "JavaParserVisitor.ClassInfo", "span": 21}, "PoolBitmapProvider": {"className": "PoolBitmapProvider", "members": {"py/set": ["mBitmapPool"]}, "methods": {"PoolBitmapProvider": {"memberReferences": {"py/set": ["mBitmapPool"]}, "methodName": "PoolBitmapProvider", "methodReferences": {"py/set": []}, "py/object": "JavaParserVisitor.MethodInfo"}, "get": {"memberReferences": {"py/set": []}, "methodName": "get", "methodReferences": {"py/set": []}, "py/object": "JavaParserVisitor.MethodInfo"}}, "possibleFather": "", "py/object": "JavaParserVisitor.ClassInfo", "span": 11}, "RawResourceSvgDecoder": {"className": "RawResourceSvgDecoder", "members": {"py/set": ["mResources"]}, "methods": {"RawResourceSvgDecoder": {"memberReferences": {"py/set": ["mResources"]}, "methodName": "RawResourceSvgDecoder", "methodReferences": {"py/set": []}, "py/object": "JavaParserVisitor.MethodInfo"}, "getSize": {"memberReferences": {"py/set": []}, "methodName": "getSize", "methodReferences": {"py/set": []}, "py/object": "JavaParserVisitor.MethodInfo"}, "handles": {"memberReferences": {"py/set": []}, "methodName": "handles", "methodReferences": {"py/set": []}, "py/object": "JavaParserVisitor.MethodInfo"}, "loadSvg": {"memberReferences": {"py/set": ["mResources"]}, "methodName": "loadSvg", "methodReferences": {"py/set": []}, "py/object": "JavaParserVisitor.MethodInfo"}}, "possibleFather": "SvgDecoder<Uri>", "py/object": "JavaParserVisitor.ClassInfo", "span": 25}, "ResourceUtils": {"className": "ResourceUtils", "members": {"py/set": ["NAME_URI_PATH_SEGMENTS", "NAME_PATH_SEGMENT_INDEX", "RES_ID_SEGMENT_INDEX", "ID_PATH_SEGMENTS", "RESOURCE_TYPE_RAW", "TYPE_PATH_SEGMENT_INDEX"]}, "methods": {"ResourceUtils": {"memberReferences": {"py/set": []}, "methodName": "ResourceUtils", "methodReferences": {"py/set": []}, "py/object": "JavaParserVisitor.MethodInfo"}, "checkResourceType": {"memberReferences": {"py/set": []}, "methodName": "checkResourceType", "methodReferences": {"py/set": []}, "py/object": "JavaParserVisitor.MethodInfo"}, "getRawResourceId": {"memberReferences": {"py/set": ["NAME_URI_PATH_SEGMENTS", "ID_PATH_SEGMENTS"]}, "methodName": "getRawResourceId", "methodReferences": {"py/set": ["checkResourceType"]}, "py/object": "JavaParserVisitor.MethodInfo"}, "isRawResource": {"memberReferences": {"py/set": ["NAME_URI_PATH_SEGMENTS", "ID_PATH_SEGMENTS", "RESOURCE_TYPE_RAW"]}, "methodName": "isRawResource", "methodReferences": {"py/set": []}, "py/object": "JavaParserVisitor.MethodInfo"}}, "possibleFather": "", "py/object": "JavaParserVisitor.ClassInfo", "span": 70}, "SampleGlideModule": {"className": "SampleGlideModule", "members": {"py/set": []}, "methods": {"isManifestParsingEnabled": {"memberReferences": {"py/set": []}, "methodName": "isManifestParsingEnabled", "methodReferences": {"py/set": []}, "py/object": "JavaParserVisitor.MethodInfo"}}, "possibleFather": "AppGlideModule", "py/object": "JavaParserVisitor.ClassInfo", "span": 4}, "SizeUtils": {"className": "SizeUtils", "members": {"py/set": []}, "methods": {"SizeUtils": {"memberReferences": {"py/set": []}, "methodName": "SizeUtils", "methodReferences": {"py/set": []}, "py/object": "JavaParserVisitor.MethodInfo"}, "getRawResourceSize": {"memberReferences": {"py/set": []}, "methodName": "getRawResourceSize", "methodReferences": {"py/set": ["getSize"]}, "py/object": "JavaParserVisitor.MethodInfo"}, "getSize": {"memberReferences": {"py/set": []}, "methodName": "getSize", "methodReferences": {"py/set": []}, "py/object": "JavaParserVisitor.MethodInfo"}}, "possibleFather": "", "py/object": "JavaParserVisitor.ClassInfo", "span": 48}, "StringLoader": {"className": "StringLoader", "members": {"py/set": []}, "methods": {"handles": {"memberReferences": {"py/set": []}, "methodName": "handles", "methodReferences": {"py/set": []}, "py/object": "JavaParserVisitor.MethodInfo"}}, "possibleFather": "UnitModelLoader<String>", "py/object": "JavaParserVisitor.ClassInfo", "span": 22}, "StringSvgDecoder": {"className": "StringSvgDecoder", "members": {"py/set": []}, "methods": {"getSize": {"memberReferences": {"py/set": []}, "methodName": "getSize", "methodReferences": {"py/set": []}, "py/object": "JavaParserVisitor.MethodInfo"}, "loadSvg": {"memberReferences": {"py/set": []}, "methodName": "loadSvg", "methodReferences": {"py/set": []}, "py/object": "JavaParserVisitor.MethodInfo"}}, "possibleFather": "SvgDecoder<String>", "py/object": "JavaParserVisitor.ClassInfo", "span": 13}, "SvgBitmapDrawableTranscoder": {"className": "SvgBitmapDrawableTranscoder", "members": {"py/set": ["mBitmapProvider", "mBitmapPool", "mResources"]}, "methods": {"SvgBitmapDrawableTranscoder": {"memberReferences": {"py/set": ["mBitmapPool", "mBitmapProvider", "mResources"]}, "methodName": "SvgBitmapDrawableTranscoder", "methodReferences": {"py/set": []}, "py/object": "JavaParserVisitor.MethodInfo"}, "getDecodeFormat": {"memberReferences": {"py/set": []}, "methodName": "getDecodeFormat", "methodReferences": {"py/set": []}, "py/object": "JavaParserVisitor.MethodInfo"}, "prepareSvg": {"memberReferences": {"py/set": []}, "methodName": "prepareSvg", "methodReferences": {"py/set": []}, "py/object": "JavaParserVisitor.MethodInfo"}, "transcode": {"memberReferences": {"py/set": ["mBitmapProvider"]}, "methodName": "transcode", "methodReferences": {"py/set": ["prepareSvg", "getDecodeFormat"]}, "py/object": "JavaParserVisitor.MethodInfo"}}, "possibleFather": "", "py/object": "JavaParserVisitor.ClassInfo", "span": 66}, "SvgDecoder": {"className": "SvgDecoder", "members": {"py/set": []}, "methods": {"decode": {"memberReferences": {"py/set": []}, "methodName": "decode", "methodReferences": {"py/set": ["getSize", "getResourceSize", "loadSvg"]}, "py/object": "JavaParserVisitor.MethodInfo"}, "getResourceSize": {"memberReferences": {"py/set": []}, "methodName": "getResourceSize", "methodReferences": {"py/set": []}, "py/object": "JavaParserVisitor.MethodInfo"}, "getSize": {"memberReferences": {"py/set": []}, "methodName": "getSize", "methodReferences": {"py/set": []}, "py/object": "JavaParserVisitor.MethodInfo"}, "handles": {"memberReferences": {"py/set": []}, "methodName": "handles", "methodReferences": {"py/set": []}, "py/object": "JavaParserVisitor.MethodInfo"}, "loadSvg": {"memberReferences": {"py/set": []}, "methodName": "loadSvg", "methodReferences": {"py/set": []}, "py/object": "JavaParserVisitor.MethodInfo"}}, "possibleFather": "", "py/object": "JavaParserVisitor.ClassInfo", "span": 41}, "SvgModule": {"className": "SvgModule", "members": {"py/set": ["REGISTRY"]}, "methods": {"registerComponents": {"memberReferences": {"py/set": ["REGISTRY"]}, "methodName": "registerComponents", "methodReferences": {"py/set": ["registerDecoders"]}, "py/object": "JavaParserVisitor.MethodInfo"}, "registerDecoders": {"memberReferences": {"py/set": ["REGISTRY"]}, "methodName": "registerDecoders", "methodReferences": {"py/set": []}, "py/object": "JavaParserVisitor.MethodInfo"}}, "possibleFather": "LibraryGlideModule", "py/object": "JavaParserVisitor.ClassInfo", "span": 20}, "SvgParseException": {"className": "SvgParseException", "members": {"py/set": []}, "methods": {"SvgParseException": {"memberReferences": {"py/set": []}, "methodName": "SvgParseException", "methodReferences": {"py/set": []}, "py/object": "JavaParserVisitor.MethodInfo"}}, "possibleFather": "Exception", "py/object": "JavaParserVisitor.ClassInfo", "span": 14}, "SvgResource": {"className": "SvgResource", "members": {"py/set": ["mSvg", "mHeight", "mSize", "mWidth"]}, "methods": {"SvgResource": {"memberReferences": {"py/set": ["mSvg", "mSize", "mHeight", "mWidth"]}, "methodName": "SvgResource", "methodReferences": {"py/set": []}, "py/object": "JavaParserVisitor.MethodInfo"}, "get": {"memberReferences": {"py/set": ["mSvg"]}, "methodName": "get", "methodReferences": {"py/set": []}, "py/object": "JavaParserVisitor.MethodInfo"}, "getHeight": {"memberReferences": {"py/set": ["mHeight"]}, "methodName": "getHeight", "methodReferences": {"py/set": []}, "py/object": "JavaParserVisitor.MethodInfo"}, "getResourceClass": {"memberReferences": {"py/set": []}, "methodName": "getResourceClass", "methodReferences": {"py/set": []}, "py/object": "JavaParserVisitor.MethodInfo"}, "getSize": {"memberReferences": {"py/set": ["mSize"]}, "methodName": "getSize", "methodReferences": {"py/set": []}, "py/object": "JavaParserVisitor.MethodInfo"}, "getWidth": {"memberReferences": {"py/set": ["mWidth"]}, "methodName": "getWidth", "methodReferences": {"py/set": []}, "py/object": "JavaParserVisitor.MethodInfo"}, "recycle": {"memberReferences": {"py/set": []}, "methodName": "recycle", "methodReferences": {"py/set": []}, "py/object": "JavaParserVisitor.MethodInfo"}, "toString": {"memberReferences": {"py/set": ["mSize", "mHeight", "mWidth"]}, "methodName": "toString", "methodReferences": {"py/set": []}, "py/object": "JavaParserVisitor.MethodInfo"}}, "possibleFather": "", "py/object": "JavaParserVisitor.ClassInfo", "span": 50}, "SvgUtils": {"className": "SvgUtils", "members": {"py/set": []}, "methods": {"SvgUtils": {"memberReferences": {"py/set": []}, "methodName": "SvgUtils", "methodReferences": {"py/set": []}, "py/object": "JavaParserVisitor.MethodInfo"}, "aspectRation": {"memberReferences": {"py/set": []}, "methodName": "aspectRation", "methodReferences": {"py/set": []}, "py/object": "JavaParserVisitor.MethodInfo"}, "fix": {"memberReferences": {"py/set": []}, "methodName": "fix", "methodReferences": {"py/set": []}, "py/object": "JavaParserVisitor.MethodInfo"}, "getSvg": {"memberReferences": {"py/set": []}, "methodName": "getSvg", "methodReferences": {"py/set": []}, "py/object": "JavaParserVisitor.MethodInfo"}, "scaleDocumentSize": {"memberReferences": {"py/set": []}, "methodName": "scaleDocumentSize", "methodReferences": {"py/set": []}, "py/object": "JavaParserVisitor.MethodInfo"}, "toBitmap": {"memberReferences": {"py/set": []}, "methodName": "toBitmap", "methodReferences": {"py/set": []}, "py/object": "JavaParserVisitor.MethodInfo"}}, "possibleFather": "", "py/object": "JavaParserVisitor.ClassInfo", "span": 70}, "UnitSVGDecoder": {"className": "UnitSVGDecoder", "members": {"py/set": []}, "methods": {"getSize": {"memberReferences": {"py/set": []}, "methodName": "getSize", "methodReferences": {"py/set": []}, "py/object": "JavaParserVisitor.MethodInfo"}, "loadSvg": {"memberReferences": {"py/set": []}, "methodName": "loadSvg", "methodReferences": {"py/set": []}, "py/object": "JavaParserVisitor.MethodInfo"}}, "possibleFather": "SvgDecoder<SVG>", "py/object": "JavaParserVisitor.ClassInfo", "span": 9}}