{"SCOM": {"py/object": "Statistics.InterestingStatistics", "classValues": [{"py/tuple": [0.0, 13]}, {"py/tuple": [0.0, 15]}, {"py/tuple": [0.0, 18]}, {"py/tuple": [0.0, 13]}, {"py/tuple": [0.0, 13]}, {"py/tuple": [1.0, 37]}, {"py/tuple": [0.3333333333333333, 21]}, {"py/tuple": [0.0, 11]}, {"py/tuple": [0.16666666666666666, 25]}, {"py/tuple": [0.08333333333333333, 70]}, {"py/tuple": [1, 4]}, {"py/tuple": [0.0, 48]}, {"py/tuple": [1, 22]}, {"py/tuple": [0.0, 13]}, {"py/tuple": [0.16666666666666666, 66]}, {"py/tuple": [0.0, 41]}, {"py/tuple": [1.0, 20]}, {"py/tuple": [1, 14]}, {"py/tuple": [0.25892857142857145, 50]}, {"py/tuple": [0.0, 70]}, {"py/tuple": [0.0, 9]}]}, "LSCC": {"py/object": "Statistics.InterestingStatistics", "classValues": [{"py/tuple": [0, 13]}, {"py/tuple": [0.0, 15]}, {"py/tuple": [0, 18]}, {"py/tuple": [0, 13]}, {"py/tuple": [0, 13]}, {"py/tuple": [0.75, 37]}, {"py/tuple": [0.3333333333333333, 21]}, {"py/tuple": [0.0, 11]}, {"py/tuple": [0.16666666666666666, 25]}, {"py/tuple": [0.05555555555555555, 70]}, {"py/tuple": [1, 4]}, {"py/tuple": [0, 48]}, {"py/tuple": [1, 22]}, {"py/tuple": [0, 13]}, {"py/tuple": [0.05555555555555555, 66]}, {"py/tuple": [0, 41]}, {"py/tuple": [1.0, 20]}, {"py/tuple": [1, 14]}, {"py/tuple": [0.08928571428571429, 50]}, {"py/tuple": [0, 70]}, {"py/tuple": [0, 9]}]}, "CC": {"py/object": "Statistics.InterestingStatistics", "classValues": [{"py/tuple": [1, 13]}, {"py/tuple": [0.0, 15]}, {"py/tuple": [1, 18]}, {"py/tuple": [1, 13]}, {"py/tuple": [1, 13]}, {"py/tuple": [0.75, 37]}, {"py/tuple": [0.3333333333333333, 21]}, {"py/tuple": [0.0, 11]}, {"py/tuple": [0.16666666666666666, 25]}, {"py/tuple": [0.1111111111111111, 70]}, {"py/tuple": [1, 4]}, {"py/tuple": [1, 48]}, {"py/tuple": [1, 22]}, {"py/tuple": [1, 13]}, {"py/tuple": [0.05555555555555555, 66]}, {"py/tuple": [1, 41]}, {"py/tuple": [1.0, 20]}, {"py/tuple": [1, 14]}, {"py/tuple": [0.09821428571428573, 50]}, {"py/tuple": [1, 70]}, {"py/tuple": [1, 9]}]}, "LCOM5": {"py/object": "Statistics.InterestingStatistics", "classValues": [{"py/tuple": [0, 13]}, {"py/tuple": [0.6666666666666667, 15]}, {"py/tuple": [0, 18]}, {"py/tuple": [0, 13]}, {"py/tuple": [0, 13]}, {"py/tuple": [0.125, 37]}, {"py/tuple": [0.33333333333333337, 21]}, {"py/tuple": [0.5, 11]}, {"py/tuple": [0.5, 25]}, {"py/tuple": [0.7916666666666666, 70]}, {"py/tuple": [0, 4]}, {"py/tuple": [0, 48]}, {"py/tuple": [0, 22]}, {"py/tuple": [0, 13]}, {"py/tuple": [0.6666666666666667, 66]}, {"py/tuple": [0, 41]}, {"py/tuple": [0.0, 20]}, {"py/tuple": [0, 14]}, {"py/tuple": [0.65625, 50]}, {"py/tuple": [0, 70]}, {"py/tuple": [0, 9]}]}, "CBAMU": {"py/object": "Statistics.InterestingStatistics", "classValues": [{"py/tuple": [0.0, 13]}, {"py/tuple": [0.16666666666666666, 15]}, {"py/tuple": [0.0, 18]}, {"py/tuple": [0.0, 13]}, {"py/tuple": [0.0, 13]}, {"py/tuple": [0.5208333333333334, 37]}, {"py/tuple": [0.3333333333333333, 21]}, {"py/tuple": [0.25, 11]}, {"py/tuple": [0.25, 25]}, {"py/tuple": [0.14583333333333334, 70]}, {"py/tuple": [0.0, 4]}, {"py/tuple": [0.08333333333333333, 48]}, {"py/tuple": [0.0, 22]}, {"py/tuple": [0.0, 13]}, {"py/tuple": [0.25, 66]}, {"py/tuple": [0.075, 41]}, {"py/tuple": [0.75, 20]}, {"py/tuple": [0.0, 14]}, {"py/tuple": [0.171875, 50]}, {"py/tuple": [0.0, 70]}, {"py/tuple": [0.0, 9]}]}}