{"CaptureListener": {"className": "CaptureListener", "members": {"py/set": ["latestCapturedFileId"]}, "methods": {"onCheckStatus": {"memberReferences": {"py/set": []}, "methodName": "onCheckStatus", "methodReferences": {"py/set": []}, "py/object": "JavaParserVisitor.MethodInfo"}, "onCompleted": {"memberReferences": {"py/set": []}, "methodName": "onCompleted", "methodReferences": {"py/set": []}, "py/object": "JavaParserVisitor.MethodInfo"}, "onError": {"memberReferences": {"py/set": []}, "methodName": "onError", "methodReferences": {"py/set": []}, "py/object": "JavaParserVisitor.MethodInfo"}, "onObjectChanged": {"memberReferences": {"py/set": ["latestCapturedFileId"]}, "methodName": "onObjectChanged", "methodReferences": {"py/set": []}, "py/object": "JavaParserVisitor.MethodInfo"}}, "possibleFather": "", "py/object": "JavaParserVisitor.ClassInfo", "span": 20}, "CapturedTimerTask": {"className": "CapturedTimerTask", "members": {"py/set": ["mCommandId"]}, "methods": {"run": {"memberReferences": {"py/set": ["mCommandId"]}, "methodName": "run", "methodReferences": {"py/set": []}, "py/object": "JavaParserVisitor.MethodInfo"}, "setCommandId": {"memberReferences": {"py/set": ["mCommandId"]}, "methodName": "setCommandId", "methodReferences": {"py/set": []}, "py/object": "JavaParserVisitor.MethodInfo"}}, "possibleFather": "TimerTask", "py/object": "JavaParserVisitor.ClassInfo", "span": 17}, "DeletedTimerTask": {"className": "DeletedTimerTask", "members": {"py/set": ["mDeletedFileId"]}, "methods": {"run": {"memberReferences": {"py/set": []}, "methodName": "run", "methodReferences": {"py/set": []}, "py/object": "JavaParserVisitor.MethodInfo"}, "setDeletedFileId": {"memberReferences": {"py/set": ["mDeletedFileId"]}, "methodName": "setDeletedFileId", "methodReferences": {"py/set": []}, "py/object": "JavaParserVisitor.MethodInfo"}}, "possibleFather": "TimerTask", "py/object": "JavaParserVisitor.ClassInfo", "span": 16}, "DeviceInfo": {"className": "DeviceInfo", "members": {"py/set": ["mSerialNumber", "mModel", "mDeviceVersion"]}, "methods": {"DeviceInfo": {"memberReferences": {"py/set": []}, "methodName": "DeviceInfo", "methodReferences": {"py/set": []}, "py/object": "JavaParserVisitor.MethodInfo"}, "getDeviceVersion": {"memberReferences": {"py/set": ["mDeviceVersion"]}, "methodName": "getDeviceVersion", "methodReferences": {"py/set": []}, "py/object": "JavaParserVisitor.MethodInfo"}, "getModel": {"memberReferences": {"py/set": ["mModel"]}, "methodName": "getModel", "methodReferences": {"py/set": []}, "py/object": "JavaParserVisitor.MethodInfo"}, "getSerialNumber": {"memberReferences": {"py/set": ["mSerialNumber"]}, "methodName": "getSerialNumber", "methodReferences": {"py/set": []}, "py/object": "JavaParserVisitor.MethodInfo"}, "setDeviceVersion": {"memberReferences": {"py/set": ["mDeviceVersion"]}, "methodName": "setDeviceVersion", "methodReferences": {"py/set": []}, "py/object": "JavaParserVisitor.MethodInfo"}, "setModel": {"memberReferences": {"py/set": ["mModel"]}, "methodName": "setModel", "methodReferences": {"py/set": []}, "py/object": "JavaParserVisitor.MethodInfo"}, "setSerialNumber": {"memberReferences": {"py/set": ["mSerialNumber"]}, "methodName": "setSerialNumber", "methodReferences": {"py/set": []}, "py/object": "JavaParserVisitor.MethodInfo"}}, "possibleFather": "", "py/object": "JavaParserVisitor.ClassInfo", "span": 56}, "ExampleInstrumentedTest": {"className": "ExampleInstrumentedTest", "members": {"py/set": []}, "methods": {"useAppContext": {"memberReferences": {"py/set": []}, "methodName": "useAppContext", "methodReferences": {"py/set": []}, "py/object": "JavaParserVisitor.MethodInfo"}}, "possibleFather": "", "py/object": "JavaParserVisitor.ClassInfo", "span": 6}, "ExampleUnitTest": {"className": "ExampleUnitTest", "members": {"py/set": []}, "methods": {"addition_isCorrect": {"memberReferences": {"py/set": []}, "methodName": "addition_isCorrect", "methodReferences": {"py/set": []}, "py/object": "JavaParserVisitor.MethodInfo"}}, "possibleFather": "", "py/object": "JavaParserVisitor.ClassInfo", "span": 3}, "HttpConnector": {"className": "HttpConnector", "members": {"py/set": ["mHttpEventListener", "mCheckStatusTimer", "CHECK_STATUS_PERIOD_MS", "mContinuationToken", "mFingerPrint", "mIpAddress"]}, "methods": {"HttpConnector": {"memberReferences": {"py/set": ["mIpAddress"]}, "methodName": "HttpConnector", "methodReferences": {"py/set": []}, "py/object": "JavaParserVisitor.MethodInfo"}, "InputStreamToString": {"memberReferences": {"py/set": []}, "methodName": "InputStreamToString", "methodReferences": {"py/set": []}, "py/object": "JavaParserVisitor.MethodInfo"}, "checkCaptureStatus": {"memberReferences": {"py/set": []}, "methodName": "checkCaptureStatus", "methodReferences": {"py/set": ["InputStreamToString", "createHttpConnection"]}, "py/object": "JavaParserVisitor.MethodInfo"}, "createHttpConnection": {"memberReferences": {"py/set": []}, "methodName": "createHttpConnection", "methodReferences": {"py/set": ["createUrl"]}, "py/object": "JavaParserVisitor.MethodInfo"}, "createUrl": {"memberReferences": {"py/set": []}, "methodName": "createUrl", "methodReferences": {"py/set": []}, "py/object": "JavaParserVisitor.MethodInfo"}, "deleteFile": {"memberReferences": {"py/set": ["mHttpEventListener", "mCheckStatusTimer", "mFingerPrint"]}, "methodName": "deleteFile", "methodReferences": {"py/set": ["setImageCaptureMode", "getState", "InputStreamToString", "createHttpConnection"]}, "py/object": "JavaParserVisitor.MethodInfo"}, "getDeviceInfo": {"memberReferences": {"py/set": []}, "methodName": "getDeviceInfo", "methodReferences": {"py/set": ["InputStreamToString", "createHttpConnection"]}, "py/object": "JavaParserVisitor.MethodInfo"}, "getImage": {"memberReferences": {"py/set": []}, "methodName": "getImage", "methodReferences": {"py/set": []}, "py/object": "JavaParserVisitor.MethodInfo"}, "getImageSize": {"memberReferences": {"py/set": []}, "methodName": "getImageSize", "methodReferences": {"py/set": ["setImageCaptureMode", "InputStreamToString", "createHttpConnection"]}, "py/object": "JavaParserVisitor.MethodInfo"}, "getList": {"memberReferences": {"py/set": ["mContinuationToken"]}, "methodName": "getList", "methodReferences": {"py/set": ["getListInternal"]}, "py/object": "JavaParserVisitor.MethodInfo"}, "getListInternal": {"memberReferences": {"py/set": ["mContinuationToken"]}, "methodName": "getListInternal", "methodReferences": {"py/set": ["InputStreamToString", "createHttpConnection"]}, "py/object": "JavaParserVisitor.MethodInfo"}, "getLivePreview": {"memberReferences": {"py/set": []}, "methodName": "getLivePreview", "methodReferences": {"py/set": ["setImageCaptureMode", "InputStreamToString", "createHttpConnection"]}, "py/object": "JavaParserVisitor.MethodInfo"}, "getState": {"memberReferences": {"py/set": ["mFingerPrint"]}, "methodName": "getState", "methodReferences": {"py/set": ["InputStreamToString", "createHttpConnection"]}, "py/object": "JavaParserVisitor.MethodInfo"}, "getStorageInfo": {"memberReferences": {"py/set": []}, "methodName": "getStorageInfo", "methodReferences": {"py/set": ["InputStreamToString", "createHttpConnection"]}, "py/object": "JavaParserVisitor.MethodInfo"}, "getThumb": {"memberReferences": {"py/set": []}, "methodName": "getThumb", "methodReferences": {"py/set": []}, "py/object": "JavaParserVisitor.MethodInfo"}, "isUpdate": {"memberReferences": {"py/set": ["mFingerPrint"]}, "methodName": "isUpdate", "methodReferences": {"py/set": ["InputStreamToString", "createHttpConnection"]}, "py/object": "JavaParserVisitor.MethodInfo"}, "setImageCaptureMode": {"memberReferences": {"py/set": []}, "methodName": "setImageCaptureMode", "methodReferences": {"py/set": ["InputStreamToString", "createHttpConnection"]}, "py/object": "JavaParserVisitor.MethodInfo"}, "setImageSize": {"memberReferences": {"py/set": []}, "methodName": "setImageSize", "methodReferences": {"py/set": ["setImageCaptureMode", "InputStreamToString", "createHttpConnection"]}, "py/object": "JavaParserVisitor.MethodInfo"}, "takePicture": {"memberReferences": {"py/set": ["mHttpEventListener", "mCheckStatusTimer"]}, "methodName": "takePicture", "methodReferences": {"py/set": ["setImageCaptureMode", "InputStreamToString", "createHttpConnection"]}, "py/object": "JavaParserVisitor.MethodInfo"}}, "possibleFather": "", "py/object": "JavaParserVisitor.ClassInfo", "span": 1027}, "ImageData": {"className": "ImageData", "members": {"py/set": ["roll", "pitch", "yaw", "mRawData"]}, "methods": {"getRawData": {"memberReferences": {"py/set": ["mRawData"]}, "methodName": "getRawData", "methodReferences": {"py/set": []}, "py/object": "JavaParserVisitor.MethodInfo"}, "setRawData": {"memberReferences": {"py/set": ["mRawData"]}, "methodName": "setRawData", "methodReferences": {"py/set": []}, "py/object": "JavaParserVisitor.MethodInfo"}}, "possibleFather": "", "py/object": "JavaParserVisitor.ClassInfo", "span": 67}, "ImageInfo": {"className": "ImageInfo", "members": {"py/set": ["mWidth", "mFileFormat", "mFileId", "mHeight", "mFileSize", "FILE_FORMAT_CODE_EXIF_JPEG", "FILE_FORMAT_CODE_EXIF_MPEG", "mFileName", "mCaptureDate"]}, "methods": {"getCaptureDate": {"memberReferences": {"py/set": ["mCaptureDate"]}, "methodName": "getCaptureDate", "methodReferences": {"py/set": []}, "py/object": "JavaParserVisitor.MethodInfo"}, "getFileFormat": {"memberReferences": {"py/set": ["mFileFormat"]}, "methodName": "getFileFormat", "methodReferences": {"py/set": []}, "py/object": "JavaParserVisitor.MethodInfo"}, "getFileId": {"memberReferences": {"py/set": ["mFileId"]}, "methodName": "getFileId", "methodReferences": {"py/set": []}, "py/object": "JavaParserVisitor.MethodInfo"}, "getFileName": {"memberReferences": {"py/set": ["mFileName"]}, "methodName": "getFileName", "methodReferences": {"py/set": []}, "py/object": "JavaParserVisitor.MethodInfo"}, "getFileSize": {"memberReferences": {"py/set": ["mFileSize"]}, "methodName": "getFileSize", "methodReferences": {"py/set": []}, "py/object": "JavaParserVisitor.MethodInfo"}, "getHeight": {"memberReferences": {"py/set": ["mHeight"]}, "methodName": "getHeight", "methodReferences": {"py/set": []}, "py/object": "JavaParserVisitor.MethodInfo"}, "getWidth": {"memberReferences": {"py/set": ["mWidth"]}, "methodName": "getWidth", "methodReferences": {"py/set": []}, "py/object": "JavaParserVisitor.MethodInfo"}, "setCaptureDate": {"memberReferences": {"py/set": ["mCaptureDate"]}, "methodName": "setCaptureDate", "methodReferences": {"py/set": []}, "py/object": "JavaParserVisitor.MethodInfo"}, "setFileFormat": {"memberReferences": {"py/set": ["mFileFormat"]}, "methodName": "setFileFormat", "methodReferences": {"py/set": []}, "py/object": "JavaParserVisitor.MethodInfo"}, "setFileId": {"memberReferences": {"py/set": ["mFileId"]}, "methodName": "setFileId", "methodReferences": {"py/set": []}, "py/object": "JavaParserVisitor.MethodInfo"}, "setFileName": {"memberReferences": {"py/set": ["mFileName"]}, "methodName": "setFileName", "methodReferences": {"py/set": []}, "py/object": "JavaParserVisitor.MethodInfo"}, "setFileSize": {"memberReferences": {"py/set": ["mFileSize"]}, "methodName": "setFileSize", "methodReferences": {"py/set": []}, "py/object": "JavaParserVisitor.MethodInfo"}, "setHeight": {"memberReferences": {"py/set": ["mHeight"]}, "methodName": "setHeight", "methodReferences": {"py/set": []}, "py/object": "JavaParserVisitor.MethodInfo"}, "setWidth": {"memberReferences": {"py/set": ["mWidth"]}, "methodName": "setWidth", "methodReferences": {"py/set": []}, "py/object": "JavaParserVisitor.MethodInfo"}}, "possibleFather": "", "py/object": "JavaParserVisitor.ClassInfo", "span": 122}, "MainActivity": {"className": "MainActivity", "members": {"py/set": ["mTakePictureTaskCallback"]}, "methods": {"onCreate": {"memberReferences": {"py/set": []}, "methodName": "onCreate", "methodReferences": {"py/set": []}, "py/object": "JavaParserVisitor.MethodInfo"}, "onKeyDown": {"memberReferences": {"py/set": ["mTakePictureTaskCallback"]}, "methodName": "onKeyDown", "methodReferences": {"py/set": []}, "py/object": "JavaParserVisitor.MethodInfo"}, "onKeyLongPress": {"memberReferences": {"py/set": []}, "methodName": "onKeyLongPress", "methodReferences": {"py/set": []}, "py/object": "JavaParserVisitor.MethodInfo"}, "onKeyUp": {"memberReferences": {"py/set": []}, "methodName": "onKeyUp", "methodReferences": {"py/set": []}, "py/object": "JavaParserVisitor.MethodInfo"}, "onPause": {"memberReferences": {"py/set": []}, "methodName": "onPause", "methodReferences": {"py/set": []}, "py/object": "JavaParserVisitor.MethodInfo"}, "onResume": {"memberReferences": {"py/set": []}, "methodName": "onResume", "methodReferences": {"py/set": []}, "py/object": "JavaParserVisitor.MethodInfo"}, "onTakePicture": {"memberReferences": {"py/set": []}, "methodName": "onTakePicture", "methodReferences": {"py/set": []}, "py/object": "JavaParserVisitor.MethodInfo"}}, "possibleFather": "PluginActivity", "py/object": "JavaParserVisitor.ClassInfo", "span": 65}, "Photo": {"className": "Photo", "members": {"py/set": ["mOrientationAngle", "mElevationAngle", "mPhoto", "mHorizontalAngle"]}, "methods": {"Photo": {"memberReferences": {"py/set": ["mOrientationAngle", "mPhoto", "mHorizontalAngle", "mElevationAngle"]}, "methodName": "Photo", "methodReferences": {"py/set": []}, "py/object": "JavaParserVisitor.MethodInfo"}, "getElevetionAngle": {"memberReferences": {"py/set": ["mElevationAngle"]}, "methodName": "getElevetionAngle", "methodReferences": {"py/set": []}, "py/object": "JavaParserVisitor.MethodInfo"}, "getHorizontalAngle": {"memberReferences": {"py/set": ["mHorizontalAngle"]}, "methodName": "getHorizontalAngle", "methodReferences": {"py/set": []}, "py/object": "JavaParserVisitor.MethodInfo"}, "getOrientationAngle": {"memberReferences": {"py/set": ["mOrientationAngle"]}, "methodName": "getOrientationAngle", "methodReferences": {"py/set": []}, "py/object": "JavaParserVisitor.MethodInfo"}, "getPhoto": {"memberReferences": {"py/set": ["mPhoto"]}, "methodName": "getPhoto", "methodReferences": {"py/set": []}, "py/object": "JavaParserVisitor.MethodInfo"}, "updatePhoto": {"memberReferences": {"py/set": ["mPhoto"]}, "methodName": "updatePhoto", "methodReferences": {"py/set": []}, "py/object": "JavaParserVisitor.MethodInfo"}}, "possibleFather": "", "py/object": "JavaParserVisitor.ClassInfo", "span": 74}, "StorageInfo": {"className": "StorageInfo", "members": {"py/set": ["mRemainingSpace", "mRemainingPictures", "mTotalSpace"]}, "methods": {"getFreeSpaceInBytes": {"memberReferences": {"py/set": ["mRemainingSpace"]}, "methodName": "getFreeSpaceInBytes", "methodReferences": {"py/set": []}, "py/object": "JavaParserVisitor.MethodInfo"}, "getFreeSpaceInImages": {"memberReferences": {"py/set": ["mRemainingPictures"]}, "methodName": "getFreeSpaceInImages", "methodReferences": {"py/set": []}, "py/object": "JavaParserVisitor.MethodInfo"}, "getMaxCapacity": {"memberReferences": {"py/set": ["mTotalSpace"]}, "methodName": "getMaxCapacity", "methodReferences": {"py/set": []}, "py/object": "JavaParserVisitor.MethodInfo"}, "setFreeSpaceInBytes": {"memberReferences": {"py/set": ["mRemainingSpace"]}, "methodName": "setFreeSpaceInBytes", "methodReferences": {"py/set": []}, "py/object": "JavaParserVisitor.MethodInfo"}, "setFreeSpaceInImages": {"memberReferences": {"py/set": ["mRemainingPictures"]}, "methodName": "setFreeSpaceInImages", "methodReferences": {"py/set": []}, "py/object": "JavaParserVisitor.MethodInfo"}, "setMaxCapacity": {"memberReferences": {"py/set": ["mTotalSpace"]}, "methodName": "setMaxCapacity", "methodReferences": {"py/set": []}, "py/object": "JavaParserVisitor.MethodInfo"}}, "possibleFather": "", "py/object": "JavaParserVisitor.ClassInfo", "span": 50}, "TakePictureTask": {"className": "TakePictureTask", "members": {"py/set": ["mCallback"]}, "methods": {"TakePictureTask": {"memberReferences": {"py/set": ["mCallback"]}, "methodName": "TakePictureTask", "methodReferences": {"py/set": []}, "py/object": "JavaParserVisitor.MethodInfo"}, "doInBackground": {"memberReferences": {"py/set": []}, "methodName": "doInBackground", "methodReferences": {"py/set": []}, "py/object": "JavaParserVisitor.MethodInfo"}, "onPostExecute": {"memberReferences": {"py/set": []}, "methodName": "onPostExecute", "methodReferences": {"py/set": []}, "py/object": "JavaParserVisitor.MethodInfo"}, "onPreExecute": {"memberReferences": {"py/set": []}, "methodName": "onPreExecute", "methodReferences": {"py/set": []}, "py/object": "JavaParserVisitor.MethodInfo"}, "onTakePicture": {"memberReferences": {"py/set": []}, "methodName": "onTakePicture", "methodReferences": {"py/set": []}, "py/object": "JavaParserVisitor.MethodInfo"}}, "possibleFather": "AsyncTask<Void,Void,HttpConnector.ShootResult>", "py/object": "JavaParserVisitor.ClassInfo", "span": 51}, "XMP": {"className": "XMP", "members": {"py/set": ["XMP_TAG_NAME_ROLL", "mPoseRollDegrees", "XMP_START_ELEMENT", "XMP_TAG_NAME_PITCH", "XMP_END_ELEMENT", "mPosePitchDegrees"]}, "methods": {"XMP": {"memberReferences": {"py/set": ["mPoseRollDegrees", "mPosePitchDegrees"]}, "methodName": "XMP", "methodReferences": {"py/set": ["indexOf"]}, "py/object": "JavaParserVisitor.MethodInfo"}, "getPosePitchDegrees": {"memberReferences": {"py/set": ["mPosePitchDegrees"]}, "methodName": "getPosePitchDegrees", "methodReferences": {"py/set": []}, "py/object": "JavaParserVisitor.MethodInfo"}, "getPoseRollDegrees": {"memberReferences": {"py/set": ["mPoseRollDegrees"]}, "methodName": "getPoseRollDegrees", "methodReferences": {"py/set": []}, "py/object": "JavaParserVisitor.MethodInfo"}, "indexOf": {"memberReferences": {"py/set": []}, "methodName": "indexOf", "methodReferences": {"py/set": []}, "py/object": "JavaParserVisitor.MethodInfo"}}, "possibleFather": "", "py/object": "JavaParserVisitor.ClassInfo", "span": 86}}