{"id": 121260395, "node_id": "MDEwOlJlcG9zaXRvcnkxMjEyNjAzOTU=", "name": "JsDroidEditor", "full_name": "coolwho/JsDroidEditor", "private": false, "owner": {"login": "coolwho", "id": 36320663, "node_id": "MDQ6VXNlcjM2MzIwNjYz", "avatar_url": "https://avatars.githubusercontent.com/u/36320663?v=4", "gravatar_id": "", "url": "https://api.github.com/users/coolwho", "html_url": "https://github.com/coolwho", "followers_url": "https://api.github.com/users/coolwho/followers", "following_url": "https://api.github.com/users/coolwho/following{/other_user}", "gists_url": "https://api.github.com/users/coolwho/gists{/gist_id}", "starred_url": "https://api.github.com/users/coolwho/starred{/owner}{/repo}", "subscriptions_url": "https://api.github.com/users/coolwho/subscriptions", "organizations_url": "https://api.github.com/users/coolwho/orgs", "repos_url": "https://api.github.com/users/coolwho/repos", "events_url": "https://api.github.com/users/coolwho/events{/privacy}", "received_events_url": "https://api.github.com/users/coolwho/received_events", "type": "User", "site_admin": false}, "html_url": "https://github.com/coolwho/JsDroidEditor", "description": "\u5b89\u5353\u8bed\u6cd5\u9ad8\u4eae\u7f16\u8f91\u5668\uff0c\u7eafjava\uff0c\u9ad8\u6027\u80fd\uff0c\u5168\u81ea\u5b9a\u4e49\u989c\u8272\u3002", "fork": false, "url": "https://api.github.com/repos/coolwho/JsDroidEditor", "forks_url": "https://api.github.com/repos/coolwho/JsDroidEditor/forks", "keys_url": "https://api.github.com/repos/coolwho/JsDroidEditor/keys{/key_id}", "collaborators_url": "https://api.github.com/repos/coolwho/JsDroidEditor/collaborators{/collaborator}", "teams_url": "https://api.github.com/repos/coolwho/JsDroidEditor/teams", "hooks_url": "https://api.github.com/repos/coolwho/JsDroidEditor/hooks", "issue_events_url": "https://api.github.com/repos/coolwho/JsDroidEditor/issues/events{/number}", "events_url": "https://api.github.com/repos/coolwho/JsDroidEditor/events", "assignees_url": "https://api.github.com/repos/coolwho/JsDroidEditor/assignees{/user}", "branches_url": "https://api.github.com/repos/coolwho/JsDroidEditor/branches{/branch}", "tags_url": "https://api.github.com/repos/coolwho/JsDroidEditor/tags", "blobs_url": "https://api.github.com/repos/coolwho/JsDroidEditor/git/blobs{/sha}", "git_tags_url": "https://api.github.com/repos/coolwho/JsDroidEditor/git/tags{/sha}", "git_refs_url": "https://api.github.com/repos/coolwho/JsDroidEditor/git/refs{/sha}", "trees_url": "https://api.github.com/repos/coolwho/JsDroidEditor/git/trees{/sha}", "statuses_url": "https://api.github.com/repos/coolwho/JsDroidEditor/statuses/{sha}", "languages_url": "https://api.github.com/repos/coolwho/JsDroidEditor/languages", "stargazers_url": "https://api.github.com/repos/coolwho/JsDroidEditor/stargazers", "contributors_url": "https://api.github.com/repos/coolwho/JsDroidEditor/contributors", "subscribers_url": "https://api.github.com/repos/coolwho/JsDroidEditor/subscribers", "subscription_url": "https://api.github.com/repos/coolwho/JsDroidEditor/subscription", "commits_url": "https://api.github.com/repos/coolwho/JsDroidEditor/commits{/sha}", "git_commits_url": "https://api.github.com/repos/coolwho/JsDroidEditor/git/commits{/sha}", "comments_url": "https://api.github.com/repos/coolwho/JsDroidEditor/comments{/number}", "issue_comment_url": "https://api.github.com/repos/coolwho/JsDroidEditor/issues/comments{/number}", "contents_url": "https://api.github.com/repos/coolwho/JsDroidEditor/contents/{+path}", "compare_url": "https://api.github.com/repos/coolwho/JsDroidEditor/compare/{base}...{head}", "merges_url": "https://api.github.com/repos/coolwho/JsDroidEditor/merges", "archive_url": "https://api.github.com/repos/coolwho/JsDroidEditor/{archive_format}{/ref}", "downloads_url": "https://api.github.com/repos/coolwho/JsDroidEditor/downloads", "issues_url": "https://api.github.com/repos/coolwho/JsDroidEditor/issues{/number}", "pulls_url": "https://api.github.com/repos/coolwho/JsDroidEditor/pulls{/number}", "milestones_url": "https://api.github.com/repos/coolwho/JsDroidEditor/milestones{/number}", "notifications_url": "https://api.github.com/repos/coolwho/JsDroidEditor/notifications{?since,all,participating}", "labels_url": "https://api.github.com/repos/coolwho/JsDroidEditor/labels{/name}", "releases_url": "https://api.github.com/repos/coolwho/JsDroidEditor/releases{/id}", "deployments_url": "https://api.github.com/repos/coolwho/JsDroidEditor/deployments", "created_at": "2018-02-12T15:00:32Z", "updated_at": "2022-03-03T03:12:56Z", "pushed_at": "2018-08-03T12:55:47Z", "git_url": "git://github.com/coolwho/JsDroidEditor.git", "ssh_url": "git@github.com:coolwho/JsDroidEditor.git", "clone_url": "https://github.com/coolwho/JsDroidEditor.git", "svn_url": "https://github.com/coolwho/JsDroidEditor", "homepage": "", "size": 13865, "stargazers_count": 55, "watchers_count": 55, "language": "Java", "has_issues": true, "has_projects": true, "has_downloads": true, "has_wiki": true, "has_pages": false, "forks_count": 32, "mirror_url": null, "archived": false, "disabled": false, "open_issues_count": 2, "license": {"key": "mpl-2.0", "name": "Mozilla Public License 2.0", "spdx_id": "MPL-2.0", "url": "https://api.github.com/licenses/mpl-2.0", "node_id": "MDc6TGljZW5zZTE0"}, "allow_forking": true, "is_template": false, "topics": ["android-edittext", "syntax-highlighting"], "visibility": "public", "forks": 32, "open_issues": 2, "watchers": 55, "default_branch": "master", "score": 1.0, "__project_size": 14597040, "__java_files_sizes": 197223, "__java_files_loc": 6614, "contributors_url_calculated": 2, "commits_url_calculated": 41}