{"Action": {"className": "Action", "members": {"py/set": ["startCursor", "endCursor", "isAdd", "index", "actionTarget"]}, "methods": {"Action": {"memberReferences": {"py/set": ["endCursor", "isAdd", "startCursor", "actionTarget"]}, "methodName": "Action", "methodReferences": {"py/set": []}, "py/object": "JavaParserVisitor.MethodInfo"}, "setSelectCount": {"memberReferences": {"py/set": ["endCursor"]}, "methodName": "setSelectCount", "methodReferences": {"py/set": []}, "py/object": "JavaParserVisitor.MethodInfo"}}, "possibleFather": "", "py/object": "JavaParserVisitor.ClassInfo", "span": 32}, "CodePane": {"className": "CodePane", "members": {"py/set": ["mCodeText", "mCodeTextMinHeight", "mCodeTextMinWidth"]}, "methods": {"CodePane": {"memberReferences": {"py/set": ["mCodeText"]}, "methodName": "CodePane", "methodReferences": {"py/set": ["init"]}, "py/object": "JavaParserVisitor.MethodInfo"}, "getCodeText": {"memberReferences": {"py/set": ["mCodeText"]}, "methodName": "getCodeText", "methodReferences": {"py/set": []}, "py/object": "JavaParserVisitor.MethodInfo"}, "init": {"memberReferences": {"py/set": ["mCodeText"]}, "methodName": "init", "methodReferences": {"py/set": []}, "py/object": "JavaParserVisitor.MethodInfo"}, "onDraw": {"memberReferences": {"py/set": ["mCodeTextMinHeight", "mCodeTextMinWidth"]}, "methodName": "onDraw", "methodReferences": {"py/set": []}, "py/object": "JavaParserVisitor.MethodInfo"}, "onScrollChanged": {"memberReferences": {"py/set": []}, "methodName": "onScrollChanged", "methodReferences": {"py/set": []}, "py/object": "JavaParserVisitor.MethodInfo"}}, "possibleFather": "HVScrollView", "py/object": "JavaParserVisitor.ClassInfo", "span": 50}, "CodeText": {"className": "CodeText", "members": {"py/set": ["drawUseTimeCount", "defaultDeviceId", "codeParser", "lastEnterTime"]}, "methods": {"CodeText": {"memberReferences": {"py/set": ["codeParser"]}, "methodName": "CodeText", "methodReferences": {"py/set": ["init"]}, "py/object": "JavaParserVisitor.MethodInfo"}, "afterTextChanged": {"memberReferences": {"py/set": []}, "methodName": "afterTextChanged", "methodReferences": {"py/set": []}, "py/object": "JavaParserVisitor.MethodInfo"}, "beforeTextChanged": {"memberReferences": {"py/set": []}, "methodName": "beforeTextChanged", "methodReferences": {"py/set": []}, "py/object": "JavaParserVisitor.MethodInfo"}, "init": {"memberReferences": {"py/set": ["codeParser"]}, "methodName": "init", "methodReferences": {"py/set": []}, "py/object": "JavaParserVisitor.MethodInfo"}, "onDraw": {"memberReferences": {"py/set": ["drawUseTimeCount"]}, "methodName": "onDraw", "methodReferences": {"py/set": []}, "py/object": "JavaParserVisitor.MethodInfo"}, "onKeyDown": {"memberReferences": {"py/set": ["defaultDeviceId", "lastEnterTime"]}, "methodName": "onKeyDown", "methodReferences": {"py/set": []}, "py/object": "JavaParserVisitor.MethodInfo"}, "onTextChanged": {"memberReferences": {"py/set": []}, "methodName": "onTextChanged", "methodReferences": {"py/set": []}, "py/object": "JavaParserVisitor.MethodInfo"}}, "possibleFather": "ColorsText", "py/object": "JavaParserVisitor.ClassInfo", "span": 116}, "ColorsText": {"className": "ColorsText", "members": {"py/set": ["cursorColor", "mEditorField", "mHighlightPaintField", "lineNumberSplitWidth", "lineNumberColor", "mLineNumberBgStrokeWidth", "selectBackgroundColor", "lineNumberBackgroundColor", "mNumberPadding", "lineNumberSplitColor", "defaultTextColor", "mMaxLineNumber", "scrollView", "getUpdatedHighlightPathMthod", "colorLock", "mTextPadding", "codeColors"]}, "methods": {"ColorsText": {"memberReferences": {"py/set": ["mNumberPadding", "mLineNumberBgStrokeWidth", "mTextPadding"]}, "methodName": "ColorsText", "methodReferences": {"py/set": ["init"]}, "py/object": "JavaParserVisitor.MethodInfo"}, "drawCursorAndSelectPath": {"memberReferences": {"py/set": ["mHighlightPaintField", "getUpdatedHighlightPathMthod", "selectBackgroundColor"]}, "methodName": "drawCursorAndSelectPath", "methodReferences": {"py/set": ["getUpdatedHighlightPath", "getHighlightPaint"]}, "py/object": "JavaParserVisitor.MethodInfo"}, "drawText": {"memberReferences": {"py/set": ["codeColors", "mNumberPadding", "mMaxLineNumber", "scrollView", "defaultTextColor"]}, "methodName": "drawText", "methodReferences": {"py/set": ["getSelectLine", "getLineFirstCharPosForDraw", "getLineNumbers", "getVisibleWidth", "drawText", "getViewScrollX", "getCodeColor", "getLineRangeForDraw", "getScrollView"]}, "py/object": "JavaParserVisitor.MethodInfo"}, "getCodeColor": {"memberReferences": {"py/set": ["codeColors"]}, "methodName": "getCodeColor", "methodReferences": {"py/set": []}, "py/object": "JavaParserVisitor.MethodInfo"}, "getCodeColors": {"memberReferences": {"py/set": ["codeColors"]}, "methodName": "getCodeColors", "methodReferences": {"py/set": []}, "py/object": "JavaParserVisitor.MethodInfo"}, "getCursorRect": {"memberReferences": {"py/set": []}, "methodName": "getCursorRect", "methodReferences": {"py/set": []}, "py/object": "JavaParserVisitor.MethodInfo"}, "getEditor": {"memberReferences": {"py/set": ["mEditorField"]}, "methodName": "getEditor", "methodReferences": {"py/set": []}, "py/object": "JavaParserVisitor.MethodInfo"}, "getHighlightPaint": {"memberReferences": {"py/set": ["mHighlightPaintField"]}, "methodName": "getHighlightPaint", "methodReferences": {"py/set": []}, "py/object": "JavaParserVisitor.MethodInfo"}, "getLineFirstCharPosForDraw": {"memberReferences": {"py/set": ["scrollView"]}, "methodName": "getLineFirstCharPosForDraw", "methodReferences": {"py/set": ["getViewScrollX"]}, "py/object": "JavaParserVisitor.MethodInfo"}, "getLineNumbers": {"memberReferences": {"py/set": ["mMaxLineNumber"]}, "methodName": "getLineNumbers", "methodReferences": {"py/set": []}, "py/object": "JavaParserVisitor.MethodInfo"}, "getLineRangeForDraw": {"memberReferences": {"py/set": []}, "methodName": "getLineRangeForDraw", "methodReferences": {"py/set": []}, "py/object": "JavaParserVisitor.MethodInfo"}, "getScrollView": {"memberReferences": {"py/set": ["scrollView"]}, "methodName": "getScrollView", "methodReferences": {"py/set": []}, "py/object": "JavaParserVisitor.MethodInfo"}, "getSelectLine": {"memberReferences": {"py/set": []}, "methodName": "getSelectLine", "methodReferences": {"py/set": []}, "py/object": "JavaParserVisitor.MethodInfo"}, "getUpdatedHighlightPath": {"memberReferences": {"py/set": ["getUpdatedHighlightPathMthod"]}, "methodName": "getUpdatedHighlightPath", "methodReferences": {"py/set": []}, "py/object": "JavaParserVisitor.MethodInfo"}, "getViewScrollX": {"memberReferences": {"py/set": ["scrollView"]}, "methodName": "getViewScrollX", "methodReferences": {"py/set": ["getScrollView"]}, "py/object": "JavaParserVisitor.MethodInfo"}, "getViewScrollY": {"memberReferences": {"py/set": ["scrollView"]}, "methodName": "getViewScrollY", "methodReferences": {"py/set": ["getScrollView"]}, "py/object": "JavaParserVisitor.MethodInfo"}, "getVisibleHeight": {"memberReferences": {"py/set": ["scrollView"]}, "methodName": "getVisibleHeight", "methodReferences": {"py/set": ["getScrollView"]}, "py/object": "JavaParserVisitor.MethodInfo"}, "getVisibleWidth": {"memberReferences": {"py/set": ["scrollView"]}, "methodName": "getVisibleWidth", "methodReferences": {"py/set": ["getScrollView"]}, "py/object": "JavaParserVisitor.MethodInfo"}, "init": {"memberReferences": {"py/set": ["mLineNumberBgStrokeWidth", "mNumberPadding", "mTextPadding"]}, "methodName": "init", "methodReferences": {"py/set": []}, "py/object": "JavaParserVisitor.MethodInfo"}, "onDraw": {"memberReferences": {"py/set": ["mHighlightPaintField", "codeColors", "selectBackgroundColor", "mNumberPadding", "mMaxLineNumber", "scrollView", "getUpdatedHighlightPathMthod", "colorLock", "mTextPadding", "defaultTextColor"]}, "methodName": "onDraw", "methodReferences": {"py/set": ["drawCursorAndSelectPath", "drawText"]}, "py/object": "JavaParserVisitor.MethodInfo"}, "onTouchEvent": {"memberReferences": {"py/set": []}, "methodName": "onTouchEvent", "methodReferences": {"py/set": []}, "py/object": "JavaParserVisitor.MethodInfo"}, "setCursorColor": {"memberReferences": {"py/set": ["cursorColor"]}, "methodName": "setCursorColor", "methodReferences": {"py/set": []}, "py/object": "JavaParserVisitor.MethodInfo"}, "setDefaultTextColor": {"memberReferences": {"py/set": ["defaultTextColor"]}, "methodName": "setDefaultTextColor", "methodReferences": {"py/set": []}, "py/object": "JavaParserVisitor.MethodInfo"}, "setLineNumberBackgroundColor": {"memberReferences": {"py/set": ["lineNumberBackgroundColor"]}, "methodName": "setLineNumberBackgroundColor", "methodReferences": {"py/set": []}, "py/object": "JavaParserVisitor.MethodInfo"}, "setLineNumberColor": {"memberReferences": {"py/set": ["lineNumberColor"]}, "methodName": "setLineNumberColor", "methodReferences": {"py/set": []}, "py/object": "JavaParserVisitor.MethodInfo"}, "setLineNumberSplitColor": {"memberReferences": {"py/set": ["lineNumberSplitColor"]}, "methodName": "setLineNumberSplitColor", "methodReferences": {"py/set": []}, "py/object": "JavaParserVisitor.MethodInfo"}, "setScrollView": {"memberReferences": {"py/set": ["scrollView"]}, "methodName": "setScrollView", "methodReferences": {"py/set": []}, "py/object": "JavaParserVisitor.MethodInfo"}, "setSelectBackgroundColor": {"memberReferences": {"py/set": ["selectBackgroundColor"]}, "methodName": "setSelectBackgroundColor", "methodReferences": {"py/set": []}, "py/object": "JavaParserVisitor.MethodInfo"}}, "possibleFather": "EditText", "py/object": "JavaParserVisitor.ClassInfo", "span": 465}, "DpiUtils": {"className": "DpiUtils", "members": {"py/set": []}, "methods": {"dip2px": {"memberReferences": {"py/set": []}, "methodName": "dip2px", "methodReferences": {"py/set": []}, "py/object": "JavaParserVisitor.MethodInfo"}, "px2dip": {"memberReferences": {"py/set": []}, "methodName": "px2dip", "methodReferences": {"py/set": []}, "py/object": "JavaParserVisitor.MethodInfo"}}, "possibleFather": "", "py/object": "JavaParserVisitor.ClassInfo", "span": 8}, "ExampleInstrumentedTest": {"className": "ExampleInstrumentedTest", "members": {"py/set": []}, "methods": {"useAppContext": {"memberReferences": {"py/set": []}, "methodName": "useAppContext", "methodReferences": {"py/set": []}, "py/object": "JavaParserVisitor.MethodInfo"}}, "possibleFather": "", "py/object": "JavaParserVisitor.ClassInfo", "span": 6}, "ExampleUnitTest": {"className": "ExampleUnitTest", "members": {"py/set": []}, "methods": {"addition_isCorrect": {"memberReferences": {"py/set": []}, "methodName": "addition_isCorrect", "methodReferences": {"py/set": []}, "py/object": "JavaParserVisitor.MethodInfo"}}, "possibleFather": "", "py/object": "JavaParserVisitor.ClassInfo", "span": 3}, "HVScrollView": {"className": "HVScrollView", "members": {"py/set": ["mMinimumVelocity", "normal", "mTempRect", "mChildToScrollTo", "inner", "mIsBeingDragged", "mSmoothScrollingEnabled", "MAX_SCROLL_FACTOR", "mScroller", "mScrollViewMovedFocus", "INVALID_POINTER", "mActivePointerId", "mIsLayoutDirty", "lastEvenTime", "mFillViewport", "flexible", "mTouchSlop", "mLastMotionX", "mLastScroll", "mVelocityTracker", "scrollableOutsideTouch", "mFlingEnabled", "mMaximumVelocity", "ANIMATED_SCROLL_GAP", "mLastMotionY"]}, "methods": {"HVScrollView": {"memberReferences": {"py/set": ["mMinimumVelocity", "mScroller", "mTouchSlop", "mMaximumVelocity"]}, "methodName": "HVScrollView", "methodReferences": {"py/set": ["initScrollView"]}, "py/object": "JavaParserVisitor.MethodInfo"}, "addView": {"memberReferences": {"py/set": []}, "methodName": "addView", "methodReferences": {"py/set": []}, "py/object": "JavaParserVisitor.MethodInfo"}, "animation": {"memberReferences": {"py/set": []}, "methodName": "animation", "methodReferences": {"py/set": []}, "py/object": "JavaParserVisitor.MethodInfo"}, "arrowScrollH": {"memberReferences": {"py/set": ["mLastScroll", "mSmoothScrollingEnabled", "MAX_SCROLL_FACTOR", "ANIMATED_SCROLL_GAP", "mTempRect"]}, "methodName": "arrowScrollH", "methodReferences": {"py/set": ["isWithinDeltaOfScreenH", "isOffScreenH", "computeScrollDeltaToGetChildRectOnScreenH", "doScrollX", "getMaxScrollAmountH"]}, "py/object": "JavaParserVisitor.MethodInfo"}, "arrowScrollV": {"memberReferences": {"py/set": ["mLastScroll", "mSmoothScrollingEnabled", "MAX_SCROLL_FACTOR", "ANIMATED_SCROLL_GAP", "mTempRect"]}, "methodName": "arrowScrollV", "methodReferences": {"py/set": ["getMaxScrollAmountV", "computeScrollDeltaToGetChildRectOnScreenV", "isWithinDeltaOfScreenV", "isOffScreenV", "doScrollY"]}, "py/object": "JavaParserVisitor.MethodInfo"}, "canScrollH": {"memberReferences": {"py/set": []}, "methodName": "canScrollH", "methodReferences": {"py/set": []}, "py/object": "JavaParserVisitor.MethodInfo"}, "canScrollV": {"memberReferences": {"py/set": []}, "methodName": "canScrollV", "methodReferences": {"py/set": []}, "py/object": "JavaParserVisitor.MethodInfo"}, "clamp": {"memberReferences": {"py/set": []}, "methodName": "clamp", "methodReferences": {"py/set": []}, "py/object": "JavaParserVisitor.MethodInfo"}, "computeHorizontalScrollOffset": {"memberReferences": {"py/set": []}, "methodName": "computeHorizontalScrollOffset", "methodReferences": {"py/set": []}, "py/object": "JavaParserVisitor.MethodInfo"}, "computeHorizontalScrollRange": {"memberReferences": {"py/set": []}, "methodName": "computeHorizontalScrollRange", "methodReferences": {"py/set": []}, "py/object": "JavaParserVisitor.MethodInfo"}, "computeScroll": {"memberReferences": {"py/set": []}, "methodName": "computeScroll", "methodReferences": {"py/set": ["clamp"]}, "py/object": "JavaParserVisitor.MethodInfo"}, "computeScrollDeltaToGetChildRectOnScreenH": {"memberReferences": {"py/set": []}, "methodName": "computeScrollDeltaToGetChildRectOnScreenH", "methodReferences": {"py/set": []}, "py/object": "JavaParserVisitor.MethodInfo"}, "computeScrollDeltaToGetChildRectOnScreenV": {"memberReferences": {"py/set": []}, "methodName": "computeScrollDeltaToGetChildRectOnScreenV", "methodReferences": {"py/set": []}, "py/object": "JavaParserVisitor.MethodInfo"}, "computeVerticalScrollOffset": {"memberReferences": {"py/set": []}, "methodName": "computeVerticalScrollOffset", "methodReferences": {"py/set": []}, "py/object": "JavaParserVisitor.MethodInfo"}, "computeVerticalScrollRange": {"memberReferences": {"py/set": []}, "methodName": "computeVerticalScrollRange", "methodReferences": {"py/set": []}, "py/object": "JavaParserVisitor.MethodInfo"}, "dispatchKeyEvent": {"memberReferences": {"py/set": ["mLastScroll", "ANIMATED_SCROLL_GAP", "MAX_SCROLL_FACTOR", "mScrollViewMovedFocus", "mTempRect", "mSmoothScrollingEnabled"]}, "methodName": "dispatchKeyEvent", "methodReferences": {"py/set": ["executeKeyEvent"]}, "py/object": "JavaParserVisitor.MethodInfo"}, "doScrollX": {"memberReferences": {"py/set": ["mLastScroll", "ANIMATED_SCROLL_GAP", "mSmoothScrollingEnabled"]}, "methodName": "doScrollX", "methodReferences": {"py/set": ["smoothScrollBy"]}, "py/object": "JavaParserVisitor.MethodInfo"}, "doScrollY": {"memberReferences": {"py/set": ["mLastScroll", "ANIMATED_SCROLL_GAP", "mSmoothScrollingEnabled"]}, "methodName": "doScrollY", "methodReferences": {"py/set": ["smoothScrollBy"]}, "py/object": "JavaParserVisitor.MethodInfo"}, "executeKeyEvent": {"memberReferences": {"py/set": ["mLastScroll", "ANIMATED_SCROLL_GAP", "MAX_SCROLL_FACTOR", "mScrollViewMovedFocus", "mTempRect", "mSmoothScrollingEnabled"]}, "methodName": "executeKeyEvent", "methodReferences": {"py/set": ["arrowScrollH", "canScrollV", "arrowScrollV", "fullScrollH", "fullScrollV", "canScrollH"]}, "py/object": "JavaParserVisitor.MethodInfo"}, "findFocusableViewInBoundsH": {"memberReferences": {"py/set": []}, "methodName": "findFocusableViewInBoundsH", "methodReferences": {"py/set": []}, "py/object": "JavaParserVisitor.MethodInfo"}, "findFocusableViewInBoundsV": {"memberReferences": {"py/set": []}, "methodName": "findFocusableViewInBoundsV", "methodReferences": {"py/set": []}, "py/object": "JavaParserVisitor.MethodInfo"}, "fling": {"memberReferences": {"py/set": ["mScroller"]}, "methodName": "fling", "methodReferences": {"py/set": ["fling"]}, "py/object": "JavaParserVisitor.MethodInfo"}, "fullScrollH": {"memberReferences": {"py/set": ["mLastScroll", "ANIMATED_SCROLL_GAP", "mScrollViewMovedFocus", "mTempRect", "mSmoothScrollingEnabled"]}, "methodName": "fullScrollH", "methodReferences": {"py/set": ["scrollAndFocusH"]}, "py/object": "JavaParserVisitor.MethodInfo"}, "fullScrollV": {"memberReferences": {"py/set": ["mLastScroll", "ANIMATED_SCROLL_GAP", "mScrollViewMovedFocus", "mTempRect", "mSmoothScrollingEnabled"]}, "methodName": "fullScrollV", "methodReferences": {"py/set": ["scrollAndFocusV"]}, "py/object": "JavaParserVisitor.MethodInfo"}, "getBottomFadingEdgeStrength": {"memberReferences": {"py/set": []}, "methodName": "getBottomFadingEdgeStrength", "methodReferences": {"py/set": []}, "py/object": "JavaParserVisitor.MethodInfo"}, "getLeftFadingEdgeStrength": {"memberReferences": {"py/set": []}, "methodName": "getLeftFadingEdgeStrength", "methodReferences": {"py/set": []}, "py/object": "JavaParserVisitor.MethodInfo"}, "getMaxScrollAmountH": {"memberReferences": {"py/set": ["MAX_SCROLL_FACTOR"]}, "methodName": "getMaxScrollAmountH", "methodReferences": {"py/set": []}, "py/object": "JavaParserVisitor.MethodInfo"}, "getMaxScrollAmountV": {"memberReferences": {"py/set": ["MAX_SCROLL_FACTOR"]}, "methodName": "getMaxScrollAmountV", "methodReferences": {"py/set": []}, "py/object": "JavaParserVisitor.MethodInfo"}, "getRightFadingEdgeStrength": {"memberReferences": {"py/set": []}, "methodName": "getRightFadingEdgeStrength", "methodReferences": {"py/set": []}, "py/object": "JavaParserVisitor.MethodInfo"}, "getTopFadingEdgeStrength": {"memberReferences": {"py/set": []}, "methodName": "getTopFadingEdgeStrength", "methodReferences": {"py/set": []}, "py/object": "JavaParserVisitor.MethodInfo"}, "inChild": {"memberReferences": {"py/set": []}, "methodName": "inChild", "methodReferences": {"py/set": []}, "py/object": "JavaParserVisitor.MethodInfo"}, "initScrollView": {"memberReferences": {"py/set": ["mMinimumVelocity", "mMaximumVelocity", "mScroller", "mTouchSlop"]}, "methodName": "initScrollView", "methodReferences": {"py/set": []}, "py/object": "JavaParserVisitor.MethodInfo"}, "isFillViewport": {"memberReferences": {"py/set": ["mFillViewport"]}, "methodName": "isFillViewport", "methodReferences": {"py/set": []}, "py/object": "JavaParserVisitor.MethodInfo"}, "isFlingEnabled": {"memberReferences": {"py/set": ["mFlingEnabled"]}, "methodName": "isFlingEnabled", "methodReferences": {"py/set": []}, "py/object": "JavaParserVisitor.MethodInfo"}, "isNeedAnimation": {"memberReferences": {"py/set": []}, "methodName": "isNeedAnimation", "methodReferences": {"py/set": []}, "py/object": "JavaParserVisitor.MethodInfo"}, "isNeedMove": {"memberReferences": {"py/set": ["inner"]}, "methodName": "isNeedMove", "methodReferences": {"py/set": []}, "py/object": "JavaParserVisitor.MethodInfo"}, "isOffScreenH": {"memberReferences": {"py/set": ["mTempRect"]}, "methodName": "isOffScreenH", "methodReferences": {"py/set": ["isWithinDeltaOfScreenH"]}, "py/object": "JavaParserVisitor.MethodInfo"}, "isOffScreenV": {"memberReferences": {"py/set": ["mTempRect"]}, "methodName": "isOffScreenV", "methodReferences": {"py/set": ["isWithinDeltaOfScreenV"]}, "py/object": "JavaParserVisitor.MethodInfo"}, "isSmoothScrollingEnabled": {"memberReferences": {"py/set": ["mSmoothScrollingEnabled"]}, "methodName": "isSmoothScrollingEnabled", "methodReferences": {"py/set": []}, "py/object": "JavaParserVisitor.MethodInfo"}, "isViewDescendantOf": {"memberReferences": {"py/set": []}, "methodName": "isViewDescendantOf", "methodReferences": {"py/set": ["isViewDescendantOf"]}, "py/object": "JavaParserVisitor.MethodInfo"}, "isWithinDeltaOfScreenH": {"memberReferences": {"py/set": ["mTempRect"]}, "methodName": "isWithinDeltaOfScreenH", "methodReferences": {"py/set": []}, "py/object": "JavaParserVisitor.MethodInfo"}, "isWithinDeltaOfScreenV": {"memberReferences": {"py/set": ["mTempRect"]}, "methodName": "isWithinDeltaOfScreenV", "methodReferences": {"py/set": []}, "py/object": "JavaParserVisitor.MethodInfo"}, "measureChild": {"memberReferences": {"py/set": []}, "methodName": "measureChild", "methodReferences": {"py/set": []}, "py/object": "JavaParserVisitor.MethodInfo"}, "measureChildWithMargins": {"memberReferences": {"py/set": []}, "methodName": "measureChildWithMargins", "methodReferences": {"py/set": []}, "py/object": "JavaParserVisitor.MethodInfo"}, "onFinishInflate": {"memberReferences": {"py/set": ["inner"]}, "methodName": "onFinishInflate", "methodReferences": {"py/set": []}, "py/object": "JavaParserVisitor.MethodInfo"}, "onInterceptTouchEvent": {"memberReferences": {"py/set": ["mVelocityTracker", "INVALID_POINTER", "mActivePointerId", "mIsBeingDragged", "mLastMotionY", "mTouchSlop", "mLastMotionX"]}, "methodName": "onInterceptTouchEvent", "methodReferences": {"py/set": ["inChild", "onSecondaryPointerUp"]}, "py/object": "JavaParserVisitor.MethodInfo"}, "onLayout": {"memberReferences": {"py/set": ["mIsLayoutDirty", "mTempRect", "mChildToScrollTo"]}, "methodName": "onLayout", "methodReferences": {"py/set": ["scrollTo", "isViewDescendantOf", "scrollToChild"]}, "py/object": "JavaParserVisitor.MethodInfo"}, "onMeasure": {"memberReferences": {"py/set": ["mFillViewport"]}, "methodName": "onMeasure", "methodReferences": {"py/set": []}, "py/object": "JavaParserVisitor.MethodInfo"}, "onRequestFocusInDescendants": {"memberReferences": {"py/set": []}, "methodName": "onRequestFocusInDescendants", "methodReferences": {"py/set": []}, "py/object": "JavaParserVisitor.MethodInfo"}, "onSecondaryPointerUp": {"memberReferences": {"py/set": ["mVelocityTracker", "mActivePointerId", "mLastMotionY", "mLastMotionX"]}, "methodName": "onSecondaryPointerUp", "methodReferences": {"py/set": []}, "py/object": "JavaParserVisitor.MethodInfo"}, "onSizeChanged": {"memberReferences": {"py/set": ["mLastScroll", "ANIMATED_SCROLL_GAP", "mTempRect", "mSmoothScrollingEnabled"]}, "methodName": "onSizeChanged", "methodReferences": {"py/set": ["isWithinDeltaOfScreenH", "computeScrollDeltaToGetChildRectOnScreenV", "computeScrollDeltaToGetChildRectOnScreenH", "isWithinDeltaOfScreenV", "doScrollX", "doScrollY"]}, "py/object": "JavaParserVisitor.MethodInfo"}, "onTouchEvent": {"memberReferences": {"py/set": ["mMinimumVelocity", "normal", "inner", "mIsBeingDragged", "mScroller", "INVALID_POINTER", "mActivePointerId", "lastEvenTime", "flexible", "mLastMotionX", "mVelocityTracker", "scrollableOutsideTouch", "mFlingEnabled", "mLastMotionY"]}, "methodName": "onTouchEvent", "methodReferences": {"py/set": ["animation", "inChild", "fling", "onSecondaryPointerUp", "isNeedMove", "isNeedAnimation"]}, "py/object": "JavaParserVisitor.MethodInfo"}, "requestChildFocus": {"memberReferences": {"py/set": ["mScrollViewMovedFocus", "mIsLayoutDirty", "mTempRect", "mChildToScrollTo"]}, "methodName": "requestChildFocus", "methodReferences": {"py/set": ["scrollToChild"]}, "py/object": "JavaParserVisitor.MethodInfo"}, "requestChildRectangleOnScreen": {"memberReferences": {"py/set": ["mLastScroll", "ANIMATED_SCROLL_GAP"]}, "methodName": "requestChildRectangleOnScreen", "methodReferences": {"py/set": ["scrollToChildRect"]}, "py/object": "JavaParserVisitor.MethodInfo"}, "requestLayout": {"memberReferences": {"py/set": ["mIsLayoutDirty"]}, "methodName": "requestLayout", "methodReferences": {"py/set": []}, "py/object": "JavaParserVisitor.MethodInfo"}, "run": {"memberReferences": {"py/set": ["normal", "inner"]}, "methodName": "run", "methodReferences": {"py/set": []}, "py/object": "JavaParserVisitor.MethodInfo"}, "scrollAndFocusH": {"memberReferences": {"py/set": ["mLastScroll", "mScrollViewMovedFocus", "mSmoothScrollingEnabled", "ANIMATED_SCROLL_GAP"]}, "methodName": "scrollAndFocusH", "methodReferences": {"py/set": ["doScrollX", "findFocusableViewInBoundsH"]}, "py/object": "JavaParserVisitor.MethodInfo"}, "scrollAndFocusV": {"memberReferences": {"py/set": ["mLastScroll", "mScrollViewMovedFocus", "mSmoothScrollingEnabled", "ANIMATED_SCROLL_GAP"]}, "methodName": "scrollAndFocusV", "methodReferences": {"py/set": ["findFocusableViewInBoundsV", "doScrollY"]}, "py/object": "JavaParserVisitor.MethodInfo"}, "scrollTo": {"memberReferences": {"py/set": []}, "methodName": "scrollTo", "methodReferences": {"py/set": ["clamp"]}, "py/object": "JavaParserVisitor.MethodInfo"}, "scrollToChild": {"memberReferences": {"py/set": ["mTempRect"]}, "methodName": "scrollToChild", "methodReferences": {"py/set": ["computeScrollDeltaToGetChildRectOnScreenH", "computeScrollDeltaToGetChildRectOnScreenV"]}, "py/object": "JavaParserVisitor.MethodInfo"}, "scrollToChildRect": {"memberReferences": {"py/set": ["mLastScroll", "ANIMATED_SCROLL_GAP"]}, "methodName": "scrollToChildRect", "methodReferences": {"py/set": ["computeScrollDeltaToGetChildRectOnScreenH", "computeScrollDeltaToGetChildRectOnScreenV", "smoothScrollBy"]}, "py/object": "JavaParserVisitor.MethodInfo"}, "setFillViewport": {"memberReferences": {"py/set": ["mFillViewport", "mIsLayoutDirty"]}, "methodName": "setFillViewport", "methodReferences": {"py/set": ["requestLayout"]}, "py/object": "JavaParserVisitor.MethodInfo"}, "setFlingEnabled": {"memberReferences": {"py/set": ["mFlingEnabled"]}, "methodName": "setFlingEnabled", "methodReferences": {"py/set": []}, "py/object": "JavaParserVisitor.MethodInfo"}, "setScrollableOutsideChile": {"memberReferences": {"py/set": ["scrollableOutsideTouch"]}, "methodName": "setScrollableOutsideChile", "methodReferences": {"py/set": []}, "py/object": "JavaParserVisitor.MethodInfo"}, "setSmoothScrollingEnabled": {"memberReferences": {"py/set": ["mSmoothScrollingEnabled"]}, "methodName": "setSmoothScrollingEnabled", "methodReferences": {"py/set": []}, "py/object": "JavaParserVisitor.MethodInfo"}, "smoothScrollBy": {"memberReferences": {"py/set": ["mLastScroll", "ANIMATED_SCROLL_GAP"]}, "methodName": "smoothScrollBy", "methodReferences": {"py/set": []}, "py/object": "JavaParserVisitor.MethodInfo"}, "smoothScrollTo": {"memberReferences": {"py/set": ["mLastScroll", "ANIMATED_SCROLL_GAP"]}, "methodName": "smoothScrollTo", "methodReferences": {"py/set": ["smoothScrollBy"]}, "py/object": "JavaParserVisitor.MethodInfo"}}, "possibleFather": "FrameLayout", "py/object": "JavaParserVisitor.ClassInfo", "span": 1622}, "Iterator": {"className": "Iterator", "members": {"py/set": ["keys", "values", "master", "cursor", "remaining"]}, "methods": {"Iterator": {"memberReferences": {"py/set": ["master"]}, "methodName": "Iterator", "methodReferences": {"py/set": []}, "py/object": "JavaParserVisitor.MethodInfo"}, "done": {"memberReferences": {"py/set": ["remaining"]}, "methodName": "done", "methodReferences": {"py/set": []}, "py/object": "JavaParserVisitor.MethodInfo"}, "getKey": {"memberReferences": {"py/set": ["keys", "cursor"]}, "methodName": "getKey", "methodReferences": {"py/set": []}, "py/object": "JavaParserVisitor.MethodInfo"}, "getValue": {"memberReferences": {"py/set": ["cursor", "values"]}, "methodName": "getValue", "methodReferences": {"py/set": []}, "py/object": "JavaParserVisitor.MethodInfo"}, "init": {"memberReferences": {"py/set": ["keys", "values", "cursor", "remaining"]}, "methodName": "init", "methodReferences": {"py/set": []}, "py/object": "JavaParserVisitor.MethodInfo"}, "next": {"memberReferences": {"py/set": ["keys", "cursor", "remaining"]}, "methodName": "next", "methodReferences": {"py/set": []}, "py/object": "JavaParserVisitor.MethodInfo"}, "setValue": {"memberReferences": {"py/set": ["cursor", "values"]}, "methodName": "setValue", "methodReferences": {"py/set": []}, "py/object": "JavaParserVisitor.MethodInfo"}, "start": {"memberReferences": {"py/set": ["keys", "cursor", "remaining"]}, "methodName": "start", "methodReferences": {"py/set": ["next"]}, "py/object": "JavaParserVisitor.MethodInfo"}}, "possibleFather": "", "py/object": "JavaParserVisitor.ClassInfo", "span": 56}, "JsCodeParser": {"className": "JsCodeParser", "members": {"py/set": ["before", "count", "start", "codeText", "reparse", "running", "parserThreadPool"]}, "methods": {"JsCodeParser": {"memberReferences": {"py/set": ["codeText"]}, "methodName": "JsCodeParser", "methodReferences": {"py/set": []}, "py/object": "JavaParserVisitor.MethodInfo"}, "parse": {"memberReferences": {"py/set": ["before", "start", "reparse", "running", "count"]}, "methodName": "parse", "methodReferences": {"py/set": []}, "py/object": "JavaParserVisitor.MethodInfo"}, "reparse": {"memberReferences": {"py/set": []}, "methodName": "reparse", "methodReferences": {"py/set": []}, "py/object": "JavaParserVisitor.MethodInfo"}, "run": {"memberReferences": {"py/set": ["before", "start", "reparse", "running", "count"]}, "methodName": "run", "methodReferences": {"py/set": ["reparse"]}, "py/object": "JavaParserVisitor.MethodInfo"}}, "possibleFather": "", "py/object": "JavaParserVisitor.ClassInfo", "span": 94}, "Kit": {"className": "Kit", "members": {"py/set": []}, "methods": {"codeBug": {"memberReferences": {"py/set": []}, "methodName": "codeBug", "methodReferences": {"py/set": []}, "py/object": "JavaParserVisitor.MethodInfo"}, "xDigitToInt": {"memberReferences": {"py/set": []}, "methodName": "xDigitToInt", "methodReferences": {"py/set": []}, "py/object": "JavaParserVisitor.MethodInfo"}}, "possibleFather": "", "py/object": "JavaParserVisitor.ClassInfo", "span": 42}, "MainActivity": {"className": "MainActivity", "members": {"py/set": ["preformEdit"]}, "methods": {"onCreate": {"memberReferences": {"py/set": ["preformEdit"]}, "methodName": "onCreate", "methodReferences": {"py/set": []}, "py/object": "JavaParserVisitor.MethodInfo"}, "onCreateOptionsMenu": {"memberReferences": {"py/set": []}, "methodName": "onCreateOptionsMenu", "methodReferences": {"py/set": []}, "py/object": "JavaParserVisitor.MethodInfo"}, "onOptionsItemSelected": {"memberReferences": {"py/set": ["preformEdit"]}, "methodName": "onOptionsItemSelected", "methodReferences": {"py/set": []}, "py/object": "JavaParserVisitor.MethodInfo"}}, "possibleFather": "AppCompatActivity", "py/object": "JavaParserVisitor.ClassInfo", "span": 39}, "ObjToIntMap": {"className": "ObjToIntMap", "members": {"py/set": ["keys", "check", "values", "keyCount", "A", "serialVersionUID", "occupiedCount", "DELETED", "power"]}, "methods": {"ObjToIntMap": {"memberReferences": {"py/set": ["check", "power"]}, "methodName": "ObjToIntMap", "methodReferences": {"py/set": []}, "py/object": "JavaParserVisitor.MethodInfo"}, "clear": {"memberReferences": {"py/set": ["keys", "keyCount", "occupiedCount"]}, "methodName": "clear", "methodReferences": {"py/set": []}, "py/object": "JavaParserVisitor.MethodInfo"}, "ensureIndex": {"memberReferences": {"py/set": ["keys", "check", "values", "keyCount", "occupiedCount", "A", "DELETED", "power"]}, "methodName": "ensureIndex", "methodReferences": {"py/set": ["tableLookupStep", "rehashTable", "insertNewKey"]}, "py/object": "JavaParserVisitor.MethodInfo"}, "findIndex": {"memberReferences": {"py/set": ["keys", "check", "values", "A", "occupiedCount", "power"]}, "methodName": "findIndex", "methodReferences": {"py/set": ["tableLookupStep"]}, "py/object": "JavaParserVisitor.MethodInfo"}, "get": {"memberReferences": {"py/set": ["keys", "occupiedCount", "check", "values", "A", "power"]}, "methodName": "get", "methodReferences": {"py/set": ["findIndex"]}, "py/object": "JavaParserVisitor.MethodInfo"}, "getExisting": {"memberReferences": {"py/set": ["keys", "occupiedCount", "check", "values", "A", "power"]}, "methodName": "getExisting", "methodReferences": {"py/set": ["findIndex"]}, "py/object": "JavaParserVisitor.MethodInfo"}, "getKeys": {"memberReferences": {"py/set": ["keys", "keyCount", "DELETED"]}, "methodName": "getKeys", "methodReferences": {"py/set": []}, "py/object": "JavaParserVisitor.MethodInfo"}, "has": {"memberReferences": {"py/set": ["keys", "occupiedCount", "check", "values", "A", "power"]}, "methodName": "has", "methodReferences": {"py/set": ["findIndex"]}, "py/object": "JavaParserVisitor.MethodInfo"}, "initIterator": {"memberReferences": {"py/set": []}, "methodName": "initIterator", "methodReferences": {"py/set": []}, "py/object": "JavaParserVisitor.MethodInfo"}, "insertNewKey": {"memberReferences": {"py/set": ["keys", "check", "values", "keyCount", "occupiedCount", "A", "DELETED", "power"]}, "methodName": "insertNewKey", "methodReferences": {"py/set": ["tableLookupStep"]}, "py/object": "JavaParserVisitor.MethodInfo"}, "intern": {"memberReferences": {"py/set": ["keys", "values", "check", "keyCount", "A", "occupiedCount", "DELETED", "power"]}, "methodName": "intern", "methodReferences": {"py/set": ["ensureIndex"]}, "py/object": "JavaParserVisitor.MethodInfo"}, "isEmpty": {"memberReferences": {"py/set": ["keyCount"]}, "methodName": "isEmpty", "methodReferences": {"py/set": []}, "py/object": "JavaParserVisitor.MethodInfo"}, "newIterator": {"memberReferences": {"py/set": []}, "methodName": "newIterator", "methodReferences": {"py/set": []}, "py/object": "JavaParserVisitor.MethodInfo"}, "put": {"memberReferences": {"py/set": ["keys", "check", "values", "keyCount", "A", "occupiedCount", "DELETED", "power"]}, "methodName": "put", "methodReferences": {"py/set": ["ensureIndex"]}, "py/object": "JavaParserVisitor.MethodInfo"}, "readObject": {"memberReferences": {"py/set": ["keys", "check", "values", "keyCount", "A", "occupiedCount", "DELETED", "power"]}, "methodName": "readObject", "methodReferences": {"py/set": ["insertNewKey", "readObject"]}, "py/object": "JavaParserVisitor.MethodInfo"}, "rehashTable": {"memberReferences": {"py/set": ["keys", "check", "values", "keyCount", "A", "occupiedCount", "DELETED", "power"]}, "methodName": "rehashTable", "methodReferences": {"py/set": ["insertNewKey"]}, "py/object": "JavaParserVisitor.MethodInfo"}, "remove": {"memberReferences": {"py/set": ["keys", "check", "values", "keyCount", "A", "occupiedCount", "DELETED", "power"]}, "methodName": "remove", "methodReferences": {"py/set": ["findIndex"]}, "py/object": "JavaParserVisitor.MethodInfo"}, "size": {"memberReferences": {"py/set": ["keyCount"]}, "methodName": "size", "methodReferences": {"py/set": []}, "py/object": "JavaParserVisitor.MethodInfo"}, "tableLookupStep": {"memberReferences": {"py/set": []}, "methodName": "tableLookupStep", "methodReferences": {"py/set": []}, "py/object": "JavaParserVisitor.MethodInfo"}, "writeObject": {"memberReferences": {"py/set": ["keys", "keyCount", "DELETED"]}, "methodName": "writeObject", "methodReferences": {"py/set": []}, "py/object": "JavaParserVisitor.MethodInfo"}}, "possibleFather": "", "py/object": "JavaParserVisitor.ClassInfo", "span": 425}, "PreformEdit": {"className": "PreformEdit", "members": {"py/set": ["editText", "historyBack", "flag", "editable", "history", "index"]}, "methods": {"CheckNull": {"memberReferences": {"py/set": []}, "methodName": "CheckNull", "methodReferences": {"py/set": []}, "py/object": "JavaParserVisitor.MethodInfo"}, "PreformEdit": {"memberReferences": {"py/set": ["editable", "editText"]}, "methodName": "PreformEdit", "methodReferences": {"py/set": ["CheckNull"]}, "py/object": "JavaParserVisitor.MethodInfo"}, "canredo": {"memberReferences": {"py/set": []}, "methodName": "canredo", "methodReferences": {"py/set": []}, "py/object": "JavaParserVisitor.MethodInfo"}, "canundo": {"memberReferences": {"py/set": []}, "methodName": "canundo", "methodReferences": {"py/set": []}, "py/object": "JavaParserVisitor.MethodInfo"}, "clearHistory": {"memberReferences": {"py/set": []}, "methodName": "clearHistory", "methodReferences": {"py/set": []}, "py/object": "JavaParserVisitor.MethodInfo"}, "lock": {"memberReferences": {"py/set": ["flag"]}, "methodName": "lock", "methodReferences": {"py/set": []}, "py/object": "JavaParserVisitor.MethodInfo"}, "onEditableChanged": {"memberReferences": {"py/set": []}, "methodName": "onEditableChanged", "methodReferences": {"py/set": []}, "py/object": "JavaParserVisitor.MethodInfo"}, "onTextChanged": {"memberReferences": {"py/set": []}, "methodName": "onTextChanged", "methodReferences": {"py/set": []}, "py/object": "JavaParserVisitor.MethodInfo"}, "redo": {"memberReferences": {"py/set": ["editText", "flag", "editable"]}, "methodName": "redo", "methodReferences": {"py/set": ["redo"]}, "py/object": "JavaParserVisitor.MethodInfo"}, "setDefaultText": {"memberReferences": {"py/set": ["flag", "editable"]}, "methodName": "setDefaultText", "methodReferences": {"py/set": ["clearHistory"]}, "py/object": "JavaParserVisitor.MethodInfo"}, "undo": {"memberReferences": {"py/set": ["editText", "flag", "editable"]}, "methodName": "undo", "methodReferences": {"py/set": ["undo"]}, "py/object": "JavaParserVisitor.MethodInfo"}, "unlock": {"memberReferences": {"py/set": ["flag"]}, "methodName": "unlock", "methodReferences": {"py/set": []}, "py/object": "JavaParserVisitor.MethodInfo"}}, "possibleFather": "", "py/object": "JavaParserVisitor.ClassInfo", "span": 245}, "TextUtil": {"className": "TextUtil", "members": {"py/set": ["fontMaps"]}, "methods": {"messureText": {"memberReferences": {"py/set": []}, "methodName": "messureText", "methodReferences": {"py/set": []}, "py/object": "JavaParserVisitor.MethodInfo"}}, "possibleFather": "", "py/object": "JavaParserVisitor.ClassInfo", "span": 13}, "Token": {"className": "Token", "members": {"py/set": ["ARRAYLIT", "BREAK", "ASSIGN_SUB", "RP", "NUMBER", "SETELEM", "CONTINUE", "FOR", "WITHEXPR", "LOCAL_LOAD", "LOOP", "IN", "COLON", "POS", "TYPEOF", "ARRAYCOMP", "ASSIGN_RSH", "THIS", "FIRST_BYTECODE_TOKEN", "ASSIGN_LSH", "URSH", "GE", "LC", "FIRST_ASSIGN", "LP", "EXPORT", "ADD", "EMPTY", "BITOR", "LE", "CATCH", "OR", "WHILE", "DEL_REF", "SUB", "ESCXMLTEXT", "LETEXPR", "CATCH_SCOPE", "DOTDOT", "RC", "JSR", "WITH", "LAST_BYTECODE_TOKEN", "NOT", "REF_CALL", "DEBUGGER", "EOF", "SETELEM_OP", "CALL", "GETPROP", "XMLEND", "SCRIPT", "VAR", "EOL", "TO_DOUBLE", "ASSIGN_URSH", "ASSIGN_DIV", "GETVAR", "BLOCK", "INSTANCEOF", "EQ", "LAST_ASSIGN", "RB", "DEFAULTNAMESPACE", "LEAVEWITH", "COMMA", "printNames", "TYPEOFNAME", "NULL", "printTrees", "GOTO", "XMLATTR", "TO_OBJECT", "RETHROW", "METHOD", "ASSIGN_BITOR", "GENEXPR", "HOOK", "ARROW", "SETVAR", "REF_NS_MEMBER", "YIELD", "ASSIGN_MOD", "LAST_TOKEN", "GT", "REF_NAME", "USE_STACK", "INC", "CONST", "RSH", "TARGET", "BITXOR", "REGEXP", "SETCONSTVAR", "printICode", "SET_REF", "XML", "SET", "IF", "SET_REF_OP", "BITNOT", "RETURN_RESULT", "REF_MEMBER", "GETELEM", "ENUM_INIT_VALUES_IN_ORDER", "RETURN", "EXPR_RESULT", "SETNAME", "DELPROP", "ENUM_INIT_KEYS", "LT", "LABEL", "ASSIGN_BITXOR", "NEW", "SHEQ", "REF_NS_NAME", "DEFAULT", "EXPR_VOID", "IFEQ", "AND", "VOID", "SEMI", "REF_SPECIAL", "STRICT_SETNAME", "COLONCOLON", "DOTQUERY", "MOD", "ENUM_ID", "LET", "BINDNAME", "IFNE", "LSH", "GET_REF", "ASSIGN_ADD", "CASE", "DOT", "IMPORT", "LOCAL_BLOCK", "ENTERWITH", "TRUE", "ELSE", "ERROR", "ASSIGN", "NE", "SETPROP", "BITAND", "SWITCH", "THROW", "ASSIGN_MUL", "DO", "NAME", "RESERVED", "NEG", "THISFN", "SHNE", "COMMENT", "DIV", "ENUM_INIT_ARRAY", "FUNCTION", "SETPROP_OP", "GETPROPNOWARN", "LB", "STRING", "GET", "OBJECTLIT", "ENUM_INIT_VALUES", "TRY", "ASSIGN_BITAND", "SETCONST", "FINALLY", "FALSE", "ENUM_NEXT", "DEC", "MUL", "ESCXMLATTR"]}, "methods": {"getColor": {"memberReferences": {"py/set": ["BREAK", "GT", "RP", "NUMBER", "CONTINUE", "FOR", "IF", "IN", "TYPEOF", "RETURN", "THIS", "DELPROP", "LT", "LC", "LP", "NEW", "CATCH", "DEFAULT", "VOID", "WHILE", "DOTDOT", "RC", "WITH", "CASE", "DOT", "VAR", "TRUE", "ELSE", "ERROR", "ASSIGN", "INSTANCEOF", "EQ", "RB", "SWITCH", "THROW", "DO", "NAME", "NULL", "FUNCTION", "LB", "STRING", "TRY", "FINALLY", "FALSE"]}, "methodName": "getColor", "methodReferences": {"py/set": []}, "py/object": "JavaParserVisitor.MethodInfo"}, "isValidToken": {"memberReferences": {"py/set": ["ERROR", "LAST_TOKEN"]}, "methodName": "isValidToken", "methodReferences": {"py/set": []}, "py/object": "JavaParserVisitor.MethodInfo"}, "keywordToName": {"memberReferences": {"py/set": []}, "methodName": "keywordToName", "methodReferences": {"py/set": []}, "py/object": "JavaParserVisitor.MethodInfo"}, "name": {"memberReferences": {"py/set": ["ARRAYLIT", "BREAK", "ASSIGN_SUB", "RP", "NUMBER", "SETELEM", "CONTINUE", "FOR", "WITHEXPR", "LOCAL_LOAD", "LOOP", "IN", "COLON", "POS", "TYPEOF", "ARRAYCOMP", "ASSIGN_RSH", "THIS", "ASSIGN_LSH", "URSH", "GE", "LC", "LP", "EXPORT", "ADD", "EMPTY", "BITOR", "CATCH", "LE", "OR", "WHILE", "DEL_REF", "SUB", "ESCXMLTEXT", "LETEXPR", "CATCH_SCOPE", "DOTDOT", "RC", "JSR", "WITH", "NOT", "DEBUGGER", "REF_CALL", "SETELEM_OP", "XMLEND", "EOF", "CALL", "GETPROP", "SCRIPT", "VAR", "EOL", "TO_DOUBLE", "ASSIGN_DIV", "ASSIGN_URSH", "GETVAR", "BLOCK", "INSTANCEOF", "EQ", "RB", "DEFAULTNAMESPACE", "LEAVEWITH", "COMMA", "printNames", "TYPEOFNAME", "NULL", "TO_OBJECT", "XMLATTR", "GOTO", "RETHROW", "METHOD", "ASSIGN_BITOR", "GENEXPR", "HOOK", "ARROW", "SETVAR", "REF_NS_MEMBER", "YIELD", "ASSIGN_MOD", "GT", "REF_NAME", "USE_STACK", "INC", "CONST", "RSH", "TARGET", "BITXOR", "REGEXP", "SET_REF", "XML", "SET", "IF", "SET_REF_OP", "BITNOT", "RETURN_RESULT", "REF_MEMBER", "GETELEM", "ENUM_INIT_VALUES_IN_ORDER", "RETURN", "EXPR_RESULT", "SETNAME", "DELPROP", "ENUM_INIT_KEYS", "LT", "LABEL", "ASSIGN_BITXOR", "NEW", "SHEQ", "REF_NS_NAME", "DEFAULT", "EXPR_VOID", "IFEQ", "AND", "VOID", "SEMI", "REF_SPECIAL", "COLONCOLON", "DOTQUERY", "MOD", "ENUM_ID", "LET", "BINDNAME", "ENUM_NEXT", "IFNE", "LSH", "GET_REF", "CASE", "ASSIGN_ADD", "DOT", "IMPORT", "LOCAL_BLOCK", "ENTERWITH", "TRUE", "ELSE", "ERROR", "ASSIGN", "NE", "SETPROP", "BITAND", "SWITCH", "THROW", "DO", "ASSIGN_MUL", "NAME", "RESERVED", "THISFN", "NEG", "SHNE", "COMMENT", "DIV", "SETPROP_OP", "FUNCTION", "ENUM_INIT_ARRAY", "GETPROPNOWARN", "LB", "STRING", "OBJECTLIT", "ENUM_INIT_VALUES", "TRY", "ASSIGN_BITAND", "SETCONST", "FINALLY", "FALSE", "GET", "DEC", "MUL", "ESCXMLATTR"]}, "methodName": "name", "methodReferences": {"py/set": ["typeToName"]}, "py/object": "JavaParserVisitor.MethodInfo"}, "typeToName": {"memberReferences": {"py/set": ["RP", "NUMBER", "WITHEXPR", "IN", "THIS", "URSH", "LP", "ADD", "BITOR", "WHILE", "DEL_REF", "SUB", "ESCXMLTEXT", "SETELEM_OP", "SCRIPT", "VAR", "EOL", "ASSIGN_DIV", "GETVAR", "DEFAULTNAMESPACE", "LEAVEWITH", "NULL", "XMLATTR", "ARROW", "XML", "DEFAULT", "EXPR_VOID", "SEMI", "REF_SPECIAL", "COLONCOLON", "MOD", "LET", "BINDNAME", "LSH", "GET_REF", "CASE", "IMPORT", "ASSIGN", "DO", "DIV", "LB", "FALSE", "GET", "CONTINUE", "FOR", "LOCAL_LOAD", "POS", "TYPEOF", "GE", "LC", "EMPTY", "OR", "LETEXPR", "CATCH_SCOPE", "WITH", "NOT", "DEBUGGER", "XMLEND", "TO_DOUBLE", "INSTANCEOF", "ASSIGN_BITOR", "HOOK", "GT", "REF_NAME", "INC", "RSH", "IF", "SET_REF_OP", "BITNOT", "DELPROP", "LT", "AND", "VOID", "ENUM_ID", "DOT", "LOCAL_BLOCK", "TRUE", "SWITCH", "THROW", "THISFN", "SHNE", "COMMENT", "SETPROP_OP", "FUNCTION", "TRY", "FINALLY", "SETELEM", "LOOP", "ASSIGN_LSH", "CATCH", "RC", "JSR", "REF_CALL", "EOF", "ASSIGN_URSH", "RB", "TYPEOFNAME", "TO_OBJECT", "REF_NS_MEMBER", "USE_STACK", "BITXOR", "SET", "RETURN_RESULT", "REF_MEMBER", "GETELEM", "ENUM_INIT_VALUES_IN_ORDER", "RETURN", "SETNAME", "ENUM_INIT_KEYS", "ASSIGN_BITXOR", "SHEQ", "ASSIGN_ADD", "ENTERWITH", "ELSE", "NE", "SETPROP", "RESERVED", "ENUM_INIT_ARRAY", "ASSIGN_BITAND", "SETCONST", "ENUM_NEXT", "DEC", "ESCXMLATTR", "ARRAYLIT", "BREAK", "ASSIGN_SUB", "COLON", "ARRAYCOMP", "ASSIGN_RSH", "EXPORT", "LE", "DOTDOT", "CALL", "GETPROP", "BLOCK", "EQ", "COMMA", "GOTO", "RETHROW", "METHOD", "GENEXPR", "SETVAR", "YIELD", "ASSIGN_MOD", "CONST", "TARGET", "REGEXP", "SET_REF", "EXPR_RESULT", "LABEL", "NEW", "REF_NS_NAME", "IFEQ", "DOTQUERY", "IFNE", "ERROR", "BITAND", "ASSIGN_MUL", "NAME", "NEG", "GETPROPNOWARN", "STRING", "OBJECTLIT", "ENUM_INIT_VALUES", "MUL"]}, "methodName": "typeToName", "methodReferences": {"py/set": []}, "py/object": "JavaParserVisitor.MethodInfo"}}, "possibleFather": "", "py/object": "JavaParserVisitor.ClassInfo", "span": 516}, "TokenStream": {"className": "TokenStream", "members": {"py/set": ["lineno", "lineEndChar", "xmlOpenTagsCount", "regExpFlags", "quoteChar", "sourceCursor", "sourceString", "NaN", "number", "stringBufferTop", "isOctal", "tokenEnd", "EOF_CHAR", "tokenBeg", "string", "dirtyLine", "lineStart", "hitEOF", "sourceEnd", "ungetCursor", "sourceReader", "commentCursor", "isOldOctal", "sourceBuffer", "xmlIsAttribute", "commentPrefix", "isBinary", "commentType", "stringBuffer", "cursor", "isHex", "xmlIsTagContent", "allStrings", "ungetBuffer", "BYTE_ORDER_MARK"]}, "methods": {"TokenStream": {"memberReferences": {"py/set": ["sourceString", "sourceEnd", "lineno", "sourceReader", "cursor", "sourceCursor", "sourceBuffer"]}, "methodName": "TokenStream", "methodReferences": {"py/set": []}, "py/object": "JavaParserVisitor.MethodInfo"}, "addToString": {"memberReferences": {"py/set": ["stringBuffer", "stringBufferTop"]}, "methodName": "addToString", "methodReferences": {"py/set": []}, "py/object": "JavaParserVisitor.MethodInfo"}, "canUngetChar": {"memberReferences": {"py/set": ["ungetCursor", "ungetBuffer"]}, "methodName": "canUngetChar", "methodReferences": {"py/set": []}, "py/object": "JavaParserVisitor.MethodInfo"}, "charAt": {"memberReferences": {"py/set": ["sourceString", "sourceEnd", "sourceReader", "sourceCursor", "commentCursor", "EOF_CHAR", "sourceBuffer", "lineStart"]}, "methodName": "charAt", "methodReferences": {"py/set": ["fillSourceBuffer"]}, "py/object": "JavaParserVisitor.MethodInfo"}, "convertLastCharToHex": {"memberReferences": {"py/set": []}, "methodName": "convertLastCharToHex", "methodReferences": {"py/set": []}, "py/object": "JavaParserVisitor.MethodInfo"}, "eof": {"memberReferences": {"py/set": ["hitEOF"]}, "methodName": "eof", "methodReferences": {"py/set": []}, "py/object": "JavaParserVisitor.MethodInfo"}, "fillSourceBuffer": {"memberReferences": {"py/set": ["sourceString", "sourceEnd", "sourceReader", "sourceCursor", "commentCursor", "sourceBuffer", "lineStart"]}, "methodName": "fillSourceBuffer", "methodReferences": {"py/set": ["isMarkingComment"]}, "py/object": "JavaParserVisitor.MethodInfo"}, "getAndResetCurrentComment": {"memberReferences": {"py/set": ["commentPrefix", "sourceString", "tokenEnd", "commentCursor", "sourceBuffer", "tokenBeg"]}, "methodName": "getAndResetCurrentComment", "methodReferences": {"py/set": ["isMarkingComment", "getTokenLength"]}, "py/object": "JavaParserVisitor.MethodInfo"}, "getChar": {"memberReferences": {"py/set": ["lineno", "lineEndChar", "sourceCursor", "sourceString", "EOF_CHAR", "lineStart", "hitEOF", "sourceEnd", "ungetCursor", "sourceReader", "commentCursor", "sourceBuffer", "cursor", "ungetBuffer", "BYTE_ORDER_MARK"]}, "methodName": "getChar", "methodReferences": {"py/set": ["isJSLineTerminator", "isJSFormatChar", "fillSourceBuffer"]}, "py/object": "JavaParserVisitor.MethodInfo"}, "getCharIgnoreLineEnd": {"memberReferences": {"py/set": ["hitEOF", "sourceEnd", "ungetCursor", "lineEndChar", "sourceReader", "sourceCursor", "commentCursor", "sourceBuffer", "sourceString", "cursor", "EOF_CHAR", "lineStart", "ungetBuffer", "BYTE_ORDER_MARK"]}, "methodName": "getCharIgnoreLineEnd", "methodReferences": {"py/set": ["isJSLineTerminator", "isJSFormatChar", "fillSourceBuffer"]}, "py/object": "JavaParserVisitor.MethodInfo"}, "getCommentType": {"memberReferences": {"py/set": ["commentType"]}, "methodName": "getCommentType", "methodReferences": {"py/set": []}, "py/object": "JavaParserVisitor.MethodInfo"}, "getFirstXMLToken": {"memberReferences": {"py/set": ["hitEOF", "sourceEnd", "ungetCursor", "lineno", "xmlOpenTagsCount", "lineEndChar", "sourceReader", "sourceCursor", "commentCursor", "sourceBuffer", "xmlIsAttribute", "sourceString", "stringBufferTop", "tokenEnd", "cursor", "xmlIsTagContent", "stringBuffer", "EOF_CHAR", "tokenBeg", "string", "lineStart", "ungetBuffer", "BYTE_ORDER_MARK"]}, "methodName": "getFirstXMLToken", "methodReferences": {"py/set": ["ungetChar", "getNextXMLToken", "canUngetChar"]}, "py/object": "JavaParserVisitor.MethodInfo"}, "getLine": {"memberReferences": {"py/set": ["sourceEnd", "ungetCursor", "lineno", "lineEndChar", "sourceReader", "sourceCursor", "commentCursor", "sourceBuffer", "sourceString", "cursor", "EOF_CHAR", "lineStart"]}, "methodName": "getLine", "methodReferences": {"py/set": ["isJSLineTerminator", "charAt", "getLine", "substring"]}, "py/object": "JavaParserVisitor.MethodInfo"}, "getNextXMLToken": {"memberReferences": {"py/set": ["lineno", "lineEndChar", "xmlOpenTagsCount", "sourceCursor", "sourceString", "stringBufferTop", "tokenEnd", "EOF_CHAR", "tokenBeg", "string", "lineStart", "hitEOF", "sourceEnd", "ungetCursor", "sourceReader", "commentCursor", "sourceBuffer", "xmlIsAttribute", "cursor", "xmlIsTagContent", "stringBuffer", "ungetBuffer", "BYTE_ORDER_MARK"]}, "methodName": "getNextXMLToken", "methodReferences": {"py/set": ["getStringFromBuffer", "peekChar", "readQuotedString", "getChar", "readCDATA", "readEntity", "readXmlComment", "readPI", "addToString", "ungetChar"]}, "py/object": "JavaParserVisitor.MethodInfo"}, "getOffset": {"memberReferences": {"py/set": ["sourceCursor", "lineEndChar", "lineStart"]}, "methodName": "getOffset", "methodReferences": {"py/set": []}, "py/object": "JavaParserVisitor.MethodInfo"}, "getQuoteChar": {"memberReferences": {"py/set": ["quoteChar"]}, "methodName": "getQuoteChar", "methodReferences": {"py/set": []}, "py/object": "JavaParserVisitor.MethodInfo"}, "getSourceString": {"memberReferences": {"py/set": ["sourceString"]}, "methodName": "getSourceString", "methodReferences": {"py/set": []}, "py/object": "JavaParserVisitor.MethodInfo"}, "getStringFromBuffer": {"memberReferences": {"py/set": ["stringBufferTop", "tokenEnd", "cursor", "stringBuffer"]}, "methodName": "getStringFromBuffer", "methodReferences": {"py/set": []}, "py/object": "JavaParserVisitor.MethodInfo"}, "getToken": {"memberReferences": {"py/set": ["EOF_CHAR", "sourceEnd", "isBinary", "cursor", "ungetBuffer", "lineEndChar", "sourceString", "number", "isOctal", "string", "commentType", "quoteChar", "sourceCursor", "stringBufferTop", "tokenEnd", "dirtyLine", "isOldOctal", "stringBuffer", "isHex", "BYTE_ORDER_MARK", "lineno", "NaN", "tokenBeg", "lineStart", "hitEOF", "ungetCursor", "sourceReader", "commentCursor", "sourceBuffer"]}, "methodName": "getToken", "methodReferences": {"py/set": ["matchChar", "getStringFromBuffer", "peekChar", "stringToNumber", "isJSSpace", "stringToKeyword", "isDigit", "skipLine", "getChar", "addToString", "ungetCharIgnoreLineEnd", "ungetChar"]}, "py/object": "JavaParserVisitor.MethodInfo"}, "getTokenBeg": {"memberReferences": {"py/set": ["tokenBeg"]}, "methodName": "getTokenBeg", "methodReferences": {"py/set": []}, "py/object": "JavaParserVisitor.MethodInfo"}, "getTokenEnd": {"memberReferences": {"py/set": ["tokenEnd"]}, "methodName": "getTokenEnd", "methodReferences": {"py/set": []}, "py/object": "JavaParserVisitor.MethodInfo"}, "getTokenLength": {"memberReferences": {"py/set": ["tokenEnd", "tokenBeg"]}, "methodName": "getTokenLength", "methodReferences": {"py/set": []}, "py/object": "JavaParserVisitor.MethodInfo"}, "isAlpha": {"memberReferences": {"py/set": []}, "methodName": "isAlpha", "methodReferences": {"py/set": []}, "py/object": "JavaParserVisitor.MethodInfo"}, "isDigit": {"memberReferences": {"py/set": []}, "methodName": "isDigit", "methodReferences": {"py/set": []}, "py/object": "JavaParserVisitor.MethodInfo"}, "isJSFormatChar": {"memberReferences": {"py/set": []}, "methodName": "isJSFormatChar", "methodReferences": {"py/set": []}, "py/object": "JavaParserVisitor.MethodInfo"}, "isJSLineTerminator": {"memberReferences": {"py/set": []}, "methodName": "isJSLineTerminator", "methodReferences": {"py/set": []}, "py/object": "JavaParserVisitor.MethodInfo"}, "isJSSpace": {"memberReferences": {"py/set": ["BYTE_ORDER_MARK"]}, "methodName": "isJSSpace", "methodReferences": {"py/set": []}, "py/object": "JavaParserVisitor.MethodInfo"}, "isKeyword": {"memberReferences": {"py/set": []}, "methodName": "isKeyword", "methodReferences": {"py/set": ["stringToKeyword"]}, "py/object": "JavaParserVisitor.MethodInfo"}, "isMarkingComment": {"memberReferences": {"py/set": ["commentCursor"]}, "methodName": "isMarkingComment", "methodReferences": {"py/set": []}, "py/object": "JavaParserVisitor.MethodInfo"}, "isNumberBinary": {"memberReferences": {"py/set": ["isBinary"]}, "methodName": "isNumberBinary", "methodReferences": {"py/set": []}, "py/object": "JavaParserVisitor.MethodInfo"}, "isNumberHex": {"memberReferences": {"py/set": ["isHex"]}, "methodName": "isNumberHex", "methodReferences": {"py/set": []}, "py/object": "JavaParserVisitor.MethodInfo"}, "isNumberOctal": {"memberReferences": {"py/set": ["isOctal"]}, "methodName": "isNumberOctal", "methodReferences": {"py/set": []}, "py/object": "JavaParserVisitor.MethodInfo"}, "isNumberOldOctal": {"memberReferences": {"py/set": ["isOldOctal"]}, "methodName": "isNumberOldOctal", "methodReferences": {"py/set": []}, "py/object": "JavaParserVisitor.MethodInfo"}, "isXMLAttribute": {"memberReferences": {"py/set": ["xmlIsAttribute"]}, "methodName": "isXMLAttribute", "methodReferences": {"py/set": []}, "py/object": "JavaParserVisitor.MethodInfo"}, "matchChar": {"memberReferences": {"py/set": ["hitEOF", "sourceEnd", "ungetCursor", "lineEndChar", "sourceReader", "sourceCursor", "commentCursor", "sourceBuffer", "sourceString", "tokenEnd", "cursor", "EOF_CHAR", "lineStart", "ungetBuffer", "BYTE_ORDER_MARK"]}, "methodName": "matchChar", "methodReferences": {"py/set": ["getCharIgnoreLineEnd", "ungetCharIgnoreLineEnd"]}, "py/object": "JavaParserVisitor.MethodInfo"}, "peekChar": {"memberReferences": {"py/set": ["hitEOF", "sourceString", "sourceEnd", "lineno", "lineEndChar", "ungetCursor", "sourceReader", "cursor", "sourceCursor", "commentCursor", "sourceBuffer", "EOF_CHAR", "lineStart", "ungetBuffer", "BYTE_ORDER_MARK"]}, "methodName": "peekChar", "methodReferences": {"py/set": ["getChar", "ungetChar"]}, "py/object": "JavaParserVisitor.MethodInfo"}, "readAndClearRegExpFlags": {"memberReferences": {"py/set": ["regExpFlags"]}, "methodName": "readAndClearRegExpFlags", "methodReferences": {"py/set": []}, "py/object": "JavaParserVisitor.MethodInfo"}, "readCDATA": {"memberReferences": {"py/set": ["hitEOF", "sourceEnd", "lineno", "lineEndChar", "ungetCursor", "sourceReader", "sourceCursor", "commentCursor", "sourceBuffer", "sourceString", "stringBufferTop", "stringBuffer", "cursor", "EOF_CHAR", "string", "lineStart", "ungetBuffer", "BYTE_ORDER_MARK"]}, "methodName": "readCDATA", "methodReferences": {"py/set": ["addToString", "peekChar", "getChar"]}, "py/object": "JavaParserVisitor.MethodInfo"}, "readEntity": {"memberReferences": {"py/set": ["hitEOF", "sourceEnd", "lineno", "lineEndChar", "ungetCursor", "sourceReader", "sourceCursor", "commentCursor", "sourceBuffer", "sourceString", "stringBufferTop", "stringBuffer", "cursor", "EOF_CHAR", "string", "lineStart", "ungetBuffer", "BYTE_ORDER_MARK"]}, "methodName": "readEntity", "methodReferences": {"py/set": ["addToString", "getChar"]}, "py/object": "JavaParserVisitor.MethodInfo"}, "readPI": {"memberReferences": {"py/set": ["hitEOF", "sourceEnd", "lineno", "lineEndChar", "ungetCursor", "sourceReader", "sourceCursor", "commentCursor", "sourceBuffer", "sourceString", "stringBufferTop", "stringBuffer", "cursor", "EOF_CHAR", "string", "lineStart", "ungetBuffer", "BYTE_ORDER_MARK"]}, "methodName": "readPI", "methodReferences": {"py/set": ["addToString", "peekChar", "getChar"]}, "py/object": "JavaParserVisitor.MethodInfo"}, "readQuotedString": {"memberReferences": {"py/set": ["hitEOF", "sourceEnd", "lineno", "lineEndChar", "ungetCursor", "sourceReader", "sourceCursor", "commentCursor", "sourceBuffer", "sourceString", "stringBufferTop", "stringBuffer", "cursor", "EOF_CHAR", "string", "lineStart", "ungetBuffer", "BYTE_ORDER_MARK"]}, "methodName": "readQuotedString", "methodReferences": {"py/set": ["addToString", "getChar"]}, "py/object": "JavaParserVisitor.MethodInfo"}, "readRegExp": {"memberReferences": {"py/set": ["lineno", "lineEndChar", "regExpFlags", "sourceCursor", "sourceString", "stringBufferTop", "tokenEnd", "EOF_CHAR", "tokenBeg", "string", "lineStart", "hitEOF", "sourceEnd", "ungetCursor", "sourceReader", "commentCursor", "sourceBuffer", "cursor", "stringBuffer", "ungetBuffer", "BYTE_ORDER_MARK"]}, "methodName": "readRegExp", "methodReferences": {"py/set": ["matchChar", "peekChar", "getChar", "isAlpha", "addToString", "ungetChar"]}, "py/object": "JavaParserVisitor.MethodInfo"}, "readXmlComment": {"memberReferences": {"py/set": ["hitEOF", "sourceEnd", "lineno", "lineEndChar", "ungetCursor", "sourceReader", "sourceCursor", "commentCursor", "sourceBuffer", "sourceString", "stringBufferTop", "stringBuffer", "cursor", "EOF_CHAR", "string", "lineStart", "ungetBuffer", "BYTE_ORDER_MARK"]}, "methodName": "readXmlComment", "methodReferences": {"py/set": ["addToString", "peekChar", "getChar"]}, "py/object": "JavaParserVisitor.MethodInfo"}, "skipLine": {"memberReferences": {"py/set": ["hitEOF", "sourceEnd", "lineno", "lineEndChar", "ungetCursor", "sourceReader", "sourceCursor", "commentCursor", "sourceBuffer", "sourceString", "tokenEnd", "cursor", "EOF_CHAR", "lineStart", "ungetBuffer", "BYTE_ORDER_MARK"]}, "methodName": "skipLine", "methodReferences": {"py/set": ["getChar", "ungetChar"]}, "py/object": "JavaParserVisitor.MethodInfo"}, "stringToKeyword": {"memberReferences": {"py/set": []}, "methodName": "stringToKeyword", "methodReferences": {"py/set": ["stringToKeywordForJS"]}, "py/object": "JavaParserVisitor.MethodInfo"}, "stringToKeywordForES": {"memberReferences": {"py/set": []}, "methodName": "stringToKeywordForES", "methodReferences": {"py/set": []}, "py/object": "JavaParserVisitor.MethodInfo"}, "stringToKeywordForJS": {"memberReferences": {"py/set": []}, "methodName": "stringToKeywordForJS", "methodReferences": {"py/set": []}, "py/object": "JavaParserVisitor.MethodInfo"}, "stringToNumber": {"memberReferences": {"py/set": ["NaN"]}, "methodName": "stringToNumber", "methodReferences": {"py/set": []}, "py/object": "JavaParserVisitor.MethodInfo"}, "substring": {"memberReferences": {"py/set": ["sourceString", "sourceBuffer"]}, "methodName": "substring", "methodReferences": {"py/set": []}, "py/object": "JavaParserVisitor.MethodInfo"}, "tokenToString": {"memberReferences": {"py/set": ["number", "string"]}, "methodName": "tokenToString", "methodReferences": {"py/set": []}, "py/object": "JavaParserVisitor.MethodInfo"}, "ungetChar": {"memberReferences": {"py/set": ["ungetCursor", "cursor", "ungetBuffer"]}, "methodName": "ungetChar", "methodReferences": {"py/set": []}, "py/object": "JavaParserVisitor.MethodInfo"}, "ungetCharIgnoreLineEnd": {"memberReferences": {"py/set": ["cursor", "ungetCursor", "ungetBuffer"]}, "methodName": "ungetCharIgnoreLineEnd", "methodReferences": {"py/set": []}, "py/object": "JavaParserVisitor.MethodInfo"}}, "possibleFather": "", "py/object": "JavaParserVisitor.ClassInfo", "span": 2301}, "UniqueTag": {"className": "UniqueTag", "members": {"py/set": ["NULL_VALUE", "DOUBLE_MARK", "serialVersionUID", "tagId", "NOT_FOUND", "ID_DOUBLE_MARK", "ID_NULL_VALUE", "ID_NOT_FOUND"]}, "methods": {"UniqueTag": {"memberReferences": {"py/set": ["tagId"]}, "methodName": "UniqueTag", "methodReferences": {"py/set": []}, "py/object": "JavaParserVisitor.MethodInfo"}, "readResolve": {"memberReferences": {"py/set": ["NULL_VALUE", "DOUBLE_MARK", "tagId", "NOT_FOUND", "ID_DOUBLE_MARK", "ID_NULL_VALUE", "ID_NOT_FOUND"]}, "methodName": "readResolve", "methodReferences": {"py/set": []}, "py/object": "JavaParserVisitor.MethodInfo"}, "toString": {"memberReferences": {"py/set": ["tagId", "ID_DOUBLE_MARK", "ID_NULL_VALUE", "ID_NOT_FOUND"]}, "methodName": "toString", "methodReferences": {"py/set": []}, "py/object": "JavaParserVisitor.MethodInfo"}}, "possibleFather": "", "py/object": "JavaParserVisitor.ClassInfo", "span": 65}, "Watcher": {"className": "Watcher", "members": {"py/set": []}, "methods": {"afterTextChanged": {"memberReferences": {"py/set": []}, "methodName": "afterTextChanged", "methodReferences": {"py/set": ["onTextChanged"]}, "py/object": "JavaParserVisitor.MethodInfo"}, "beforeTextChanged": {"memberReferences": {"py/set": []}, "methodName": "beforeTextChanged", "methodReferences": {"py/set": []}, "py/object": "JavaParserVisitor.MethodInfo"}, "onTextChanged": {"memberReferences": {"py/set": []}, "methodName": "onTextChanged", "methodReferences": {"py/set": []}, "py/object": "JavaParserVisitor.MethodInfo"}}, "possibleFather": "", "py/object": "JavaParserVisitor.ClassInfo", "span": 72}}