{"id": 147360298, "node_id": "MDEwOlJlcG9zaXRvcnkxNDczNjAyOTg=", "name": "spring-cloud-learning", "full_name": "xie19900123/spring-cloud-learning", "private": false, "owner": {"login": "xie19900123", "id": 5365565, "node_id": "MDQ6VXNlcjUzNjU1NjU=", "avatar_url": "https://avatars.githubusercontent.com/u/5365565?v=4", "gravatar_id": "", "url": "https://api.github.com/users/xie19900123", "html_url": "https://github.com/xie19900123", "followers_url": "https://api.github.com/users/xie19900123/followers", "following_url": "https://api.github.com/users/xie19900123/following{/other_user}", "gists_url": "https://api.github.com/users/xie19900123/gists{/gist_id}", "starred_url": "https://api.github.com/users/xie19900123/starred{/owner}{/repo}", "subscriptions_url": "https://api.github.com/users/xie19900123/subscriptions", "organizations_url": "https://api.github.com/users/xie19900123/orgs", "repos_url": "https://api.github.com/users/xie19900123/repos", "events_url": "https://api.github.com/users/xie19900123/events{/privacy}", "received_events_url": "https://api.github.com/users/xie19900123/received_events", "type": "User", "site_admin": false}, "html_url": "https://github.com/xie19900123/spring-cloud-learning", "description": "\u767d\u8bddSpringCloud\uff0c\u57fa\u4e8eSpring Cloud Finchley.SR1 \u548cSpring boot 2.0.3\u7248\u672c", "fork": false, "url": "https://api.github.com/repos/xie19900123/spring-cloud-learning", "forks_url": "https://api.github.com/repos/xie19900123/spring-cloud-learning/forks", "keys_url": "https://api.github.com/repos/xie19900123/spring-cloud-learning/keys{/key_id}", "collaborators_url": "https://api.github.com/repos/xie19900123/spring-cloud-learning/collaborators{/collaborator}", "teams_url": "https://api.github.com/repos/xie19900123/spring-cloud-learning/teams", "hooks_url": "https://api.github.com/repos/xie19900123/spring-cloud-learning/hooks", "issue_events_url": "https://api.github.com/repos/xie19900123/spring-cloud-learning/issues/events{/number}", "events_url": "https://api.github.com/repos/xie19900123/spring-cloud-learning/events", "assignees_url": "https://api.github.com/repos/xie19900123/spring-cloud-learning/assignees{/user}", "branches_url": "https://api.github.com/repos/xie19900123/spring-cloud-learning/branches{/branch}", "tags_url": "https://api.github.com/repos/xie19900123/spring-cloud-learning/tags", "blobs_url": "https://api.github.com/repos/xie19900123/spring-cloud-learning/git/blobs{/sha}", "git_tags_url": "https://api.github.com/repos/xie19900123/spring-cloud-learning/git/tags{/sha}", "git_refs_url": "https://api.github.com/repos/xie19900123/spring-cloud-learning/git/refs{/sha}", "trees_url": "https://api.github.com/repos/xie19900123/spring-cloud-learning/git/trees{/sha}", "statuses_url": "https://api.github.com/repos/xie19900123/spring-cloud-learning/statuses/{sha}", "languages_url": "https://api.github.com/repos/xie19900123/spring-cloud-learning/languages", "stargazers_url": "https://api.github.com/repos/xie19900123/spring-cloud-learning/stargazers", "contributors_url": "https://api.github.com/repos/xie19900123/spring-cloud-learning/contributors", "subscribers_url": "https://api.github.com/repos/xie19900123/spring-cloud-learning/subscribers", "subscription_url": "https://api.github.com/repos/xie19900123/spring-cloud-learning/subscription", "commits_url": "https://api.github.com/repos/xie19900123/spring-cloud-learning/commits{/sha}", "git_commits_url": "https://api.github.com/repos/xie19900123/spring-cloud-learning/git/commits{/sha}", "comments_url": "https://api.github.com/repos/xie19900123/spring-cloud-learning/comments{/number}", "issue_comment_url": "https://api.github.com/repos/xie19900123/spring-cloud-learning/issues/comments{/number}", "contents_url": "https://api.github.com/repos/xie19900123/spring-cloud-learning/contents/{+path}", "compare_url": "https://api.github.com/repos/xie19900123/spring-cloud-learning/compare/{base}...{head}", "merges_url": "https://api.github.com/repos/xie19900123/spring-cloud-learning/merges", "archive_url": "https://api.github.com/repos/xie19900123/spring-cloud-learning/{archive_format}{/ref}", "downloads_url": "https://api.github.com/repos/xie19900123/spring-cloud-learning/downloads", "issues_url": "https://api.github.com/repos/xie19900123/spring-cloud-learning/issues{/number}", "pulls_url": "https://api.github.com/repos/xie19900123/spring-cloud-learning/pulls{/number}", "milestones_url": "https://api.github.com/repos/xie19900123/spring-cloud-learning/milestones{/number}", "notifications_url": "https://api.github.com/repos/xie19900123/spring-cloud-learning/notifications{?since,all,participating}", "labels_url": "https://api.github.com/repos/xie19900123/spring-cloud-learning/labels{/name}", "releases_url": "https://api.github.com/repos/xie19900123/spring-cloud-learning/releases{/id}", "deployments_url": "https://api.github.com/repos/xie19900123/spring-cloud-learning/deployments", "created_at": "2018-09-04T14:35:51Z", "updated_at": "2021-12-17T18:29:36Z", "pushed_at": "2018-10-19T15:55:39Z", "git_url": "git://github.com/xie19900123/spring-cloud-learning.git", "ssh_url": "git@github.com:xie19900123/spring-cloud-learning.git", "clone_url": "https://github.com/xie19900123/spring-cloud-learning.git", "svn_url": "https://github.com/xie19900123/spring-cloud-learning", "homepage": null, "size": 89, "stargazers_count": 38, "watchers_count": 38, "language": "Java", "has_issues": true, "has_projects": true, "has_downloads": true, "has_wiki": true, "has_pages": false, "forks_count": 27, "mirror_url": null, "archived": false, "disabled": false, "open_issues_count": 0, "license": null, "allow_forking": true, "is_template": false, "topics": [], "visibility": "public", "forks": 27, "open_issues": 0, "watchers": 38, "default_branch": "master", "score": 1.0, "__project_size": 267045, "__java_files_sizes": 59000, "__java_files_loc": 2299, "contributors_url_calculated": 1, "commits_url_calculated": 29}