{"SCOM": {"py/object": "Statistics.InterestingStatistics", "classValues": [{"py/tuple": [0.0, 46]}, {"py/tuple": [0.0, 26]}, {"py/tuple": [1, 3]}, {"py/tuple": [1, 3]}, {"py/tuple": [1, 17]}, {"py/tuple": [1, 0]}, {"py/tuple": [1, 4]}, {"py/tuple": [1, 9]}, {"py/tuple": [1, 9]}, {"py/tuple": [1, 4]}, {"py/tuple": [1, 18]}, {"py/tuple": [1, 4]}, {"py/tuple": [0.0, 9]}, {"py/tuple": [1, 4]}, {"py/tuple": [0.0, 17]}, {"py/tuple": [0.0, 13]}, {"py/tuple": [1, 8]}, {"py/tuple": [1, 5]}, {"py/tuple": [1, 5]}, {"py/tuple": [1, 9]}, {"py/tuple": [0.0, 10]}, {"py/tuple": [1, 4]}, {"py/tuple": [1, 3]}, {"py/tuple": [1, 4]}, {"py/tuple": [1, 3]}, {"py/tuple": [0.0, 50]}, {"py/tuple": [0.0, 21]}, {"py/tuple": [1, 4]}, {"py/tuple": [1, 3]}, {"py/tuple": [1, 3]}, {"py/tuple": [1, 3]}, {"py/tuple": [0.0, 20]}, {"py/tuple": [0.0, 25]}, {"py/tuple": [1, 5]}, {"py/tuple": [1, 3]}]}, "LSCC": {"py/object": "Statistics.InterestingStatistics", "classValues": [{"py/tuple": [0, 46]}, {"py/tuple": [0, 26]}, {"py/tuple": [1, 3]}, {"py/tuple": [1, 3]}, {"py/tuple": [1, 17]}, {"py/tuple": [1, 0]}, {"py/tuple": [1, 4]}, {"py/tuple": [1, 9]}, {"py/tuple": [1, 9]}, {"py/tuple": [1, 4]}, {"py/tuple": [1, 18]}, {"py/tuple": [1, 4]}, {"py/tuple": [0, 9]}, {"py/tuple": [1, 4]}, {"py/tuple": [0, 17]}, {"py/tuple": [0, 13]}, {"py/tuple": [1, 8]}, {"py/tuple": [1, 5]}, {"py/tuple": [1, 5]}, {"py/tuple": [1, 9]}, {"py/tuple": [0, 10]}, {"py/tuple": [1, 4]}, {"py/tuple": [1, 3]}, {"py/tuple": [1, 4]}, {"py/tuple": [1, 3]}, {"py/tuple": [0, 50]}, {"py/tuple": [0.0, 21]}, {"py/tuple": [1, 4]}, {"py/tuple": [1, 3]}, {"py/tuple": [1, 3]}, {"py/tuple": [1, 3]}, {"py/tuple": [0, 20]}, {"py/tuple": [0.0, 25]}, {"py/tuple": [1, 5]}, {"py/tuple": [1, 3]}]}, "CC": {"py/object": "Statistics.InterestingStatistics", "classValues": [{"py/tuple": [1, 46]}, {"py/tuple": [1, 26]}, {"py/tuple": [1, 3]}, {"py/tuple": [1, 3]}, {"py/tuple": [1, 17]}, {"py/tuple": [1, 0]}, {"py/tuple": [1, 4]}, {"py/tuple": [1, 9]}, {"py/tuple": [1, 9]}, {"py/tuple": [1, 4]}, {"py/tuple": [1, 18]}, {"py/tuple": [1, 4]}, {"py/tuple": [1, 9]}, {"py/tuple": [1, 4]}, {"py/tuple": [1, 17]}, {"py/tuple": [1, 13]}, {"py/tuple": [1, 8]}, {"py/tuple": [1, 5]}, {"py/tuple": [1, 5]}, {"py/tuple": [1, 9]}, {"py/tuple": [1, 10]}, {"py/tuple": [1, 4]}, {"py/tuple": [1, 3]}, {"py/tuple": [1, 4]}, {"py/tuple": [1, 3]}, {"py/tuple": [1, 50]}, {"py/tuple": [0.0, 21]}, {"py/tuple": [1, 4]}, {"py/tuple": [1, 3]}, {"py/tuple": [1, 3]}, {"py/tuple": [1, 3]}, {"py/tuple": [1, 20]}, {"py/tuple": [0.0, 25]}, {"py/tuple": [1, 5]}, {"py/tuple": [1, 3]}]}, "LCOM5": {"py/object": "Statistics.InterestingStatistics", "classValues": [{"py/tuple": [0, 46]}, {"py/tuple": [0, 26]}, {"py/tuple": [0, 3]}, {"py/tuple": [0, 3]}, {"py/tuple": [0, 17]}, {"py/tuple": [0, 0]}, {"py/tuple": [0, 4]}, {"py/tuple": [0, 9]}, {"py/tuple": [0, 9]}, {"py/tuple": [0, 4]}, {"py/tuple": [0, 18]}, {"py/tuple": [0, 4]}, {"py/tuple": [0, 9]}, {"py/tuple": [0, 4]}, {"py/tuple": [0, 17]}, {"py/tuple": [0, 13]}, {"py/tuple": [1.0, 8]}, {"py/tuple": [0, 5]}, {"py/tuple": [0, 5]}, {"py/tuple": [0.0, 9]}, {"py/tuple": [0, 10]}, {"py/tuple": [0, 4]}, {"py/tuple": [0, 3]}, {"py/tuple": [0, 4]}, {"py/tuple": [0, 3]}, {"py/tuple": [0, 50]}, {"py/tuple": [0.5, 21]}, {"py/tuple": [0, 4]}, {"py/tuple": [0, 3]}, {"py/tuple": [0, 3]}, {"py/tuple": [0, 3]}, {"py/tuple": [0, 20]}, {"py/tuple": [0.5, 25]}, {"py/tuple": [0, 5]}, {"py/tuple": [0, 3]}]}, "CBAMU": {"py/object": "Statistics.InterestingStatistics", "classValues": [{"py/tuple": [0.0, 46]}, {"py/tuple": [0.0, 26]}, {"py/tuple": [0.0, 3]}, {"py/tuple": [0.0, 3]}, {"py/tuple": [0.0, 17]}, {"py/tuple": [0.0, 0]}, {"py/tuple": [0.0, 4]}, {"py/tuple": [0.0, 9]}, {"py/tuple": [0.0, 9]}, {"py/tuple": [0.0, 4]}, {"py/tuple": [0.0, 18]}, {"py/tuple": [0.0, 4]}, {"py/tuple": [0.0, 9]}, {"py/tuple": [0.0, 4]}, {"py/tuple": [0.0, 17]}, {"py/tuple": [0.0, 13]}, {"py/tuple": [0.0, 8]}, {"py/tuple": [0.0, 5]}, {"py/tuple": [0.0, 5]}, {"py/tuple": [0.5, 9]}, {"py/tuple": [0.0, 10]}, {"py/tuple": [0.0, 4]}, {"py/tuple": [0.0, 3]}, {"py/tuple": [0.0, 4]}, {"py/tuple": [0.0, 3]}, {"py/tuple": [0.006944444444444444, 50]}, {"py/tuple": [0.25, 21]}, {"py/tuple": [0.0, 4]}, {"py/tuple": [0.0, 3]}, {"py/tuple": [0.0, 3]}, {"py/tuple": [0.0, 3]}, {"py/tuple": [0.0, 20]}, {"py/tuple": [0.5, 25]}, {"py/tuple": [0.0, 5]}, {"py/tuple": [0.0, 3]}]}}