{"ActivityCollector": {"className": "ActivityCollector", "members": {"py/set": ["activityList"]}, "methods": {"addActivity": {"memberReferences": {"py/set": []}, "methodName": "addActivity", "methodReferences": {"py/set": []}, "py/object": "JavaParserVisitor.MethodInfo"}, "getTopActivity": {"memberReferences": {"py/set": ["activityList"]}, "methodName": "getTopActivity", "methodReferences": {"py/set": []}, "py/object": "JavaParserVisitor.MethodInfo"}, "removeActivity": {"memberReferences": {"py/set": []}, "methodName": "removeActivity", "methodReferences": {"py/set": []}, "py/object": "JavaParserVisitor.MethodInfo"}}, "possibleFather": "", "py/object": "JavaParserVisitor.ClassInfo", "span": 12}, "ApplicationTest": {"className": "ApplicationTest", "members": {"py/set": []}, "methods": {"ApplicationTest": {"memberReferences": {"py/set": []}, "methodName": "ApplicationTest", "methodReferences": {"py/set": []}, "py/object": "JavaParserVisitor.MethodInfo"}}, "possibleFather": "ApplicationTestCase<Application>", "py/object": "JavaParserVisitor.ClassInfo", "span": 4}, "BaseActivity": {"className": "BaseActivity", "members": {"py/set": ["mContext"]}, "methods": {"initData": {"memberReferences": {"py/set": []}, "methodName": "initData", "methodReferences": {"py/set": []}, "py/object": "JavaParserVisitor.MethodInfo"}, "initListener": {"memberReferences": {"py/set": []}, "methodName": "initListener", "methodReferences": {"py/set": []}, "py/object": "JavaParserVisitor.MethodInfo"}, "initView": {"memberReferences": {"py/set": []}, "methodName": "initView", "methodReferences": {"py/set": []}, "py/object": "JavaParserVisitor.MethodInfo"}, "onCreate": {"memberReferences": {"py/set": ["mContext"]}, "methodName": "onCreate", "methodReferences": {"py/set": ["setLayoutResId", "initData", "initView", "initListener"]}, "py/object": "JavaParserVisitor.MethodInfo"}, "onDestroy": {"memberReferences": {"py/set": []}, "methodName": "onDestroy", "methodReferences": {"py/set": []}, "py/object": "JavaParserVisitor.MethodInfo"}, "setLayoutResId": {"memberReferences": {"py/set": []}, "methodName": "setLayoutResId", "methodReferences": {"py/set": []}, "py/object": "JavaParserVisitor.MethodInfo"}, "showToast": {"memberReferences": {"py/set": ["mContext"]}, "methodName": "showToast", "methodReferences": {"py/set": []}, "py/object": "JavaParserVisitor.MethodInfo"}}, "possibleFather": "AppCompatActivity", "py/object": "JavaParserVisitor.ClassInfo", "span": 29}, "BasePermissionActivity": {"className": "BasePermissionActivity", "members": {"py/set": ["sListener"]}, "methods": {"onDenied": {"memberReferences": {"py/set": []}, "methodName": "onDenied", "methodReferences": {"py/set": []}, "py/object": "JavaParserVisitor.MethodInfo"}, "onGranted": {"memberReferences": {"py/set": []}, "methodName": "onGranted", "methodReferences": {"py/set": []}, "py/object": "JavaParserVisitor.MethodInfo"}, "onRequestPermissionsResult": {"memberReferences": {"py/set": []}, "methodName": "onRequestPermissionsResult", "methodReferences": {"py/set": []}, "py/object": "JavaParserVisitor.MethodInfo"}, "requestRuntimePermission": {"memberReferences": {"py/set": ["sListener"]}, "methodName": "requestRuntimePermission", "methodReferences": {"py/set": []}, "py/object": "JavaParserVisitor.MethodInfo"}}, "possibleFather": "BaseActivity", "py/object": "JavaParserVisitor.ClassInfo", "span": 49}, "BaseRecyclerViewAdapter": {"className": "BaseRecyclerViewAdapter", "members": {"py/set": ["mListener", "mDataList"]}, "methods": {"appendData": {"memberReferences": {"py/set": []}, "methodName": "appendData", "methodReferences": {"py/set": []}, "py/object": "JavaParserVisitor.MethodInfo"}, "getItemCount": {"memberReferences": {"py/set": []}, "methodName": "getItemCount", "methodReferences": {"py/set": []}, "py/object": "JavaParserVisitor.MethodInfo"}, "setOnRecyclerViewItemClickListener": {"memberReferences": {"py/set": ["mListener"]}, "methodName": "setOnRecyclerViewItemClickListener", "methodReferences": {"py/set": []}, "py/object": "JavaParserVisitor.MethodInfo"}, "updateData": {"memberReferences": {"py/set": []}, "methodName": "updateData", "methodReferences": {"py/set": ["appendData"]}, "py/object": "JavaParserVisitor.MethodInfo"}}, "possibleFather": "RecyclerView.Adapter", "py/object": "JavaParserVisitor.ClassInfo", "span": 49}, "BaseRvViewHolder": {"className": "BaseRvViewHolder", "members": {"py/set": []}, "methods": {"BaseRvViewHolder": {"memberReferences": {"py/set": []}, "methodName": "BaseRvViewHolder", "methodReferences": {"py/set": []}, "py/object": "JavaParserVisitor.MethodInfo"}, "bindView": {"memberReferences": {"py/set": []}, "methodName": "bindView", "methodReferences": {"py/set": []}, "py/object": "JavaParserVisitor.MethodInfo"}, "onClick": {"memberReferences": {"py/set": []}, "methodName": "onClick", "methodReferences": {"py/set": []}, "py/object": "JavaParserVisitor.MethodInfo"}, "onLongClick": {"memberReferences": {"py/set": []}, "methodName": "onLongClick", "methodReferences": {"py/set": []}, "py/object": "JavaParserVisitor.MethodInfo"}}, "possibleFather": "RecyclerView.ViewHolder", "py/object": "JavaParserVisitor.ClassInfo", "span": 22}, "Category": {"className": "Category", "members": {"py/set": ["category", "pos", "id"]}, "methods": {"compareTo": {"memberReferences": {"py/set": ["pos"]}, "methodName": "compareTo", "methodReferences": {"py/set": []}, "py/object": "JavaParserVisitor.MethodInfo"}}, "possibleFather": "", "py/object": "JavaParserVisitor.ClassInfo", "span": 30}, "CategoryAdapter": {"className": "CategoryAdapter", "members": {"py/set": []}, "methods": {"CategoryAdapter": {"memberReferences": {"py/set": []}, "methodName": "CategoryAdapter", "methodReferences": {"py/set": []}, "py/object": "JavaParserVisitor.MethodInfo"}, "convert": {"memberReferences": {"py/set": []}, "methodName": "convert", "methodReferences": {"py/set": []}, "py/object": "JavaParserVisitor.MethodInfo"}}, "possibleFather": "CommonAdapter<Category>", "py/object": "JavaParserVisitor.ClassInfo", "span": 13}, "CategoryAddActivity": {"className": "CategoryAddActivity", "members": {"py/set": ["pos", "cate", "mTitle", "cateName", "deleteImg", "toolbar", "noteManager"]}, "methods": {"afterTextChanged": {"memberReferences": {"py/set": ["deleteImg"]}, "methodName": "afterTextChanged", "methodReferences": {"py/set": []}, "py/object": "JavaParserVisitor.MethodInfo"}, "beforeTextChanged": {"memberReferences": {"py/set": []}, "methodName": "beforeTextChanged", "methodReferences": {"py/set": []}, "py/object": "JavaParserVisitor.MethodInfo"}, "goBack": {"memberReferences": {"py/set": ["cate"]}, "methodName": "goBack", "methodReferences": {"py/set": ["goToCateManager"]}, "py/object": "JavaParserVisitor.MethodInfo"}, "goToCateManager": {"memberReferences": {"py/set": []}, "methodName": "goToCateManager", "methodReferences": {"py/set": []}, "py/object": "JavaParserVisitor.MethodInfo"}, "initData": {"memberReferences": {"py/set": ["pos", "noteManager"]}, "methodName": "initData", "methodReferences": {"py/set": []}, "py/object": "JavaParserVisitor.MethodInfo"}, "initListener": {"memberReferences": {"py/set": ["deleteImg"]}, "methodName": "initListener", "methodReferences": {"py/set": []}, "py/object": "JavaParserVisitor.MethodInfo"}, "initView": {"memberReferences": {"py/set": ["mTitle", "cateName", "deleteImg", "toolbar"]}, "methodName": "initView", "methodReferences": {"py/set": []}, "py/object": "JavaParserVisitor.MethodInfo"}, "onBackPressed": {"memberReferences": {"py/set": ["cate"]}, "methodName": "onBackPressed", "methodReferences": {"py/set": ["goBack"]}, "py/object": "JavaParserVisitor.MethodInfo"}, "onClick": {"memberReferences": {"py/set": []}, "methodName": "onClick", "methodReferences": {"py/set": []}, "py/object": "JavaParserVisitor.MethodInfo"}, "onCreateOptionsMenu": {"memberReferences": {"py/set": []}, "methodName": "onCreateOptionsMenu", "methodReferences": {"py/set": []}, "py/object": "JavaParserVisitor.MethodInfo"}, "onOptionsItemSelected": {"memberReferences": {"py/set": ["cate"]}, "methodName": "onOptionsItemSelected", "methodReferences": {"py/set": ["goBack"]}, "py/object": "JavaParserVisitor.MethodInfo"}, "onTextChanged": {"memberReferences": {"py/set": []}, "methodName": "onTextChanged", "methodReferences": {"py/set": []}, "py/object": "JavaParserVisitor.MethodInfo"}, "setLayoutResId": {"memberReferences": {"py/set": []}, "methodName": "setLayoutResId", "methodReferences": {"py/set": []}, "py/object": "JavaParserVisitor.MethodInfo"}}, "possibleFather": "BaseActivity", "py/object": "JavaParserVisitor.ClassInfo", "span": 102}, "CategoryEditActivity": {"className": "CategoryEditActivity", "members": {"py/set": ["et_cate_edit", "cate", "mNoteList", "mTitle", "deleteImg", "cateId", "toolbar", "noteManager"]}, "methods": {"afterTextChanged": {"memberReferences": {"py/set": ["deleteImg"]}, "methodName": "afterTextChanged", "methodReferences": {"py/set": []}, "py/object": "JavaParserVisitor.MethodInfo"}, "beforeTextChanged": {"memberReferences": {"py/set": []}, "methodName": "beforeTextChanged", "methodReferences": {"py/set": []}, "py/object": "JavaParserVisitor.MethodInfo"}, "deleteCategory": {"memberReferences": {"py/set": ["mNoteList", "noteManager"]}, "methodName": "deleteCategory", "methodReferences": {"py/set": ["goToCateManager"]}, "py/object": "JavaParserVisitor.MethodInfo"}, "goBack": {"memberReferences": {"py/set": []}, "methodName": "goBack", "methodReferences": {"py/set": ["showDeleteDialog", "goToCateManager"]}, "py/object": "JavaParserVisitor.MethodInfo"}, "goToCateManager": {"memberReferences": {"py/set": []}, "methodName": "goToCateManager", "methodReferences": {"py/set": []}, "py/object": "JavaParserVisitor.MethodInfo"}, "initData": {"memberReferences": {"py/set": ["cateId", "cate", "noteManager"]}, "methodName": "initData", "methodReferences": {"py/set": []}, "py/object": "JavaParserVisitor.MethodInfo"}, "initListener": {"memberReferences": {"py/set": ["deleteImg"]}, "methodName": "initListener", "methodReferences": {"py/set": []}, "py/object": "JavaParserVisitor.MethodInfo"}, "initView": {"memberReferences": {"py/set": ["et_cate_edit", "mTitle", "deleteImg", "toolbar"]}, "methodName": "initView", "methodReferences": {"py/set": []}, "py/object": "JavaParserVisitor.MethodInfo"}, "onBackPressed": {"memberReferences": {"py/set": []}, "methodName": "onBackPressed", "methodReferences": {"py/set": ["goBack"]}, "py/object": "JavaParserVisitor.MethodInfo"}, "onClick": {"memberReferences": {"py/set": []}, "methodName": "onClick", "methodReferences": {"py/set": ["goToCateManager"]}, "py/object": "JavaParserVisitor.MethodInfo"}, "onCreateOptionsMenu": {"memberReferences": {"py/set": []}, "methodName": "onCreateOptionsMenu", "methodReferences": {"py/set": []}, "py/object": "JavaParserVisitor.MethodInfo"}, "onOptionsItemSelected": {"memberReferences": {"py/set": []}, "methodName": "onOptionsItemSelected", "methodReferences": {"py/set": ["showDeleteCateAndNoteDialog", "goBack"]}, "py/object": "JavaParserVisitor.MethodInfo"}, "onTextChanged": {"memberReferences": {"py/set": []}, "methodName": "onTextChanged", "methodReferences": {"py/set": []}, "py/object": "JavaParserVisitor.MethodInfo"}, "setLayoutResId": {"memberReferences": {"py/set": []}, "methodName": "setLayoutResId", "methodReferences": {"py/set": []}, "py/object": "JavaParserVisitor.MethodInfo"}, "showDeleteCateAndNoteDialog": {"memberReferences": {"py/set": []}, "methodName": "showDeleteCateAndNoteDialog", "methodReferences": {"py/set": []}, "py/object": "JavaParserVisitor.MethodInfo"}, "showDeleteDialog": {"memberReferences": {"py/set": []}, "methodName": "showDeleteDialog", "methodReferences": {"py/set": []}, "py/object": "JavaParserVisitor.MethodInfo"}}, "possibleFather": "BaseActivity", "py/object": "JavaParserVisitor.ClassInfo", "span": 159}, "CategoryItemAdapter": {"className": "CategoryItemAdapter", "members": {"py/set": ["list", "mContext"]}, "methods": {"CategoryItemAdapter": {"memberReferences": {"py/set": ["list", "mContext"]}, "methodName": "CategoryItemAdapter", "methodReferences": {"py/set": []}, "py/object": "JavaParserVisitor.MethodInfo"}, "getItemCount": {"memberReferences": {"py/set": []}, "methodName": "getItemCount", "methodReferences": {"py/set": []}, "py/object": "JavaParserVisitor.MethodInfo"}, "onBindViewHolder": {"memberReferences": {"py/set": ["mContext"]}, "methodName": "onBindViewHolder", "methodReferences": {"py/set": []}, "py/object": "JavaParserVisitor.MethodInfo"}, "onCreateViewHolder": {"memberReferences": {"py/set": []}, "methodName": "onCreateViewHolder", "methodReferences": {"py/set": []}, "py/object": "JavaParserVisitor.MethodInfo"}, "onMove": {"memberReferences": {"py/set": []}, "methodName": "onMove", "methodReferences": {"py/set": []}, "py/object": "JavaParserVisitor.MethodInfo"}, "onSwiped": {"memberReferences": {"py/set": []}, "methodName": "onSwiped", "methodReferences": {"py/set": []}, "py/object": "JavaParserVisitor.MethodInfo"}, "updateList": {"memberReferences": {"py/set": ["list"]}, "methodName": "updateList", "methodReferences": {"py/set": []}, "py/object": "JavaParserVisitor.MethodInfo"}}, "possibleFather": "RecyclerView.Adapter<CategoryItemAdapter.ViewHolder>", "py/object": "JavaParserVisitor.ClassInfo", "span": 66}, "CategoryManagerActivity": {"className": "CategoryManagerActivity", "members": {"py/set": ["recyclerView", "mToolbar", "mTitle", "adapter", "categoryList", "noteManager"]}, "methods": {"goBack": {"memberReferences": {"py/set": []}, "methodName": "goBack", "methodReferences": {"py/set": []}, "py/object": "JavaParserVisitor.MethodInfo"}, "initData": {"memberReferences": {"py/set": ["adapter", "categoryList", "noteManager"]}, "methodName": "initData", "methodReferences": {"py/set": []}, "py/object": "JavaParserVisitor.MethodInfo"}, "initListener": {"memberReferences": {"py/set": ["recyclerView", "adapter"]}, "methodName": "initListener", "methodReferences": {"py/set": []}, "py/object": "JavaParserVisitor.MethodInfo"}, "initView": {"memberReferences": {"py/set": ["recyclerView", "mToolbar", "mTitle"]}, "methodName": "initView", "methodReferences": {"py/set": []}, "py/object": "JavaParserVisitor.MethodInfo"}, "onBackPressed": {"memberReferences": {"py/set": []}, "methodName": "onBackPressed", "methodReferences": {"py/set": ["goBack"]}, "py/object": "JavaParserVisitor.MethodInfo"}, "onCreateOptionsMenu": {"memberReferences": {"py/set": []}, "methodName": "onCreateOptionsMenu", "methodReferences": {"py/set": []}, "py/object": "JavaParserVisitor.MethodInfo"}, "onItemClick": {"memberReferences": {"py/set": ["categoryList"]}, "methodName": "onItemClick", "methodReferences": {"py/set": []}, "py/object": "JavaParserVisitor.MethodInfo"}, "onLongClick": {"memberReferences": {"py/set": []}, "methodName": "onLongClick", "methodReferences": {"py/set": []}, "py/object": "JavaParserVisitor.MethodInfo"}, "onOptionsItemSelected": {"memberReferences": {"py/set": ["recyclerView"]}, "methodName": "onOptionsItemSelected", "methodReferences": {"py/set": ["goBack"]}, "py/object": "JavaParserVisitor.MethodInfo"}, "onPause": {"memberReferences": {"py/set": []}, "methodName": "onPause", "methodReferences": {"py/set": ["saveCatePos"]}, "py/object": "JavaParserVisitor.MethodInfo"}, "onResume": {"memberReferences": {"py/set": ["categoryList"]}, "methodName": "onResume", "methodReferences": {"py/set": []}, "py/object": "JavaParserVisitor.MethodInfo"}, "saveCatePos": {"memberReferences": {"py/set": []}, "methodName": "saveCatePos", "methodReferences": {"py/set": []}, "py/object": "JavaParserVisitor.MethodInfo"}, "setLayoutResId": {"memberReferences": {"py/set": []}, "methodName": "setLayoutResId", "methodReferences": {"py/set": []}, "py/object": "JavaParserVisitor.MethodInfo"}}, "possibleFather": "BaseActivity", "py/object": "JavaParserVisitor.ClassInfo", "span": 124}, "CommonAdapter": {"className": "CommonAdapter", "members": {"py/set": ["mContext", "mInflater", "mDatas", "mLayoutId"]}, "methods": {"CommonAdapter": {"memberReferences": {"py/set": ["mContext", "mDatas", "mLayoutId", "mInflater"]}, "methodName": "CommonAdapter", "methodReferences": {"py/set": []}, "py/object": "JavaParserVisitor.MethodInfo"}, "appendData": {"memberReferences": {"py/set": []}, "methodName": "appendData", "methodReferences": {"py/set": []}, "py/object": "JavaParserVisitor.MethodInfo"}, "convert": {"memberReferences": {"py/set": []}, "methodName": "convert", "methodReferences": {"py/set": []}, "py/object": "JavaParserVisitor.MethodInfo"}, "getItemViewLayoutId": {"memberReferences": {"py/set": []}, "methodName": "getItemViewLayoutId", "methodReferences": {"py/set": []}, "py/object": "JavaParserVisitor.MethodInfo"}, "isForViewType": {"memberReferences": {"py/set": []}, "methodName": "isForViewType", "methodReferences": {"py/set": []}, "py/object": "JavaParserVisitor.MethodInfo"}, "updateData": {"memberReferences": {"py/set": []}, "methodName": "updateData", "methodReferences": {"py/set": ["appendData"]}, "py/object": "JavaParserVisitor.MethodInfo"}}, "possibleFather": "MultiItemTypeAdapter<T>", "py/object": "JavaParserVisitor.ClassInfo", "span": 51}, "Constants": {"className": "Constants", "members": {"py/set": ["NoteProfile"]}, "methods": {}, "possibleFather": "", "py/object": "JavaParserVisitor.ClassInfo", "span": 3}, "EmptyWrapper": {"className": "EmptyWrapper", "members": {"py/set": ["mEmptyView", "ITEM_TYPE_EMPTY", "mEmptyLayoutId", "mInnerAdapter"]}, "methods": {"EmptyWrapper": {"memberReferences": {"py/set": ["mInnerAdapter"]}, "methodName": "EmptyWrapper", "methodReferences": {"py/set": []}, "py/object": "JavaParserVisitor.MethodInfo"}, "getItemCount": {"memberReferences": {"py/set": ["mEmptyView", "mEmptyLayoutId"]}, "methodName": "getItemCount", "methodReferences": {"py/set": ["isEmpty"]}, "py/object": "JavaParserVisitor.MethodInfo"}, "getItemViewType": {"memberReferences": {"py/set": ["mEmptyView", "ITEM_TYPE_EMPTY", "mEmptyLayoutId"]}, "methodName": "getItemViewType", "methodReferences": {"py/set": ["isEmpty"]}, "py/object": "JavaParserVisitor.MethodInfo"}, "getSpanSize": {"memberReferences": {"py/set": ["mEmptyView", "mEmptyLayoutId"]}, "methodName": "getSpanSize", "methodReferences": {"py/set": ["isEmpty"]}, "py/object": "JavaParserVisitor.MethodInfo"}, "isEmpty": {"memberReferences": {"py/set": ["mEmptyView", "mEmptyLayoutId"]}, "methodName": "isEmpty", "methodReferences": {"py/set": []}, "py/object": "JavaParserVisitor.MethodInfo"}, "onAttachedToRecyclerView": {"memberReferences": {"py/set": ["mInnerAdapter"]}, "methodName": "onAttachedToRecyclerView", "methodReferences": {"py/set": ["onAttachedToRecyclerView"]}, "py/object": "JavaParserVisitor.MethodInfo"}, "onBindViewHolder": {"memberReferences": {"py/set": ["mEmptyView", "mEmptyLayoutId"]}, "methodName": "onBindViewHolder", "methodReferences": {"py/set": ["isEmpty"]}, "py/object": "JavaParserVisitor.MethodInfo"}, "onCreateViewHolder": {"memberReferences": {"py/set": ["mEmptyView", "mEmptyLayoutId"]}, "methodName": "onCreateViewHolder", "methodReferences": {"py/set": ["isEmpty"]}, "py/object": "JavaParserVisitor.MethodInfo"}, "onViewAttachedToWindow": {"memberReferences": {"py/set": ["mEmptyView", "mEmptyLayoutId"]}, "methodName": "onViewAttachedToWindow", "methodReferences": {"py/set": ["isEmpty"]}, "py/object": "JavaParserVisitor.MethodInfo"}, "setEmptyView": {"memberReferences": {"py/set": ["mEmptyLayoutId"]}, "methodName": "setEmptyView", "methodReferences": {"py/set": []}, "py/object": "JavaParserVisitor.MethodInfo"}}, "possibleFather": "RecyclerView.Adapter<RecyclerView.ViewHolder>", "py/object": "JavaParserVisitor.ClassInfo", "span": 107}, "ExampleInstrumentedTest": {"className": "ExampleInstrumentedTest", "members": {"py/set": []}, "methods": {"useAppContext": {"memberReferences": {"py/set": []}, "methodName": "useAppContext", "methodReferences": {"py/set": []}, "py/object": "JavaParserVisitor.MethodInfo"}}, "possibleFather": "", "py/object": "JavaParserVisitor.ClassInfo", "span": 6}, "ExampleUnitTest": {"className": "ExampleUnitTest", "members": {"py/set": []}, "methods": {"addition_isCorrect": {"memberReferences": {"py/set": []}, "methodName": "addition_isCorrect", "methodReferences": {"py/set": []}, "py/object": "JavaParserVisitor.MethodInfo"}}, "possibleFather": "", "py/object": "JavaParserVisitor.ClassInfo", "span": 5}, "GetNoteModelImpl": {"className": "GetNoteModelImpl", "members": {"py/set": ["noteManager", "mPresenter"]}, "methods": {"GetNoteModelImpl": {"memberReferences": {"py/set": ["mPresenter"]}, "methodName": "GetNoteModelImpl", "methodReferences": {"py/set": []}, "py/object": "JavaParserVisitor.MethodInfo"}, "getCategory": {"memberReferences": {"py/set": ["noteManager"]}, "methodName": "getCategory", "methodReferences": {"py/set": []}, "py/object": "JavaParserVisitor.MethodInfo"}, "getNote": {"memberReferences": {"py/set": ["noteManager"]}, "methodName": "getNote", "methodReferences": {"py/set": []}, "py/object": "JavaParserVisitor.MethodInfo"}}, "possibleFather": "", "py/object": "JavaParserVisitor.ClassInfo", "span": 34}, "GetNotePresenterImpl": {"className": "GetNotePresenterImpl", "members": {"py/set": ["mModel", "mView"]}, "methods": {"GetNotePresenterImpl": {"memberReferences": {"py/set": ["mModel", "mView"]}, "methodName": "GetNotePresenterImpl", "methodReferences": {"py/set": []}, "py/object": "JavaParserVisitor.MethodInfo"}, "getCategory": {"memberReferences": {"py/set": []}, "methodName": "getCategory", "methodReferences": {"py/set": []}, "py/object": "JavaParserVisitor.MethodInfo"}, "getCategorySuccess": {"memberReferences": {"py/set": []}, "methodName": "getCategorySuccess", "methodReferences": {"py/set": []}, "py/object": "JavaParserVisitor.MethodInfo"}, "getError": {"memberReferences": {"py/set": []}, "methodName": "getError", "methodReferences": {"py/set": []}, "py/object": "JavaParserVisitor.MethodInfo"}, "getNote": {"memberReferences": {"py/set": []}, "methodName": "getNote", "methodReferences": {"py/set": []}, "py/object": "JavaParserVisitor.MethodInfo"}, "getNoteSuccess": {"memberReferences": {"py/set": []}, "methodName": "getNoteSuccess", "methodReferences": {"py/set": []}, "py/object": "JavaParserVisitor.MethodInfo"}}, "possibleFather": "", "py/object": "JavaParserVisitor.ClassInfo", "span": 30}, "HeaderAndFooterWrapper": {"className": "HeaderAndFooterWrapper", "members": {"py/set": ["BASE_ITEM_TYPE_HEADER", "mFootViews", "mInnerAdapter", "BASE_ITEM_TYPE_FOOTER", "mHeaderViews"]}, "methods": {"HeaderAndFooterWrapper": {"memberReferences": {"py/set": ["mInnerAdapter"]}, "methodName": "HeaderAndFooterWrapper", "methodReferences": {"py/set": []}, "py/object": "JavaParserVisitor.MethodInfo"}, "addFootView": {"memberReferences": {"py/set": ["mFootViews", "BASE_ITEM_TYPE_FOOTER"]}, "methodName": "addFootView", "methodReferences": {"py/set": []}, "py/object": "JavaParserVisitor.MethodInfo"}, "addHeaderView": {"memberReferences": {"py/set": ["mHeaderViews", "BASE_ITEM_TYPE_HEADER"]}, "methodName": "addHeaderView", "methodReferences": {"py/set": []}, "py/object": "JavaParserVisitor.MethodInfo"}, "getFootersCount": {"memberReferences": {"py/set": []}, "methodName": "getFootersCount", "methodReferences": {"py/set": []}, "py/object": "JavaParserVisitor.MethodInfo"}, "getHeadersCount": {"memberReferences": {"py/set": []}, "methodName": "getHeadersCount", "methodReferences": {"py/set": []}, "py/object": "JavaParserVisitor.MethodInfo"}, "getItemCount": {"memberReferences": {"py/set": []}, "methodName": "getItemCount", "methodReferences": {"py/set": ["getRealItemCount", "getFootersCount", "getHeadersCount"]}, "py/object": "JavaParserVisitor.MethodInfo"}, "getItemViewType": {"memberReferences": {"py/set": []}, "methodName": "getItemViewType", "methodReferences": {"py/set": ["isHeaderViewPos", "isFooterViewPos"]}, "py/object": "JavaParserVisitor.MethodInfo"}, "getRealItemCount": {"memberReferences": {"py/set": []}, "methodName": "getRealItemCount", "methodReferences": {"py/set": []}, "py/object": "JavaParserVisitor.MethodInfo"}, "getSpanSize": {"memberReferences": {"py/set": []}, "methodName": "getSpanSize", "methodReferences": {"py/set": ["getItemViewType"]}, "py/object": "JavaParserVisitor.MethodInfo"}, "isFooterViewPos": {"memberReferences": {"py/set": []}, "methodName": "isFooterViewPos", "methodReferences": {"py/set": ["getRealItemCount", "getHeadersCount"]}, "py/object": "JavaParserVisitor.MethodInfo"}, "isHeaderViewPos": {"memberReferences": {"py/set": []}, "methodName": "isHeaderViewPos", "methodReferences": {"py/set": ["getHeadersCount"]}, "py/object": "JavaParserVisitor.MethodInfo"}, "onAttachedToRecyclerView": {"memberReferences": {"py/set": ["mInnerAdapter"]}, "methodName": "onAttachedToRecyclerView", "methodReferences": {"py/set": ["onAttachedToRecyclerView"]}, "py/object": "JavaParserVisitor.MethodInfo"}, "onBindViewHolder": {"memberReferences": {"py/set": []}, "methodName": "onBindViewHolder", "methodReferences": {"py/set": ["isHeaderViewPos", "isFooterViewPos"]}, "py/object": "JavaParserVisitor.MethodInfo"}, "onCreateViewHolder": {"memberReferences": {"py/set": []}, "methodName": "onCreateViewHolder", "methodReferences": {"py/set": []}, "py/object": "JavaParserVisitor.MethodInfo"}, "onViewAttachedToWindow": {"memberReferences": {"py/set": []}, "methodName": "onViewAttachedToWindow", "methodReferences": {"py/set": ["isHeaderViewPos", "isFooterViewPos"]}, "py/object": "JavaParserVisitor.MethodInfo"}}, "possibleFather": "RecyclerView.Adapter<RecyclerView.ViewHolder>", "py/object": "JavaParserVisitor.ClassInfo", "span": 132}, "ItemTouchHelperGestureListener": {"className": "ItemTouchHelperGestureListener", "members": {"py/set": []}, "methods": {"onLongPress": {"memberReferences": {"py/set": []}, "methodName": "onLongPress", "methodReferences": {"py/set": []}, "py/object": "JavaParserVisitor.MethodInfo"}, "onSingleTapUp": {"memberReferences": {"py/set": []}, "methodName": "onSingleTapUp", "methodReferences": {"py/set": []}, "py/object": "JavaParserVisitor.MethodInfo"}}, "possibleFather": "GestureDetector.SimpleOnGestureListener", "py/object": "JavaParserVisitor.ClassInfo", "span": 17}, "ItemViewDelegateManager": {"className": "ItemViewDelegateManager", "members": {"py/set": ["delegates"]}, "methods": {"addDelegate": {"memberReferences": {"py/set": []}, "methodName": "addDelegate", "methodReferences": {"py/set": []}, "py/object": "JavaParserVisitor.MethodInfo"}, "convert": {"memberReferences": {"py/set": []}, "methodName": "convert", "methodReferences": {"py/set": []}, "py/object": "JavaParserVisitor.MethodInfo"}, "getItemViewDelegate": {"memberReferences": {"py/set": []}, "methodName": "getItemViewDelegate", "methodReferences": {"py/set": []}, "py/object": "JavaParserVisitor.MethodInfo"}, "getItemViewDelegateCount": {"memberReferences": {"py/set": []}, "methodName": "getItemViewDelegateCount", "methodReferences": {"py/set": []}, "py/object": "JavaParserVisitor.MethodInfo"}, "getItemViewLayoutId": {"memberReferences": {"py/set": []}, "methodName": "getItemViewLayoutId", "methodReferences": {"py/set": ["getItemViewLayoutId", "getItemViewDelegate"]}, "py/object": "JavaParserVisitor.MethodInfo"}, "getItemViewType": {"memberReferences": {"py/set": []}, "methodName": "getItemViewType", "methodReferences": {"py/set": []}, "py/object": "JavaParserVisitor.MethodInfo"}, "removeDelegate": {"memberReferences": {"py/set": []}, "methodName": "removeDelegate", "methodReferences": {"py/set": []}, "py/object": "JavaParserVisitor.MethodInfo"}}, "possibleFather": "", "py/object": "JavaParserVisitor.ClassInfo", "span": 105}, "LoadMoreWrapper": {"className": "LoadMoreWrapper", "members": {"py/set": ["mInnerAdapter", "mLoadMoreView", "mLoadMoreLayoutId", "ITEM_TYPE_LOAD_MORE", "mOnLoadMoreListener"]}, "methods": {"LoadMoreWrapper": {"memberReferences": {"py/set": ["mInnerAdapter"]}, "methodName": "LoadMoreWrapper", "methodReferences": {"py/set": []}, "py/object": "JavaParserVisitor.MethodInfo"}, "getItemCount": {"memberReferences": {"py/set": ["mLoadMoreView", "mLoadMoreLayoutId"]}, "methodName": "getItemCount", "methodReferences": {"py/set": ["hasLoadMore"]}, "py/object": "JavaParserVisitor.MethodInfo"}, "getItemViewType": {"memberReferences": {"py/set": ["ITEM_TYPE_LOAD_MORE", "mLoadMoreView", "mLoadMoreLayoutId"]}, "methodName": "getItemViewType", "methodReferences": {"py/set": ["isShowLoadMore"]}, "py/object": "JavaParserVisitor.MethodInfo"}, "getSpanSize": {"memberReferences": {"py/set": ["mLoadMoreView", "mLoadMoreLayoutId"]}, "methodName": "getSpanSize", "methodReferences": {"py/set": ["isShowLoadMore"]}, "py/object": "JavaParserVisitor.MethodInfo"}, "hasLoadMore": {"memberReferences": {"py/set": ["mLoadMoreView", "mLoadMoreLayoutId"]}, "methodName": "hasLoadMore", "methodReferences": {"py/set": []}, "py/object": "JavaParserVisitor.MethodInfo"}, "isShowLoadMore": {"memberReferences": {"py/set": ["mLoadMoreView", "mLoadMoreLayoutId"]}, "methodName": "isShowLoadMore", "methodReferences": {"py/set": ["hasLoadMore"]}, "py/object": "JavaParserVisitor.MethodInfo"}, "onAttachedToRecyclerView": {"memberReferences": {"py/set": ["mInnerAdapter"]}, "methodName": "onAttachedToRecyclerView", "methodReferences": {"py/set": ["onAttachedToRecyclerView"]}, "py/object": "JavaParserVisitor.MethodInfo"}, "onBindViewHolder": {"memberReferences": {"py/set": ["mLoadMoreView", "mLoadMoreLayoutId", "mOnLoadMoreListener"]}, "methodName": "onBindViewHolder", "methodReferences": {"py/set": ["isShowLoadMore"]}, "py/object": "JavaParserVisitor.MethodInfo"}, "onCreateViewHolder": {"memberReferences": {"py/set": ["mLoadMoreView", "mLoadMoreLayoutId", "ITEM_TYPE_LOAD_MORE"]}, "methodName": "onCreateViewHolder", "methodReferences": {"py/set": []}, "py/object": "JavaParserVisitor.MethodInfo"}, "onLoadMoreRequested": {"memberReferences": {"py/set": []}, "methodName": "onLoadMoreRequested", "methodReferences": {"py/set": []}, "py/object": "JavaParserVisitor.MethodInfo"}, "onViewAttachedToWindow": {"memberReferences": {"py/set": ["mLoadMoreView", "mLoadMoreLayoutId"]}, "methodName": "onViewAttachedToWindow", "methodReferences": {"py/set": ["isShowLoadMore", "setFullSpan"]}, "py/object": "JavaParserVisitor.MethodInfo"}, "setFullSpan": {"memberReferences": {"py/set": []}, "methodName": "setFullSpan", "methodReferences": {"py/set": []}, "py/object": "JavaParserVisitor.MethodInfo"}, "setLoadMoreView": {"memberReferences": {"py/set": ["mLoadMoreLayoutId"]}, "methodName": "setLoadMoreView", "methodReferences": {"py/set": []}, "py/object": "JavaParserVisitor.MethodInfo"}, "setOnLoadMoreListener": {"memberReferences": {"py/set": ["mOnLoadMoreListener"]}, "methodName": "setOnLoadMoreListener", "methodReferences": {"py/set": []}, "py/object": "JavaParserVisitor.MethodInfo"}}, "possibleFather": "RecyclerView.Adapter<RecyclerView.ViewHolder>", "py/object": "JavaParserVisitor.ClassInfo", "span": 144}, "Logger": {"className": "Logger", "members": {"py/set": []}, "methods": {"i": {"memberReferences": {"py/set": []}, "methodName": "i", "methodReferences": {"py/set": []}, "py/object": "JavaParserVisitor.MethodInfo"}}, "possibleFather": "", "py/object": "JavaParserVisitor.ClassInfo", "span": 2}, "MultiItemTypeAdapter": {"className": "MultiItemTypeAdapter", "members": {"py/set": ["mOnItemClickListener", "mContext", "mItemViewDelegateManager", "mDatas"]}, "methods": {"MultiItemTypeAdapter": {"memberReferences": {"py/set": ["mItemViewDelegateManager", "mDatas", "mContext"]}, "methodName": "MultiItemTypeAdapter", "methodReferences": {"py/set": []}, "py/object": "JavaParserVisitor.MethodInfo"}, "addItemViewDelegate": {"memberReferences": {"py/set": []}, "methodName": "addItemViewDelegate", "methodReferences": {"py/set": []}, "py/object": "JavaParserVisitor.MethodInfo"}, "convert": {"memberReferences": {"py/set": ["mItemViewDelegateManager"]}, "methodName": "convert", "methodReferences": {"py/set": ["convert"]}, "py/object": "JavaParserVisitor.MethodInfo"}, "getDatas": {"memberReferences": {"py/set": ["mDatas"]}, "methodName": "getDatas", "methodReferences": {"py/set": []}, "py/object": "JavaParserVisitor.MethodInfo"}, "getItemCount": {"memberReferences": {"py/set": []}, "methodName": "getItemCount", "methodReferences": {"py/set": []}, "py/object": "JavaParserVisitor.MethodInfo"}, "getItemViewType": {"memberReferences": {"py/set": ["mItemViewDelegateManager"]}, "methodName": "getItemViewType", "methodReferences": {"py/set": ["useItemViewDelegateManager", "getItemViewType"]}, "py/object": "JavaParserVisitor.MethodInfo"}, "isEnabled": {"memberReferences": {"py/set": []}, "methodName": "isEnabled", "methodReferences": {"py/set": []}, "py/object": "JavaParserVisitor.MethodInfo"}, "onBindViewHolder": {"memberReferences": {"py/set": ["mItemViewDelegateManager"]}, "methodName": "onBindViewHolder", "methodReferences": {"py/set": ["convert"]}, "py/object": "JavaParserVisitor.MethodInfo"}, "onClick": {"memberReferences": {"py/set": ["mOnItemClickListener"]}, "methodName": "onClick", "methodReferences": {"py/set": []}, "py/object": "JavaParserVisitor.MethodInfo"}, "onCreateViewHolder": {"memberReferences": {"py/set": []}, "methodName": "onCreateViewHolder", "methodReferences": {"py/set": ["setListener", "onViewHolderCreated"]}, "py/object": "JavaParserVisitor.MethodInfo"}, "onItemClick": {"memberReferences": {"py/set": []}, "methodName": "onItemClick", "methodReferences": {"py/set": []}, "py/object": "JavaParserVisitor.MethodInfo"}, "onItemLongClick": {"memberReferences": {"py/set": []}, "methodName": "onItemLongClick", "methodReferences": {"py/set": []}, "py/object": "JavaParserVisitor.MethodInfo"}, "onLongClick": {"memberReferences": {"py/set": ["mOnItemClickListener"]}, "methodName": "onLongClick", "methodReferences": {"py/set": []}, "py/object": "JavaParserVisitor.MethodInfo"}, "onViewHolderCreated": {"memberReferences": {"py/set": []}, "methodName": "onViewHolderCreated", "methodReferences": {"py/set": []}, "py/object": "JavaParserVisitor.MethodInfo"}, "setListener": {"memberReferences": {"py/set": []}, "methodName": "setListener", "methodReferences": {"py/set": ["isEnabled"]}, "py/object": "JavaParserVisitor.MethodInfo"}, "setOnItemClickListener": {"memberReferences": {"py/set": ["mOnItemClickListener"]}, "methodName": "setOnItemClickListener", "methodReferences": {"py/set": []}, "py/object": "JavaParserVisitor.MethodInfo"}, "useItemViewDelegateManager": {"memberReferences": {"py/set": []}, "methodName": "useItemViewDelegateManager", "methodReferences": {"py/set": []}, "py/object": "JavaParserVisitor.MethodInfo"}}, "possibleFather": "RecyclerView.Adapter<ViewHolder>", "py/object": "JavaParserVisitor.ClassInfo", "span": 105}, "MyRvItemTouchCallback": {"className": "MyRvItemTouchCallback", "members": {"py/set": ["adapter", "mDragcolor", "mBackgroundColor"]}, "methods": {"MyRvItemTouchCallback": {"memberReferences": {"py/set": ["adapter"]}, "methodName": "MyRvItemTouchCallback", "methodReferences": {"py/set": []}, "py/object": "JavaParserVisitor.MethodInfo"}, "clearView": {"memberReferences": {"py/set": ["mBackgroundColor"]}, "methodName": "clearView", "methodReferences": {"py/set": ["setBackgroundColor"]}, "py/object": "JavaParserVisitor.MethodInfo"}, "getMovementFlags": {"memberReferences": {"py/set": []}, "methodName": "getMovementFlags", "methodReferences": {"py/set": []}, "py/object": "JavaParserVisitor.MethodInfo"}, "onChildDraw": {"memberReferences": {"py/set": []}, "methodName": "onChildDraw", "methodReferences": {"py/set": []}, "py/object": "JavaParserVisitor.MethodInfo"}, "onMove": {"memberReferences": {"py/set": []}, "methodName": "onMove", "methodReferences": {"py/set": []}, "py/object": "JavaParserVisitor.MethodInfo"}, "onSelectedChanged": {"memberReferences": {"py/set": ["mDragcolor", "mBackgroundColor"]}, "methodName": "onSelectedChanged", "methodReferences": {"py/set": ["setBackgroundColor"]}, "py/object": "JavaParserVisitor.MethodInfo"}, "onSwiped": {"memberReferences": {"py/set": []}, "methodName": "onSwiped", "methodReferences": {"py/set": []}, "py/object": "JavaParserVisitor.MethodInfo"}, "setBackgroundColor": {"memberReferences": {"py/set": ["mBackgroundColor"]}, "methodName": "setBackgroundColor", "methodReferences": {"py/set": []}, "py/object": "JavaParserVisitor.MethodInfo"}, "setDragcolor": {"memberReferences": {"py/set": ["mDragcolor"]}, "methodName": "setDragcolor", "methodReferences": {"py/set": []}, "py/object": "JavaParserVisitor.MethodInfo"}}, "possibleFather": "ItemTouchHelper.Callback", "py/object": "JavaParserVisitor.ClassInfo", "span": 75}, "Note": {"className": "Note", "members": {"py/set": ["content", "lastTime", "id", "category", "isFlag", "firstTime"]}, "methods": {"compareTo": {"memberReferences": {"py/set": ["lastTime"]}, "methodName": "compareTo", "methodReferences": {"py/set": ["getLastTime"]}, "py/object": "JavaParserVisitor.MethodInfo"}, "getFirstTime": {"memberReferences": {"py/set": ["firstTime"]}, "methodName": "getFirstTime", "methodReferences": {"py/set": []}, "py/object": "JavaParserVisitor.MethodInfo"}, "getLastTime": {"memberReferences": {"py/set": ["lastTime"]}, "methodName": "getLastTime", "methodReferences": {"py/set": []}, "py/object": "JavaParserVisitor.MethodInfo"}, "isFlag": {"memberReferences": {"py/set": ["isFlag"]}, "methodName": "isFlag", "methodReferences": {"py/set": []}, "py/object": "JavaParserVisitor.MethodInfo"}, "setFirstTime": {"memberReferences": {"py/set": ["firstTime"]}, "methodName": "setFirstTime", "methodReferences": {"py/set": []}, "py/object": "JavaParserVisitor.MethodInfo"}, "setFlag": {"memberReferences": {"py/set": ["isFlag"]}, "methodName": "setFlag", "methodReferences": {"py/set": []}, "py/object": "JavaParserVisitor.MethodInfo"}, "setLastTime": {"memberReferences": {"py/set": ["lastTime"]}, "methodName": "setLastTime", "methodReferences": {"py/set": []}, "py/object": "JavaParserVisitor.MethodInfo"}}, "possibleFather": "", "py/object": "JavaParserVisitor.ClassInfo", "span": 51}, "NoteAdapter": {"className": "NoteAdapter", "members": {"py/set": ["mContext"]}, "methods": {"NoteAdapter": {"memberReferences": {"py/set": ["mContext"]}, "methodName": "NoteAdapter", "methodReferences": {"py/set": []}, "py/object": "JavaParserVisitor.MethodInfo"}, "onBindViewHolder": {"memberReferences": {"py/set": []}, "methodName": "onBindViewHolder", "methodReferences": {"py/set": []}, "py/object": "JavaParserVisitor.MethodInfo"}, "onCreateViewHolder": {"memberReferences": {"py/set": []}, "methodName": "onCreateViewHolder", "methodReferences": {"py/set": []}, "py/object": "JavaParserVisitor.MethodInfo"}}, "possibleFather": "BaseRecyclerViewAdapter<Note>", "py/object": "JavaParserVisitor.ClassInfo", "span": 43}, "NoteAddActivity": {"className": "NoteAddActivity", "members": {"py/set": ["toolbar", "mTitle", "et_addNote", "noteManager"]}, "methods": {"goBack": {"memberReferences": {"py/set": []}, "methodName": "goBack", "methodReferences": {"py/set": ["goToNoteList"]}, "py/object": "JavaParserVisitor.MethodInfo"}, "goToNoteList": {"memberReferences": {"py/set": []}, "methodName": "goToNoteList", "methodReferences": {"py/set": []}, "py/object": "JavaParserVisitor.MethodInfo"}, "initData": {"memberReferences": {"py/set": ["noteManager"]}, "methodName": "initData", "methodReferences": {"py/set": []}, "py/object": "JavaParserVisitor.MethodInfo"}, "initListener": {"memberReferences": {"py/set": []}, "methodName": "initListener", "methodReferences": {"py/set": []}, "py/object": "JavaParserVisitor.MethodInfo"}, "initView": {"memberReferences": {"py/set": ["et_addNote", "mTitle", "toolbar"]}, "methodName": "initView", "methodReferences": {"py/set": []}, "py/object": "JavaParserVisitor.MethodInfo"}, "onBackPressed": {"memberReferences": {"py/set": []}, "methodName": "onBackPressed", "methodReferences": {"py/set": ["goBack"]}, "py/object": "JavaParserVisitor.MethodInfo"}, "onCreateOptionsMenu": {"memberReferences": {"py/set": []}, "methodName": "onCreateOptionsMenu", "methodReferences": {"py/set": []}, "py/object": "JavaParserVisitor.MethodInfo"}, "onOptionsItemSelected": {"memberReferences": {"py/set": []}, "methodName": "onOptionsItemSelected", "methodReferences": {"py/set": ["goBack"]}, "py/object": "JavaParserVisitor.MethodInfo"}, "setLayoutResId": {"memberReferences": {"py/set": []}, "methodName": "setLayoutResId", "methodReferences": {"py/set": []}, "py/object": "JavaParserVisitor.MethodInfo"}}, "possibleFather": "BaseActivity", "py/object": "JavaParserVisitor.ClassInfo", "span": 71}, "NoteApplication": {"className": "NoteApplication", "members": {"py/set": []}, "methods": {"onCreate": {"memberReferences": {"py/set": []}, "methodName": "onCreate", "methodReferences": {"py/set": []}, "py/object": "JavaParserVisitor.MethodInfo"}}, "possibleFather": "Application", "py/object": "JavaParserVisitor.ClassInfo", "span": 3}, "NoteDBHelper": {"className": "NoteDBHelper", "members": {"py/set": ["DB_NAME", "sInstance", "TABLE_NAME", "DB_VERSION", "TABLE_CATEGORY"]}, "methods": {"NoteDBHelper": {"memberReferences": {"py/set": ["DB_NAME", "DB_VERSION"]}, "methodName": "NoteDBHelper", "methodReferences": {"py/set": []}, "py/object": "JavaParserVisitor.MethodInfo"}, "getInstance": {"memberReferences": {"py/set": ["sInstance"]}, "methodName": "getInstance", "methodReferences": {"py/set": []}, "py/object": "JavaParserVisitor.MethodInfo"}, "onCreate": {"memberReferences": {"py/set": ["TABLE_NAME", "TABLE_CATEGORY"]}, "methodName": "onCreate", "methodReferences": {"py/set": []}, "py/object": "JavaParserVisitor.MethodInfo"}, "onUpgrade": {"memberReferences": {"py/set": ["TABLE_NAME", "TABLE_CATEGORY"]}, "methodName": "onUpgrade", "methodReferences": {"py/set": ["onCreate"]}, "py/object": "JavaParserVisitor.MethodInfo"}}, "possibleFather": "SQLiteOpenHelper", "py/object": "JavaParserVisitor.ClassInfo", "span": 36}, "NoteEditActivity": {"className": "NoteEditActivity", "members": {"py/set": ["content", "mTitle", "id", "et_noteEdit", "toolbar", "category", "noteManager"]}, "methods": {"goBack": {"memberReferences": {"py/set": []}, "methodName": "goBack", "methodReferences": {"py/set": ["goToNoteList"]}, "py/object": "JavaParserVisitor.MethodInfo"}, "goToNoteList": {"memberReferences": {"py/set": []}, "methodName": "goToNoteList", "methodReferences": {"py/set": []}, "py/object": "JavaParserVisitor.MethodInfo"}, "initData": {"memberReferences": {"py/set": ["content", "id", "category", "noteManager"]}, "methodName": "initData", "methodReferences": {"py/set": []}, "py/object": "JavaParserVisitor.MethodInfo"}, "initListener": {"memberReferences": {"py/set": []}, "methodName": "initListener", "methodReferences": {"py/set": []}, "py/object": "JavaParserVisitor.MethodInfo"}, "initView": {"memberReferences": {"py/set": ["mTitle", "et_noteEdit", "toolbar"]}, "methodName": "initView", "methodReferences": {"py/set": []}, "py/object": "JavaParserVisitor.MethodInfo"}, "onBackPressed": {"memberReferences": {"py/set": []}, "methodName": "onBackPressed", "methodReferences": {"py/set": ["goBack"]}, "py/object": "JavaParserVisitor.MethodInfo"}, "onCreateOptionsMenu": {"memberReferences": {"py/set": []}, "methodName": "onCreateOptionsMenu", "methodReferences": {"py/set": []}, "py/object": "JavaParserVisitor.MethodInfo"}, "onOptionsItemSelected": {"memberReferences": {"py/set": []}, "methodName": "onOptionsItemSelected", "methodReferences": {"py/set": ["goBack"]}, "py/object": "JavaParserVisitor.MethodInfo"}, "setLayoutResId": {"memberReferences": {"py/set": []}, "methodName": "setLayoutResId", "methodReferences": {"py/set": []}, "py/object": "JavaParserVisitor.MethodInfo"}}, "possibleFather": "BaseActivity", "py/object": "JavaParserVisitor.ClassInfo", "span": 79}, "NoteHolder": {"className": "NoteHolder", "members": {"py/set": ["trashImg", "content", "title", "root", "noteFirstTime"]}, "methods": {"NoteHolder": {"memberReferences": {"py/set": ["trashImg", "content", "title", "root", "noteFirstTime"]}, "methodName": "NoteHolder", "methodReferences": {"py/set": []}, "py/object": "JavaParserVisitor.MethodInfo"}, "bindView": {"memberReferences": {"py/set": ["noteFirstTime", "content", "title"]}, "methodName": "bindView", "methodReferences": {"py/set": []}, "py/object": "JavaParserVisitor.MethodInfo"}}, "possibleFather": "BaseRvViewHolder", "py/object": "JavaParserVisitor.ClassInfo", "span": 19}, "NoteListActivity": {"className": "NoteListActivity", "members": {"py/set": ["mTitle", "currentCate", "drawerLayout", "mPresenter", "iv_search", "mToolbar", "iv_update", "note_add", "cate_adapter", "rv_wrapper", "cate_manager", "mNoteList", "mAdapter", "isDeleteModel", "noteManager", "settings", "toggle", "mCategoryList", "rv_drawer"]}, "methods": {"deleteNote": {"memberReferences": {"py/set": ["isDeleteModel", "noteManager"]}, "methodName": "deleteNote", "methodReferences": {"py/set": []}, "py/object": "JavaParserVisitor.MethodInfo"}, "getCategorySuccess": {"memberReferences": {"py/set": ["mCategoryList"]}, "methodName": "getCategorySuccess", "methodReferences": {"py/set": []}, "py/object": "JavaParserVisitor.MethodInfo"}, "getError": {"memberReferences": {"py/set": []}, "methodName": "getError", "methodReferences": {"py/set": []}, "py/object": "JavaParserVisitor.MethodInfo"}, "getNoteSuccess": {"memberReferences": {"py/set": ["mNoteList", "note_add", "currentCate"]}, "methodName": "getNoteSuccess", "methodReferences": {"py/set": []}, "py/object": "JavaParserVisitor.MethodInfo"}, "hideDrawer": {"memberReferences": {"py/set": ["drawerLayout"]}, "methodName": "hideDrawer", "methodReferences": {"py/set": []}, "py/object": "JavaParserVisitor.MethodInfo"}, "initData": {"memberReferences": {"py/set": ["mPresenter", "mAdapter", "mCategoryList", "cate_adapter", "currentCate", "noteManager"]}, "methodName": "initData", "methodReferences": {"py/set": []}, "py/object": "JavaParserVisitor.MethodInfo"}, "initDrawer": {"memberReferences": {"py/set": ["rv_wrapper", "cate_manager", "drawerLayout", "mToolbar", "settings", "toggle", "rv_drawer", "cate_adapter"]}, "methodName": "initDrawer", "methodReferences": {"py/set": []}, "py/object": "JavaParserVisitor.MethodInfo"}, "initListener": {"memberReferences": {"py/set": ["iv_search", "iv_update", "cate_manager", "settings", "note_add", "cate_adapter"]}, "methodName": "initListener", "methodReferences": {"py/set": []}, "py/object": "JavaParserVisitor.MethodInfo"}, "initView": {"memberReferences": {"py/set": ["rv_wrapper", "cate_manager", "mTitle", "drawerLayout", "iv_search", "mToolbar", "iv_update", "settings", "toggle", "rv_drawer", "note_add", "cate_adapter"]}, "methodName": "initView", "methodReferences": {"py/set": ["initDrawer"]}, "py/object": "JavaParserVisitor.MethodInfo"}, "onClick": {"memberReferences": {"py/set": []}, "methodName": "onClick", "methodReferences": {"py/set": []}, "py/object": "JavaParserVisitor.MethodInfo"}, "onCreateOptionsMenu": {"memberReferences": {"py/set": []}, "methodName": "onCreateOptionsMenu", "methodReferences": {"py/set": []}, "py/object": "JavaParserVisitor.MethodInfo"}, "onDrawerClosed": {"memberReferences": {"py/set": []}, "methodName": "onDrawerClosed", "methodReferences": {"py/set": []}, "py/object": "JavaParserVisitor.MethodInfo"}, "onDrawerOpened": {"memberReferences": {"py/set": []}, "methodName": "onDrawerOpened", "methodReferences": {"py/set": []}, "py/object": "JavaParserVisitor.MethodInfo"}, "onItemClick": {"memberReferences": {"py/set": ["isDeleteModel"]}, "methodName": "onItemClick", "methodReferences": {"py/set": []}, "py/object": "JavaParserVisitor.MethodInfo"}, "onItemLongClick": {"memberReferences": {"py/set": ["isDeleteModel"]}, "methodName": "onItemLongClick", "methodReferences": {"py/set": []}, "py/object": "JavaParserVisitor.MethodInfo"}, "onOptionsItemSelected": {"memberReferences": {"py/set": ["note_add", "isDeleteModel", "noteManager"]}, "methodName": "onOptionsItemSelected", "methodReferences": {"py/set": ["deleteNote"]}, "py/object": "JavaParserVisitor.MethodInfo"}, "onPrepareOptionsMenu": {"memberReferences": {"py/set": ["isDeleteModel"]}, "methodName": "onPrepareOptionsMenu", "methodReferences": {"py/set": []}, "py/object": "JavaParserVisitor.MethodInfo"}, "onResume": {"memberReferences": {"py/set": []}, "methodName": "onResume", "methodReferences": {"py/set": []}, "py/object": "JavaParserVisitor.MethodInfo"}, "setLayoutResId": {"memberReferences": {"py/set": []}, "methodName": "setLayoutResId", "methodReferences": {"py/set": []}, "py/object": "JavaParserVisitor.MethodInfo"}}, "possibleFather": "BaseActivity", "py/object": "JavaParserVisitor.ClassInfo", "span": 260}, "NoteManager": {"className": "NoteManager", "members": {"py/set": ["CATEGORY_COLUMNS", "mContext", "noteDBHelper", "TABLE_COLUMNS", "database"]}, "methods": {"NoteManager": {"memberReferences": {"py/set": ["mContext", "noteDBHelper"]}, "methodName": "NoteManager", "methodReferences": {"py/set": []}, "py/object": "JavaParserVisitor.MethodInfo"}, "clearTable": {"memberReferences": {"py/set": ["noteDBHelper", "database"]}, "methodName": "clearTable", "methodReferences": {"py/set": ["delete"]}, "py/object": "JavaParserVisitor.MethodInfo"}, "delete": {"memberReferences": {"py/set": ["noteDBHelper", "database"]}, "methodName": "delete", "methodReferences": {"py/set": ["delete"]}, "py/object": "JavaParserVisitor.MethodInfo"}, "deleteCategory": {"memberReferences": {"py/set": ["noteDBHelper", "database"]}, "methodName": "deleteCategory", "methodReferences": {"py/set": ["delete"]}, "py/object": "JavaParserVisitor.MethodInfo"}, "initTable": {"memberReferences": {"py/set": ["mContext", "noteDBHelper", "database"]}, "methodName": "initTable", "methodReferences": {"py/set": ["insert"]}, "py/object": "JavaParserVisitor.MethodInfo"}, "insert": {"memberReferences": {"py/set": ["mContext", "noteDBHelper", "database"]}, "methodName": "insert", "methodReferences": {"py/set": []}, "py/object": "JavaParserVisitor.MethodInfo"}, "insertCategory": {"memberReferences": {"py/set": ["mContext", "noteDBHelper", "database"]}, "methodName": "insertCategory", "methodReferences": {"py/set": []}, "py/object": "JavaParserVisitor.MethodInfo"}, "isEmpty": {"memberReferences": {"py/set": ["database"]}, "methodName": "isEmpty", "methodReferences": {"py/set": []}, "py/object": "JavaParserVisitor.MethodInfo"}, "parseCategory": {"memberReferences": {"py/set": []}, "methodName": "parseCategory", "methodReferences": {"py/set": []}, "py/object": "JavaParserVisitor.MethodInfo"}, "parseNote": {"memberReferences": {"py/set": []}, "methodName": "parseNote", "methodReferences": {"py/set": []}, "py/object": "JavaParserVisitor.MethodInfo"}, "select": {"memberReferences": {"py/set": ["noteDBHelper", "TABLE_COLUMNS", "database"]}, "methodName": "select", "methodReferences": {"py/set": ["isEmpty"]}, "py/object": "JavaParserVisitor.MethodInfo"}, "selectAll": {"memberReferences": {"py/set": ["noteDBHelper", "TABLE_COLUMNS", "database"]}, "methodName": "selectAll", "methodReferences": {"py/set": []}, "py/object": "JavaParserVisitor.MethodInfo"}, "selectAllCategory": {"memberReferences": {"py/set": ["CATEGORY_COLUMNS", "noteDBHelper", "database"]}, "methodName": "selectAllCategory", "methodReferences": {"py/set": []}, "py/object": "JavaParserVisitor.MethodInfo"}, "selectAllCategoryBean": {"memberReferences": {"py/set": ["CATEGORY_COLUMNS", "noteDBHelper", "database"]}, "methodName": "selectAllCategoryBean", "methodReferences": {"py/set": []}, "py/object": "JavaParserVisitor.MethodInfo"}, "selectCategory": {"memberReferences": {"py/set": ["noteDBHelper", "TABLE_COLUMNS", "database"]}, "methodName": "selectCategory", "methodReferences": {"py/set": []}, "py/object": "JavaParserVisitor.MethodInfo"}, "update": {"memberReferences": {"py/set": ["noteDBHelper", "database"]}, "methodName": "update", "methodReferences": {"py/set": ["update", "isEmpty"]}, "py/object": "JavaParserVisitor.MethodInfo"}, "updateCategory": {"memberReferences": {"py/set": ["noteDBHelper", "database"]}, "methodName": "updateCategory", "methodReferences": {"py/set": ["update", "isEmpty"]}, "py/object": "JavaParserVisitor.MethodInfo"}}, "possibleFather": "", "py/object": "JavaParserVisitor.ClassInfo", "span": 395}, "OnRvItemTouchListener": {"className": "OnRvItemTouchListener", "members": {"py/set": ["recyclerView", "mGestureDetector"]}, "methods": {"OnRvItemTouchListener": {"memberReferences": {"py/set": ["recyclerView", "mGestureDetector"]}, "methodName": "OnRvItemTouchListener", "methodReferences": {"py/set": []}, "py/object": "JavaParserVisitor.MethodInfo"}, "onInterceptTouchEvent": {"memberReferences": {"py/set": []}, "methodName": "onInterceptTouchEvent", "methodReferences": {"py/set": []}, "py/object": "JavaParserVisitor.MethodInfo"}, "onItemClick": {"memberReferences": {"py/set": []}, "methodName": "onItemClick", "methodReferences": {"py/set": []}, "py/object": "JavaParserVisitor.MethodInfo"}, "onLongClick": {"memberReferences": {"py/set": []}, "methodName": "onLongClick", "methodReferences": {"py/set": []}, "py/object": "JavaParserVisitor.MethodInfo"}, "onRequestDisallowInterceptTouchEvent": {"memberReferences": {"py/set": []}, "methodName": "onRequestDisallowInterceptTouchEvent", "methodReferences": {"py/set": []}, "py/object": "JavaParserVisitor.MethodInfo"}, "onTouchEvent": {"memberReferences": {"py/set": []}, "methodName": "onTouchEvent", "methodReferences": {"py/set": []}, "py/object": "JavaParserVisitor.MethodInfo"}}, "possibleFather": "", "py/object": "JavaParserVisitor.ClassInfo", "span": 45}, "SPUtil": {"className": "SPUtil", "members": {"py/set": ["NAME"]}, "methods": {"deleteAll": {"memberReferences": {"py/set": ["NAME"]}, "methodName": "deleteAll", "methodReferences": {"py/set": []}, "py/object": "JavaParserVisitor.MethodInfo"}, "deleteKey": {"memberReferences": {"py/set": ["NAME"]}, "methodName": "deleteKey", "methodReferences": {"py/set": []}, "py/object": "JavaParserVisitor.MethodInfo"}, "getBoolean": {"memberReferences": {"py/set": ["NAME"]}, "methodName": "getBoolean", "methodReferences": {"py/set": []}, "py/object": "JavaParserVisitor.MethodInfo"}, "getInt": {"memberReferences": {"py/set": ["NAME"]}, "methodName": "getInt", "methodReferences": {"py/set": []}, "py/object": "JavaParserVisitor.MethodInfo"}, "getString": {"memberReferences": {"py/set": ["NAME"]}, "methodName": "getString", "methodReferences": {"py/set": []}, "py/object": "JavaParserVisitor.MethodInfo"}, "putBoolean": {"memberReferences": {"py/set": ["NAME"]}, "methodName": "putBoolean", "methodReferences": {"py/set": ["putBoolean"]}, "py/object": "JavaParserVisitor.MethodInfo"}, "putInt": {"memberReferences": {"py/set": ["NAME"]}, "methodName": "putInt", "methodReferences": {"py/set": ["putInt"]}, "py/object": "JavaParserVisitor.MethodInfo"}, "putString": {"memberReferences": {"py/set": ["NAME"]}, "methodName": "putString", "methodReferences": {"py/set": ["putString"]}, "py/object": "JavaParserVisitor.MethodInfo"}}, "possibleFather": "", "py/object": "JavaParserVisitor.ClassInfo", "span": 32}, "ViewHolder": {"className": "ViewHolder", "members": {"py/set": ["mContext", "mConvertView", "mViews"]}, "methods": {"ViewHolder": {"memberReferences": {"py/set": ["mConvertView", "mContext", "mViews"]}, "methodName": "ViewHolder", "methodReferences": {"py/set": []}, "py/object": "JavaParserVisitor.MethodInfo"}, "createViewHolder": {"memberReferences": {"py/set": []}, "methodName": "createViewHolder", "methodReferences": {"py/set": []}, "py/object": "JavaParserVisitor.MethodInfo"}, "getConvertView": {"memberReferences": {"py/set": ["mConvertView"]}, "methodName": "getConvertView", "methodReferences": {"py/set": []}, "py/object": "JavaParserVisitor.MethodInfo"}, "getView": {"memberReferences": {"py/set": []}, "methodName": "getView", "methodReferences": {"py/set": []}, "py/object": "JavaParserVisitor.MethodInfo"}, "linkify": {"memberReferences": {"py/set": []}, "methodName": "linkify", "methodReferences": {"py/set": ["getView"]}, "py/object": "JavaParserVisitor.MethodInfo"}, "setAlpha": {"memberReferences": {"py/set": []}, "methodName": "setAlpha", "methodReferences": {"py/set": ["setAlpha", "getView"]}, "py/object": "JavaParserVisitor.MethodInfo"}, "setBackgroundColor": {"memberReferences": {"py/set": []}, "methodName": "setBackgroundColor", "methodReferences": {"py/set": ["getView"]}, "py/object": "JavaParserVisitor.MethodInfo"}, "setBackgroundRes": {"memberReferences": {"py/set": []}, "methodName": "setBackgroundRes", "methodReferences": {"py/set": ["getView"]}, "py/object": "JavaParserVisitor.MethodInfo"}, "setChecked": {"memberReferences": {"py/set": []}, "methodName": "setChecked", "methodReferences": {"py/set": ["getView"]}, "py/object": "JavaParserVisitor.MethodInfo"}, "setImageBitmap": {"memberReferences": {"py/set": []}, "methodName": "setImageBitmap", "methodReferences": {"py/set": ["getView"]}, "py/object": "JavaParserVisitor.MethodInfo"}, "setImageDrawable": {"memberReferences": {"py/set": []}, "methodName": "setImageDrawable", "methodReferences": {"py/set": ["getView"]}, "py/object": "JavaParserVisitor.MethodInfo"}, "setImageResource": {"memberReferences": {"py/set": []}, "methodName": "setImageResource", "methodReferences": {"py/set": ["getView"]}, "py/object": "JavaParserVisitor.MethodInfo"}, "setMax": {"memberReferences": {"py/set": []}, "methodName": "setMax", "methodReferences": {"py/set": ["getView"]}, "py/object": "JavaParserVisitor.MethodInfo"}, "setOnClickListener": {"memberReferences": {"py/set": []}, "methodName": "setOnClickListener", "methodReferences": {"py/set": ["getView"]}, "py/object": "JavaParserVisitor.MethodInfo"}, "setOnLongClickListener": {"memberReferences": {"py/set": []}, "methodName": "setOnLongClickListener", "methodReferences": {"py/set": ["getView"]}, "py/object": "JavaParserVisitor.MethodInfo"}, "setOnTouchListener": {"memberReferences": {"py/set": []}, "methodName": "setOnTouchListener", "methodReferences": {"py/set": ["getView"]}, "py/object": "JavaParserVisitor.MethodInfo"}, "setProgress": {"memberReferences": {"py/set": []}, "methodName": "setProgress", "methodReferences": {"py/set": ["getView"]}, "py/object": "JavaParserVisitor.MethodInfo"}, "setRating": {"memberReferences": {"py/set": []}, "methodName": "setRating", "methodReferences": {"py/set": ["getView"]}, "py/object": "JavaParserVisitor.MethodInfo"}, "setTag": {"memberReferences": {"py/set": []}, "methodName": "setTag", "methodReferences": {"py/set": ["getView"]}, "py/object": "JavaParserVisitor.MethodInfo"}, "setText": {"memberReferences": {"py/set": []}, "methodName": "setText", "methodReferences": {"py/set": ["getView"]}, "py/object": "JavaParserVisitor.MethodInfo"}, "setTextColor": {"memberReferences": {"py/set": []}, "methodName": "setTextColor", "methodReferences": {"py/set": ["getView"]}, "py/object": "JavaParserVisitor.MethodInfo"}, "setTextColorRes": {"memberReferences": {"py/set": []}, "methodName": "setTextColorRes", "methodReferences": {"py/set": ["setTextColor", "getView"]}, "py/object": "JavaParserVisitor.MethodInfo"}, "setTypeface": {"memberReferences": {"py/set": []}, "methodName": "setTypeface", "methodReferences": {"py/set": ["getView"]}, "py/object": "JavaParserVisitor.MethodInfo"}, "setVisible": {"memberReferences": {"py/set": []}, "methodName": "setVisible", "methodReferences": {"py/set": ["getView"]}, "py/object": "JavaParserVisitor.MethodInfo"}}, "possibleFather": "RecyclerView.ViewHolder", "py/object": "JavaParserVisitor.ClassInfo", "span": 244}, "WrapperUtils": {"className": "WrapperUtils", "members": {"py/set": []}, "methods": {"getSpanSize": {"memberReferences": {"py/set": []}, "methodName": "getSpanSize", "methodReferences": {"py/set": []}, "py/object": "JavaParserVisitor.MethodInfo"}, "onAttachedToRecyclerView": {"memberReferences": {"py/set": []}, "methodName": "onAttachedToRecyclerView", "methodReferences": {"py/set": []}, "py/object": "JavaParserVisitor.MethodInfo"}, "setFullSpan": {"memberReferences": {"py/set": []}, "methodName": "setFullSpan", "methodReferences": {"py/set": []}, "py/object": "JavaParserVisitor.MethodInfo"}}, "possibleFather": "", "py/object": "JavaParserVisitor.ClassInfo", "span": 39}}