{"id": 111046316, "node_id": "MDEwOlJlcG9zaXRvcnkxMTEwNDYzMTY=", "name": "TensorflowLite", "full_name": "lizhangqu/TensorflowLite", "private": false, "owner": {"login": "lizhangqu", "id": 4568646, "node_id": "MDQ6VXNlcjQ1Njg2NDY=", "avatar_url": "https://avatars.githubusercontent.com/u/4568646?v=4", "gravatar_id": "", "url": "https://api.github.com/users/lizhangqu", "html_url": "https://github.com/lizhangqu", "followers_url": "https://api.github.com/users/lizhangqu/followers", "following_url": "https://api.github.com/users/lizhangqu/following{/other_user}", "gists_url": "https://api.github.com/users/lizhangqu/gists{/gist_id}", "starred_url": "https://api.github.com/users/lizhangqu/starred{/owner}{/repo}", "subscriptions_url": "https://api.github.com/users/lizhangqu/subscriptions", "organizations_url": "https://api.github.com/users/lizhangqu/orgs", "repos_url": "https://api.github.com/users/lizhangqu/repos", "events_url": "https://api.github.com/users/lizhangqu/events{/privacy}", "received_events_url": "https://api.github.com/users/lizhangqu/received_events", "type": "User", "site_admin": false}, "html_url": "https://github.com/lizhangqu/TensorflowLite", "description": "Tensorflow Lite Android Library", "fork": false, "url": "https://api.github.com/repos/lizhangqu/TensorflowLite", "forks_url": "https://api.github.com/repos/lizhangqu/TensorflowLite/forks", "keys_url": "https://api.github.com/repos/lizhangqu/TensorflowLite/keys{/key_id}", "collaborators_url": "https://api.github.com/repos/lizhangqu/TensorflowLite/collaborators{/collaborator}", "teams_url": "https://api.github.com/repos/lizhangqu/TensorflowLite/teams", "hooks_url": "https://api.github.com/repos/lizhangqu/TensorflowLite/hooks", "issue_events_url": "https://api.github.com/repos/lizhangqu/TensorflowLite/issues/events{/number}", "events_url": "https://api.github.com/repos/lizhangqu/TensorflowLite/events", "assignees_url": "https://api.github.com/repos/lizhangqu/TensorflowLite/assignees{/user}", "branches_url": "https://api.github.com/repos/lizhangqu/TensorflowLite/branches{/branch}", "tags_url": "https://api.github.com/repos/lizhangqu/TensorflowLite/tags", "blobs_url": "https://api.github.com/repos/lizhangqu/TensorflowLite/git/blobs{/sha}", "git_tags_url": "https://api.github.com/repos/lizhangqu/TensorflowLite/git/tags{/sha}", "git_refs_url": "https://api.github.com/repos/lizhangqu/TensorflowLite/git/refs{/sha}", "trees_url": "https://api.github.com/repos/lizhangqu/TensorflowLite/git/trees{/sha}", "statuses_url": "https://api.github.com/repos/lizhangqu/TensorflowLite/statuses/{sha}", "languages_url": "https://api.github.com/repos/lizhangqu/TensorflowLite/languages", "stargazers_url": "https://api.github.com/repos/lizhangqu/TensorflowLite/stargazers", "contributors_url": "https://api.github.com/repos/lizhangqu/TensorflowLite/contributors", "subscribers_url": "https://api.github.com/repos/lizhangqu/TensorflowLite/subscribers", "subscription_url": "https://api.github.com/repos/lizhangqu/TensorflowLite/subscription", "commits_url": "https://api.github.com/repos/lizhangqu/TensorflowLite/commits{/sha}", "git_commits_url": "https://api.github.com/repos/lizhangqu/TensorflowLite/git/commits{/sha}", "comments_url": "https://api.github.com/repos/lizhangqu/TensorflowLite/comments{/number}", "issue_comment_url": "https://api.github.com/repos/lizhangqu/TensorflowLite/issues/comments{/number}", "contents_url": "https://api.github.com/repos/lizhangqu/TensorflowLite/contents/{+path}", "compare_url": "https://api.github.com/repos/lizhangqu/TensorflowLite/compare/{base}...{head}", "merges_url": "https://api.github.com/repos/lizhangqu/TensorflowLite/merges", "archive_url": "https://api.github.com/repos/lizhangqu/TensorflowLite/{archive_format}{/ref}", "downloads_url": "https://api.github.com/repos/lizhangqu/TensorflowLite/downloads", "issues_url": "https://api.github.com/repos/lizhangqu/TensorflowLite/issues{/number}", "pulls_url": "https://api.github.com/repos/lizhangqu/TensorflowLite/pulls{/number}", "milestones_url": "https://api.github.com/repos/lizhangqu/TensorflowLite/milestones{/number}", "notifications_url": "https://api.github.com/repos/lizhangqu/TensorflowLite/notifications{?since,all,participating}", "labels_url": "https://api.github.com/repos/lizhangqu/TensorflowLite/labels{/name}", "releases_url": "https://api.github.com/repos/lizhangqu/TensorflowLite/releases{/id}", "deployments_url": "https://api.github.com/repos/lizhangqu/TensorflowLite/deployments", "created_at": "2017-11-17T02:14:40Z", "updated_at": "2022-02-18T16:43:52Z", "pushed_at": "2018-11-06T00:06:38Z", "git_url": "git://github.com/lizhangqu/TensorflowLite.git", "ssh_url": "git@github.com:lizhangqu/TensorflowLite.git", "clone_url": "https://github.com/lizhangqu/TensorflowLite.git", "svn_url": "https://github.com/lizhangqu/TensorflowLite", "homepage": null, "size": 5600, "stargazers_count": 40, "watchers_count": 40, "language": "Java", "has_issues": true, "has_projects": true, "has_downloads": true, "has_wiki": true, "has_pages": false, "forks_count": 16, "mirror_url": null, "archived": false, "disabled": false, "open_issues_count": 1, "license": null, "allow_forking": true, "is_template": false, "topics": ["android", "machine-learning", "tensorflow", "tensorflowlite"], "visibility": "public", "forks": 16, "open_issues": 1, "watchers": 40, "default_branch": "master", "score": 1.0, "__project_size": 18679350, "__java_files_sizes": 58006, "__java_files_loc": 1657, "contributors_url_calculated": 1, "commits_url_calculated": 7}