{"SCOM": {"py/object": "Statistics.InterestingStatistics", "classValues": [{"py/tuple": [0.3333333333333333, 45]}, {"py/tuple": [0.0363121085903344, 636]}, {"py/tuple": [1, 10]}, {"py/tuple": [1, 6]}, {"py/tuple": [0.0, 25]}, {"py/tuple": [0.15779883381924198, 142]}, {"py/tuple": [1.0, 115]}, {"py/tuple": [0.0216991341991342, 242]}, {"py/tuple": [0.06666666666666667, 43]}, {"py/tuple": [0.0, 23]}]}, "LSCC": {"py/object": "Statistics.InterestingStatistics", "classValues": [{"py/tuple": [0.3333333333333333, 45]}, {"py/tuple": [0.015043424317617866, 636]}, {"py/tuple": [1, 10]}, {"py/tuple": [1, 6]}, {"py/tuple": [0.0, 25]}, {"py/tuple": [0.04846938775510204, 142]}, {"py/tuple": [1.0, 115]}, {"py/tuple": [0.008116883116883116, 242]}, {"py/tuple": [0.044444444444444446, 43]}, {"py/tuple": [0.0, 23]}]}, "CC": {"py/object": "Statistics.InterestingStatistics", "classValues": [{"py/tuple": [0.3333333333333333, 45]}, {"py/tuple": [0.05723045715485231, 636]}, {"py/tuple": [1, 10]}, {"py/tuple": [1, 6]}, {"py/tuple": [0.0, 25]}, {"py/tuple": [0.07403628117913832, 142]}, {"py/tuple": [1.0, 115]}, {"py/tuple": [0.014162028447742734, 242]}, {"py/tuple": [0.04444444444444444, 43]}, {"py/tuple": [0.0, 23]}]}, "LCOM5": {"py/object": "Statistics.InterestingStatistics", "classValues": [{"py/tuple": [0.33333333333333337, 45]}, {"py/tuple": [0.8930288461538461, 636]}, {"py/tuple": [0, 10]}, {"py/tuple": [0, 6]}, {"py/tuple": [0.6666666666666667, 25]}, {"py/tuple": [0.7589285714285714, 142]}, {"py/tuple": [0.0, 115]}, {"py/tuple": [0.9090909090909091, 242]}, {"py/tuple": [0.7222222222222222, 43]}, {"py/tuple": [1.0, 23]}]}, "CBAMU": {"py/object": "Statistics.InterestingStatistics", "classValues": [{"py/tuple": [0.3333333333333333, 45]}, {"py/tuple": [0.07011864143920596, 636]}, {"py/tuple": [0.0, 10]}, {"py/tuple": [0.0, 6]}, {"py/tuple": [0.16666666666666666, 25]}, {"py/tuple": [0.15625, 142]}, {"py/tuple": [0.5119047619047619, 115]}, {"py/tuple": [0.0551948051948052, 242]}, {"py/tuple": [0.17222222222222222, 43]}, {"py/tuple": [0.0, 23]}]}}