{"id": 109841714, "node_id": "MDEwOlJlcG9zaXRvcnkxMDk4NDE3MTQ=", "name": "easyShopping", "full_name": "gtf35/easyShopping", "private": false, "owner": {"login": "gtf35", "id": 22125696, "node_id": "MDQ6VXNlcjIyMTI1Njk2", "avatar_url": "https://avatars.githubusercontent.com/u/22125696?v=4", "gravatar_id": "", "url": "https://api.github.com/users/gtf35", "html_url": "https://github.com/gtf35", "followers_url": "https://api.github.com/users/gtf35/followers", "following_url": "https://api.github.com/users/gtf35/following{/other_user}", "gists_url": "https://api.github.com/users/gtf35/gists{/gist_id}", "starred_url": "https://api.github.com/users/gtf35/starred{/owner}{/repo}", "subscriptions_url": "https://api.github.com/users/gtf35/subscriptions", "organizations_url": "https://api.github.com/users/gtf35/orgs", "repos_url": "https://api.github.com/users/gtf35/repos", "events_url": "https://api.github.com/users/gtf35/events{/privacy}", "received_events_url": "https://api.github.com/users/gtf35/received_events", "type": "User", "site_admin": false}, "html_url": "https://github.com/gtf35/easyShopping", "description": "\u4e00\u4e2a\u76f8\u5bf9\u5b8c\u5584\u7684\u7b2c\u4e09\u65b9\u5957\u58f3\u6dd8\u5b9d\u5ba2\u6237\u7aef\ud83c\udf882019/05/37\uff1a\u4e4b\u524d\u662f\u56e0\u4e3a\u521d\u671f\u4ee3\u7801\u5199\u7684\u592a\u70c2\uff0c\u51e0\u6b21\u8bd5\u56fe\u91cd\u6784\u4f46\u56e0\u4e3a\u79cd\u79cd\u539f\u56e0\u6ca1\u6709\u5b8c\u6210\uff0c\u73b0\u56e0\u4e3a\u7248\u6743\u95ee\u9898\u8f6c\u4e3a\u5f52\u6863", "fork": false, "url": "https://api.github.com/repos/gtf35/easyShopping", "forks_url": "https://api.github.com/repos/gtf35/easyShopping/forks", "keys_url": "https://api.github.com/repos/gtf35/easyShopping/keys{/key_id}", "collaborators_url": "https://api.github.com/repos/gtf35/easyShopping/collaborators{/collaborator}", "teams_url": "https://api.github.com/repos/gtf35/easyShopping/teams", "hooks_url": "https://api.github.com/repos/gtf35/easyShopping/hooks", "issue_events_url": "https://api.github.com/repos/gtf35/easyShopping/issues/events{/number}", "events_url": "https://api.github.com/repos/gtf35/easyShopping/events", "assignees_url": "https://api.github.com/repos/gtf35/easyShopping/assignees{/user}", "branches_url": "https://api.github.com/repos/gtf35/easyShopping/branches{/branch}", "tags_url": "https://api.github.com/repos/gtf35/easyShopping/tags", "blobs_url": "https://api.github.com/repos/gtf35/easyShopping/git/blobs{/sha}", "git_tags_url": "https://api.github.com/repos/gtf35/easyShopping/git/tags{/sha}", "git_refs_url": "https://api.github.com/repos/gtf35/easyShopping/git/refs{/sha}", "trees_url": "https://api.github.com/repos/gtf35/easyShopping/git/trees{/sha}", "statuses_url": "https://api.github.com/repos/gtf35/easyShopping/statuses/{sha}", "languages_url": "https://api.github.com/repos/gtf35/easyShopping/languages", "stargazers_url": "https://api.github.com/repos/gtf35/easyShopping/stargazers", "contributors_url": "https://api.github.com/repos/gtf35/easyShopping/contributors", "subscribers_url": "https://api.github.com/repos/gtf35/easyShopping/subscribers", "subscription_url": "https://api.github.com/repos/gtf35/easyShopping/subscription", "commits_url": "https://api.github.com/repos/gtf35/easyShopping/commits{/sha}", "git_commits_url": "https://api.github.com/repos/gtf35/easyShopping/git/commits{/sha}", "comments_url": "https://api.github.com/repos/gtf35/easyShopping/comments{/number}", "issue_comment_url": "https://api.github.com/repos/gtf35/easyShopping/issues/comments{/number}", "contents_url": "https://api.github.com/repos/gtf35/easyShopping/contents/{+path}", "compare_url": "https://api.github.com/repos/gtf35/easyShopping/compare/{base}...{head}", "merges_url": "https://api.github.com/repos/gtf35/easyShopping/merges", "archive_url": "https://api.github.com/repos/gtf35/easyShopping/{archive_format}{/ref}", "downloads_url": "https://api.github.com/repos/gtf35/easyShopping/downloads", "issues_url": "https://api.github.com/repos/gtf35/easyShopping/issues{/number}", "pulls_url": "https://api.github.com/repos/gtf35/easyShopping/pulls{/number}", "milestones_url": "https://api.github.com/repos/gtf35/easyShopping/milestones{/number}", "notifications_url": "https://api.github.com/repos/gtf35/easyShopping/notifications{?since,all,participating}", "labels_url": "https://api.github.com/repos/gtf35/easyShopping/labels{/name}", "releases_url": "https://api.github.com/repos/gtf35/easyShopping/releases{/id}", "deployments_url": "https://api.github.com/repos/gtf35/easyShopping/deployments", "created_at": "2017-11-07T13:50:36Z", "updated_at": "2022-01-28T20:31:01Z", "pushed_at": "2018-03-30T12:08:55Z", "git_url": "git://github.com/gtf35/easyShopping.git", "ssh_url": "git@github.com:gtf35/easyShopping.git", "clone_url": "https://github.com/gtf35/easyShopping.git", "svn_url": "https://github.com/gtf35/easyShopping", "homepage": "", "size": 68731, "stargazers_count": 63, "watchers_count": 63, "language": "Java", "has_issues": true, "has_projects": true, "has_downloads": true, "has_wiki": true, "has_pages": true, "forks_count": 13, "mirror_url": null, "archived": true, "disabled": false, "open_issues_count": 0, "license": {"key": "mit", "name": "MIT License", "spdx_id": "MIT", "url": "https://api.github.com/licenses/mit", "node_id": "MDc6TGljZW5zZTEz"}, "allow_forking": true, "is_template": false, "topics": [], "visibility": "public", "forks": 13, "open_issues": 0, "watchers": 63, "default_branch": "master", "score": 1.0, "__project_size": 93408624, "__java_files_sizes": 3074456, "__java_files_loc": 54853, "contributors_url_calculated": 1, "commits_url_calculated": 25}