{"ApiKey": {"className": "ApiKey", "members": {"py/set": ["YOUTUBE_API_KEY"]}, "methods": {}, "possibleFather": "", "py/object": "JavaParserVisitor.ClassInfo", "span": 1}, "GetPlaylistAsyncTask": {"className": "GetPlaylistAsyncTask", "members": {"py/set": ["TAG", "YOUTUBE_PLAYLIST_MAX_RESULTS", "YOUTUBE_VIDEOS_PART", "YOUTUBE_PLAYLIST_FIELDS", "YOUTUBE_VIDEOS_FIELDS", "mYouTubeDataApi", "YOUTUBE_PLAYLIST_PART"]}, "methods": {"GetPlaylistAsyncTask": {"memberReferences": {"py/set": ["mYouTubeDataApi"]}, "methodName": "GetPlaylistAsyncTask", "methodReferences": {"py/set": []}, "py/object": "JavaParserVisitor.MethodInfo"}, "doInBackground": {"memberReferences": {"py/set": ["YOUTUBE_PLAYLIST_MAX_RESULTS", "YOUTUBE_PLAYLIST_FIELDS", "YOUTUBE_VIDEOS_FIELDS"]}, "methodName": "doInBackground", "methodReferences": {"py/set": []}, "py/object": "JavaParserVisitor.MethodInfo"}}, "possibleFather": "AsyncTask<String,Void,Pair<String,List<Video>>>", "py/object": "JavaParserVisitor.ClassInfo", "span": 67}, "GetPlaylistTitlesAsyncTask": {"className": "GetPlaylistTitlesAsyncTask", "members": {"py/set": ["YOUTUBE_PLAYLIST_PART", "mYouTubeDataApi", "YOUTUBE_PLAYLIST_FIELDS"]}, "methods": {"GetPlaylistTitlesAsyncTask": {"memberReferences": {"py/set": ["mYouTubeDataApi"]}, "methodName": "GetPlaylistTitlesAsyncTask", "methodReferences": {"py/set": []}, "py/object": "JavaParserVisitor.MethodInfo"}, "doInBackground": {"memberReferences": {"py/set": ["YOUTUBE_PLAYLIST_FIELDS"]}, "methodName": "doInBackground", "methodReferences": {"py/set": []}, "py/object": "JavaParserVisitor.MethodInfo"}}, "possibleFather": "AsyncTask<String[],Void,PlaylistListResponse>", "py/object": "JavaParserVisitor.ClassInfo", "span": 29}, "PlaylistCardAdapter": {"className": "PlaylistCardAdapter", "members": {"py/set": ["mPlaylistVideos", "mListener", "sFormatter"]}, "methods": {"PlaylistCardAdapter": {"memberReferences": {"py/set": ["mPlaylistVideos", "mListener"]}, "methodName": "PlaylistCardAdapter", "methodReferences": {"py/set": []}, "py/object": "JavaParserVisitor.MethodInfo"}, "getItemCount": {"memberReferences": {"py/set": []}, "methodName": "getItemCount", "methodReferences": {"py/set": []}, "py/object": "JavaParserVisitor.MethodInfo"}, "isEmpty": {"memberReferences": {"py/set": []}, "methodName": "isEmpty", "methodReferences": {"py/set": []}, "py/object": "JavaParserVisitor.MethodInfo"}, "onBindViewHolder": {"memberReferences": {"py/set": ["mListener", "sFormatter"]}, "methodName": "onBindViewHolder", "methodReferences": {"py/set": ["parseDuration", "isEmpty"]}, "py/object": "JavaParserVisitor.MethodInfo"}, "onClick": {"memberReferences": {"py/set": []}, "methodName": "onClick", "methodReferences": {"py/set": []}, "py/object": "JavaParserVisitor.MethodInfo"}, "onCreateViewHolder": {"memberReferences": {"py/set": []}, "methodName": "onCreateViewHolder", "methodReferences": {"py/set": []}, "py/object": "JavaParserVisitor.MethodInfo"}, "parseDuration": {"memberReferences": {"py/set": []}, "methodName": "parseDuration", "methodReferences": {"py/set": []}, "py/object": "JavaParserVisitor.MethodInfo"}, "run": {"memberReferences": {"py/set": []}, "methodName": "run", "methodReferences": {"py/set": []}, "py/object": "JavaParserVisitor.MethodInfo"}}, "possibleFather": "RecyclerView.Adapter<PlaylistCardAdapter.ViewHolder>", "py/object": "JavaParserVisitor.ClassInfo", "span": 153}, "PlaylistVideos": {"className": "PlaylistVideos", "members": {"py/set": ["playlistId", "mNextPageToken"]}, "methods": {"PlaylistVideos": {"memberReferences": {"py/set": ["playlistId"]}, "methodName": "PlaylistVideos", "methodReferences": {"py/set": []}, "py/object": "JavaParserVisitor.MethodInfo"}, "getNextPageToken": {"memberReferences": {"py/set": ["mNextPageToken"]}, "methodName": "getNextPageToken", "methodReferences": {"py/set": []}, "py/object": "JavaParserVisitor.MethodInfo"}, "setNextPageToken": {"memberReferences": {"py/set": ["mNextPageToken"]}, "methodName": "setNextPageToken", "methodReferences": {"py/set": []}, "py/object": "JavaParserVisitor.MethodInfo"}}, "possibleFather": "ArrayList<Video>", "py/object": "JavaParserVisitor.ClassInfo", "span": 13}, "ViewHolder": {"className": "ViewHolder", "members": {"py/set": ["mDurationText", "mViewCountText", "mLikeCountText", "mShareIcon", "mDislikeCountText", "mTitleText", "mDescriptionText", "mThumbnailImage", "mShareText", "mContext"]}, "methods": {"ViewHolder": {"memberReferences": {"py/set": ["mDurationText", "mViewCountText", "mLikeCountText", "mDislikeCountText", "mTitleText", "mDescriptionText", "mThumbnailImage", "mShareIcon", "mShareText", "mContext"]}, "methodName": "ViewHolder", "methodReferences": {"py/set": []}, "py/object": "JavaParserVisitor.MethodInfo"}}, "possibleFather": "RecyclerView.ViewHolder", "py/object": "JavaParserVisitor.ClassInfo", "span": 23}, "YouTubeActivity": {"className": "YouTubeActivity", "members": {"py/set": ["YOUTUBE_PLAYLISTS", "mYoutubeDataApi", "mJsonFactory", "mTransport"]}, "methods": {"isConnected": {"memberReferences": {"py/set": []}, "methodName": "isConnected", "methodReferences": {"py/set": []}, "py/object": "JavaParserVisitor.MethodInfo"}, "onClick": {"memberReferences": {"py/set": []}, "methodName": "onClick", "methodReferences": {"py/set": []}, "py/object": "JavaParserVisitor.MethodInfo"}, "onCreate": {"memberReferences": {"py/set": ["mJsonFactory", "mYoutubeDataApi", "mTransport"]}, "methodName": "onCreate", "methodReferences": {"py/set": ["isConnected"]}, "py/object": "JavaParserVisitor.MethodInfo"}, "onCreateOptionsMenu": {"memberReferences": {"py/set": []}, "methodName": "onCreateOptionsMenu", "methodReferences": {"py/set": []}, "py/object": "JavaParserVisitor.MethodInfo"}, "onOptionsItemSelected": {"memberReferences": {"py/set": []}, "methodName": "onOptionsItemSelected", "methodReferences": {"py/set": []}, "py/object": "JavaParserVisitor.MethodInfo"}}, "possibleFather": "AppCompatActivity", "py/object": "JavaParserVisitor.ClassInfo", "span": 75}, "YouTubeRecyclerViewFragment": {"className": "YouTubeRecyclerViewFragment", "members": {"py/set": ["mPlaylistIds", "mPlaylistSpinner", "mRecyclerView", "mProgressDialog", "mPlaylistVideos", "SPINNER_ITEM_DROPDOWN_LAYOUT_ID", "mYouTubeDataApi", "mPlaylistTitles", "SPINNER_ITEM_LAYOUT_ID", "mLayoutManager", "ARG_YOUTUBE_PLAYLIST_IDS", "mPlaylistCardAdapter"]}, "methods": {"YouTubeRecyclerViewFragment": {"memberReferences": {"py/set": []}, "methodName": "YouTubeRecyclerViewFragment", "methodReferences": {"py/set": []}, "py/object": "JavaParserVisitor.MethodInfo"}, "handleGetPlaylistResult": {"memberReferences": {"py/set": ["mPlaylistCardAdapter"]}, "methodName": "handleGetPlaylistResult", "methodReferences": {"py/set": []}, "py/object": "JavaParserVisitor.MethodInfo"}, "initCardAdapter": {"memberReferences": {"py/set": ["mPlaylistCardAdapter"]}, "methodName": "initCardAdapter", "methodReferences": {"py/set": []}, "py/object": "JavaParserVisitor.MethodInfo"}, "newInstance": {"memberReferences": {"py/set": []}, "methodName": "newInstance", "methodReferences": {"py/set": []}, "py/object": "JavaParserVisitor.MethodInfo"}, "onActivityCreated": {"memberReferences": {"py/set": ["mPlaylistSpinner", "mPlaylistVideos", "mYouTubeDataApi", "SPINNER_ITEM_LAYOUT_ID", "mPlaylistTitles", "mPlaylistIds", "mPlaylistCardAdapter"]}, "methodName": "onActivityCreated", "methodReferences": {"py/set": ["reloadUi"]}, "py/object": "JavaParserVisitor.MethodInfo"}, "onCreate": {"memberReferences": {"py/set": ["mYouTubeDataApi", "mPlaylistIds", "mProgressDialog", "ARG_YOUTUBE_PLAYLIST_IDS"]}, "methodName": "onCreate", "methodReferences": {"py/set": []}, "py/object": "JavaParserVisitor.MethodInfo"}, "onCreateView": {"memberReferences": {"py/set": ["mPlaylistSpinner", "mRecyclerView", "mLayoutManager"]}, "methodName": "onCreateView", "methodReferences": {"py/set": []}, "py/object": "JavaParserVisitor.MethodInfo"}, "onItemSelected": {"memberReferences": {"py/set": ["mPlaylistIds", "mYouTubeDataApi", "mPlaylistVideos", "mPlaylistCardAdapter"]}, "methodName": "onItemSelected", "methodReferences": {"py/set": ["reloadUi"]}, "py/object": "JavaParserVisitor.MethodInfo"}, "onLastItem": {"memberReferences": {"py/set": []}, "methodName": "onLastItem", "methodReferences": {"py/set": []}, "py/object": "JavaParserVisitor.MethodInfo"}, "onNothingSelected": {"memberReferences": {"py/set": []}, "methodName": "onNothingSelected", "methodReferences": {"py/set": []}, "py/object": "JavaParserVisitor.MethodInfo"}, "onPostExecute": {"memberReferences": {"py/set": ["mPlaylistCardAdapter"]}, "methodName": "onPostExecute", "methodReferences": {"py/set": ["handleGetPlaylistResult"]}, "py/object": "JavaParserVisitor.MethodInfo"}, "onPreExecute": {"memberReferences": {"py/set": ["mProgressDialog"]}, "methodName": "onPreExecute", "methodReferences": {"py/set": []}, "py/object": "JavaParserVisitor.MethodInfo"}, "reloadUi": {"memberReferences": {"py/set": ["mYouTubeDataApi", "mPlaylistCardAdapter"]}, "methodName": "reloadUi", "methodReferences": {"py/set": ["initCardAdapter"]}, "py/object": "JavaParserVisitor.MethodInfo"}, "setYouTubeDataApi": {"memberReferences": {"py/set": ["mYouTubeDataApi"]}, "methodName": "setYouTubeDataApi", "methodReferences": {"py/set": []}, "py/object": "JavaParserVisitor.MethodInfo"}}, "possibleFather": "Fragment", "py/object": "JavaParserVisitor.ClassInfo", "span": 206}}