{"Builder": {"className": "Builder", "members": {"py/set": ["content_", "cmd_", "requestId_"]}, "methods": {"Builder": {"memberReferences": {"py/set": []}, "methodName": "Builder", "methodReferences": {"py/set": ["maybeForceBuilderInitialization"]}, "py/object": "JavaParserVisitor.MethodInfo"}, "addRepeatedField": {"memberReferences": {"py/set": []}, "methodName": "addRepeatedField", "methodReferences": {"py/set": []}, "py/object": "JavaParserVisitor.MethodInfo"}, "build": {"memberReferences": {"py/set": ["content_", "cmd_", "requestId_"]}, "methodName": "build", "methodReferences": {"py/set": ["buildPartial"]}, "py/object": "JavaParserVisitor.MethodInfo"}, "buildPartial": {"memberReferences": {"py/set": ["content_", "cmd_", "requestId_"]}, "methodName": "buildPartial", "methodReferences": {"py/set": []}, "py/object": "JavaParserVisitor.MethodInfo"}, "clear": {"memberReferences": {"py/set": ["content_", "cmd_", "requestId_"]}, "methodName": "clear", "methodReferences": {"py/set": []}, "py/object": "JavaParserVisitor.MethodInfo"}, "clearCmd": {"memberReferences": {"py/set": ["cmd_"]}, "methodName": "clearCmd", "methodReferences": {"py/set": []}, "py/object": "JavaParserVisitor.MethodInfo"}, "clearContent": {"memberReferences": {"py/set": ["content_"]}, "methodName": "clearContent", "methodReferences": {"py/set": ["getContent"]}, "py/object": "JavaParserVisitor.MethodInfo"}, "clearField": {"memberReferences": {"py/set": []}, "methodName": "clearField", "methodReferences": {"py/set": []}, "py/object": "JavaParserVisitor.MethodInfo"}, "clearOneof": {"memberReferences": {"py/set": []}, "methodName": "clearOneof", "methodReferences": {"py/set": []}, "py/object": "JavaParserVisitor.MethodInfo"}, "clearRequestId": {"memberReferences": {"py/set": ["requestId_"]}, "methodName": "clearRequestId", "methodReferences": {"py/set": ["getRequestId"]}, "py/object": "JavaParserVisitor.MethodInfo"}, "clone": {"memberReferences": {"py/set": []}, "methodName": "clone", "methodReferences": {"py/set": []}, "py/object": "JavaParserVisitor.MethodInfo"}, "getCmd": {"memberReferences": {"py/set": ["cmd_"]}, "methodName": "getCmd", "methodReferences": {"py/set": []}, "py/object": "JavaParserVisitor.MethodInfo"}, "getCmdValue": {"memberReferences": {"py/set": ["cmd_"]}, "methodName": "getCmdValue", "methodReferences": {"py/set": []}, "py/object": "JavaParserVisitor.MethodInfo"}, "getContent": {"memberReferences": {"py/set": ["content_"]}, "methodName": "getContent", "methodReferences": {"py/set": []}, "py/object": "JavaParserVisitor.MethodInfo"}, "getContentBytes": {"memberReferences": {"py/set": ["content_"]}, "methodName": "getContentBytes", "methodReferences": {"py/set": []}, "py/object": "JavaParserVisitor.MethodInfo"}, "getDefaultInstanceForType": {"memberReferences": {"py/set": []}, "methodName": "getDefaultInstanceForType", "methodReferences": {"py/set": []}, "py/object": "JavaParserVisitor.MethodInfo"}, "getDescriptor": {"memberReferences": {"py/set": []}, "methodName": "getDescriptor", "methodReferences": {"py/set": []}, "py/object": "JavaParserVisitor.MethodInfo"}, "getDescriptorForType": {"memberReferences": {"py/set": []}, "methodName": "getDescriptorForType", "methodReferences": {"py/set": []}, "py/object": "JavaParserVisitor.MethodInfo"}, "getRequestId": {"memberReferences": {"py/set": ["requestId_"]}, "methodName": "getRequestId", "methodReferences": {"py/set": []}, "py/object": "JavaParserVisitor.MethodInfo"}, "getRequestIdBytes": {"memberReferences": {"py/set": ["requestId_"]}, "methodName": "getRequestIdBytes", "methodReferences": {"py/set": []}, "py/object": "JavaParserVisitor.MethodInfo"}, "internalGetFieldAccessorTable": {"memberReferences": {"py/set": []}, "methodName": "internalGetFieldAccessorTable", "methodReferences": {"py/set": []}, "py/object": "JavaParserVisitor.MethodInfo"}, "isInitialized": {"memberReferences": {"py/set": []}, "methodName": "isInitialized", "methodReferences": {"py/set": []}, "py/object": "JavaParserVisitor.MethodInfo"}, "maybeForceBuilderInitialization": {"memberReferences": {"py/set": []}, "methodName": "maybeForceBuilderInitialization", "methodReferences": {"py/set": []}, "py/object": "JavaParserVisitor.MethodInfo"}, "mergeFrom": {"memberReferences": {"py/set": []}, "methodName": "mergeFrom", "methodReferences": {"py/set": ["mergeFrom"]}, "py/object": "JavaParserVisitor.MethodInfo"}, "mergeUnknownFields": {"memberReferences": {"py/set": []}, "methodName": "mergeUnknownFields", "methodReferences": {"py/set": []}, "py/object": "JavaParserVisitor.MethodInfo"}, "setCmd": {"memberReferences": {"py/set": ["cmd_"]}, "methodName": "setCmd", "methodReferences": {"py/set": []}, "py/object": "JavaParserVisitor.MethodInfo"}, "setCmdValue": {"memberReferences": {"py/set": ["cmd_"]}, "methodName": "setCmdValue", "methodReferences": {"py/set": []}, "py/object": "JavaParserVisitor.MethodInfo"}, "setContent": {"memberReferences": {"py/set": ["content_"]}, "methodName": "setContent", "methodReferences": {"py/set": []}, "py/object": "JavaParserVisitor.MethodInfo"}, "setContentBytes": {"memberReferences": {"py/set": ["content_"]}, "methodName": "setContentBytes", "methodReferences": {"py/set": []}, "py/object": "JavaParserVisitor.MethodInfo"}, "setField": {"memberReferences": {"py/set": []}, "methodName": "setField", "methodReferences": {"py/set": []}, "py/object": "JavaParserVisitor.MethodInfo"}, "setRepeatedField": {"memberReferences": {"py/set": []}, "methodName": "setRepeatedField", "methodReferences": {"py/set": []}, "py/object": "JavaParserVisitor.MethodInfo"}, "setRequestId": {"memberReferences": {"py/set": ["requestId_"]}, "methodName": "setRequestId", "methodReferences": {"py/set": []}, "py/object": "JavaParserVisitor.MethodInfo"}, "setRequestIdBytes": {"memberReferences": {"py/set": ["requestId_"]}, "methodName": "setRequestIdBytes", "methodReferences": {"py/set": []}, "py/object": "JavaParserVisitor.MethodInfo"}, "setUnknownFields": {"memberReferences": {"py/set": []}, "methodName": "setUnknownFields", "methodReferences": {"py/set": []}, "py/object": "JavaParserVisitor.MethodInfo"}}, "possibleFather": "com.google.protobuf.GeneratedMessageV3.Builder<Builder>", "py/object": "JavaParserVisitor.ClassInfo", "span": 349}, "ClientHandlerInitilizer": {"className": "ClientHandlerInitilizer", "members": {"py/set": []}, "methods": {"initChannel": {"memberReferences": {"py/set": []}, "methodName": "initChannel", "methodReferences": {"py/set": []}, "py/object": "JavaParserVisitor.MethodInfo"}}, "possibleFather": "ChannelInitializer<Channel>", "py/object": "JavaParserVisitor.ClassInfo", "span": 11}, "ConsumerController": {"className": "ConsumerController", "members": {"py/set": ["nettyClient"]}, "methods": {"send": {"memberReferences": {"py/set": []}, "methodName": "send", "methodReferences": {"py/set": []}, "py/object": "JavaParserVisitor.MethodInfo"}}, "possibleFather": "", "py/object": "JavaParserVisitor.ClassInfo", "span": 11}, "HeartbeatDecoder": {"className": "HeartbeatDecoder", "members": {"py/set": []}, "methods": {"decode": {"memberReferences": {"py/set": []}, "methodName": "decode", "methodReferences": {"py/set": []}, "py/object": "JavaParserVisitor.MethodInfo"}}, "possibleFather": "ByteToMessageDecoder", "py/object": "JavaParserVisitor.ClassInfo", "span": 9}, "HeartbeatEncoder": {"className": "HeartbeatEncoder", "members": {"py/set": []}, "methods": {"encode": {"memberReferences": {"py/set": []}, "methodName": "encode", "methodReferences": {"py/set": []}, "py/object": "JavaParserVisitor.MethodInfo"}}, "possibleFather": "MessageToByteEncoder<HeartbeatRequestPacket>", "py/object": "JavaParserVisitor.ClassInfo", "span": 5}, "HeartbeatHandler": {"className": "HeartbeatHandler", "members": {"py/set": ["nettyClient"]}, "methods": {"HeartbeatHandler": {"memberReferences": {"py/set": ["nettyClient"]}, "methodName": "HeartbeatHandler", "methodReferences": {"py/set": []}, "py/object": "JavaParserVisitor.MethodInfo"}, "channelInactive": {"memberReferences": {"py/set": []}, "methodName": "channelInactive", "methodReferences": {"py/set": []}, "py/object": "JavaParserVisitor.MethodInfo"}, "exceptionCaught": {"memberReferences": {"py/set": []}, "methodName": "exceptionCaught", "methodReferences": {"py/set": []}, "py/object": "JavaParserVisitor.MethodInfo"}, "userEventTriggered": {"memberReferences": {"py/set": []}, "methodName": "userEventTriggered", "methodReferences": {"py/set": []}, "py/object": "JavaParserVisitor.MethodInfo"}}, "possibleFather": "ChannelInboundHandlerAdapter", "py/object": "JavaParserVisitor.ClassInfo", "span": 36}, "HeartbeatRequestPacket": {"className": "HeartbeatRequestPacket", "members": {"py/set": []}, "methods": {"getCommand": {"memberReferences": {"py/set": []}, "methodName": "getCommand", "methodReferences": {"py/set": []}, "py/object": "JavaParserVisitor.MethodInfo"}}, "possibleFather": "Packet", "py/object": "JavaParserVisitor.ClassInfo", "span": 4}, "HeartbeatResponsePacket": {"className": "HeartbeatResponsePacket", "members": {"py/set": []}, "methods": {"getCommand": {"memberReferences": {"py/set": []}, "methodName": "getCommand", "methodReferences": {"py/set": []}, "py/object": "JavaParserVisitor.MethodInfo"}}, "possibleFather": "Packet", "py/object": "JavaParserVisitor.ClassInfo", "span": 4}, "Message": {"className": "Message", "members": {"py/set": ["internalValueMap", "CONTENT_FIELD_NUMBER", "NORMAL_VALUE", "PARSER", "VALUES", "CMD_FIELD_NUMBER", "cmd_", "serialVersionUID", "content_", "REQUESTID_FIELD_NUMBER", "memoizedIsInitialized", "DEFAULT_INSTANCE", "HEARTBEAT_RESPONSE_VALUE", "requestId_", "value", "HEARTBEAT_REQUEST_VALUE"]}, "methods": {"CommandType": {"memberReferences": {"py/set": ["value"]}, "methodName": "CommandType", "methodReferences": {"py/set": []}, "py/object": "JavaParserVisitor.MethodInfo"}, "Message": {"memberReferences": {"py/set": ["content_", "cmd_", "requestId_"]}, "methodName": "Message", "methodReferences": {"py/set": ["newBuilder"]}, "py/object": "JavaParserVisitor.MethodInfo"}, "equals": {"memberReferences": {"py/set": ["content_", "cmd_", "requestId_"]}, "methodName": "equals", "methodReferences": {"py/set": ["getContent", "getRequestId", "equals"]}, "py/object": "JavaParserVisitor.MethodInfo"}, "findValueByNumber": {"memberReferences": {"py/set": []}, "methodName": "findValueByNumber", "methodReferences": {"py/set": []}, "py/object": "JavaParserVisitor.MethodInfo"}, "forNumber": {"memberReferences": {"py/set": []}, "methodName": "forNumber", "methodReferences": {"py/set": []}, "py/object": "JavaParserVisitor.MethodInfo"}, "getCmd": {"memberReferences": {"py/set": ["VALUES", "cmd_"]}, "methodName": "getCmd", "methodReferences": {"py/set": ["valueOf"]}, "py/object": "JavaParserVisitor.MethodInfo"}, "getCmdValue": {"memberReferences": {"py/set": ["cmd_"]}, "methodName": "getCmdValue", "methodReferences": {"py/set": []}, "py/object": "JavaParserVisitor.MethodInfo"}, "getContent": {"memberReferences": {"py/set": ["content_"]}, "methodName": "getContent", "methodReferences": {"py/set": []}, "py/object": "JavaParserVisitor.MethodInfo"}, "getContentBytes": {"memberReferences": {"py/set": ["content_"]}, "methodName": "getContentBytes", "methodReferences": {"py/set": []}, "py/object": "JavaParserVisitor.MethodInfo"}, "getDefaultInstance": {"memberReferences": {"py/set": ["DEFAULT_INSTANCE"]}, "methodName": "getDefaultInstance", "methodReferences": {"py/set": []}, "py/object": "JavaParserVisitor.MethodInfo"}, "getDefaultInstanceForType": {"memberReferences": {"py/set": ["DEFAULT_INSTANCE"]}, "methodName": "getDefaultInstanceForType", "methodReferences": {"py/set": []}, "py/object": "JavaParserVisitor.MethodInfo"}, "getDescriptor": {"memberReferences": {"py/set": []}, "methodName": "getDescriptor", "methodReferences": {"py/set": ["getDescriptor"]}, "py/object": "JavaParserVisitor.MethodInfo"}, "getDescriptorForType": {"memberReferences": {"py/set": []}, "methodName": "getDescriptorForType", "methodReferences": {"py/set": ["getDescriptor"]}, "py/object": "JavaParserVisitor.MethodInfo"}, "getNumber": {"memberReferences": {"py/set": ["value"]}, "methodName": "getNumber", "methodReferences": {"py/set": []}, "py/object": "JavaParserVisitor.MethodInfo"}, "getParserForType": {"memberReferences": {"py/set": ["PARSER"]}, "methodName": "getParserForType", "methodReferences": {"py/set": []}, "py/object": "JavaParserVisitor.MethodInfo"}, "getRequestId": {"memberReferences": {"py/set": ["requestId_"]}, "methodName": "getRequestId", "methodReferences": {"py/set": []}, "py/object": "JavaParserVisitor.MethodInfo"}, "getRequestIdBytes": {"memberReferences": {"py/set": ["requestId_"]}, "methodName": "getRequestIdBytes", "methodReferences": {"py/set": []}, "py/object": "JavaParserVisitor.MethodInfo"}, "getSerializedSize": {"memberReferences": {"py/set": ["content_", "cmd_", "requestId_", "value"]}, "methodName": "getSerializedSize", "methodReferences": {"py/set": ["getRequestIdBytes", "getContentBytes", "getNumber"]}, "py/object": "JavaParserVisitor.MethodInfo"}, "getUnknownFields": {"memberReferences": {"py/set": []}, "methodName": "getUnknownFields", "methodReferences": {"py/set": []}, "py/object": "JavaParserVisitor.MethodInfo"}, "getValueDescriptor": {"memberReferences": {"py/set": []}, "methodName": "getValueDescriptor", "methodReferences": {"py/set": ["getDescriptor"]}, "py/object": "JavaParserVisitor.MethodInfo"}, "hashCode": {"memberReferences": {"py/set": ["CONTENT_FIELD_NUMBER", "content_", "CMD_FIELD_NUMBER", "cmd_", "requestId_", "REQUESTID_FIELD_NUMBER"]}, "methodName": "hashCode", "methodReferences": {"py/set": ["hashCode", "getDescriptor", "getRequestId", "getContent"]}, "py/object": "JavaParserVisitor.MethodInfo"}, "internalGetFieldAccessorTable": {"memberReferences": {"py/set": []}, "methodName": "internalGetFieldAccessorTable", "methodReferences": {"py/set": []}, "py/object": "JavaParserVisitor.MethodInfo"}, "internalGetValueMap": {"memberReferences": {"py/set": ["internalValueMap"]}, "methodName": "internalGetValueMap", "methodReferences": {"py/set": []}, "py/object": "JavaParserVisitor.MethodInfo"}, "isInitialized": {"memberReferences": {"py/set": ["memoizedIsInitialized"]}, "methodName": "isInitialized", "methodReferences": {"py/set": []}, "py/object": "JavaParserVisitor.MethodInfo"}, "newBuilder": {"memberReferences": {"py/set": []}, "methodName": "newBuilder", "methodReferences": {"py/set": []}, "py/object": "JavaParserVisitor.MethodInfo"}, "newBuilderForType": {"memberReferences": {"py/set": []}, "methodName": "newBuilderForType", "methodReferences": {"py/set": []}, "py/object": "JavaParserVisitor.MethodInfo"}, "parseDelimitedFrom": {"memberReferences": {"py/set": ["PARSER"]}, "methodName": "parseDelimitedFrom", "methodReferences": {"py/set": []}, "py/object": "JavaParserVisitor.MethodInfo"}, "parseFrom": {"memberReferences": {"py/set": ["PARSER"]}, "methodName": "parseFrom", "methodReferences": {"py/set": []}, "py/object": "JavaParserVisitor.MethodInfo"}, "parsePartialFrom": {"memberReferences": {"py/set": []}, "methodName": "parsePartialFrom", "methodReferences": {"py/set": []}, "py/object": "JavaParserVisitor.MethodInfo"}, "parser": {"memberReferences": {"py/set": ["PARSER"]}, "methodName": "parser", "methodReferences": {"py/set": []}, "py/object": "JavaParserVisitor.MethodInfo"}, "toBuilder": {"memberReferences": {"py/set": ["DEFAULT_INSTANCE"]}, "methodName": "toBuilder", "methodReferences": {"py/set": []}, "py/object": "JavaParserVisitor.MethodInfo"}, "valueOf": {"memberReferences": {"py/set": ["VALUES"]}, "methodName": "valueOf", "methodReferences": {"py/set": ["getDescriptor"]}, "py/object": "JavaParserVisitor.MethodInfo"}, "writeTo": {"memberReferences": {"py/set": ["content_", "cmd_", "requestId_", "value"]}, "methodName": "writeTo", "methodReferences": {"py/set": ["getRequestIdBytes", "getContentBytes", "getNumber"]}, "py/object": "JavaParserVisitor.MethodInfo"}}, "possibleFather": "com.google.protobuf.GeneratedMessageV3", "py/object": "JavaParserVisitor.ClassInfo", "span": 871}, "MessageBase": {"className": "MessageBase", "members": {"py/set": ["assigner", "descriptorData", "internal_static_Message_descriptor", "descriptor", "internal_static_Message_fieldAccessorTable"]}, "methods": {"MessageBase": {"memberReferences": {"py/set": []}, "methodName": "MessageBase", "methodReferences": {"py/set": []}, "py/object": "JavaParserVisitor.MethodInfo"}, "assignDescriptors": {"memberReferences": {"py/set": ["descriptor"]}, "methodName": "assignDescriptors", "methodReferences": {"py/set": []}, "py/object": "JavaParserVisitor.MethodInfo"}, "getCmd": {"memberReferences": {"py/set": []}, "methodName": "getCmd", "methodReferences": {"py/set": []}, "py/object": "JavaParserVisitor.MethodInfo"}, "getCmdValue": {"memberReferences": {"py/set": []}, "methodName": "getCmdValue", "methodReferences": {"py/set": []}, "py/object": "JavaParserVisitor.MethodInfo"}, "getContent": {"memberReferences": {"py/set": []}, "methodName": "getContent", "methodReferences": {"py/set": []}, "py/object": "JavaParserVisitor.MethodInfo"}, "getContentBytes": {"memberReferences": {"py/set": []}, "methodName": "getContentBytes", "methodReferences": {"py/set": []}, "py/object": "JavaParserVisitor.MethodInfo"}, "getRequestId": {"memberReferences": {"py/set": []}, "methodName": "getRequestId", "methodReferences": {"py/set": []}, "py/object": "JavaParserVisitor.MethodInfo"}, "getRequestIdBytes": {"memberReferences": {"py/set": []}, "methodName": "getRequestIdBytes", "methodReferences": {"py/set": []}, "py/object": "JavaParserVisitor.MethodInfo"}, "registerAllExtensions": {"memberReferences": {"py/set": []}, "methodName": "registerAllExtensions", "methodReferences": {"py/set": ["registerAllExtensions"]}, "py/object": "JavaParserVisitor.MethodInfo"}}, "possibleFather": "", "py/object": "JavaParserVisitor.ClassInfo", "span": 961}, "MessageBaseTest": {"className": "MessageBaseTest", "members": {"py/set": []}, "methods": {"main": {"memberReferences": {"py/set": []}, "methodName": "main", "methodReferences": {"py/set": []}, "py/object": "JavaParserVisitor.MethodInfo"}}, "possibleFather": "", "py/object": "JavaParserVisitor.ClassInfo", "span": 5}, "NettyApplication": {"className": "NettyApplication", "members": {"py/set": []}, "methods": {"main": {"memberReferences": {"py/set": []}, "methodName": "main", "methodReferences": {"py/set": []}, "py/object": "JavaParserVisitor.MethodInfo"}}, "possibleFather": "", "py/object": "JavaParserVisitor.ClassInfo", "span": 3}, "NettyApplicationTests": {"className": "NettyApplicationTests", "members": {"py/set": []}, "methods": {"contextLoads": {"memberReferences": {"py/set": []}, "methodName": "contextLoads", "methodReferences": {"py/set": []}, "py/object": "JavaParserVisitor.MethodInfo"}}, "possibleFather": "", "py/object": "JavaParserVisitor.ClassInfo", "span": 3}, "NettyClient": {"className": "NettyClient", "members": {"py/set": ["socketChannel", "host", "port", "group"]}, "methods": {"sendMsg": {"memberReferences": {"py/set": []}, "methodName": "sendMsg", "methodReferences": {"py/set": []}, "py/object": "JavaParserVisitor.MethodInfo"}, "start": {"memberReferences": {"py/set": ["port", "socketChannel", "host"]}, "methodName": "start", "methodReferences": {"py/set": ["start"]}, "py/object": "JavaParserVisitor.MethodInfo"}}, "possibleFather": "", "py/object": "JavaParserVisitor.ClassInfo", "span": 31}, "NettyClientHandler": {"className": "NettyClientHandler", "members": {"py/set": []}, "methods": {"channelRead0": {"memberReferences": {"py/set": []}, "methodName": "channelRead0", "methodReferences": {"py/set": []}, "py/object": "JavaParserVisitor.MethodInfo"}, "exceptionCaught": {"memberReferences": {"py/set": []}, "methodName": "exceptionCaught", "methodReferences": {"py/set": []}, "py/object": "JavaParserVisitor.MethodInfo"}}, "possibleFather": "SimpleChannelInboundHandler<MessageBase.Message>", "py/object": "JavaParserVisitor.ClassInfo", "span": 25}, "NettyServer": {"className": "NettyServer", "members": {"py/set": ["port", "work", "boss"]}, "methods": {"destory": {"memberReferences": {"py/set": []}, "methodName": "destory", "methodReferences": {"py/set": []}, "py/object": "JavaParserVisitor.MethodInfo"}, "start": {"memberReferences": {"py/set": ["port"]}, "methodName": "start", "methodReferences": {"py/set": []}, "py/object": "JavaParserVisitor.MethodInfo"}}, "possibleFather": "", "py/object": "JavaParserVisitor.ClassInfo", "span": 45}, "NettyServerHandler": {"className": "NettyServerHandler", "members": {"py/set": []}, "methods": {"channelRead0": {"memberReferences": {"py/set": []}, "methodName": "channelRead0", "methodReferences": {"py/set": []}, "py/object": "JavaParserVisitor.MethodInfo"}}, "possibleFather": "SimpleChannelInboundHandler<MessageBase.Message>", "py/object": "JavaParserVisitor.ClassInfo", "span": 9}, "NettyServerHandlerInitializer": {"className": "NettyServerHandlerInitializer", "members": {"py/set": []}, "methods": {"initChannel": {"memberReferences": {"py/set": []}, "methodName": "initChannel", "methodReferences": {"py/set": []}, "py/object": "JavaParserVisitor.MethodInfo"}}, "possibleFather": "ChannelInitializer<Channel>", "py/object": "JavaParserVisitor.ClassInfo", "span": 11}, "Packet": {"className": "Packet", "members": {"py/set": ["version"]}, "methods": {"getCommand": {"memberReferences": {"py/set": []}, "methodName": "getCommand", "methodReferences": {"py/set": []}, "py/object": "JavaParserVisitor.MethodInfo"}}, "possibleFather": "", "py/object": "JavaParserVisitor.ClassInfo", "span": 6}, "ServerIdleStateHandler": {"className": "ServerIdleStateHandler", "members": {"py/set": ["READER_IDLE_TIME"]}, "methods": {"ServerIdleStateHandler": {"memberReferences": {"py/set": ["READER_IDLE_TIME"]}, "methodName": "ServerIdleStateHandler", "methodReferences": {"py/set": []}, "py/object": "JavaParserVisitor.MethodInfo"}, "channelIdle": {"memberReferences": {"py/set": []}, "methodName": "channelIdle", "methodReferences": {"py/set": []}, "py/object": "JavaParserVisitor.MethodInfo"}}, "possibleFather": "IdleStateHandler", "py/object": "JavaParserVisitor.ClassInfo", "span": 12}}