{"SCOM": {"py/object": "Statistics.InterestingStatistics", "classValues": [{"py/tuple": [0.10338680926916234, 349]}, {"py/tuple": [1, 11]}, {"py/tuple": [1, 11]}, {"py/tuple": [1, 9]}, {"py/tuple": [1, 5]}, {"py/tuple": [0.0, 36]}, {"py/tuple": [1, 4]}, {"py/tuple": [1, 4]}, {"py/tuple": [0.022490530303030304, 871]}, {"py/tuple": [0.0, 961]}, {"py/tuple": [1, 5]}, {"py/tuple": [1, 3]}, {"py/tuple": [1, 3]}, {"py/tuple": [0.0, 31]}, {"py/tuple": [0.0, 25]}, {"py/tuple": [0.0, 45]}, {"py/tuple": [1, 9]}, {"py/tuple": [1, 11]}, {"py/tuple": [1, 6]}, {"py/tuple": [0.0, 12]}]}, "LSCC": {"py/object": "Statistics.InterestingStatistics", "classValues": [{"py/tuple": [0.049910873440285206, 349]}, {"py/tuple": [1, 11]}, {"py/tuple": [1, 11]}, {"py/tuple": [1, 9]}, {"py/tuple": [1, 5]}, {"py/tuple": [0.0, 36]}, {"py/tuple": [1, 4]}, {"py/tuple": [1, 4]}, {"py/tuple": [0.009351325757575758, 871]}, {"py/tuple": [0.0, 961]}, {"py/tuple": [1, 5]}, {"py/tuple": [1, 3]}, {"py/tuple": [1, 3]}, {"py/tuple": [0.0, 31]}, {"py/tuple": [0, 25]}, {"py/tuple": [0.0, 45]}, {"py/tuple": [1, 9]}, {"py/tuple": [1, 11]}, {"py/tuple": [1, 6]}, {"py/tuple": [0.0, 12]}]}, "CC": {"py/object": "Statistics.InterestingStatistics", "classValues": [{"py/tuple": [0.0855614973262032, 349]}, {"py/tuple": [1, 11]}, {"py/tuple": [1, 11]}, {"py/tuple": [1, 9]}, {"py/tuple": [1, 5]}, {"py/tuple": [0.0, 36]}, {"py/tuple": [1, 4]}, {"py/tuple": [1, 4]}, {"py/tuple": [0.05410353535353535, 871]}, {"py/tuple": [0.0, 961]}, {"py/tuple": [1, 5]}, {"py/tuple": [1, 3]}, {"py/tuple": [1, 3]}, {"py/tuple": [0.0, 31]}, {"py/tuple": [1, 25]}, {"py/tuple": [0.0, 45]}, {"py/tuple": [1, 9]}, {"py/tuple": [1, 11]}, {"py/tuple": [1, 6]}, {"py/tuple": [0.0, 12]}]}, "LCOM5": {"py/object": "Statistics.InterestingStatistics", "classValues": [{"py/tuple": [0.7647058823529411, 349]}, {"py/tuple": [0, 11]}, {"py/tuple": [1.0, 11]}, {"py/tuple": [0, 9]}, {"py/tuple": [0, 5]}, {"py/tuple": [0.75, 36]}, {"py/tuple": [0, 4]}, {"py/tuple": [0, 4]}, {"py/tuple": [0.9261363636363636, 871]}, {"py/tuple": [0.9777777777777777, 961]}, {"py/tuple": [0, 5]}, {"py/tuple": [0, 3]}, {"py/tuple": [0, 3]}, {"py/tuple": [0.625, 31]}, {"py/tuple": [0, 25]}, {"py/tuple": [0.8333333333333334, 45]}, {"py/tuple": [0, 9]}, {"py/tuple": [0, 11]}, {"py/tuple": [1.0, 6]}, {"py/tuple": [0.5, 12]}]}, "CBAMU": {"py/object": "Statistics.InterestingStatistics", "classValues": [{"py/tuple": [0.11942959001782531, 349]}, {"py/tuple": [0.0, 11]}, {"py/tuple": [0.0, 11]}, {"py/tuple": [0.0, 9]}, {"py/tuple": [0.0, 5]}, {"py/tuple": [0.125, 36]}, {"py/tuple": [0.0, 4]}, {"py/tuple": [0.0, 4]}, {"py/tuple": [0.04498106060606061, 871]}, {"py/tuple": [0.011111111111111112, 961]}, {"py/tuple": [0.0, 5]}, {"py/tuple": [0.0, 3]}, {"py/tuple": [0.0, 3]}, {"py/tuple": [0.1875, 31]}, {"py/tuple": [0.0, 25]}, {"py/tuple": [0.08333333333333333, 45]}, {"py/tuple": [0.0, 9]}, {"py/tuple": [0.0, 11]}, {"py/tuple": [0.0, 6]}, {"py/tuple": [0.25, 12]}]}}