{"AddThread": {"className": "AddThread", "members": {"py/set": []}, "methods": {"run": {"memberReferences": {"py/set": []}, "methodName": "run", "methodReferences": {"py/set": []}, "py/object": "JavaParserVisitor.MethodInfo"}}, "possibleFather": "Thread", "py/object": "JavaParserVisitor.ClassInfo", "span": 3}, "AtomaticDemo": {"className": "AtomaticDemo", "members": {"py/set": ["value"]}, "methods": {"main": {"memberReferences": {"py/set": []}, "methodName": "main", "methodReferences": {"py/set": []}, "py/object": "JavaParserVisitor.MethodInfo"}}, "possibleFather": "", "py/object": "JavaParserVisitor.ClassInfo", "span": 5}, "BubbleSort": {"className": "BubbleSort", "members": {"py/set": []}, "methods": {"main": {"memberReferences": {"py/set": []}, "methodName": "main", "methodReferences": {"py/set": []}, "py/object": "JavaParserVisitor.MethodInfo"}, "sort": {"memberReferences": {"py/set": []}, "methodName": "sort", "methodReferences": {"py/set": ["swap"]}, "py/object": "JavaParserVisitor.MethodInfo"}, "swap": {"memberReferences": {"py/set": []}, "methodName": "swap", "methodReferences": {"py/set": []}, "py/object": "JavaParserVisitor.MethodInfo"}}, "possibleFather": "", "py/object": "JavaParserVisitor.ClassInfo", "span": 31}, "Check": {"className": "Check", "members": {"py/set": []}, "methods": {"check": {"memberReferences": {"py/set": []}, "methodName": "check", "methodReferences": {"py/set": []}, "py/object": "JavaParserVisitor.MethodInfo"}, "main": {"memberReferences": {"py/set": []}, "methodName": "main", "methodReferences": {"py/set": ["check"]}, "py/object": "JavaParserVisitor.MethodInfo"}}, "possibleFather": "", "py/object": "JavaParserVisitor.ClassInfo", "span": 22}, "DecThread": {"className": "DecThread", "members": {"py/set": []}, "methods": {"run": {"memberReferences": {"py/set": []}, "methodName": "run", "methodReferences": {"py/set": []}, "py/object": "JavaParserVisitor.MethodInfo"}}, "possibleFather": "Thread", "py/object": "JavaParserVisitor.ClassInfo", "span": 3}, "FunUtils": {"className": "FunUtils", "members": {"py/set": []}, "methods": {"isInteger": {"memberReferences": {"py/set": []}, "methodName": "isInteger", "methodReferences": {"py/set": []}, "py/object": "JavaParserVisitor.MethodInfo"}, "max": {"memberReferences": {"py/set": []}, "methodName": "max", "methodReferences": {"py/set": []}, "py/object": "JavaParserVisitor.MethodInfo"}, "swap": {"memberReferences": {"py/set": []}, "methodName": "swap", "methodReferences": {"py/set": []}, "py/object": "JavaParserVisitor.MethodInfo"}}, "possibleFather": "", "py/object": "JavaParserVisitor.ClassInfo", "span": 26}, "Gougu": {"className": "Gougu", "members": {"py/set": []}, "methods": {"getGouguNum": {"memberReferences": {"py/set": []}, "methodName": "getGouguNum", "methodReferences": {"py/set": []}, "py/object": "JavaParserVisitor.MethodInfo"}}, "possibleFather": "", "py/object": "JavaParserVisitor.ClassInfo", "span": 9}, "HeapSort": {"className": "HeapSort", "members": {"py/set": []}, "methods": {"HeapSort": {"memberReferences": {"py/set": []}, "methodName": "HeapSort", "methodReferences": {"py/set": []}, "py/object": "JavaParserVisitor.MethodInfo"}, "main": {"memberReferences": {"py/set": []}, "methodName": "main", "methodReferences": {"py/set": []}, "py/object": "JavaParserVisitor.MethodInfo"}, "shiftDown": {"memberReferences": {"py/set": []}, "methodName": "shiftDown", "methodReferences": {"py/set": ["swap"]}, "py/object": "JavaParserVisitor.MethodInfo"}, "shiftDown2": {"memberReferences": {"py/set": []}, "methodName": "shiftDown2", "methodReferences": {"py/set": []}, "py/object": "JavaParserVisitor.MethodInfo"}, "sort": {"memberReferences": {"py/set": []}, "methodName": "sort", "methodReferences": {"py/set": ["swap", "shiftDown2"]}, "py/object": "JavaParserVisitor.MethodInfo"}, "sort2": {"memberReferences": {"py/set": []}, "methodName": "sort2", "methodReferences": {"py/set": []}, "py/object": "JavaParserVisitor.MethodInfo"}, "swap": {"memberReferences": {"py/set": []}, "methodName": "swap", "methodReferences": {"py/set": []}, "py/object": "JavaParserVisitor.MethodInfo"}}, "possibleFather": "", "py/object": "JavaParserVisitor.ClassInfo", "span": 83}, "HelloWorld": {"className": "HelloWorld", "members": {"py/set": []}, "methods": {"main": {"memberReferences": {"py/set": []}, "methodName": "main", "methodReferences": {"py/set": []}, "py/object": "JavaParserVisitor.MethodInfo"}}, "possibleFather": "", "py/object": "JavaParserVisitor.ClassInfo", "span": 5}, "InsertionSort": {"className": "InsertionSort", "members": {"py/set": []}, "methods": {"InsertionSort": {"memberReferences": {"py/set": []}, "methodName": "InsertionSort", "methodReferences": {"py/set": []}, "py/object": "JavaParserVisitor.MethodInfo"}, "main": {"memberReferences": {"py/set": []}, "methodName": "main", "methodReferences": {"py/set": []}, "py/object": "JavaParserVisitor.MethodInfo"}, "sort": {"memberReferences": {"py/set": []}, "methodName": "sort", "methodReferences": {"py/set": []}, "py/object": "JavaParserVisitor.MethodInfo"}, "swap": {"memberReferences": {"py/set": []}, "methodName": "swap", "methodReferences": {"py/set": []}, "py/object": "JavaParserVisitor.MethodInfo"}}, "possibleFather": "", "py/object": "JavaParserVisitor.ClassInfo", "span": 43}, "Interval": {"className": "Interval", "members": {"py/set": ["start", "end"]}, "methods": {"Interval": {"memberReferences": {"py/set": ["start", "end"]}, "methodName": "Interval", "methodReferences": {"py/set": []}, "py/object": "JavaParserVisitor.MethodInfo"}}, "possibleFather": "", "py/object": "JavaParserVisitor.ClassInfo", "span": 10}, "ListNode": {"className": "ListNode", "members": {"py/set": ["next", "val"]}, "methods": {"ListNode": {"memberReferences": {"py/set": ["val"]}, "methodName": "ListNode", "methodReferences": {"py/set": []}, "py/object": "JavaParserVisitor.MethodInfo"}}, "possibleFather": "", "py/object": "JavaParserVisitor.ClassInfo", "span": 5}, "Main": {"className": "Main", "members": {"py/set": []}, "methods": {"main": {"memberReferences": {"py/set": []}, "methodName": "main", "methodReferences": {"py/set": []}, "py/object": "JavaParserVisitor.MethodInfo"}, "printArray": {"memberReferences": {"py/set": []}, "methodName": "printArray", "methodReferences": {"py/set": []}, "py/object": "JavaParserVisitor.MethodInfo"}, "swap": {"memberReferences": {"py/set": []}, "methodName": "swap", "methodReferences": {"py/set": []}, "py/object": "JavaParserVisitor.MethodInfo"}}, "possibleFather": "", "py/object": "JavaParserVisitor.ClassInfo", "span": 24}, "Main1": {"className": "Main1", "members": {"py/set": []}, "methods": {"changeTime": {"memberReferences": {"py/set": []}, "methodName": "changeTime", "methodReferences": {"py/set": []}, "py/object": "JavaParserVisitor.MethodInfo"}, "isValid": {"memberReferences": {"py/set": []}, "methodName": "isValid", "methodReferences": {"py/set": []}, "py/object": "JavaParserVisitor.MethodInfo"}, "main": {"memberReferences": {"py/set": []}, "methodName": "main", "methodReferences": {"py/set": ["changeTime", "isValid"]}, "py/object": "JavaParserVisitor.MethodInfo"}}, "possibleFather": "", "py/object": "JavaParserVisitor.ClassInfo", "span": 70}, "Main2": {"className": "Main2", "members": {"py/set": []}, "methods": {"main": {"memberReferences": {"py/set": []}, "methodName": "main", "methodReferences": {"py/set": ["printReverseSet"]}, "py/object": "JavaParserVisitor.MethodInfo"}, "printReverseSet": {"memberReferences": {"py/set": []}, "methodName": "printReverseSet", "methodReferences": {"py/set": []}, "py/object": "JavaParserVisitor.MethodInfo"}}, "possibleFather": "", "py/object": "JavaParserVisitor.ClassInfo", "span": 31}, "Main3": {"className": "Main3", "members": {"py/set": []}, "methods": {"inArea": {"memberReferences": {"py/set": []}, "methodName": "inArea", "methodReferences": {"py/set": []}, "py/object": "JavaParserVisitor.MethodInfo"}, "main": {"memberReferences": {"py/set": []}, "methodName": "main", "methodReferences": {"py/set": ["scanRight", "scanRD", "scanDown"]}, "py/object": "JavaParserVisitor.MethodInfo"}, "scanDown": {"memberReferences": {"py/set": []}, "methodName": "scanDown", "methodReferences": {"py/set": ["inArea"]}, "py/object": "JavaParserVisitor.MethodInfo"}, "scanRD": {"memberReferences": {"py/set": []}, "methodName": "scanRD", "methodReferences": {"py/set": ["inArea"]}, "py/object": "JavaParserVisitor.MethodInfo"}, "scanRight": {"memberReferences": {"py/set": []}, "methodName": "scanRight", "methodReferences": {"py/set": ["inArea"]}, "py/object": "JavaParserVisitor.MethodInfo"}}, "possibleFather": "", "py/object": "JavaParserVisitor.ClassInfo", "span": 81}, "Main3_demo": {"className": "Main3_demo", "members": {"py/set": ["sum"]}, "methods": {"main": {"memberReferences": {"py/set": ["sum"]}, "methodName": "main", "methodReferences": {"py/set": ["match_down", "match_right", "match_rightdown"]}, "py/object": "JavaParserVisitor.MethodInfo"}, "match_down": {"memberReferences": {"py/set": ["sum"]}, "methodName": "match_down", "methodReferences": {"py/set": []}, "py/object": "JavaParserVisitor.MethodInfo"}, "match_right": {"memberReferences": {"py/set": ["sum"]}, "methodName": "match_right", "methodReferences": {"py/set": []}, "py/object": "JavaParserVisitor.MethodInfo"}, "match_rightdown": {"memberReferences": {"py/set": ["sum"]}, "methodName": "match_rightdown", "methodReferences": {"py/set": []}, "py/object": "JavaParserVisitor.MethodInfo"}}, "possibleFather": "", "py/object": "JavaParserVisitor.ClassInfo", "span": 56}, "Main4": {"className": "Main4", "members": {"py/set": []}, "methods": {"main": {"memberReferences": {"py/set": []}, "methodName": "main", "methodReferences": {"py/set": ["max"]}, "py/object": "JavaParserVisitor.MethodInfo"}, "max": {"memberReferences": {"py/set": []}, "methodName": "max", "methodReferences": {"py/set": []}, "py/object": "JavaParserVisitor.MethodInfo"}}, "possibleFather": "", "py/object": "JavaParserVisitor.ClassInfo", "span": 24}, "Main5": {"className": "Main5", "members": {"py/set": []}, "methods": {"main": {"memberReferences": {"py/set": []}, "methodName": "main", "methodReferences": {"py/set": []}, "py/object": "JavaParserVisitor.MethodInfo"}}, "possibleFather": "", "py/object": "JavaParserVisitor.ClassInfo", "span": 4}, "MapSum": {"className": "MapSum", "members": {"py/set": ["root"]}, "methods": {"MapSum": {"memberReferences": {"py/set": ["root"]}, "methodName": "MapSum", "methodReferences": {"py/set": []}, "py/object": "JavaParserVisitor.MethodInfo"}, "insert": {"memberReferences": {"py/set": ["root"]}, "methodName": "insert", "methodReferences": {"py/set": []}, "py/object": "JavaParserVisitor.MethodInfo"}, "main": {"memberReferences": {"py/set": []}, "methodName": "main", "methodReferences": {"py/set": []}, "py/object": "JavaParserVisitor.MethodInfo"}, "sum": {"memberReferences": {"py/set": []}, "methodName": "sum", "methodReferences": {"py/set": ["sum"]}, "py/object": "JavaParserVisitor.MethodInfo"}}, "possibleFather": "", "py/object": "JavaParserVisitor.ClassInfo", "span": 71}, "MaxHeap": {"className": "MaxHeap", "members": {"py/set": ["data", "count", "capacity"]}, "methods": {"MaxHeap": {"memberReferences": {"py/set": ["capacity", "data", "count"]}, "methodName": "MaxHeap", "methodReferences": {"py/set": ["shiftDown"]}, "py/object": "JavaParserVisitor.MethodInfo"}, "extractMax": {"memberReferences": {"py/set": ["data", "count"]}, "methodName": "extractMax", "methodReferences": {"py/set": ["swap", "shiftDown"]}, "py/object": "JavaParserVisitor.MethodInfo"}, "getMax": {"memberReferences": {"py/set": ["data", "count"]}, "methodName": "getMax", "methodReferences": {"py/set": []}, "py/object": "JavaParserVisitor.MethodInfo"}, "insert": {"memberReferences": {"py/set": ["data", "capacity", "count"]}, "methodName": "insert", "methodReferences": {"py/set": ["shiftUp"]}, "py/object": "JavaParserVisitor.MethodInfo"}, "isEmpty": {"memberReferences": {"py/set": ["count"]}, "methodName": "isEmpty", "methodReferences": {"py/set": []}, "py/object": "JavaParserVisitor.MethodInfo"}, "main": {"memberReferences": {"py/set": ["capacity", "data", "count"]}, "methodName": "main", "methodReferences": {"py/set": ["insert"]}, "py/object": "JavaParserVisitor.MethodInfo"}, "shiftDown": {"memberReferences": {"py/set": ["data", "count"]}, "methodName": "shiftDown", "methodReferences": {"py/set": ["swap"]}, "py/object": "JavaParserVisitor.MethodInfo"}, "shiftUp": {"memberReferences": {"py/set": ["data"]}, "methodName": "shiftUp", "methodReferences": {"py/set": ["swap"]}, "py/object": "JavaParserVisitor.MethodInfo"}, "size": {"memberReferences": {"py/set": ["count"]}, "methodName": "size", "methodReferences": {"py/set": []}, "py/object": "JavaParserVisitor.MethodInfo"}, "swap": {"memberReferences": {"py/set": ["data"]}, "methodName": "swap", "methodReferences": {"py/set": []}, "py/object": "JavaParserVisitor.MethodInfo"}}, "possibleFather": "", "py/object": "JavaParserVisitor.ClassInfo", "span": 120}, "MergeSort": {"className": "MergeSort", "members": {"py/set": []}, "methods": {"__MergeSort": {"memberReferences": {"py/set": []}, "methodName": "__MergeSort", "methodReferences": {"py/set": ["__MergeSort", "merge"]}, "py/object": "JavaParserVisitor.MethodInfo"}, "main": {"memberReferences": {"py/set": []}, "methodName": "main", "methodReferences": {"py/set": []}, "py/object": "JavaParserVisitor.MethodInfo"}, "merge": {"memberReferences": {"py/set": []}, "methodName": "merge", "methodReferences": {"py/set": []}, "py/object": "JavaParserVisitor.MethodInfo"}, "sort": {"memberReferences": {"py/set": []}, "methodName": "sort", "methodReferences": {"py/set": ["__MergeSort"]}, "py/object": "JavaParserVisitor.MethodInfo"}, "swap": {"memberReferences": {"py/set": []}, "methodName": "swap", "methodReferences": {"py/set": []}, "py/object": "JavaParserVisitor.MethodInfo"}}, "possibleFather": "", "py/object": "JavaParserVisitor.ClassInfo", "span": 68}, "MergeSortBU": {"className": "MergeSortBU", "members": {"py/set": []}, "methods": {"main": {"memberReferences": {"py/set": []}, "methodName": "main", "methodReferences": {"py/set": []}, "py/object": "JavaParserVisitor.MethodInfo"}, "merge": {"memberReferences": {"py/set": []}, "methodName": "merge", "methodReferences": {"py/set": []}, "py/object": "JavaParserVisitor.MethodInfo"}, "sort": {"memberReferences": {"py/set": []}, "methodName": "sort", "methodReferences": {"py/set": ["merge"]}, "py/object": "JavaParserVisitor.MethodInfo"}}, "possibleFather": "", "py/object": "JavaParserVisitor.ClassInfo", "span": 36}, "Node": {"className": "Node", "members": {"py/set": ["isWord", "next"]}, "methods": {"Node": {"memberReferences": {"py/set": []}, "methodName": "Node", "methodReferences": {"py/set": []}, "py/object": "JavaParserVisitor.MethodInfo"}}, "possibleFather": "", "py/object": "JavaParserVisitor.ClassInfo", "span": 10}, "PrintHelper": {"className": "PrintHelper", "members": {"py/set": []}, "methods": {"PrintHelper": {"memberReferences": {"py/set": []}, "methodName": "PrintHelper", "methodReferences": {"py/set": []}, "py/object": "JavaParserVisitor.MethodInfo"}, "generateNearlyOrderedArray": {"memberReferences": {"py/set": []}, "methodName": "generateNearlyOrderedArray", "methodReferences": {"py/set": []}, "py/object": "JavaParserVisitor.MethodInfo"}, "generateRandomArray": {"memberReferences": {"py/set": []}, "methodName": "generateRandomArray", "methodReferences": {"py/set": []}, "py/object": "JavaParserVisitor.MethodInfo"}, "isSorted": {"memberReferences": {"py/set": []}, "methodName": "isSorted", "methodReferences": {"py/set": []}, "py/object": "JavaParserVisitor.MethodInfo"}, "print2DArray": {"memberReferences": {"py/set": []}, "methodName": "print2DArray", "methodReferences": {"py/set": []}, "py/object": "JavaParserVisitor.MethodInfo"}, "printArray": {"memberReferences": {"py/set": []}, "methodName": "printArray", "methodReferences": {"py/set": []}, "py/object": "JavaParserVisitor.MethodInfo"}, "testSort": {"memberReferences": {"py/set": []}, "methodName": "testSort", "methodReferences": {"py/set": ["isSorted"]}, "py/object": "JavaParserVisitor.MethodInfo"}}, "possibleFather": "", "py/object": "JavaParserVisitor.ClassInfo", "span": 127}, "PrintListNode": {"className": "PrintListNode", "members": {"py/set": []}, "methods": {"print": {"memberReferences": {"py/set": []}, "methodName": "print", "methodReferences": {"py/set": ["print"]}, "py/object": "JavaParserVisitor.MethodInfo"}}, "possibleFather": "", "py/object": "JavaParserVisitor.ClassInfo", "span": 10}, "PrintableMaxHeap": {"className": "PrintableMaxHeap", "members": {"py/set": []}, "methods": {"PrintableMaxHeap": {"memberReferences": {"py/set": []}, "methodName": "PrintableMaxHeap", "methodReferences": {"py/set": []}, "py/object": "JavaParserVisitor.MethodInfo"}, "main": {"memberReferences": {"py/set": []}, "methodName": "main", "methodReferences": {"py/set": []}, "py/object": "JavaParserVisitor.MethodInfo"}, "putBranchInLine": {"memberReferences": {"py/set": []}, "methodName": "putBranchInLine", "methodReferences": {"py/set": []}, "py/object": "JavaParserVisitor.MethodInfo"}, "putNumberInLine": {"memberReferences": {"py/set": []}, "methodName": "putNumberInLine", "methodReferences": {"py/set": []}, "py/object": "JavaParserVisitor.MethodInfo"}, "treePrint": {"memberReferences": {"py/set": []}, "methodName": "treePrint", "methodReferences": {"py/set": ["putNumberInLine", "putBranchInLine"]}, "py/object": "JavaParserVisitor.MethodInfo"}}, "possibleFather": "MaxHeap<Comparable<Integer>>", "py/object": "JavaParserVisitor.ClassInfo", "span": 102}, "QuickSort": {"className": "QuickSort", "members": {"py/set": []}, "methods": {"main": {"memberReferences": {"py/set": []}, "methodName": "main", "methodReferences": {"py/set": []}, "py/object": "JavaParserVisitor.MethodInfo"}}, "possibleFather": "", "py/object": "JavaParserVisitor.ClassInfo", "span": 11}, "QuickSort2Ways": {"className": "QuickSort2Ways", "members": {"py/set": []}, "methods": {"QuickSort2Ways": {"memberReferences": {"py/set": []}, "methodName": "QuickSort2Ways", "methodReferences": {"py/set": []}, "py/object": "JavaParserVisitor.MethodInfo"}, "main": {"memberReferences": {"py/set": []}, "methodName": "main", "methodReferences": {"py/set": ["sort"]}, "py/object": "JavaParserVisitor.MethodInfo"}, "partition": {"memberReferences": {"py/set": []}, "methodName": "partition", "methodReferences": {"py/set": ["swap"]}, "py/object": "JavaParserVisitor.MethodInfo"}, "sort": {"memberReferences": {"py/set": []}, "methodName": "sort", "methodReferences": {"py/set": ["sort"]}, "py/object": "JavaParserVisitor.MethodInfo"}, "swap": {"memberReferences": {"py/set": []}, "methodName": "swap", "methodReferences": {"py/set": []}, "py/object": "JavaParserVisitor.MethodInfo"}}, "possibleFather": "", "py/object": "JavaParserVisitor.ClassInfo", "span": 82}, "QuickSort2Ways_Study": {"className": "QuickSort2Ways_Study", "members": {"py/set": []}, "methods": {"QuickSort2Ways": {"memberReferences": {"py/set": []}, "methodName": "QuickSort2Ways", "methodReferences": {"py/set": ["QuickSort2Ways", "partition"]}, "py/object": "JavaParserVisitor.MethodInfo"}, "main": {"memberReferences": {"py/set": []}, "methodName": "main", "methodReferences": {"py/set": ["QuickSort2Ways", "printArray"]}, "py/object": "JavaParserVisitor.MethodInfo"}, "partition": {"memberReferences": {"py/set": []}, "methodName": "partition", "methodReferences": {"py/set": ["swap"]}, "py/object": "JavaParserVisitor.MethodInfo"}, "printArray": {"memberReferences": {"py/set": []}, "methodName": "printArray", "methodReferences": {"py/set": []}, "py/object": "JavaParserVisitor.MethodInfo"}, "swap": {"memberReferences": {"py/set": []}, "methodName": "swap", "methodReferences": {"py/set": []}, "py/object": "JavaParserVisitor.MethodInfo"}}, "possibleFather": "", "py/object": "JavaParserVisitor.ClassInfo", "span": 81}, "QuickSort3Ways": {"className": "QuickSort3Ways", "members": {"py/set": []}, "methods": {"QuickSort3Ways": {"memberReferences": {"py/set": []}, "methodName": "QuickSort3Ways", "methodReferences": {"py/set": []}, "py/object": "JavaParserVisitor.MethodInfo"}, "main": {"memberReferences": {"py/set": []}, "methodName": "main", "methodReferences": {"py/set": []}, "py/object": "JavaParserVisitor.MethodInfo"}, "sort": {"memberReferences": {"py/set": []}, "methodName": "sort", "methodReferences": {"py/set": ["sort"]}, "py/object": "JavaParserVisitor.MethodInfo"}, "swap": {"memberReferences": {"py/set": []}, "methodName": "swap", "methodReferences": {"py/set": []}, "py/object": "JavaParserVisitor.MethodInfo"}}, "possibleFather": "", "py/object": "JavaParserVisitor.ClassInfo", "span": 64}, "QuickSort3Ways_Study": {"className": "QuickSort3Ways_Study", "members": {"py/set": []}, "methods": {"QuickSort3Ways": {"memberReferences": {"py/set": []}, "methodName": "QuickSort3Ways", "methodReferences": {"py/set": ["swap", "QuickSort3Ways"]}, "py/object": "JavaParserVisitor.MethodInfo"}, "QuickSort3Ways_Study": {"memberReferences": {"py/set": []}, "methodName": "QuickSort3Ways_Study", "methodReferences": {"py/set": []}, "py/object": "JavaParserVisitor.MethodInfo"}, "main": {"memberReferences": {"py/set": []}, "methodName": "main", "methodReferences": {"py/set": ["QuickSort3Ways", "printArray"]}, "py/object": "JavaParserVisitor.MethodInfo"}, "printArray": {"memberReferences": {"py/set": []}, "methodName": "printArray", "methodReferences": {"py/set": []}, "py/object": "JavaParserVisitor.MethodInfo"}, "swap": {"memberReferences": {"py/set": []}, "methodName": "swap", "methodReferences": {"py/set": []}, "py/object": "JavaParserVisitor.MethodInfo"}}, "possibleFather": "", "py/object": "JavaParserVisitor.ClassInfo", "span": 62}, "QuickSort_Rand": {"className": "QuickSort_Rand", "members": {"py/set": []}, "methods": {"QuickSort_Rand": {"memberReferences": {"py/set": []}, "methodName": "QuickSort_Rand", "methodReferences": {"py/set": []}, "py/object": "JavaParserVisitor.MethodInfo"}, "main": {"memberReferences": {"py/set": []}, "methodName": "main", "methodReferences": {"py/set": []}, "py/object": "JavaParserVisitor.MethodInfo"}, "partition": {"memberReferences": {"py/set": []}, "methodName": "partition", "methodReferences": {"py/set": ["swap"]}, "py/object": "JavaParserVisitor.MethodInfo"}, "sort": {"memberReferences": {"py/set": []}, "methodName": "sort", "methodReferences": {"py/set": ["sort"]}, "py/object": "JavaParserVisitor.MethodInfo"}, "swap": {"memberReferences": {"py/set": []}, "methodName": "swap", "methodReferences": {"py/set": []}, "py/object": "JavaParserVisitor.MethodInfo"}}, "possibleFather": "", "py/object": "JavaParserVisitor.ClassInfo", "span": 60}, "QuickSort_Study": {"className": "QuickSort_Study", "members": {"py/set": []}, "methods": {"QuickSort": {"memberReferences": {"py/set": []}, "methodName": "QuickSort", "methodReferences": {"py/set": ["partition", "QuickSort"]}, "py/object": "JavaParserVisitor.MethodInfo"}, "main": {"memberReferences": {"py/set": []}, "methodName": "main", "methodReferences": {"py/set": ["printArray", "QuickSort"]}, "py/object": "JavaParserVisitor.MethodInfo"}, "partition": {"memberReferences": {"py/set": []}, "methodName": "partition", "methodReferences": {"py/set": ["swap"]}, "py/object": "JavaParserVisitor.MethodInfo"}, "printArray": {"memberReferences": {"py/set": []}, "methodName": "printArray", "methodReferences": {"py/set": []}, "py/object": "JavaParserVisitor.MethodInfo"}, "swap": {"memberReferences": {"py/set": []}, "methodName": "swap", "methodReferences": {"py/set": []}, "py/object": "JavaParserVisitor.MethodInfo"}}, "possibleFather": "", "py/object": "JavaParserVisitor.ClassInfo", "span": 52}, "QuickSort_normal": {"className": "QuickSort_normal", "members": {"py/set": []}, "methods": {"main": {"memberReferences": {"py/set": []}, "methodName": "main", "methodReferences": {"py/set": ["quickSort"]}, "py/object": "JavaParserVisitor.MethodInfo"}, "partition": {"memberReferences": {"py/set": []}, "methodName": "partition", "methodReferences": {"py/set": ["swap"]}, "py/object": "JavaParserVisitor.MethodInfo"}, "quickSort": {"memberReferences": {"py/set": []}, "methodName": "quickSort", "methodReferences": {"py/set": ["partition", "quickSort"]}, "py/object": "JavaParserVisitor.MethodInfo"}, "swap": {"memberReferences": {"py/set": []}, "methodName": "swap", "methodReferences": {"py/set": []}, "py/object": "JavaParserVisitor.MethodInfo"}}, "possibleFather": "", "py/object": "JavaParserVisitor.ClassInfo", "span": 34}, "RandomListNode": {"className": "RandomListNode", "members": {"py/set": ["next", "label", "random"]}, "methods": {"RandomListNode": {"memberReferences": {"py/set": ["label"]}, "methodName": "RandomListNode", "methodReferences": {"py/set": []}, "py/object": "JavaParserVisitor.MethodInfo"}}, "possibleFather": "", "py/object": "JavaParserVisitor.ClassInfo", "span": 6}, "SelectionSort": {"className": "SelectionSort", "members": {"py/set": []}, "methods": {"main": {"memberReferences": {"py/set": []}, "methodName": "main", "methodReferences": {"py/set": []}, "py/object": "JavaParserVisitor.MethodInfo"}, "sort": {"memberReferences": {"py/set": []}, "methodName": "sort", "methodReferences": {"py/set": ["swap"]}, "py/object": "JavaParserVisitor.MethodInfo"}, "swap": {"memberReferences": {"py/set": []}, "methodName": "swap", "methodReferences": {"py/set": []}, "py/object": "JavaParserVisitor.MethodInfo"}}, "possibleFather": "", "py/object": "JavaParserVisitor.ClassInfo", "span": 29}, "ShellSort": {"className": "ShellSort", "members": {"py/set": []}, "methods": {"main": {"memberReferences": {"py/set": []}, "methodName": "main", "methodReferences": {"py/set": []}, "py/object": "JavaParserVisitor.MethodInfo"}, "sort": {"memberReferences": {"py/set": []}, "methodName": "sort", "methodReferences": {"py/set": []}, "py/object": "JavaParserVisitor.MethodInfo"}, "sort2": {"memberReferences": {"py/set": []}, "methodName": "sort2", "methodReferences": {"py/set": []}, "py/object": "JavaParserVisitor.MethodInfo"}, "swap": {"memberReferences": {"py/set": []}, "methodName": "swap", "methodReferences": {"py/set": []}, "py/object": "JavaParserVisitor.MethodInfo"}}, "possibleFather": "", "py/object": "JavaParserVisitor.ClassInfo", "span": 66}, "SizeOf": {"className": "SizeOf", "members": {"py/set": ["WRAPPER_TYPES"]}, "methods": {"SizeOf": {"memberReferences": {"py/set": []}, "methodName": "SizeOf", "methodReferences": {"py/set": []}, "py/object": "JavaParserVisitor.MethodInfo"}, "arrayHandle": {"memberReferences": {"py/set": []}, "methodName": "arrayHandle", "methodReferences": {"py/set": ["of"]}, "py/object": "JavaParserVisitor.MethodInfo"}, "extractFromField": {"memberReferences": {"py/set": []}, "methodName": "extractFromField", "methodReferences": {"py/set": []}, "py/object": "JavaParserVisitor.MethodInfo"}, "isArray": {"memberReferences": {"py/set": []}, "methodName": "isArray", "methodReferences": {"py/set": []}, "py/object": "JavaParserVisitor.MethodInfo"}, "isWrapperType": {"memberReferences": {"py/set": []}, "methodName": "isWrapperType", "methodReferences": {"py/set": []}, "py/object": "JavaParserVisitor.MethodInfo"}, "of": {"memberReferences": {"py/set": []}, "methodName": "of", "methodReferences": {"py/set": ["arrayHandle", "primitiveHandle", "isArray", "ofSuperClass", "wrapperSize", "of", "extractFromField", "isWrapperType"]}, "py/object": "JavaParserVisitor.MethodInfo"}, "ofClass": {"memberReferences": {"py/set": []}, "methodName": "ofClass", "methodReferences": {"py/set": ["wrapperSize", "isArray", "ofClass", "isWrapperType"]}, "py/object": "JavaParserVisitor.MethodInfo"}, "ofSuperClass": {"memberReferences": {"py/set": []}, "methodName": "ofSuperClass", "methodReferences": {"py/set": ["arrayHandle", "primitiveHandle", "isArray", "ofSuperClass", "wrapperSize", "extractFromField", "isWrapperType"]}, "py/object": "JavaParserVisitor.MethodInfo"}, "primitiveHandle": {"memberReferences": {"py/set": []}, "methodName": "primitiveHandle", "methodReferences": {"py/set": ["wrapperSize"]}, "py/object": "JavaParserVisitor.MethodInfo"}, "wrapperSize": {"memberReferences": {"py/set": []}, "methodName": "wrapperSize", "methodReferences": {"py/set": []}, "py/object": "JavaParserVisitor.MethodInfo"}}, "possibleFather": "", "py/object": "JavaParserVisitor.ClassInfo", "span": 228}, "Solution": {"className": "Solution", "members": {"py/set": []}, "methods": {"NumberOf1_1": {"memberReferences": {"py/set": []}, "methodName": "NumberOf1_1", "methodReferences": {"py/set": []}, "py/object": "JavaParserVisitor.MethodInfo"}, "NumberOf1_2": {"memberReferences": {"py/set": []}, "methodName": "NumberOf1_2", "methodReferences": {"py/set": []}, "py/object": "JavaParserVisitor.MethodInfo"}, "NumberOf1_3": {"memberReferences": {"py/set": []}, "methodName": "NumberOf1_3", "methodReferences": {"py/set": []}, "py/object": "JavaParserVisitor.MethodInfo"}, "main": {"memberReferences": {"py/set": []}, "methodName": "main", "methodReferences": {"py/set": ["NumberOf1_1", "NumberOf1_2", "NumberOf1_3"]}, "py/object": "JavaParserVisitor.MethodInfo"}}, "possibleFather": "", "py/object": "JavaParserVisitor.ClassInfo", "span": 43}, "Solution01": {"className": "Solution01", "members": {"py/set": ["count", "memo"]}, "methods": {"bestValue": {"memberReferences": {"py/set": ["memo", "count"]}, "methodName": "bestValue", "methodReferences": {"py/set": ["bestValue", "max"]}, "py/object": "JavaParserVisitor.MethodInfo"}, "knapsack": {"memberReferences": {"py/set": ["count", "memo"]}, "methodName": "knapsack", "methodReferences": {"py/set": ["bestValue"]}, "py/object": "JavaParserVisitor.MethodInfo"}, "main": {"memberReferences": {"py/set": ["memo", "count"]}, "methodName": "main", "methodReferences": {"py/set": ["knapsack"]}, "py/object": "JavaParserVisitor.MethodInfo"}, "max": {"memberReferences": {"py/set": []}, "methodName": "max", "methodReferences": {"py/set": []}, "py/object": "JavaParserVisitor.MethodInfo"}}, "possibleFather": "", "py/object": "JavaParserVisitor.ClassInfo", "span": 40}, "Solution02": {"className": "Solution02", "members": {"py/set": []}, "methods": {"knapsack": {"memberReferences": {"py/set": []}, "methodName": "knapsack", "methodReferences": {"py/set": ["max"]}, "py/object": "JavaParserVisitor.MethodInfo"}, "main": {"memberReferences": {"py/set": []}, "methodName": "main", "methodReferences": {"py/set": ["knapsack"]}, "py/object": "JavaParserVisitor.MethodInfo"}, "max": {"memberReferences": {"py/set": []}, "methodName": "max", "methodReferences": {"py/set": []}, "py/object": "JavaParserVisitor.MethodInfo"}}, "possibleFather": "", "py/object": "JavaParserVisitor.ClassInfo", "span": 32}, "Solution03": {"className": "Solution03", "members": {"py/set": []}, "methods": {"knapsack": {"memberReferences": {"py/set": []}, "methodName": "knapsack", "methodReferences": {"py/set": ["max"]}, "py/object": "JavaParserVisitor.MethodInfo"}, "main": {"memberReferences": {"py/set": []}, "methodName": "main", "methodReferences": {"py/set": ["knapsack"]}, "py/object": "JavaParserVisitor.MethodInfo"}, "max": {"memberReferences": {"py/set": []}, "methodName": "max", "methodReferences": {"py/set": []}, "py/object": "JavaParserVisitor.MethodInfo"}}, "possibleFather": "", "py/object": "JavaParserVisitor.ClassInfo", "span": 32}, "Solution1": {"className": "Solution1", "members": {"py/set": ["memo"]}, "methods": {"main": {"memberReferences": {"py/set": ["memo"]}, "methodName": "main", "methodReferences": {"py/set": ["rob"]}, "py/object": "JavaParserVisitor.MethodInfo"}, "rob": {"memberReferences": {"py/set": ["memo"]}, "methodName": "rob", "methodReferences": {"py/set": []}, "py/object": "JavaParserVisitor.MethodInfo"}, "rob2": {"memberReferences": {"py/set": ["memo"]}, "methodName": "rob2", "methodReferences": {"py/set": ["tryRobber"]}, "py/object": "JavaParserVisitor.MethodInfo"}, "tryRobber": {"memberReferences": {"py/set": ["memo"]}, "methodName": "tryRobber", "methodReferences": {"py/set": []}, "py/object": "JavaParserVisitor.MethodInfo"}}, "possibleFather": "", "py/object": "JavaParserVisitor.ClassInfo", "span": 56}, "Solution1_\u9012\u5f52\u65b9\u6cd5": {"className": "Solution1_\u9012\u5f52\u65b9\u6cd5", "members": {"py/set": []}, "methods": {"JumpFloor": {"memberReferences": {"py/set": []}, "methodName": "JumpFloor", "methodReferences": {"py/set": ["JumpFloor"]}, "py/object": "JavaParserVisitor.MethodInfo"}}, "possibleFather": "", "py/object": "JavaParserVisitor.ClassInfo", "span": 13}, "Solution2": {"className": "Solution2", "members": {"py/set": ["res", "used"]}, "methods": {"Permutation": {"memberReferences": {"py/set": ["res", "used"]}, "methodName": "Permutation", "methodReferences": {"py/set": ["permute"]}, "py/object": "JavaParserVisitor.MethodInfo"}, "generatePermutation": {"memberReferences": {"py/set": ["res", "used"]}, "methodName": "generatePermutation", "methodReferences": {"py/set": ["generatePermutation"]}, "py/object": "JavaParserVisitor.MethodInfo"}, "main": {"memberReferences": {"py/set": ["res", "used"]}, "methodName": "main", "methodReferences": {"py/set": ["Permutation"]}, "py/object": "JavaParserVisitor.MethodInfo"}, "permute": {"memberReferences": {"py/set": ["res", "used"]}, "methodName": "permute", "methodReferences": {"py/set": ["generatePermutation"]}, "py/object": "JavaParserVisitor.MethodInfo"}, "printList": {"memberReferences": {"py/set": []}, "methodName": "printList", "methodReferences": {"py/set": []}, "py/object": "JavaParserVisitor.MethodInfo"}}, "possibleFather": "", "py/object": "JavaParserVisitor.ClassInfo", "span": 63}, "Solution2_\u8bb0\u5fc6\u5316\u641c\u7d22": {"className": "Solution2_\u8bb0\u5fc6\u5316\u641c\u7d22", "members": {"py/set": []}, "methods": {"JumpFloor": {"memberReferences": {"py/set": []}, "methodName": "JumpFloor", "methodReferences": {"py/set": ["jump"]}, "py/object": "JavaParserVisitor.MethodInfo"}, "jump": {"memberReferences": {"py/set": []}, "methodName": "jump", "methodReferences": {"py/set": ["jump"]}, "py/object": "JavaParserVisitor.MethodInfo"}, "main": {"memberReferences": {"py/set": []}, "methodName": "main", "methodReferences": {"py/set": ["JumpFloor"]}, "py/object": "JavaParserVisitor.MethodInfo"}}, "possibleFather": "", "py/object": "JavaParserVisitor.ClassInfo", "span": 31}, "Solution3": {"className": "Solution3", "members": {"py/set": []}, "methods": {"main": {"memberReferences": {"py/set": []}, "methodName": "main", "methodReferences": {"py/set": []}, "py/object": "JavaParserVisitor.MethodInfo"}, "reConstructBinaryTree": {"memberReferences": {"py/set": []}, "methodName": "reConstructBinaryTree", "methodReferences": {"py/set": ["reConstructBinaryTree"]}, "py/object": "JavaParserVisitor.MethodInfo"}}, "possibleFather": "", "py/object": "JavaParserVisitor.ClassInfo", "span": 17}, "Solution3_\u52a8\u6001\u89c4\u5212": {"className": "Solution3_\u52a8\u6001\u89c4\u5212", "members": {"py/set": []}, "methods": {"Fibonacci": {"memberReferences": {"py/set": []}, "methodName": "Fibonacci", "methodReferences": {"py/set": []}, "py/object": "JavaParserVisitor.MethodInfo"}, "main": {"memberReferences": {"py/set": []}, "methodName": "main", "methodReferences": {"py/set": ["Fibonacci"]}, "py/object": "JavaParserVisitor.MethodInfo"}}, "possibleFather": "", "py/object": "JavaParserVisitor.ClassInfo", "span": 14}, "Solution4": {"className": "Solution4", "members": {"py/set": ["LISindex"]}, "methods": {"lengthOfLIS": {"memberReferences": {"py/set": ["LISindex"]}, "methodName": "lengthOfLIS", "methodReferences": {"py/set": ["max"]}, "py/object": "JavaParserVisitor.MethodInfo"}, "main": {"memberReferences": {"py/set": ["LISindex"]}, "methodName": "main", "methodReferences": {"py/set": ["lengthOfLIS"]}, "py/object": "JavaParserVisitor.MethodInfo"}, "max": {"memberReferences": {"py/set": []}, "methodName": "max", "methodReferences": {"py/set": []}, "py/object": "JavaParserVisitor.MethodInfo"}, "reverseList": {"memberReferences": {"py/set": []}, "methodName": "reverseList", "methodReferences": {"py/set": []}, "py/object": "JavaParserVisitor.MethodInfo"}}, "possibleFather": "", "py/object": "JavaParserVisitor.ClassInfo", "span": 87}, "Solution_\u9012\u5f52\u65b9\u5f0f": {"className": "Solution_\u9012\u5f52\u65b9\u5f0f", "members": {"py/set": []}, "methods": {"JumpFloorII": {"memberReferences": {"py/set": []}, "methodName": "JumpFloorII", "methodReferences": {"py/set": ["JumpFloorII"]}, "py/object": "JavaParserVisitor.MethodInfo"}, "JumpFloorII2": {"memberReferences": {"py/set": []}, "methodName": "JumpFloorII2", "methodReferences": {"py/set": []}, "py/object": "JavaParserVisitor.MethodInfo"}, "main": {"memberReferences": {"py/set": []}, "methodName": "main", "methodReferences": {"py/set": ["JumpFloorII2", "JumpFloorII"]}, "py/object": "JavaParserVisitor.MethodInfo"}}, "possibleFather": "", "py/object": "JavaParserVisitor.ClassInfo", "span": 28}, "SortTestHelper": {"className": "SortTestHelper", "members": {"py/set": []}, "methods": {"SortTestHelper": {"memberReferences": {"py/set": []}, "methodName": "SortTestHelper", "methodReferences": {"py/set": []}, "py/object": "JavaParserVisitor.MethodInfo"}, "generateRanArray": {"memberReferences": {"py/set": []}, "methodName": "generateRanArray", "methodReferences": {"py/set": []}, "py/object": "JavaParserVisitor.MethodInfo"}, "generateRandomArray": {"memberReferences": {"py/set": []}, "methodName": "generateRandomArray", "methodReferences": {"py/set": []}, "py/object": "JavaParserVisitor.MethodInfo"}, "isSorted": {"memberReferences": {"py/set": []}, "methodName": "isSorted", "methodReferences": {"py/set": []}, "py/object": "JavaParserVisitor.MethodInfo"}, "printArray": {"memberReferences": {"py/set": []}, "methodName": "printArray", "methodReferences": {"py/set": []}, "py/object": "JavaParserVisitor.MethodInfo"}, "testSort": {"memberReferences": {"py/set": []}, "methodName": "testSort", "methodReferences": {"py/set": ["isSorted"]}, "py/object": "JavaParserVisitor.MethodInfo"}}, "possibleFather": "", "py/object": "JavaParserVisitor.ClassInfo", "span": 73}, "Source": {"className": "Source", "members": {"py/set": []}, "methods": {"main": {"memberReferences": {"py/set": []}, "methodName": "main", "methodReferences": {"py/set": []}, "py/object": "JavaParserVisitor.MethodInfo"}}, "possibleFather": "", "py/object": "JavaParserVisitor.ClassInfo", "span": 4}, "Test": {"className": "Test", "members": {"py/set": ["b", "a", "d", "c"]}, "methods": {}, "possibleFather": "", "py/object": "JavaParserVisitor.ClassInfo", "span": 4}, "Test2": {"className": "Test2", "members": {"py/set": ["b", "a", "d", "c"]}, "methods": {}, "possibleFather": "", "py/object": "JavaParserVisitor.ClassInfo", "span": 4}, "Thread1": {"className": "Thread1", "members": {"py/set": []}, "methods": {"main": {"memberReferences": {"py/set": []}, "methodName": "main", "methodReferences": {"py/set": []}, "py/object": "JavaParserVisitor.MethodInfo"}, "run": {"memberReferences": {"py/set": []}, "methodName": "run", "methodReferences": {"py/set": []}, "py/object": "JavaParserVisitor.MethodInfo"}}, "possibleFather": "Thread", "py/object": "JavaParserVisitor.ClassInfo", "span": 19}, "TreeNode": {"className": "TreeNode", "members": {"py/set": ["left", "right", "val"]}, "methods": {"TreeNode": {"memberReferences": {"py/set": ["val"]}, "methodName": "TreeNode", "methodReferences": {"py/set": []}, "py/object": "JavaParserVisitor.MethodInfo"}}, "possibleFather": "", "py/object": "JavaParserVisitor.ClassInfo", "span": 6}, "TreeNodePrint": {"className": "TreeNodePrint", "members": {"py/set": []}, "methods": {"inTraverse": {"memberReferences": {"py/set": []}, "methodName": "inTraverse", "methodReferences": {"py/set": ["inTraverse"]}, "py/object": "JavaParserVisitor.MethodInfo"}, "postTraverse": {"memberReferences": {"py/set": []}, "methodName": "postTraverse", "methodReferences": {"py/set": ["postTraverse"]}, "py/object": "JavaParserVisitor.MethodInfo"}, "preTraverse": {"memberReferences": {"py/set": []}, "methodName": "preTraverse", "methodReferences": {"py/set": ["preTraverse"]}, "py/object": "JavaParserVisitor.MethodInfo"}}, "possibleFather": "", "py/object": "JavaParserVisitor.ClassInfo", "span": 24}, "Trie": {"className": "Trie", "members": {"py/set": ["root"]}, "methods": {"Trie": {"memberReferences": {"py/set": ["root"]}, "methodName": "Trie", "methodReferences": {"py/set": []}, "py/object": "JavaParserVisitor.MethodInfo"}, "insert": {"memberReferences": {"py/set": ["root"]}, "methodName": "insert", "methodReferences": {"py/set": []}, "py/object": "JavaParserVisitor.MethodInfo"}, "main": {"memberReferences": {"py/set": []}, "methodName": "main", "methodReferences": {"py/set": []}, "py/object": "JavaParserVisitor.MethodInfo"}, "search": {"memberReferences": {"py/set": ["root"]}, "methodName": "search", "methodReferences": {"py/set": []}, "py/object": "JavaParserVisitor.MethodInfo"}, "startsWith": {"memberReferences": {"py/set": ["root"]}, "methodName": "startsWith", "methodReferences": {"py/set": []}, "py/object": "JavaParserVisitor.MethodInfo"}}, "possibleFather": "", "py/object": "JavaParserVisitor.ClassInfo", "span": 68}, "UsingArrayList": {"className": "UsingArrayList", "members": {"py/set": []}, "methods": {"main": {"memberReferences": {"py/set": []}, "methodName": "main", "methodReferences": {"py/set": ["sortArrays"]}, "py/object": "JavaParserVisitor.MethodInfo"}, "sortArrays": {"memberReferences": {"py/set": []}, "methodName": "sortArrays", "methodReferences": {"py/set": []}, "py/object": "JavaParserVisitor.MethodInfo"}}, "possibleFather": "", "py/object": "JavaParserVisitor.ClassInfo", "span": 54}, "WordDictionary": {"className": "WordDictionary", "members": {"py/set": ["root"]}, "methods": {"WordDictionary": {"memberReferences": {"py/set": ["root"]}, "methodName": "WordDictionary", "methodReferences": {"py/set": []}, "py/object": "JavaParserVisitor.MethodInfo"}, "addWord": {"memberReferences": {"py/set": ["root"]}, "methodName": "addWord", "methodReferences": {"py/set": []}, "py/object": "JavaParserVisitor.MethodInfo"}, "main": {"memberReferences": {"py/set": ["root"]}, "methodName": "main", "methodReferences": {"py/set": ["search"]}, "py/object": "JavaParserVisitor.MethodInfo"}, "match": {"memberReferences": {"py/set": []}, "methodName": "match", "methodReferences": {"py/set": ["match"]}, "py/object": "JavaParserVisitor.MethodInfo"}, "search": {"memberReferences": {"py/set": ["root"]}, "methodName": "search", "methodReferences": {"py/set": ["match"]}, "py/object": "JavaParserVisitor.MethodInfo"}}, "possibleFather": "", "py/object": "JavaParserVisitor.ClassInfo", "span": 70}, "avl_tree": {"className": "avl_tree", "members": {"py/set": []}, "methods": {"main": {"memberReferences": {"py/set": []}, "methodName": "main", "methodReferences": {"py/set": []}, "py/object": "JavaParserVisitor.MethodInfo"}}, "possibleFather": "Observable", "py/object": "JavaParserVisitor.ClassInfo", "span": 1}, "demo": {"className": "demo", "members": {"py/set": []}, "methods": {"main": {"memberReferences": {"py/set": []}, "methodName": "main", "methodReferences": {"py/set": []}, "py/object": "JavaParserVisitor.MethodInfo"}, "run": {"memberReferences": {"py/set": []}, "methodName": "run", "methodReferences": {"py/set": []}, "py/object": "JavaParserVisitor.MethodInfo"}}, "possibleFather": "", "py/object": "JavaParserVisitor.ClassInfo", "span": 24}, "demo2": {"className": "demo2", "members": {"py/set": []}, "methods": {"main": {"memberReferences": {"py/set": []}, "methodName": "main", "methodReferences": {"py/set": []}, "py/object": "JavaParserVisitor.MethodInfo"}}, "possibleFather": "", "py/object": "JavaParserVisitor.ClassInfo", "span": 2}, "pass_by_value_and_reference": {"className": "pass_by_value_and_reference", "members": {"py/set": []}, "methods": {"changeStringBuffer": {"memberReferences": {"py/set": []}, "methodName": "changeStringBuffer", "methodReferences": {"py/set": []}, "py/object": "JavaParserVisitor.MethodInfo"}, "main": {"memberReferences": {"py/set": []}, "methodName": "main", "methodReferences": {"py/set": ["changeStringBuffer"]}, "py/object": "JavaParserVisitor.MethodInfo"}}, "possibleFather": "", "py/object": "JavaParserVisitor.ClassInfo", "span": 36}, "test": {"className": "test", "members": {"py/set": []}, "methods": {"listAllFiles": {"memberReferences": {"py/set": []}, "methodName": "listAllFiles", "methodReferences": {"py/set": ["listAllFiles"]}, "py/object": "JavaParserVisitor.MethodInfo"}, "main": {"memberReferences": {"py/set": []}, "methodName": "main", "methodReferences": {"py/set": ["listAllFiles"]}, "py/object": "JavaParserVisitor.MethodInfo"}}, "possibleFather": "", "py/object": "JavaParserVisitor.ClassInfo", "span": 17}, "trie_learn": {"className": "trie_learn", "members": {"py/set": []}, "methods": {"main": {"memberReferences": {"py/set": []}, "methodName": "main", "methodReferences": {"py/set": []}, "py/object": "JavaParserVisitor.MethodInfo"}}, "possibleFather": "", "py/object": "JavaParserVisitor.ClassInfo", "span": 5}}