{"SCOM": {"py/object": "Statistics.InterestingStatistics", "classValues": [{"py/tuple": [0.0, 17]}, {"py/tuple": [1, 23]}, {"py/tuple": [1, 22]}, {"py/tuple": [0.0, 20]}, {"py/tuple": [1, 185]}, {"py/tuple": [0.0, 42]}]}, "LSCC": {"py/object": "Statistics.InterestingStatistics", "classValues": [{"py/tuple": [0, 17]}, {"py/tuple": [1, 23]}, {"py/tuple": [1, 22]}, {"py/tuple": [0.0, 20]}, {"py/tuple": [1, 185]}, {"py/tuple": [0.0, 42]}]}, "CC": {"py/object": "Statistics.InterestingStatistics", "classValues": [{"py/tuple": [1, 17]}, {"py/tuple": [1, 23]}, {"py/tuple": [1, 22]}, {"py/tuple": [0.0, 20]}, {"py/tuple": [1, 185]}, {"py/tuple": [0.0, 42]}]}, "LCOM5": {"py/object": "Statistics.InterestingStatistics", "classValues": [{"py/tuple": [0, 17]}, {"py/tuple": [0, 23]}, {"py/tuple": [1.0, 22]}, {"py/tuple": [1.0, 20]}, {"py/tuple": [0.16666666666666663, 185]}, {"py/tuple": [0.5, 42]}]}, "CBAMU": {"py/object": "Statistics.InterestingStatistics", "classValues": [{"py/tuple": [0.0, 17]}, {"py/tuple": [0.0, 23]}, {"py/tuple": [0.0, 22]}, {"py/tuple": [0.0, 20]}, {"py/tuple": [0.4166666666666667, 185]}, {"py/tuple": [0.25, 42]}]}}