{"id": 133910097, "node_id": "MDEwOlJlcG9zaXRvcnkxMzM5MTAwOTc=", "name": "PlateNumberKeyBoard", "full_name": "yechaoa/PlateNumberKeyBoard", "private": false, "owner": {"login": "yechaoa", "id": 19725223, "node_id": "MDQ6VXNlcjE5NzI1MjIz", "avatar_url": "https://avatars.githubusercontent.com/u/19725223?v=4", "gravatar_id": "", "url": "https://api.github.com/users/yechaoa", "html_url": "https://github.com/yechaoa", "followers_url": "https://api.github.com/users/yechaoa/followers", "following_url": "https://api.github.com/users/yechaoa/following{/other_user}", "gists_url": "https://api.github.com/users/yechaoa/gists{/gist_id}", "starred_url": "https://api.github.com/users/yechaoa/starred{/owner}{/repo}", "subscriptions_url": "https://api.github.com/users/yechaoa/subscriptions", "organizations_url": "https://api.github.com/users/yechaoa/orgs", "repos_url": "https://api.github.com/users/yechaoa/repos", "events_url": "https://api.github.com/users/yechaoa/events{/privacy}", "received_events_url": "https://api.github.com/users/yechaoa/received_events", "type": "User", "site_admin": false}, "html_url": "https://github.com/yechaoa/PlateNumberKeyBoard", "description": "Android \u81ea\u5b9a\u4e49\u8f66\u724c\u952e\u76d8", "fork": false, "url": "https://api.github.com/repos/yechaoa/PlateNumberKeyBoard", "forks_url": "https://api.github.com/repos/yechaoa/PlateNumberKeyBoard/forks", "keys_url": "https://api.github.com/repos/yechaoa/PlateNumberKeyBoard/keys{/key_id}", "collaborators_url": "https://api.github.com/repos/yechaoa/PlateNumberKeyBoard/collaborators{/collaborator}", "teams_url": "https://api.github.com/repos/yechaoa/PlateNumberKeyBoard/teams", "hooks_url": "https://api.github.com/repos/yechaoa/PlateNumberKeyBoard/hooks", "issue_events_url": "https://api.github.com/repos/yechaoa/PlateNumberKeyBoard/issues/events{/number}", "events_url": "https://api.github.com/repos/yechaoa/PlateNumberKeyBoard/events", "assignees_url": "https://api.github.com/repos/yechaoa/PlateNumberKeyBoard/assignees{/user}", "branches_url": "https://api.github.com/repos/yechaoa/PlateNumberKeyBoard/branches{/branch}", "tags_url": "https://api.github.com/repos/yechaoa/PlateNumberKeyBoard/tags", "blobs_url": "https://api.github.com/repos/yechaoa/PlateNumberKeyBoard/git/blobs{/sha}", "git_tags_url": "https://api.github.com/repos/yechaoa/PlateNumberKeyBoard/git/tags{/sha}", "git_refs_url": "https://api.github.com/repos/yechaoa/PlateNumberKeyBoard/git/refs{/sha}", "trees_url": "https://api.github.com/repos/yechaoa/PlateNumberKeyBoard/git/trees{/sha}", "statuses_url": "https://api.github.com/repos/yechaoa/PlateNumberKeyBoard/statuses/{sha}", "languages_url": "https://api.github.com/repos/yechaoa/PlateNumberKeyBoard/languages", "stargazers_url": "https://api.github.com/repos/yechaoa/PlateNumberKeyBoard/stargazers", "contributors_url": "https://api.github.com/repos/yechaoa/PlateNumberKeyBoard/contributors", "subscribers_url": "https://api.github.com/repos/yechaoa/PlateNumberKeyBoard/subscribers", "subscription_url": "https://api.github.com/repos/yechaoa/PlateNumberKeyBoard/subscription", "commits_url": "https://api.github.com/repos/yechaoa/PlateNumberKeyBoard/commits{/sha}", "git_commits_url": "https://api.github.com/repos/yechaoa/PlateNumberKeyBoard/git/commits{/sha}", "comments_url": "https://api.github.com/repos/yechaoa/PlateNumberKeyBoard/comments{/number}", "issue_comment_url": "https://api.github.com/repos/yechaoa/PlateNumberKeyBoard/issues/comments{/number}", "contents_url": "https://api.github.com/repos/yechaoa/PlateNumberKeyBoard/contents/{+path}", "compare_url": "https://api.github.com/repos/yechaoa/PlateNumberKeyBoard/compare/{base}...{head}", "merges_url": "https://api.github.com/repos/yechaoa/PlateNumberKeyBoard/merges", "archive_url": "https://api.github.com/repos/yechaoa/PlateNumberKeyBoard/{archive_format}{/ref}", "downloads_url": "https://api.github.com/repos/yechaoa/PlateNumberKeyBoard/downloads", "issues_url": "https://api.github.com/repos/yechaoa/PlateNumberKeyBoard/issues{/number}", "pulls_url": "https://api.github.com/repos/yechaoa/PlateNumberKeyBoard/pulls{/number}", "milestones_url": "https://api.github.com/repos/yechaoa/PlateNumberKeyBoard/milestones{/number}", "notifications_url": "https://api.github.com/repos/yechaoa/PlateNumberKeyBoard/notifications{?since,all,participating}", "labels_url": "https://api.github.com/repos/yechaoa/PlateNumberKeyBoard/labels{/name}", "releases_url": "https://api.github.com/repos/yechaoa/PlateNumberKeyBoard/releases{/id}", "deployments_url": "https://api.github.com/repos/yechaoa/PlateNumberKeyBoard/deployments", "created_at": "2018-05-18T06:02:56Z", "updated_at": "2022-03-01T13:57:57Z", "pushed_at": "2018-05-18T06:14:45Z", "git_url": "git://github.com/yechaoa/PlateNumberKeyBoard.git", "ssh_url": "git@github.com:yechaoa/PlateNumberKeyBoard.git", "clone_url": "https://github.com/yechaoa/PlateNumberKeyBoard.git", "svn_url": "https://github.com/yechaoa/PlateNumberKeyBoard", "homepage": "", "size": 223, "stargazers_count": 51, "watchers_count": 51, "language": "Java", "has_issues": true, "has_projects": true, "has_downloads": true, "has_wiki": true, "has_pages": false, "forks_count": 11, "mirror_url": null, "archived": false, "disabled": false, "open_issues_count": 5, "license": null, "allow_forking": true, "is_template": false, "topics": [], "visibility": "public", "forks": 11, "open_issues": 5, "watchers": 51, "default_branch": "master", "score": 1.0, "__project_size": 556922, "__java_files_sizes": 9089, "__java_files_loc": 294, "contributors_url_calculated": 1, "commits_url_calculated": 3}