{"ExampleInstrumentedTest": {"className": "ExampleInstrumentedTest", "members": {"py/set": []}, "methods": {"useAppContext": {"memberReferences": {"py/set": []}, "methodName": "useAppContext", "methodReferences": {"py/set": []}, "py/object": "JavaParserVisitor.MethodInfo"}}, "possibleFather": "", "py/object": "JavaParserVisitor.ClassInfo", "span": 6}, "ExampleUnitTest": {"className": "ExampleUnitTest", "members": {"py/set": []}, "methods": {"addition_isCorrect": {"memberReferences": {"py/set": []}, "methodName": "addition_isCorrect", "methodReferences": {"py/set": []}, "py/object": "JavaParserVisitor.MethodInfo"}}, "possibleFather": "", "py/object": "JavaParserVisitor.ClassInfo", "span": 3}, "KeyboardUtil": {"className": "KeyboardUtil", "members": {"py/set": ["numberKeyboard", "mEdit", "listener", "mActivity", "provinceKeyboard", "mKeyboardView"]}, "methods": {"KeyboardUtil": {"memberReferences": {"py/set": ["numberKeyboard", "mEdit", "mActivity", "provinceKeyboard", "mKeyboardView"]}, "methodName": "KeyboardUtil", "methodReferences": {"py/set": []}, "py/object": "JavaParserVisitor.MethodInfo"}, "changeKeyboard": {"memberReferences": {"py/set": []}, "methodName": "changeKeyboard", "methodReferences": {"py/set": []}, "py/object": "JavaParserVisitor.MethodInfo"}, "hideKeyboard": {"memberReferences": {"py/set": ["mKeyboardView"]}, "methodName": "hideKeyboard", "methodReferences": {"py/set": []}, "py/object": "JavaParserVisitor.MethodInfo"}, "hideSoftInputMethod": {"memberReferences": {"py/set": ["mEdit"]}, "methodName": "hideSoftInputMethod", "methodReferences": {"py/set": []}, "py/object": "JavaParserVisitor.MethodInfo"}, "isShow": {"memberReferences": {"py/set": []}, "methodName": "isShow", "methodReferences": {"py/set": []}, "py/object": "JavaParserVisitor.MethodInfo"}, "onKey": {"memberReferences": {"py/set": []}, "methodName": "onKey", "methodReferences": {"py/set": ["changeKeyboard"]}, "py/object": "JavaParserVisitor.MethodInfo"}, "onPress": {"memberReferences": {"py/set": []}, "methodName": "onPress", "methodReferences": {"py/set": []}, "py/object": "JavaParserVisitor.MethodInfo"}, "onRelease": {"memberReferences": {"py/set": []}, "methodName": "onRelease", "methodReferences": {"py/set": []}, "py/object": "JavaParserVisitor.MethodInfo"}, "onText": {"memberReferences": {"py/set": []}, "methodName": "onText", "methodReferences": {"py/set": []}, "py/object": "JavaParserVisitor.MethodInfo"}, "showKeyboard": {"memberReferences": {"py/set": ["mKeyboardView"]}, "methodName": "showKeyboard", "methodReferences": {"py/set": []}, "py/object": "JavaParserVisitor.MethodInfo"}, "swipeDown": {"memberReferences": {"py/set": []}, "methodName": "swipeDown", "methodReferences": {"py/set": []}, "py/object": "JavaParserVisitor.MethodInfo"}, "swipeLeft": {"memberReferences": {"py/set": []}, "methodName": "swipeLeft", "methodReferences": {"py/set": []}, "py/object": "JavaParserVisitor.MethodInfo"}, "swipeRight": {"memberReferences": {"py/set": []}, "methodName": "swipeRight", "methodReferences": {"py/set": []}, "py/object": "JavaParserVisitor.MethodInfo"}, "swipeUp": {"memberReferences": {"py/set": []}, "methodName": "swipeUp", "methodReferences": {"py/set": []}, "py/object": "JavaParserVisitor.MethodInfo"}}, "possibleFather": "", "py/object": "JavaParserVisitor.ClassInfo", "span": 155}, "MainActivity": {"className": "MainActivity", "members": {"py/set": ["mEditText", "keyboardUtil"]}, "methods": {"afterTextChanged": {"memberReferences": {"py/set": []}, "methodName": "afterTextChanged", "methodReferences": {"py/set": []}, "py/object": "JavaParserVisitor.MethodInfo"}, "beforeTextChanged": {"memberReferences": {"py/set": []}, "methodName": "beforeTextChanged", "methodReferences": {"py/set": []}, "py/object": "JavaParserVisitor.MethodInfo"}, "onCreate": {"memberReferences": {"py/set": ["mEditText"]}, "methodName": "onCreate", "methodReferences": {"py/set": []}, "py/object": "JavaParserVisitor.MethodInfo"}, "onKeyDown": {"memberReferences": {"py/set": []}, "methodName": "onKeyDown", "methodReferences": {"py/set": []}, "py/object": "JavaParserVisitor.MethodInfo"}, "onTextChanged": {"memberReferences": {"py/set": []}, "methodName": "onTextChanged", "methodReferences": {"py/set": []}, "py/object": "JavaParserVisitor.MethodInfo"}, "onTouch": {"memberReferences": {"py/set": ["mEditText", "keyboardUtil"]}, "methodName": "onTouch", "methodReferences": {"py/set": []}, "py/object": "JavaParserVisitor.MethodInfo"}}, "possibleFather": "AppCompatActivity", "py/object": "JavaParserVisitor.ClassInfo", "span": 54}}