{"SCOM": {"py/object": "Statistics.InterestingStatistics", "classValues": [{"py/tuple": [1, 6]}, {"py/tuple": [1, 3]}, {"py/tuple": [0.029304029304029304, 155]}, {"py/tuple": [0.06666666666666667, 54]}]}, "LSCC": {"py/object": "Statistics.InterestingStatistics", "classValues": [{"py/tuple": [1, 6]}, {"py/tuple": [1, 3]}, {"py/tuple": [0.007326007326007326, 155]}, {"py/tuple": [0.03333333333333333, 54]}]}, "CC": {"py/object": "Statistics.InterestingStatistics", "classValues": [{"py/tuple": [1, 6]}, {"py/tuple": [1, 3]}, {"py/tuple": [0.017582417582417582, 155]}, {"py/tuple": [0.03333333333333333, 54]}]}, "LCOM5": {"py/object": "Statistics.InterestingStatistics", "classValues": [{"py/tuple": [0, 6]}, {"py/tuple": [0, 3]}, {"py/tuple": [0.9047619047619048, 155]}, {"py/tuple": [0.75, 54]}]}, "CBAMU": {"py/object": "Statistics.InterestingStatistics", "classValues": [{"py/tuple": [0.0, 6]}, {"py/tuple": [0.0, 3]}, {"py/tuple": [0.05036630036630036, 155]}, {"py/tuple": [0.125, 54]}]}}