{"AclOperation": {"className": "AclOperation", "members": {"py/set": ["client", "zkServerPath", "nodePath"]}, "methods": {"SetAcl": {"memberReferences": {"py/set": ["nodePath"]}, "methodName": "SetAcl", "methodReferences": {"py/set": []}, "py/object": "JavaParserVisitor.MethodInfo"}, "createNodesWithAcl": {"memberReferences": {"py/set": ["nodePath"]}, "methodName": "createNodesWithAcl", "methodReferences": {"py/set": []}, "py/object": "JavaParserVisitor.MethodInfo"}, "destroy": {"memberReferences": {"py/set": ["client"]}, "methodName": "destroy", "methodReferences": {"py/set": []}, "py/object": "JavaParserVisitor.MethodInfo"}, "getAcl": {"memberReferences": {"py/set": ["nodePath"]}, "methodName": "getAcl", "methodReferences": {"py/set": []}, "py/object": "JavaParserVisitor.MethodInfo"}, "prepare": {"memberReferences": {"py/set": ["zkServerPath", "client"]}, "methodName": "prepare", "methodReferences": {"py/set": []}, "py/object": "JavaParserVisitor.MethodInfo"}}, "possibleFather": "", "py/object": "JavaParserVisitor.ClassInfo", "span": 72}, "AppendRegionObserver": {"className": "AppendRegionObserver", "members": {"py/set": ["qualifier", "columnFamily"]}, "methods": {"prePut": {"memberReferences": {"py/set": ["columnFamily", "qualifier"]}, "methodName": "prePut", "methodReferences": {"py/set": []}, "py/object": "JavaParserVisitor.MethodInfo"}}, "possibleFather": "BaseRegionObserver", "py/object": "JavaParserVisitor.ClassInfo", "span": 27}, "BasicOperation": {"className": "BasicOperation", "members": {"py/set": ["client", "zkServerPath", "nodePath"]}, "methods": {"DisposableWatch": {"memberReferences": {"py/set": ["nodePath"]}, "methodName": "DisposableWatch", "methodReferences": {"py/set": []}, "py/object": "JavaParserVisitor.MethodInfo"}, "childEvent": {"memberReferences": {"py/set": []}, "methodName": "childEvent", "methodReferences": {"py/set": []}, "py/object": "JavaParserVisitor.MethodInfo"}, "createNodes": {"memberReferences": {"py/set": ["nodePath"]}, "methodName": "createNodes", "methodReferences": {"py/set": []}, "py/object": "JavaParserVisitor.MethodInfo"}, "deleteNodes": {"memberReferences": {"py/set": ["nodePath"]}, "methodName": "deleteNodes", "methodReferences": {"py/set": []}, "py/object": "JavaParserVisitor.MethodInfo"}, "destroy": {"memberReferences": {"py/set": ["client"]}, "methodName": "destroy", "methodReferences": {"py/set": []}, "py/object": "JavaParserVisitor.MethodInfo"}, "existNode": {"memberReferences": {"py/set": ["nodePath"]}, "methodName": "existNode", "methodReferences": {"py/set": []}, "py/object": "JavaParserVisitor.MethodInfo"}, "getChildrenNodes": {"memberReferences": {"py/set": []}, "methodName": "getChildrenNodes", "methodReferences": {"py/set": []}, "py/object": "JavaParserVisitor.MethodInfo"}, "getNode": {"memberReferences": {"py/set": ["nodePath"]}, "methodName": "getNode", "methodReferences": {"py/set": []}, "py/object": "JavaParserVisitor.MethodInfo"}, "getStatus": {"memberReferences": {"py/set": []}, "methodName": "getStatus", "methodReferences": {"py/set": []}, "py/object": "JavaParserVisitor.MethodInfo"}, "nodeChanged": {"memberReferences": {"py/set": []}, "methodName": "nodeChanged", "methodReferences": {"py/set": []}, "py/object": "JavaParserVisitor.MethodInfo"}, "permanentChildrenNodesWatch": {"memberReferences": {"py/set": ["client"]}, "methodName": "permanentChildrenNodesWatch", "methodReferences": {"py/set": []}, "py/object": "JavaParserVisitor.MethodInfo"}, "permanentWatch": {"memberReferences": {"py/set": ["client", "nodePath"]}, "methodName": "permanentWatch", "methodReferences": {"py/set": []}, "py/object": "JavaParserVisitor.MethodInfo"}, "prepare": {"memberReferences": {"py/set": ["zkServerPath", "client"]}, "methodName": "prepare", "methodReferences": {"py/set": []}, "py/object": "JavaParserVisitor.MethodInfo"}, "process": {"memberReferences": {"py/set": []}, "methodName": "process", "methodReferences": {"py/set": []}, "py/object": "JavaParserVisitor.MethodInfo"}, "updateNode": {"memberReferences": {"py/set": ["nodePath"]}, "methodName": "updateNode", "methodReferences": {"py/set": []}, "py/object": "JavaParserVisitor.MethodInfo"}}, "possibleFather": "", "py/object": "JavaParserVisitor.ClassInfo", "span": 186}, "ClusterWordCountApp": {"className": "ClusterWordCountApp", "members": {"py/set": []}, "methods": {"main": {"memberReferences": {"py/set": []}, "methodName": "main", "methodReferences": {"py/set": []}, "py/object": "JavaParserVisitor.MethodInfo"}}, "possibleFather": "", "py/object": "JavaParserVisitor.ClassInfo", "span": 14}, "ConsumerASyn": {"className": "ConsumerASyn", "members": {"py/set": []}, "methods": {"main": {"memberReferences": {"py/set": []}, "methodName": "main", "methodReferences": {"py/set": []}, "py/object": "JavaParserVisitor.MethodInfo"}, "onComplete": {"memberReferences": {"py/set": []}, "methodName": "onComplete", "methodReferences": {"py/set": []}, "py/object": "JavaParserVisitor.MethodInfo"}}, "possibleFather": "", "py/object": "JavaParserVisitor.ClassInfo", "span": 34}, "ConsumerASynAndSyn": {"className": "ConsumerASynAndSyn", "members": {"py/set": []}, "methods": {"main": {"memberReferences": {"py/set": []}, "methodName": "main", "methodReferences": {"py/set": []}, "py/object": "JavaParserVisitor.MethodInfo"}}, "possibleFather": "", "py/object": "JavaParserVisitor.ClassInfo", "span": 31}, "ConsumerASynWithOffsets": {"className": "ConsumerASynWithOffsets", "members": {"py/set": []}, "methods": {"main": {"memberReferences": {"py/set": []}, "methodName": "main", "methodReferences": {"py/set": []}, "py/object": "JavaParserVisitor.MethodInfo"}}, "possibleFather": "", "py/object": "JavaParserVisitor.ClassInfo", "span": 32}, "ConsumerExit": {"className": "ConsumerExit", "members": {"py/set": []}, "methods": {"main": {"memberReferences": {"py/set": []}, "methodName": "main", "methodReferences": {"py/set": []}, "py/object": "JavaParserVisitor.MethodInfo"}}, "possibleFather": "", "py/object": "JavaParserVisitor.ClassInfo", "span": 46}, "ConsumerGroup": {"className": "ConsumerGroup", "members": {"py/set": []}, "methods": {"main": {"memberReferences": {"py/set": []}, "methodName": "main", "methodReferences": {"py/set": []}, "py/object": "JavaParserVisitor.MethodInfo"}}, "possibleFather": "", "py/object": "JavaParserVisitor.ClassInfo", "span": 27}, "ConsumerSyn": {"className": "ConsumerSyn", "members": {"py/set": []}, "methods": {"main": {"memberReferences": {"py/set": []}, "methodName": "main", "methodReferences": {"py/set": []}, "py/object": "JavaParserVisitor.MethodInfo"}}, "possibleFather": "", "py/object": "JavaParserVisitor.ClassInfo", "span": 25}, "CountBolt": {"className": "CountBolt", "members": {"py/set": ["collector", "counts"]}, "methods": {"declareOutputFields": {"memberReferences": {"py/set": []}, "methodName": "declareOutputFields", "methodReferences": {"py/set": []}, "py/object": "JavaParserVisitor.MethodInfo"}, "execute": {"memberReferences": {"py/set": ["collector"]}, "methodName": "execute", "methodReferences": {"py/set": []}, "py/object": "JavaParserVisitor.MethodInfo"}, "prepare": {"memberReferences": {"py/set": ["collector"]}, "methodName": "prepare", "methodReferences": {"py/set": []}, "py/object": "JavaParserVisitor.MethodInfo"}}, "possibleFather": "BaseRichBolt", "py/object": "JavaParserVisitor.ClassInfo", "span": 28}, "CustomPartitioner": {"className": "CustomPartitioner", "members": {"py/set": ["passLine"]}, "methods": {"close": {"memberReferences": {"py/set": []}, "methodName": "close", "methodReferences": {"py/set": []}, "py/object": "JavaParserVisitor.MethodInfo"}, "configure": {"memberReferences": {"py/set": ["passLine"]}, "methodName": "configure", "methodReferences": {"py/set": []}, "py/object": "JavaParserVisitor.MethodInfo"}, "partition": {"memberReferences": {"py/set": ["passLine"]}, "methodName": "partition", "methodReferences": {"py/set": []}, "py/object": "JavaParserVisitor.MethodInfo"}}, "possibleFather": "", "py/object": "JavaParserVisitor.ClassInfo", "span": 16}, "CustomRedisCountApp": {"className": "CustomRedisCountApp", "members": {"py/set": ["SPLIT_BOLT", "REDIS_PORT", "REDIS_HOST", "STORE_BOLT", "DATA_SOURCE_SPOUT"]}, "methods": {"main": {"memberReferences": {"py/set": ["SPLIT_BOLT", "REDIS_PORT", "REDIS_HOST", "DATA_SOURCE_SPOUT"]}, "methodName": "main", "methodReferences": {"py/set": []}, "py/object": "JavaParserVisitor.MethodInfo"}}, "possibleFather": "", "py/object": "JavaParserVisitor.ClassInfo", "span": 31}, "CustomSinkJob": {"className": "CustomSinkJob", "members": {"py/set": []}, "methods": {"main": {"memberReferences": {"py/set": []}, "methodName": "main", "methodReferences": {"py/set": []}, "py/object": "JavaParserVisitor.MethodInfo"}}, "possibleFather": "", "py/object": "JavaParserVisitor.ClassInfo", "span": 11}, "DataSourceSpout": {"className": "DataSourceSpout", "members": {"py/set": ["list", "spoutOutputCollector"]}, "methods": {"declareOutputFields": {"memberReferences": {"py/set": []}, "methodName": "declareOutputFields", "methodReferences": {"py/set": []}, "py/object": "JavaParserVisitor.MethodInfo"}, "nextTuple": {"memberReferences": {"py/set": []}, "methodName": "nextTuple", "methodReferences": {"py/set": ["productData"]}, "py/object": "JavaParserVisitor.MethodInfo"}, "open": {"memberReferences": {"py/set": ["spoutOutputCollector"]}, "methodName": "open", "methodReferences": {"py/set": []}, "py/object": "JavaParserVisitor.MethodInfo"}, "productData": {"memberReferences": {"py/set": []}, "methodName": "productData", "methodReferences": {"py/set": []}, "py/object": "JavaParserVisitor.MethodInfo"}}, "possibleFather": "BaseRichSpout", "py/object": "JavaParserVisitor.ClassInfo", "span": 32}, "DataToHdfsApp": {"className": "DataToHdfsApp", "members": {"py/set": ["DATA_SOURCE_SPOUT", "HDFS_BOLT"]}, "methods": {"main": {"memberReferences": {"py/set": ["DATA_SOURCE_SPOUT"]}, "methodName": "main", "methodReferences": {"py/set": []}, "py/object": "JavaParserVisitor.MethodInfo"}}, "possibleFather": "", "py/object": "JavaParserVisitor.ClassInfo", "span": 50}, "Employee": {"className": "Employee", "members": {"py/set": ["name", "age", "birthday"]}, "methods": {"Employee": {"memberReferences": {"py/set": ["name", "age", "birthday"]}, "methodName": "Employee", "methodReferences": {"py/set": []}, "py/object": "JavaParserVisitor.MethodInfo"}, "getAge": {"memberReferences": {"py/set": ["age"]}, "methodName": "getAge", "methodReferences": {"py/set": []}, "py/object": "JavaParserVisitor.MethodInfo"}, "getBirthday": {"memberReferences": {"py/set": ["birthday"]}, "methodName": "getBirthday", "methodReferences": {"py/set": []}, "py/object": "JavaParserVisitor.MethodInfo"}, "getName": {"memberReferences": {"py/set": ["name"]}, "methodName": "getName", "methodReferences": {"py/set": []}, "py/object": "JavaParserVisitor.MethodInfo"}, "setAge": {"memberReferences": {"py/set": ["age"]}, "methodName": "setAge", "methodReferences": {"py/set": []}, "py/object": "JavaParserVisitor.MethodInfo"}, "setBirthday": {"memberReferences": {"py/set": ["birthday"]}, "methodName": "setBirthday", "methodReferences": {"py/set": []}, "py/object": "JavaParserVisitor.MethodInfo"}, "setName": {"memberReferences": {"py/set": ["name"]}, "methodName": "setName", "methodReferences": {"py/set": []}, "py/object": "JavaParserVisitor.MethodInfo"}}, "possibleFather": "", "py/object": "JavaParserVisitor.ClassInfo", "span": 35}, "FlinkToMySQLSink": {"className": "FlinkToMySQLSink", "members": {"py/set": ["stmt", "conn"]}, "methods": {"close": {"memberReferences": {"py/set": ["stmt", "conn"]}, "methodName": "close", "methodReferences": {"py/set": []}, "py/object": "JavaParserVisitor.MethodInfo"}, "invoke": {"memberReferences": {"py/set": ["stmt"]}, "methodName": "invoke", "methodReferences": {"py/set": []}, "py/object": "JavaParserVisitor.MethodInfo"}, "open": {"memberReferences": {"py/set": ["stmt", "conn"]}, "methodName": "open", "methodReferences": {"py/set": []}, "py/object": "JavaParserVisitor.MethodInfo"}}, "possibleFather": "RichSinkFunction<Employee>", "py/object": "JavaParserVisitor.ClassInfo", "span": 28}, "HBaseUtils": {"className": "HBaseUtils", "members": {"py/set": ["connection", "configuration"]}, "methods": {"createTable": {"memberReferences": {"py/set": []}, "methodName": "createTable", "methodReferences": {"py/set": []}, "py/object": "JavaParserVisitor.MethodInfo"}, "deleteColumn": {"memberReferences": {"py/set": ["connection"]}, "methodName": "deleteColumn", "methodReferences": {"py/set": []}, "py/object": "JavaParserVisitor.MethodInfo"}, "deleteRow": {"memberReferences": {"py/set": ["connection"]}, "methodName": "deleteRow", "methodReferences": {"py/set": []}, "py/object": "JavaParserVisitor.MethodInfo"}, "deleteTable": {"memberReferences": {"py/set": []}, "methodName": "deleteTable", "methodReferences": {"py/set": []}, "py/object": "JavaParserVisitor.MethodInfo"}, "getCell": {"memberReferences": {"py/set": ["connection"]}, "methodName": "getCell", "methodReferences": {"py/set": []}, "py/object": "JavaParserVisitor.MethodInfo"}, "getRow": {"memberReferences": {"py/set": ["connection"]}, "methodName": "getRow", "methodReferences": {"py/set": []}, "py/object": "JavaParserVisitor.MethodInfo"}, "getScanner": {"memberReferences": {"py/set": ["connection"]}, "methodName": "getScanner", "methodReferences": {"py/set": []}, "py/object": "JavaParserVisitor.MethodInfo"}, "putRow": {"memberReferences": {"py/set": ["connection"]}, "methodName": "putRow", "methodReferences": {"py/set": []}, "py/object": "JavaParserVisitor.MethodInfo"}}, "possibleFather": "", "py/object": "JavaParserVisitor.ClassInfo", "span": 248}, "HBaseUtilsTest": {"className": "HBaseUtilsTest", "members": {"py/set": ["TEACHER", "TABLE_NAME", "STUDENT"]}, "methods": {"createTable": {"memberReferences": {"py/set": []}, "methodName": "createTable", "methodReferences": {"py/set": []}, "py/object": "JavaParserVisitor.MethodInfo"}, "deleteColumn": {"memberReferences": {"py/set": []}, "methodName": "deleteColumn", "methodReferences": {"py/set": []}, "py/object": "JavaParserVisitor.MethodInfo"}, "deleteRow": {"memberReferences": {"py/set": []}, "methodName": "deleteRow", "methodReferences": {"py/set": []}, "py/object": "JavaParserVisitor.MethodInfo"}, "deleteTable": {"memberReferences": {"py/set": []}, "methodName": "deleteTable", "methodReferences": {"py/set": []}, "py/object": "JavaParserVisitor.MethodInfo"}, "getCell": {"memberReferences": {"py/set": []}, "methodName": "getCell", "methodReferences": {"py/set": []}, "py/object": "JavaParserVisitor.MethodInfo"}, "getRow": {"memberReferences": {"py/set": []}, "methodName": "getRow", "methodReferences": {"py/set": []}, "py/object": "JavaParserVisitor.MethodInfo"}, "getScanner": {"memberReferences": {"py/set": []}, "methodName": "getScanner", "methodReferences": {"py/set": []}, "py/object": "JavaParserVisitor.MethodInfo"}, "getScannerWithFilter": {"memberReferences": {"py/set": []}, "methodName": "getScannerWithFilter", "methodReferences": {"py/set": []}, "py/object": "JavaParserVisitor.MethodInfo"}, "insertData": {"memberReferences": {"py/set": []}, "methodName": "insertData", "methodReferences": {"py/set": []}, "py/object": "JavaParserVisitor.MethodInfo"}}, "possibleFather": "", "py/object": "JavaParserVisitor.ClassInfo", "span": 90}, "HdfsTest": {"className": "HdfsTest", "members": {"py/set": ["fileSystem", "HDFS_PATH", "HDFS_USER"]}, "methods": {"copyFromLocalBigFile": {"memberReferences": {"py/set": ["fileSystem"]}, "methodName": "copyFromLocalBigFile", "methodReferences": {"py/set": ["create"]}, "py/object": "JavaParserVisitor.MethodInfo"}, "copyFromLocalFile": {"memberReferences": {"py/set": []}, "methodName": "copyFromLocalFile", "methodReferences": {"py/set": []}, "py/object": "JavaParserVisitor.MethodInfo"}, "copyToLocalFile": {"memberReferences": {"py/set": []}, "methodName": "copyToLocalFile", "methodReferences": {"py/set": []}, "py/object": "JavaParserVisitor.MethodInfo"}, "create": {"memberReferences": {"py/set": ["fileSystem"]}, "methodName": "create", "methodReferences": {"py/set": ["create"]}, "py/object": "JavaParserVisitor.MethodInfo"}, "delete": {"memberReferences": {"py/set": ["fileSystem"]}, "methodName": "delete", "methodReferences": {"py/set": ["delete"]}, "py/object": "JavaParserVisitor.MethodInfo"}, "destroy": {"memberReferences": {"py/set": ["fileSystem"]}, "methodName": "destroy", "methodReferences": {"py/set": []}, "py/object": "JavaParserVisitor.MethodInfo"}, "exist": {"memberReferences": {"py/set": ["fileSystem"]}, "methodName": "exist", "methodReferences": {"py/set": []}, "py/object": "JavaParserVisitor.MethodInfo"}, "getFileBlockLocations": {"memberReferences": {"py/set": ["fileSystem"]}, "methodName": "getFileBlockLocations", "methodReferences": {"py/set": ["getFileBlockLocations"]}, "py/object": "JavaParserVisitor.MethodInfo"}, "inputStreamToString": {"memberReferences": {"py/set": []}, "methodName": "inputStreamToString", "methodReferences": {"py/set": []}, "py/object": "JavaParserVisitor.MethodInfo"}, "listFiles": {"memberReferences": {"py/set": []}, "methodName": "listFiles", "methodReferences": {"py/set": []}, "py/object": "JavaParserVisitor.MethodInfo"}, "listFilesRecursive": {"memberReferences": {"py/set": []}, "methodName": "listFilesRecursive", "methodReferences": {"py/set": []}, "py/object": "JavaParserVisitor.MethodInfo"}, "mkDir": {"memberReferences": {"py/set": []}, "methodName": "mkDir", "methodReferences": {"py/set": []}, "py/object": "JavaParserVisitor.MethodInfo"}, "mkDirWithPermission": {"memberReferences": {"py/set": ["fileSystem"]}, "methodName": "mkDirWithPermission", "methodReferences": {"py/set": []}, "py/object": "JavaParserVisitor.MethodInfo"}, "prepare": {"memberReferences": {"py/set": ["fileSystem"]}, "methodName": "prepare", "methodReferences": {"py/set": []}, "py/object": "JavaParserVisitor.MethodInfo"}, "progress": {"memberReferences": {"py/set": []}, "methodName": "progress", "methodReferences": {"py/set": []}, "py/object": "JavaParserVisitor.MethodInfo"}, "readToString": {"memberReferences": {"py/set": ["fileSystem"]}, "methodName": "readToString", "methodReferences": {"py/set": ["inputStreamToString"]}, "py/object": "JavaParserVisitor.MethodInfo"}, "rename": {"memberReferences": {"py/set": []}, "methodName": "rename", "methodReferences": {"py/set": []}, "py/object": "JavaParserVisitor.MethodInfo"}}, "possibleFather": "", "py/object": "JavaParserVisitor.ClassInfo", "span": 233}, "HdfsUtils": {"className": "HdfsUtils", "members": {"py/set": ["fileSystem", "HDFS_PATH", "HDFS_USER", "configuration"]}, "methods": {"copyFromLocalFile": {"memberReferences": {"py/set": []}, "methodName": "copyFromLocalFile", "methodReferences": {"py/set": []}, "py/object": "JavaParserVisitor.MethodInfo"}, "copyToLocalFile": {"memberReferences": {"py/set": []}, "methodName": "copyToLocalFile", "methodReferences": {"py/set": []}, "py/object": "JavaParserVisitor.MethodInfo"}, "createAndWrite": {"memberReferences": {"py/set": []}, "methodName": "createAndWrite", "methodReferences": {"py/set": []}, "py/object": "JavaParserVisitor.MethodInfo"}, "delete": {"memberReferences": {"py/set": []}, "methodName": "delete", "methodReferences": {"py/set": []}, "py/object": "JavaParserVisitor.MethodInfo"}, "getFileBlockLocations": {"memberReferences": {"py/set": ["fileSystem"]}, "methodName": "getFileBlockLocations", "methodReferences": {"py/set": ["getFileBlockLocations"]}, "py/object": "JavaParserVisitor.MethodInfo"}, "getFileSystem": {"memberReferences": {"py/set": ["fileSystem"]}, "methodName": "getFileSystem", "methodReferences": {"py/set": []}, "py/object": "JavaParserVisitor.MethodInfo"}, "inputStreamToString": {"memberReferences": {"py/set": []}, "methodName": "inputStreamToString", "methodReferences": {"py/set": []}, "py/object": "JavaParserVisitor.MethodInfo"}, "listFiles": {"memberReferences": {"py/set": []}, "methodName": "listFiles", "methodReferences": {"py/set": []}, "py/object": "JavaParserVisitor.MethodInfo"}, "listFilesRecursive": {"memberReferences": {"py/set": []}, "methodName": "listFilesRecursive", "methodReferences": {"py/set": []}, "py/object": "JavaParserVisitor.MethodInfo"}, "mkdir": {"memberReferences": {"py/set": []}, "methodName": "mkdir", "methodReferences": {"py/set": []}, "py/object": "JavaParserVisitor.MethodInfo"}, "rename": {"memberReferences": {"py/set": []}, "methodName": "rename", "methodReferences": {"py/set": []}, "py/object": "JavaParserVisitor.MethodInfo"}, "text": {"memberReferences": {"py/set": []}, "methodName": "text", "methodReferences": {"py/set": ["inputStreamToString"]}, "py/object": "JavaParserVisitor.MethodInfo"}}, "possibleFather": "", "py/object": "JavaParserVisitor.ClassInfo", "span": 162}, "JedisPoolUtil": {"className": "JedisPoolUtil", "members": {"py/set": ["PORT", "jedisPool", "HOST"]}, "methods": {"getConnection": {"memberReferences": {"py/set": ["jedisPool", "PORT", "HOST"]}, "methodName": "getConnection", "methodReferences": {"py/set": []}, "py/object": "JavaParserVisitor.MethodInfo"}}, "possibleFather": "", "py/object": "JavaParserVisitor.ClassInfo", "span": 21}, "KafkaStreamingJob": {"className": "KafkaStreamingJob", "members": {"py/set": []}, "methods": {"main": {"memberReferences": {"py/set": []}, "methodName": "main", "methodReferences": {"py/set": []}, "py/object": "JavaParserVisitor.MethodInfo"}, "serialize": {"memberReferences": {"py/set": []}, "methodName": "serialize", "methodReferences": {"py/set": []}, "py/object": "JavaParserVisitor.MethodInfo"}}, "possibleFather": "", "py/object": "JavaParserVisitor.ClassInfo", "span": 28}, "KeyedStateJob": {"className": "KeyedStateJob", "members": {"py/set": []}, "methods": {"main": {"memberReferences": {"py/set": []}, "methodName": "main", "methodReferences": {"py/set": []}, "py/object": "JavaParserVisitor.MethodInfo"}}, "possibleFather": "", "py/object": "JavaParserVisitor.ClassInfo", "span": 13}, "LocalWordCountApp": {"className": "LocalWordCountApp", "members": {"py/set": []}, "methods": {"main": {"memberReferences": {"py/set": []}, "methodName": "main", "methodReferences": {"py/set": []}, "py/object": "JavaParserVisitor.MethodInfo"}}, "possibleFather": "", "py/object": "JavaParserVisitor.ClassInfo", "span": 13}, "LogConsoleBolt": {"className": "LogConsoleBolt", "members": {"py/set": ["collector"]}, "methods": {"declareOutputFields": {"memberReferences": {"py/set": []}, "methodName": "declareOutputFields", "methodReferences": {"py/set": []}, "py/object": "JavaParserVisitor.MethodInfo"}, "execute": {"memberReferences": {"py/set": []}, "methodName": "execute", "methodReferences": {"py/set": []}, "py/object": "JavaParserVisitor.MethodInfo"}, "prepare": {"memberReferences": {"py/set": ["collector"]}, "methodName": "prepare", "methodReferences": {"py/set": []}, "py/object": "JavaParserVisitor.MethodInfo"}}, "possibleFather": "BaseRichBolt", "py/object": "JavaParserVisitor.ClassInfo", "span": 23}, "OperatorStateJob": {"className": "OperatorStateJob", "members": {"py/set": []}, "methods": {"main": {"memberReferences": {"py/set": []}, "methodName": "main", "methodReferences": {"py/set": []}, "py/object": "JavaParserVisitor.MethodInfo"}}, "possibleFather": "", "py/object": "JavaParserVisitor.ClassInfo", "span": 15}, "PopulationDaoTest": {"className": "PopulationDaoTest", "members": {"py/set": ["populationDao"]}, "methods": {"delete": {"memberReferences": {"py/set": []}, "methodName": "delete", "methodReferences": {"py/set": []}, "py/object": "JavaParserVisitor.MethodInfo"}, "queryAll": {"memberReferences": {"py/set": []}, "methodName": "queryAll", "methodReferences": {"py/set": []}, "py/object": "JavaParserVisitor.MethodInfo"}, "save": {"memberReferences": {"py/set": []}, "methodName": "save", "methodReferences": {"py/set": []}, "py/object": "JavaParserVisitor.MethodInfo"}, "update": {"memberReferences": {"py/set": []}, "methodName": "update", "methodReferences": {"py/set": []}, "py/object": "JavaParserVisitor.MethodInfo"}}, "possibleFather": "", "py/object": "JavaParserVisitor.ClassInfo", "span": 34}, "PopulationTest": {"className": "PopulationTest", "members": {"py/set": ["populationDao"]}, "methods": {"delete": {"memberReferences": {"py/set": []}, "methodName": "delete", "methodReferences": {"py/set": []}, "py/object": "JavaParserVisitor.MethodInfo"}, "queryAll": {"memberReferences": {"py/set": []}, "methodName": "queryAll", "methodReferences": {"py/set": []}, "py/object": "JavaParserVisitor.MethodInfo"}, "save": {"memberReferences": {"py/set": []}, "methodName": "save", "methodReferences": {"py/set": []}, "py/object": "JavaParserVisitor.MethodInfo"}, "update": {"memberReferences": {"py/set": []}, "methodName": "update", "methodReferences": {"py/set": []}, "py/object": "JavaParserVisitor.MethodInfo"}}, "possibleFather": "", "py/object": "JavaParserVisitor.ClassInfo", "span": 34}, "ProducerASyn": {"className": "ProducerASyn", "members": {"py/set": []}, "methods": {"main": {"memberReferences": {"py/set": []}, "methodName": "main", "methodReferences": {"py/set": []}, "py/object": "JavaParserVisitor.MethodInfo"}, "onCompletion": {"memberReferences": {"py/set": []}, "methodName": "onCompletion", "methodReferences": {"py/set": []}, "py/object": "JavaParserVisitor.MethodInfo"}}, "possibleFather": "", "py/object": "JavaParserVisitor.ClassInfo", "span": 30}, "ProducerSyn": {"className": "ProducerSyn", "members": {"py/set": []}, "methods": {"main": {"memberReferences": {"py/set": []}, "methodName": "main", "methodReferences": {"py/set": []}, "py/object": "JavaParserVisitor.MethodInfo"}}, "possibleFather": "", "py/object": "JavaParserVisitor.ClassInfo", "span": 26}, "ProducerWithPartitioner": {"className": "ProducerWithPartitioner", "members": {"py/set": []}, "methods": {"main": {"memberReferences": {"py/set": []}, "methodName": "main", "methodReferences": {"py/set": []}, "py/object": "JavaParserVisitor.MethodInfo"}}, "possibleFather": "", "py/object": "JavaParserVisitor.ClassInfo", "span": 26}, "ReadingFromKafkaApp": {"className": "ReadingFromKafkaApp", "members": {"py/set": ["BOOTSTRAP_SERVERS", "TOPIC_NAME"]}, "methods": {"getKafkaSpoutConfig": {"memberReferences": {"py/set": []}, "methodName": "getKafkaSpoutConfig", "methodReferences": {"py/set": ["getRetryService"]}, "py/object": "JavaParserVisitor.MethodInfo"}, "getRetryService": {"memberReferences": {"py/set": []}, "methodName": "getRetryService", "methodReferences": {"py/set": []}, "py/object": "JavaParserVisitor.MethodInfo"}, "main": {"memberReferences": {"py/set": []}, "methodName": "main", "methodReferences": {"py/set": []}, "py/object": "JavaParserVisitor.MethodInfo"}}, "possibleFather": "", "py/object": "JavaParserVisitor.ClassInfo", "span": 39}, "RebalanceListener": {"className": "RebalanceListener", "members": {"py/set": []}, "methods": {"main": {"memberReferences": {"py/set": []}, "methodName": "main", "methodReferences": {"py/set": []}, "py/object": "JavaParserVisitor.MethodInfo"}, "onPartitionsAssigned": {"memberReferences": {"py/set": []}, "methodName": "onPartitionsAssigned", "methodReferences": {"py/set": []}, "py/object": "JavaParserVisitor.MethodInfo"}, "onPartitionsRevoked": {"memberReferences": {"py/set": []}, "methodName": "onPartitionsRevoked", "methodReferences": {"py/set": []}, "py/object": "JavaParserVisitor.MethodInfo"}}, "possibleFather": "", "py/object": "JavaParserVisitor.ClassInfo", "span": 45}, "RedisCountStoreBolt": {"className": "RedisCountStoreBolt", "members": {"py/set": ["dataType", "additionalKey", "storeMapper"]}, "methods": {"RedisCountStoreBolt": {"memberReferences": {"py/set": ["dataType", "storeMapper", "additionalKey"]}, "methodName": "RedisCountStoreBolt", "methodReferences": {"py/set": []}, "py/object": "JavaParserVisitor.MethodInfo"}, "declareOutputFields": {"memberReferences": {"py/set": []}, "methodName": "declareOutputFields", "methodReferences": {"py/set": []}, "py/object": "JavaParserVisitor.MethodInfo"}, "process": {"memberReferences": {"py/set": ["dataType", "additionalKey"]}, "methodName": "process", "methodReferences": {"py/set": []}, "py/object": "JavaParserVisitor.MethodInfo"}}, "possibleFather": "AbstractRedisBolt", "py/object": "JavaParserVisitor.ClassInfo", "span": 38}, "SimpleProducer": {"className": "SimpleProducer", "members": {"py/set": []}, "methods": {"main": {"memberReferences": {"py/set": []}, "methodName": "main", "methodReferences": {"py/set": []}, "py/object": "JavaParserVisitor.MethodInfo"}}, "possibleFather": "", "py/object": "JavaParserVisitor.ClassInfo", "span": 20}, "SplitBolt": {"className": "SplitBolt", "members": {"py/set": ["collector"]}, "methods": {"declareOutputFields": {"memberReferences": {"py/set": []}, "methodName": "declareOutputFields", "methodReferences": {"py/set": []}, "py/object": "JavaParserVisitor.MethodInfo"}, "execute": {"memberReferences": {"py/set": ["collector"]}, "methodName": "execute", "methodReferences": {"py/set": []}, "py/object": "JavaParserVisitor.MethodInfo"}, "prepare": {"memberReferences": {"py/set": ["collector"]}, "methodName": "prepare", "methodReferences": {"py/set": []}, "py/object": "JavaParserVisitor.MethodInfo"}}, "possibleFather": "BaseRichBolt", "py/object": "JavaParserVisitor.ClassInfo", "span": 20}, "SpringBootMybatisApplication": {"className": "SpringBootMybatisApplication", "members": {"py/set": []}, "methods": {"main": {"memberReferences": {"py/set": []}, "methodName": "main", "methodReferences": {"py/set": []}, "py/object": "JavaParserVisitor.MethodInfo"}}, "possibleFather": "", "py/object": "JavaParserVisitor.ClassInfo", "span": 3}, "StandaloneConsumer": {"className": "StandaloneConsumer", "members": {"py/set": []}, "methods": {"main": {"memberReferences": {"py/set": []}, "methodName": "main", "methodReferences": {"py/set": []}, "py/object": "JavaParserVisitor.MethodInfo"}}, "possibleFather": "", "py/object": "JavaParserVisitor.ClassInfo", "span": 34}, "StreamingJob": {"className": "StreamingJob", "members": {"py/set": ["ROOT_PATH"]}, "methods": {"main": {"memberReferences": {"py/set": ["ROOT_PATH"]}, "methodName": "main", "methodReferences": {"py/set": []}, "py/object": "JavaParserVisitor.MethodInfo"}}, "possibleFather": "", "py/object": "JavaParserVisitor.ClassInfo", "span": 9}, "ThresholdWarning": {"className": "ThresholdWarning", "members": {"py/set": ["numberOfTimes", "threshold", "abnormalData"]}, "methods": {"ThresholdWarning": {"memberReferences": {"py/set": ["numberOfTimes", "threshold"]}, "methodName": "ThresholdWarning", "methodReferences": {"py/set": []}, "py/object": "JavaParserVisitor.MethodInfo"}, "flatMap": {"memberReferences": {"py/set": ["numberOfTimes", "threshold"]}, "methodName": "flatMap", "methodReferences": {"py/set": []}, "py/object": "JavaParserVisitor.MethodInfo"}, "open": {"memberReferences": {"py/set": ["abnormalData"]}, "methodName": "open", "methodReferences": {"py/set": []}, "py/object": "JavaParserVisitor.MethodInfo"}}, "possibleFather": "RichFlatMapFunction<Tuple2<String,Long>,Tuple2<String,List<Long>>>", "py/object": "JavaParserVisitor.ClassInfo", "span": 32}, "ThresholdWarningWithTTL": {"className": "ThresholdWarningWithTTL", "members": {"py/set": ["numberOfTimes", "threshold", "abnormalData"]}, "methods": {"ThresholdWarningWithTTL": {"memberReferences": {"py/set": ["numberOfTimes", "threshold"]}, "methodName": "ThresholdWarningWithTTL", "methodReferences": {"py/set": []}, "py/object": "JavaParserVisitor.MethodInfo"}, "flatMap": {"memberReferences": {"py/set": ["numberOfTimes", "threshold"]}, "methodName": "flatMap", "methodReferences": {"py/set": []}, "py/object": "JavaParserVisitor.MethodInfo"}, "open": {"memberReferences": {"py/set": ["abnormalData"]}, "methodName": "open", "methodReferences": {"py/set": []}, "py/object": "JavaParserVisitor.MethodInfo"}}, "possibleFather": "RichFlatMapFunction<Tuple2<String,Long>,Tuple2<String,List<Long>>>", "py/object": "JavaParserVisitor.ClassInfo", "span": 35}, "USPopulation": {"className": "USPopulation", "members": {"py/set": ["state", "population", "city"]}, "methods": {}, "possibleFather": "", "py/object": "JavaParserVisitor.ClassInfo", "span": 4}, "WordCountApp": {"className": "WordCountApp", "members": {"py/set": ["HDFS_URL", "HADOOP_USER_NAME"]}, "methods": {"main": {"memberReferences": {"py/set": ["HDFS_URL"]}, "methodName": "main", "methodReferences": {"py/set": []}, "py/object": "JavaParserVisitor.MethodInfo"}}, "possibleFather": "", "py/object": "JavaParserVisitor.ClassInfo", "span": 62}, "WordCountCombinerApp": {"className": "WordCountCombinerApp", "members": {"py/set": ["HDFS_URL", "HADOOP_USER_NAME"]}, "methods": {"main": {"memberReferences": {"py/set": ["HDFS_URL"]}, "methodName": "main", "methodReferences": {"py/set": []}, "py/object": "JavaParserVisitor.MethodInfo"}}, "possibleFather": "", "py/object": "JavaParserVisitor.ClassInfo", "span": 65}, "WordCountCombinerPartitionerApp": {"className": "WordCountCombinerPartitionerApp", "members": {"py/set": ["HDFS_URL", "HADOOP_USER_NAME"]}, "methods": {"main": {"memberReferences": {"py/set": ["HDFS_URL"]}, "methodName": "main", "methodReferences": {"py/set": []}, "py/object": "JavaParserVisitor.MethodInfo"}}, "possibleFather": "", "py/object": "JavaParserVisitor.ClassInfo", "span": 71}, "WordCountDataUtils": {"className": "WordCountDataUtils", "members": {"py/set": ["WORD_LIST"]}, "methods": {"generateData": {"memberReferences": {"py/set": []}, "methodName": "generateData", "methodReferences": {"py/set": []}, "py/object": "JavaParserVisitor.MethodInfo"}, "generateDataToHDFS": {"memberReferences": {"py/set": []}, "methodName": "generateDataToHDFS", "methodReferences": {"py/set": ["generateData"]}, "py/object": "JavaParserVisitor.MethodInfo"}, "generateDataToLocal": {"memberReferences": {"py/set": []}, "methodName": "generateDataToLocal", "methodReferences": {"py/set": ["generateData"]}, "py/object": "JavaParserVisitor.MethodInfo"}, "main": {"memberReferences": {"py/set": []}, "methodName": "main", "methodReferences": {"py/set": ["generateDataToHDFS"]}, "py/object": "JavaParserVisitor.MethodInfo"}}, "possibleFather": "", "py/object": "JavaParserVisitor.ClassInfo", "span": 67}, "WordCountMapper": {"className": "WordCountMapper", "members": {"py/set": []}, "methods": {"map": {"memberReferences": {"py/set": []}, "methodName": "map", "methodReferences": {"py/set": []}, "py/object": "JavaParserVisitor.MethodInfo"}}, "possibleFather": "Mapper<LongWritable,Text,Text,IntWritable>", "py/object": "JavaParserVisitor.ClassInfo", "span": 6}, "WordCountReducer": {"className": "WordCountReducer", "members": {"py/set": []}, "methods": {"reduce": {"memberReferences": {"py/set": []}, "methodName": "reduce", "methodReferences": {"py/set": []}, "py/object": "JavaParserVisitor.MethodInfo"}}, "possibleFather": "Reducer<Text,IntWritable,Text,IntWritable>", "py/object": "JavaParserVisitor.ClassInfo", "span": 8}, "WordCountStoreMapper": {"className": "WordCountStoreMapper", "members": {"py/set": ["description", "hashKey"]}, "methods": {"WordCountStoreMapper": {"memberReferences": {"py/set": ["description", "hashKey"]}, "methodName": "WordCountStoreMapper", "methodReferences": {"py/set": []}, "py/object": "JavaParserVisitor.MethodInfo"}, "getDataTypeDescription": {"memberReferences": {"py/set": ["description"]}, "methodName": "getDataTypeDescription", "methodReferences": {"py/set": []}, "py/object": "JavaParserVisitor.MethodInfo"}, "getKeyFromTuple": {"memberReferences": {"py/set": []}, "methodName": "getKeyFromTuple", "methodReferences": {"py/set": []}, "py/object": "JavaParserVisitor.MethodInfo"}, "getValueFromTuple": {"memberReferences": {"py/set": []}, "methodName": "getValueFromTuple", "methodReferences": {"py/set": []}, "py/object": "JavaParserVisitor.MethodInfo"}}, "possibleFather": "", "py/object": "JavaParserVisitor.ClassInfo", "span": 21}, "WordCountToHBaseApp": {"className": "WordCountToHBaseApp", "members": {"py/set": ["SPLIT_BOLT", "COUNT_BOLT", "HBASE_BOLT", "DATA_SOURCE_SPOUT"]}, "methods": {"main": {"memberReferences": {"py/set": ["SPLIT_BOLT", "COUNT_BOLT", "DATA_SOURCE_SPOUT"]}, "methodName": "main", "methodReferences": {"py/set": []}, "py/object": "JavaParserVisitor.MethodInfo"}}, "possibleFather": "", "py/object": "JavaParserVisitor.ClassInfo", "span": 54}, "WordCountToRedisApp": {"className": "WordCountToRedisApp", "members": {"py/set": ["SPLIT_BOLT", "REDIS_HOST", "REDIS_PORT", "STORE_BOLT", "COUNT_BOLT", "DATA_SOURCE_SPOUT"]}, "methods": {"main": {"memberReferences": {"py/set": ["SPLIT_BOLT", "REDIS_PORT", "REDIS_HOST", "COUNT_BOLT", "DATA_SOURCE_SPOUT"]}, "methodName": "main", "methodReferences": {"py/set": []}, "py/object": "JavaParserVisitor.MethodInfo"}}, "possibleFather": "", "py/object": "JavaParserVisitor.ClassInfo", "span": 35}, "WritingToKafkaApp": {"className": "WritingToKafkaApp", "members": {"py/set": ["BOOTSTRAP_SERVERS", "TOPIC_NAME"]}, "methods": {"main": {"memberReferences": {"py/set": ["BOOTSTRAP_SERVERS", "TOPIC_NAME"]}, "methodName": "main", "methodReferences": {"py/set": []}, "py/object": "JavaParserVisitor.MethodInfo"}}, "possibleFather": "", "py/object": "JavaParserVisitor.ClassInfo", "span": 45}}