{"SCOM": {"py/object": "Statistics.InterestingStatistics", "classValues": [{"py/tuple": [0.16666666666666666, 72]}, {"py/tuple": [1, 27]}, {"py/tuple": [0.11904761904761903, 186]}, {"py/tuple": [1, 14]}, {"py/tuple": [0.0, 34]}, {"py/tuple": [1, 31]}, {"py/tuple": [1, 32]}, {"py/tuple": [1, 46]}, {"py/tuple": [1, 27]}, {"py/tuple": [1, 25]}, {"py/tuple": [0.16666666666666666, 28]}, {"py/tuple": [0.3333333333333333, 16]}, {"py/tuple": [1, 31]}, {"py/tuple": [1, 11]}, {"py/tuple": [0.0, 32]}, {"py/tuple": [1, 50]}, {"py/tuple": [0.3333333333333333, 35]}, {"py/tuple": [1.0, 28]}, {"py/tuple": [0.26785714285714285, 248]}, {"py/tuple": [0.0, 90]}, {"py/tuple": [0.08823529411764708, 233]}, {"py/tuple": [0.003787878787878788, 162]}, {"py/tuple": [1, 21]}, {"py/tuple": [0.0, 28]}, {"py/tuple": [1, 13]}, {"py/tuple": [1, 13]}, {"py/tuple": [0.0, 23]}, {"py/tuple": [1, 15]}, {"py/tuple": [0.0, 34]}, {"py/tuple": [0.0, 34]}, {"py/tuple": [0.0, 30]}, {"py/tuple": [1, 26]}, {"py/tuple": [1, 26]}, {"py/tuple": [0.0, 39]}, {"py/tuple": [0.0, 45]}, {"py/tuple": [0.3333333333333333, 38]}, {"py/tuple": [1, 20]}, {"py/tuple": [0.3333333333333333, 20]}, {"py/tuple": [1, 3]}, {"py/tuple": [1, 34]}, {"py/tuple": [1, 9]}, {"py/tuple": [0.2222222222222222, 32]}, {"py/tuple": [0.2222222222222222, 35]}, {"py/tuple": [1, 4]}, {"py/tuple": [1, 62]}, {"py/tuple": [1, 65]}, {"py/tuple": [1, 71]}, {"py/tuple": [0.0, 67]}, {"py/tuple": [1, 6]}, {"py/tuple": [1, 8]}, {"py/tuple": [0.16666666666666666, 21]}, {"py/tuple": [1, 54]}, {"py/tuple": [1, 35]}, {"py/tuple": [1, 45]}]}, "LSCC": {"py/object": "Statistics.InterestingStatistics", "classValues": [{"py/tuple": [0.13333333333333333, 72]}, {"py/tuple": [1, 27]}, {"py/tuple": [0.08571428571428572, 186]}, {"py/tuple": [1, 14]}, {"py/tuple": [0, 34]}, {"py/tuple": [1, 31]}, {"py/tuple": [1, 32]}, {"py/tuple": [1, 46]}, {"py/tuple": [1, 27]}, {"py/tuple": [1, 25]}, {"py/tuple": [0.16666666666666666, 28]}, {"py/tuple": [0.3333333333333333, 16]}, {"py/tuple": [1, 31]}, {"py/tuple": [1, 11]}, {"py/tuple": [0.0, 32]}, {"py/tuple": [1, 50]}, {"py/tuple": [0.14285714285714285, 35]}, {"py/tuple": [0.6666666666666666, 28]}, {"py/tuple": [0.26785714285714285, 248]}, {"py/tuple": [0.0, 90]}, {"py/tuple": [0.08823529411764706, 233]}, {"py/tuple": [0.003787878787878788, 162]}, {"py/tuple": [1, 21]}, {"py/tuple": [0, 28]}, {"py/tuple": [1, 13]}, {"py/tuple": [1, 13]}, {"py/tuple": [0.0, 23]}, {"py/tuple": [1, 15]}, {"py/tuple": [0.0, 34]}, {"py/tuple": [0.0, 34]}, {"py/tuple": [0, 30]}, {"py/tuple": [1, 26]}, {"py/tuple": [1, 26]}, {"py/tuple": [0.0, 39]}, {"py/tuple": [0, 45]}, {"py/tuple": [0.2222222222222222, 38]}, {"py/tuple": [1, 20]}, {"py/tuple": [0.3333333333333333, 20]}, {"py/tuple": [1, 3]}, {"py/tuple": [1, 34]}, {"py/tuple": [1, 9]}, {"py/tuple": [0.2222222222222222, 32]}, {"py/tuple": [0.2222222222222222, 35]}, {"py/tuple": [1, 4]}, {"py/tuple": [1, 62]}, {"py/tuple": [1, 65]}, {"py/tuple": [1, 71]}, {"py/tuple": [0.0, 67]}, {"py/tuple": [1, 6]}, {"py/tuple": [1, 8]}, {"py/tuple": [0.08333333333333333, 21]}, {"py/tuple": [1, 54]}, {"py/tuple": [1, 35]}, {"py/tuple": [1, 45]}]}, "CC": {"py/object": "Statistics.InterestingStatistics", "classValues": [{"py/tuple": [0.35, 72]}, {"py/tuple": [1, 27]}, {"py/tuple": [0.20317460317460317, 186]}, {"py/tuple": [1, 14]}, {"py/tuple": [1, 34]}, {"py/tuple": [1, 31]}, {"py/tuple": [1, 32]}, {"py/tuple": [1, 46]}, {"py/tuple": [1, 27]}, {"py/tuple": [1, 25]}, {"py/tuple": [0.3333333333333333, 28]}, {"py/tuple": [0.3333333333333333, 16]}, {"py/tuple": [1, 31]}, {"py/tuple": [1, 11]}, {"py/tuple": [0.0, 32]}, {"py/tuple": [1, 50]}, {"py/tuple": [0.23809523809523808, 35]}, {"py/tuple": [0.6666666666666666, 28]}, {"py/tuple": [0.5357142857142857, 248]}, {"py/tuple": [0.0, 90]}, {"py/tuple": [0.2647058823529412, 233]}, {"py/tuple": [0.015151515151515152, 162]}, {"py/tuple": [1, 21]}, {"py/tuple": [1, 28]}, {"py/tuple": [1, 13]}, {"py/tuple": [1, 13]}, {"py/tuple": [0.0, 23]}, {"py/tuple": [1, 15]}, {"py/tuple": [0.0, 34]}, {"py/tuple": [0.0, 34]}, {"py/tuple": [1, 30]}, {"py/tuple": [1, 26]}, {"py/tuple": [1, 26]}, {"py/tuple": [0.0, 39]}, {"py/tuple": [1, 45]}, {"py/tuple": [0.2222222222222222, 38]}, {"py/tuple": [1, 20]}, {"py/tuple": [0.3333333333333333, 20]}, {"py/tuple": [1, 3]}, {"py/tuple": [1, 34]}, {"py/tuple": [1, 9]}, {"py/tuple": [0.3333333333333333, 32]}, {"py/tuple": [0.3333333333333333, 35]}, {"py/tuple": [1, 4]}, {"py/tuple": [1, 62]}, {"py/tuple": [1, 65]}, {"py/tuple": [1, 71]}, {"py/tuple": [0.0, 67]}, {"py/tuple": [1, 6]}, {"py/tuple": [1, 8]}, {"py/tuple": [0.08333333333333333, 21]}, {"py/tuple": [1, 54]}, {"py/tuple": [1, 35]}, {"py/tuple": [1, 45]}]}, "LCOM5": {"py/object": "Statistics.InterestingStatistics", "classValues": [{"py/tuple": [0.6, 72]}, {"py/tuple": [0.0, 27]}, {"py/tuple": [0.7333333333333334, 186]}, {"py/tuple": [0, 14]}, {"py/tuple": [0, 34]}, {"py/tuple": [0, 31]}, {"py/tuple": [0, 32]}, {"py/tuple": [0, 46]}, {"py/tuple": [0, 27]}, {"py/tuple": [0, 25]}, {"py/tuple": [0.6666666666666667, 28]}, {"py/tuple": [0.33333333333333337, 16]}, {"py/tuple": [0.19999999999999996, 31]}, {"py/tuple": [0, 11]}, {"py/tuple": [0.875, 32]}, {"py/tuple": [0.5, 50]}, {"py/tuple": [0.5714285714285714, 35]}, {"py/tuple": [0.16666666666666663, 28]}, {"py/tuple": [0.625, 248]}, {"py/tuple": [1.0, 90]}, {"py/tuple": [0.8235294117647058, 233]}, {"py/tuple": [0.9583333333333334, 162]}, {"py/tuple": [0.0, 21]}, {"py/tuple": [0, 28]}, {"py/tuple": [0, 13]}, {"py/tuple": [0, 13]}, {"py/tuple": [0.6666666666666667, 23]}, {"py/tuple": [0, 15]}, {"py/tuple": [1.0, 34]}, {"py/tuple": [1.0, 34]}, {"py/tuple": [0, 30]}, {"py/tuple": [0, 26]}, {"py/tuple": [0, 26]}, {"py/tuple": [1.0, 39]}, {"py/tuple": [0, 45]}, {"py/tuple": [0.4444444444444444, 38]}, {"py/tuple": [0, 20]}, {"py/tuple": [0.33333333333333337, 20]}, {"py/tuple": [0, 3]}, {"py/tuple": [0, 34]}, {"py/tuple": [0.0, 9]}, {"py/tuple": [0.4444444444444444, 32]}, {"py/tuple": [0.4444444444444444, 35]}, {"py/tuple": [0, 4]}, {"py/tuple": [0.5, 62]}, {"py/tuple": [0.5, 65]}, {"py/tuple": [0.5, 71]}, {"py/tuple": [1.0, 67]}, {"py/tuple": [0, 6]}, {"py/tuple": [0, 8]}, {"py/tuple": [0.625, 21]}, {"py/tuple": [0.25, 54]}, {"py/tuple": [0.16666666666666663, 35]}, {"py/tuple": [0.0, 45]}]}, "CBAMU": {"py/object": "Statistics.InterestingStatistics", "classValues": [{"py/tuple": [0.2, 72]}, {"py/tuple": [0.5, 27]}, {"py/tuple": [0.13333333333333333, 186]}, {"py/tuple": [0.0, 14]}, {"py/tuple": [0.0, 34]}, {"py/tuple": [0.0, 31]}, {"py/tuple": [0.0, 32]}, {"py/tuple": [0.0, 46]}, {"py/tuple": [0.0, 27]}, {"py/tuple": [0.0, 25]}, {"py/tuple": [0.16666666666666666, 28]}, {"py/tuple": [0.3333333333333333, 16]}, {"py/tuple": [0.4, 31]}, {"py/tuple": [0.0, 11]}, {"py/tuple": [0.10416666666666666, 32]}, {"py/tuple": [0.25, 50]}, {"py/tuple": [0.21428571428571427, 35]}, {"py/tuple": [0.4166666666666667, 28]}, {"py/tuple": [0.1875, 248]}, {"py/tuple": [0.0, 90]}, {"py/tuple": [0.09191176470588236, 233]}, {"py/tuple": [0.02462121212121212, 162]}, {"py/tuple": [0.5, 21]}, {"py/tuple": [0.0, 28]}, {"py/tuple": [0.0, 13]}, {"py/tuple": [0.0, 13]}, {"py/tuple": [0.16666666666666666, 23]}, {"py/tuple": [0.0, 15]}, {"py/tuple": [0.0, 34]}, {"py/tuple": [0.0, 34]}, {"py/tuple": [0.0, 30]}, {"py/tuple": [0.0, 26]}, {"py/tuple": [0.0, 26]}, {"py/tuple": [0.08333333333333333, 39]}, {"py/tuple": [0.0, 45]}, {"py/tuple": [0.2777777777777778, 38]}, {"py/tuple": [0.0, 20]}, {"py/tuple": [0.3333333333333333, 20]}, {"py/tuple": [0.0, 3]}, {"py/tuple": [0.0, 34]}, {"py/tuple": [0.5, 9]}, {"py/tuple": [0.2777777777777778, 32]}, {"py/tuple": [0.2777777777777778, 35]}, {"py/tuple": [0.0, 4]}, {"py/tuple": [0.25, 62]}, {"py/tuple": [0.25, 65]}, {"py/tuple": [0.25, 71]}, {"py/tuple": [0.16666666666666666, 67]}, {"py/tuple": [0.0, 6]}, {"py/tuple": [0.0, 8]}, {"py/tuple": [0.1875, 21]}, {"py/tuple": [0.375, 54]}, {"py/tuple": [0.4166666666666667, 35]}, {"py/tuple": [0.5, 45]}]}}