{"id": 101268872, "node_id": "MDEwOlJlcG9zaXRvcnkxMDEyNjg4NzI=", "name": "LeetCode", "full_name": "cherryljr/LeetCode", "private": false, "owner": {"login": "cherryljr", "id": 21253799, "node_id": "MDQ6VXNlcjIxMjUzNzk5", "avatar_url": "https://avatars.githubusercontent.com/u/21253799?v=4", "gravatar_id": "", "url": "https://api.github.com/users/cherryljr", "html_url": "https://github.com/cherryljr", "followers_url": "https://api.github.com/users/cherryljr/followers", "following_url": "https://api.github.com/users/cherryljr/following{/other_user}", "gists_url": "https://api.github.com/users/cherryljr/gists{/gist_id}", "starred_url": "https://api.github.com/users/cherryljr/starred{/owner}{/repo}", "subscriptions_url": "https://api.github.com/users/cherryljr/subscriptions", "organizations_url": "https://api.github.com/users/cherryljr/orgs", "repos_url": "https://api.github.com/users/cherryljr/repos", "events_url": "https://api.github.com/users/cherryljr/events{/privacy}", "received_events_url": "https://api.github.com/users/cherryljr/received_events", "type": "User", "site_admin": false}, "html_url": "https://github.com/cherryljr/LeetCode", "description": "LeetCode\u5404\u9898\u89e3\u6cd5\u5206\u6790~\uff08Java and Python\uff09", "fork": false, "url": "https://api.github.com/repos/cherryljr/LeetCode", "forks_url": "https://api.github.com/repos/cherryljr/LeetCode/forks", "keys_url": "https://api.github.com/repos/cherryljr/LeetCode/keys{/key_id}", "collaborators_url": "https://api.github.com/repos/cherryljr/LeetCode/collaborators{/collaborator}", "teams_url": "https://api.github.com/repos/cherryljr/LeetCode/teams", "hooks_url": "https://api.github.com/repos/cherryljr/LeetCode/hooks", "issue_events_url": "https://api.github.com/repos/cherryljr/LeetCode/issues/events{/number}", "events_url": "https://api.github.com/repos/cherryljr/LeetCode/events", "assignees_url": "https://api.github.com/repos/cherryljr/LeetCode/assignees{/user}", "branches_url": "https://api.github.com/repos/cherryljr/LeetCode/branches{/branch}", "tags_url": "https://api.github.com/repos/cherryljr/LeetCode/tags", "blobs_url": "https://api.github.com/repos/cherryljr/LeetCode/git/blobs{/sha}", "git_tags_url": "https://api.github.com/repos/cherryljr/LeetCode/git/tags{/sha}", "git_refs_url": "https://api.github.com/repos/cherryljr/LeetCode/git/refs{/sha}", "trees_url": "https://api.github.com/repos/cherryljr/LeetCode/git/trees{/sha}", "statuses_url": "https://api.github.com/repos/cherryljr/LeetCode/statuses/{sha}", "languages_url": "https://api.github.com/repos/cherryljr/LeetCode/languages", "stargazers_url": "https://api.github.com/repos/cherryljr/LeetCode/stargazers", "contributors_url": "https://api.github.com/repos/cherryljr/LeetCode/contributors", "subscribers_url": "https://api.github.com/repos/cherryljr/LeetCode/subscribers", "subscription_url": "https://api.github.com/repos/cherryljr/LeetCode/subscription", "commits_url": "https://api.github.com/repos/cherryljr/LeetCode/commits{/sha}", "git_commits_url": "https://api.github.com/repos/cherryljr/LeetCode/git/commits{/sha}", "comments_url": "https://api.github.com/repos/cherryljr/LeetCode/comments{/number}", "issue_comment_url": "https://api.github.com/repos/cherryljr/LeetCode/issues/comments{/number}", "contents_url": "https://api.github.com/repos/cherryljr/LeetCode/contents/{+path}", "compare_url": "https://api.github.com/repos/cherryljr/LeetCode/compare/{base}...{head}", "merges_url": "https://api.github.com/repos/cherryljr/LeetCode/merges", "archive_url": "https://api.github.com/repos/cherryljr/LeetCode/{archive_format}{/ref}", "downloads_url": "https://api.github.com/repos/cherryljr/LeetCode/downloads", "issues_url": "https://api.github.com/repos/cherryljr/LeetCode/issues{/number}", "pulls_url": "https://api.github.com/repos/cherryljr/LeetCode/pulls{/number}", "milestones_url": "https://api.github.com/repos/cherryljr/LeetCode/milestones{/number}", "notifications_url": "https://api.github.com/repos/cherryljr/LeetCode/notifications{?since,all,participating}", "labels_url": "https://api.github.com/repos/cherryljr/LeetCode/labels{/name}", "releases_url": "https://api.github.com/repos/cherryljr/LeetCode/releases{/id}", "deployments_url": "https://api.github.com/repos/cherryljr/LeetCode/deployments", "created_at": "2017-08-24T07:52:37Z", "updated_at": "2022-03-10T12:21:07Z", "pushed_at": "2020-11-25T18:21:08Z", "git_url": "git://github.com/cherryljr/LeetCode.git", "ssh_url": "git@github.com:cherryljr/LeetCode.git", "clone_url": "https://github.com/cherryljr/LeetCode.git", "svn_url": "https://github.com/cherryljr/LeetCode", "homepage": "", "size": 1187, "stargazers_count": 292, "watchers_count": 292, "language": "Java", "has_issues": true, "has_projects": true, "has_downloads": true, "has_wiki": true, "has_pages": false, "forks_count": 145, "mirror_url": null, "archived": false, "disabled": false, "open_issues_count": 5, "license": null, "allow_forking": true, "is_template": false, "topics": [], "visibility": "public", "forks": 145, "open_issues": 5, "watchers": 292, "default_branch": "master", "score": 1.0, "__project_size": 2875882, "__java_files_sizes": 1591595, "__java_files_loc": 40962, "contributors_url_calculated": 1, "commits_url_calculated": 683}