{"id": 150456120, "node_id": "MDEwOlJlcG9zaXRvcnkxNTA0NTYxMjA=", "name": "sagemaker-sparkml-serving-container", "full_name": "aws/sagemaker-sparkml-serving-container", "private": false, "owner": {"login": "aws", "id": 2232217, "node_id": "MDEyOk9yZ2FuaXphdGlvbjIyMzIyMTc=", "avatar_url": "https://avatars.githubusercontent.com/u/2232217?v=4", "gravatar_id": "", "url": "https://api.github.com/users/aws", "html_url": "https://github.com/aws", "followers_url": "https://api.github.com/users/aws/followers", "following_url": "https://api.github.com/users/aws/following{/other_user}", "gists_url": "https://api.github.com/users/aws/gists{/gist_id}", "starred_url": "https://api.github.com/users/aws/starred{/owner}{/repo}", "subscriptions_url": "https://api.github.com/users/aws/subscriptions", "organizations_url": "https://api.github.com/users/aws/orgs", "repos_url": "https://api.github.com/users/aws/repos", "events_url": "https://api.github.com/users/aws/events{/privacy}", "received_events_url": "https://api.github.com/users/aws/received_events", "type": "Organization", "site_admin": false}, "html_url": "https://github.com/aws/sagemaker-sparkml-serving-container", "description": "This code is used to build & run a Docker container for performing predictions against a  Spark ML Pipeline.", "fork": false, "url": "https://api.github.com/repos/aws/sagemaker-sparkml-serving-container", "forks_url": "https://api.github.com/repos/aws/sagemaker-sparkml-serving-container/forks", "keys_url": "https://api.github.com/repos/aws/sagemaker-sparkml-serving-container/keys{/key_id}", "collaborators_url": "https://api.github.com/repos/aws/sagemaker-sparkml-serving-container/collaborators{/collaborator}", "teams_url": "https://api.github.com/repos/aws/sagemaker-sparkml-serving-container/teams", "hooks_url": "https://api.github.com/repos/aws/sagemaker-sparkml-serving-container/hooks", "issue_events_url": "https://api.github.com/repos/aws/sagemaker-sparkml-serving-container/issues/events{/number}", "events_url": "https://api.github.com/repos/aws/sagemaker-sparkml-serving-container/events", "assignees_url": "https://api.github.com/repos/aws/sagemaker-sparkml-serving-container/assignees{/user}", "branches_url": "https://api.github.com/repos/aws/sagemaker-sparkml-serving-container/branches{/branch}", "tags_url": "https://api.github.com/repos/aws/sagemaker-sparkml-serving-container/tags", "blobs_url": "https://api.github.com/repos/aws/sagemaker-sparkml-serving-container/git/blobs{/sha}", "git_tags_url": "https://api.github.com/repos/aws/sagemaker-sparkml-serving-container/git/tags{/sha}", "git_refs_url": "https://api.github.com/repos/aws/sagemaker-sparkml-serving-container/git/refs{/sha}", "trees_url": "https://api.github.com/repos/aws/sagemaker-sparkml-serving-container/git/trees{/sha}", "statuses_url": "https://api.github.com/repos/aws/sagemaker-sparkml-serving-container/statuses/{sha}", "languages_url": "https://api.github.com/repos/aws/sagemaker-sparkml-serving-container/languages", "stargazers_url": "https://api.github.com/repos/aws/sagemaker-sparkml-serving-container/stargazers", "contributors_url": "https://api.github.com/repos/aws/sagemaker-sparkml-serving-container/contributors", "subscribers_url": "https://api.github.com/repos/aws/sagemaker-sparkml-serving-container/subscribers", "subscription_url": "https://api.github.com/repos/aws/sagemaker-sparkml-serving-container/subscription", "commits_url": "https://api.github.com/repos/aws/sagemaker-sparkml-serving-container/commits{/sha}", "git_commits_url": "https://api.github.com/repos/aws/sagemaker-sparkml-serving-container/git/commits{/sha}", "comments_url": "https://api.github.com/repos/aws/sagemaker-sparkml-serving-container/comments{/number}", "issue_comment_url": "https://api.github.com/repos/aws/sagemaker-sparkml-serving-container/issues/comments{/number}", "contents_url": "https://api.github.com/repos/aws/sagemaker-sparkml-serving-container/contents/{+path}", "compare_url": "https://api.github.com/repos/aws/sagemaker-sparkml-serving-container/compare/{base}...{head}", "merges_url": "https://api.github.com/repos/aws/sagemaker-sparkml-serving-container/merges", "archive_url": "https://api.github.com/repos/aws/sagemaker-sparkml-serving-container/{archive_format}{/ref}", "downloads_url": "https://api.github.com/repos/aws/sagemaker-sparkml-serving-container/downloads", "issues_url": "https://api.github.com/repos/aws/sagemaker-sparkml-serving-container/issues{/number}", "pulls_url": "https://api.github.com/repos/aws/sagemaker-sparkml-serving-container/pulls{/number}", "milestones_url": "https://api.github.com/repos/aws/sagemaker-sparkml-serving-container/milestones{/number}", "notifications_url": "https://api.github.com/repos/aws/sagemaker-sparkml-serving-container/notifications{?since,all,participating}", "labels_url": "https://api.github.com/repos/aws/sagemaker-sparkml-serving-container/labels{/name}", "releases_url": "https://api.github.com/repos/aws/sagemaker-sparkml-serving-container/releases{/id}", "deployments_url": "https://api.github.com/repos/aws/sagemaker-sparkml-serving-container/deployments", "created_at": "2018-09-26T16:23:16Z", "updated_at": "2022-02-15T06:41:12Z", "pushed_at": "2022-02-02T00:10:05Z", "git_url": "git://github.com/aws/sagemaker-sparkml-serving-container.git", "ssh_url": "git@github.com:aws/sagemaker-sparkml-serving-container.git", "clone_url": "https://github.com/aws/sagemaker-sparkml-serving-container.git", "svn_url": "https://github.com/aws/sagemaker-sparkml-serving-container", "homepage": "", "size": 92, "stargazers_count": 41, "watchers_count": 41, "language": "Java", "has_issues": true, "has_projects": true, "has_downloads": true, "has_wiki": true, "has_pages": false, "forks_count": 18, "mirror_url": null, "archived": false, "disabled": false, "open_issues_count": 12, "license": {"key": "apache-2.0", "name": "Apache License 2.0", "spdx_id": "Apache-2.0", "url": "https://api.github.com/licenses/apache-2.0", "node_id": "MDc6TGljZW5zZTI="}, "allow_forking": true, "is_template": false, "topics": ["inference", "inference-pipeline", "machine-learning", "mleap", "mleap-serialized-spark", "pipeline", "sagemaker", "serving", "spark", "sparkml"], "visibility": "public", "forks": 18, "open_issues": 12, "watchers": 41, "default_branch": "master", "score": 1.0, "__project_size": 307136, "__java_files_sizes": 131529, "__java_files_loc": 3036, "contributors_url_calculated": 9, "commits_url_calculated": 46}