{"AdditionalMediaType": {"className": "AdditionalMediaType", "members": {"py/set": ["APPLICATION_JSONLINES_TEXT_VALUE", "APPLICATION_JSONLINES_VALUE", "TEXT_CSV_VALUE"]}, "methods": {}, "possibleFather": "", "py/object": "JavaParserVisitor.ClassInfo", "span": 4}, "AdditionalMediaTypeTest": {"className": "AdditionalMediaTypeTest", "members": {"py/set": []}, "methods": {"testAdditionalMimeType": {"memberReferences": {"py/set": []}, "methodName": "testAdditionalMimeType", "methodReferences": {"py/set": []}, "py/object": "JavaParserVisitor.MethodInfo"}}, "possibleFather": "", "py/object": "JavaParserVisitor.ClassInfo", "span": 6}, "App": {"className": "App", "members": {"py/set": []}, "methods": {"main": {"memberReferences": {"py/set": []}, "methodName": "main", "methodReferences": {"py/set": []}, "py/object": "JavaParserVisitor.MethodInfo"}}, "possibleFather": "", "py/object": "JavaParserVisitor.ClassInfo", "span": 3}, "BasicDataType": {"className": "BasicDataType", "members": {"py/set": ["SHORT", "STRING", "BYTE", "BOOLEAN", "INTEGER", "DOUBLE", "LONG", "FLOAT"]}, "methods": {}, "possibleFather": "", "py/object": "JavaParserVisitor.ClassInfo", "span": 9}, "BasicDataTypeTest": {"className": "BasicDataTypeTest", "members": {"py/set": []}, "methods": {"testBasicDataType": {"memberReferences": {"py/set": []}, "methodName": "testBasicDataType", "methodReferences": {"py/set": []}, "py/object": "JavaParserVisitor.MethodInfo"}}, "possibleFather": "", "py/object": "JavaParserVisitor.ClassInfo", "span": 11}, "BatchExecutionParameter": {"className": "BatchExecutionParameter", "members": {"py/set": ["batchStrategy", "maxPayloadInMB", "maxConcurrentTransforms"]}, "methods": {"BatchExecutionParameter": {"memberReferences": {"py/set": ["maxPayloadInMB", "maxConcurrentTransforms", "batchStrategy"]}, "methodName": "BatchExecutionParameter", "methodReferences": {"py/set": []}, "py/object": "JavaParserVisitor.MethodInfo"}, "getBatchStrategy": {"memberReferences": {"py/set": ["batchStrategy"]}, "methodName": "getBatchStrategy", "methodReferences": {"py/set": []}, "py/object": "JavaParserVisitor.MethodInfo"}, "getMaxConcurrentTransforms": {"memberReferences": {"py/set": ["maxConcurrentTransforms"]}, "methodName": "getMaxConcurrentTransforms", "methodReferences": {"py/set": []}, "py/object": "JavaParserVisitor.MethodInfo"}, "getMaxPayloadInMB": {"memberReferences": {"py/set": ["maxPayloadInMB"]}, "methodName": "getMaxPayloadInMB", "methodReferences": {"py/set": []}, "py/object": "JavaParserVisitor.MethodInfo"}}, "possibleFather": "", "py/object": "JavaParserVisitor.ClassInfo", "span": 28}, "BatchExecutionParameterTest": {"className": "BatchExecutionParameterTest", "members": {"py/set": []}, "methods": {"testBatchExecutionParameterObjectCreation": {"memberReferences": {"py/set": []}, "methodName": "testBatchExecutionParameterObjectCreation", "methodReferences": {"py/set": []}, "py/object": "JavaParserVisitor.MethodInfo"}, "testNullBatchStrategyPassedToConstructor": {"memberReferences": {"py/set": []}, "methodName": "testNullBatchStrategyPassedToConstructor", "methodReferences": {"py/set": []}, "py/object": "JavaParserVisitor.MethodInfo"}, "testNullConcurrentTransformsPassedToConstructor": {"memberReferences": {"py/set": []}, "methodName": "testNullConcurrentTransformsPassedToConstructor", "methodReferences": {"py/set": []}, "py/object": "JavaParserVisitor.MethodInfo"}, "testNullMaxPayloadPassedToConstructor": {"memberReferences": {"py/set": []}, "methodName": "testNullMaxPayloadPassedToConstructor", "methodReferences": {"py/set": []}, "py/object": "JavaParserVisitor.MethodInfo"}}, "possibleFather": "", "py/object": "JavaParserVisitor.ClassInfo", "span": 22}, "BeanConfiguration": {"className": "BeanConfiguration", "members": {"py/set": ["MIN_CORE_TO_THREAD_RATIO", "DEFAULT_MODEL_LOCATION", "DEFAULT_HTTP_LISTENER_PORT", "MAX_CORE_TO_THREAD_RATIO"]}, "methods": {"getHttpListenerPort": {"memberReferences": {"py/set": ["DEFAULT_HTTP_LISTENER_PORT"]}, "methodName": "getHttpListenerPort", "methodReferences": {"py/set": []}, "py/object": "JavaParserVisitor.MethodInfo"}, "provideBundleBuilder": {"memberReferences": {"py/set": []}, "methodName": "provideBundleBuilder", "methodReferences": {"py/set": []}, "py/object": "JavaParserVisitor.MethodInfo"}, "provideContextBuilder": {"memberReferences": {"py/set": []}, "methodName": "provideContextBuilder", "methodReferences": {"py/set": []}, "py/object": "JavaParserVisitor.MethodInfo"}, "provideJettyServletWebServerFactory": {"memberReferences": {"py/set": ["DEFAULT_HTTP_LISTENER_PORT"]}, "methodName": "provideJettyServletWebServerFactory", "methodReferences": {"py/set": ["getHttpListenerPort"]}, "py/object": "JavaParserVisitor.MethodInfo"}, "provideLeapFrameBuilder": {"memberReferences": {"py/set": []}, "methodName": "provideLeapFrameBuilder", "methodReferences": {"py/set": []}, "py/object": "JavaParserVisitor.MethodInfo"}, "provideLeapFrameBuilderSupport": {"memberReferences": {"py/set": []}, "methodName": "provideLeapFrameBuilderSupport", "methodReferences": {"py/set": []}, "py/object": "JavaParserVisitor.MethodInfo"}, "provideMleapContext": {"memberReferences": {"py/set": []}, "methodName": "provideMleapContext", "methodReferences": {"py/set": []}, "py/object": "JavaParserVisitor.MethodInfo"}, "provideModelFile": {"memberReferences": {"py/set": ["DEFAULT_MODEL_LOCATION"]}, "methodName": "provideModelFile", "methodReferences": {"py/set": []}, "py/object": "JavaParserVisitor.MethodInfo"}, "provideObjectMapper": {"memberReferences": {"py/set": []}, "methodName": "provideObjectMapper", "methodReferences": {"py/set": []}, "py/object": "JavaParserVisitor.MethodInfo"}, "provideTransformer": {"memberReferences": {"py/set": []}, "methodName": "provideTransformer", "methodReferences": {"py/set": []}, "py/object": "JavaParserVisitor.MethodInfo"}}, "possibleFather": "", "py/object": "JavaParserVisitor.ClassInfo", "span": 66}, "BeanConfigurationTest": {"className": "BeanConfigurationTest", "members": {"py/set": ["configuration"]}, "methods": {"BeanConfigurationTest": {"memberReferences": {"py/set": []}, "methodName": "BeanConfigurationTest", "methodReferences": {"py/set": []}, "py/object": "JavaParserVisitor.MethodInfo"}, "testBundleBuilderNotNull": {"memberReferences": {"py/set": []}, "methodName": "testBundleBuilderNotNull", "methodReferences": {"py/set": []}, "py/object": "JavaParserVisitor.MethodInfo"}, "testContextBuilderNotNull": {"memberReferences": {"py/set": []}, "methodName": "testContextBuilderNotNull", "methodReferences": {"py/set": []}, "py/object": "JavaParserVisitor.MethodInfo"}, "testJettyServletWebServerFactoryNotNull": {"memberReferences": {"py/set": []}, "methodName": "testJettyServletWebServerFactoryNotNull", "methodReferences": {"py/set": []}, "py/object": "JavaParserVisitor.MethodInfo"}, "testLeapFrameBuilderNotNull": {"memberReferences": {"py/set": []}, "methodName": "testLeapFrameBuilderNotNull", "methodReferences": {"py/set": []}, "py/object": "JavaParserVisitor.MethodInfo"}, "testLeapFrameBuilderSupportNotNull": {"memberReferences": {"py/set": []}, "methodName": "testLeapFrameBuilderSupportNotNull", "methodReferences": {"py/set": []}, "py/object": "JavaParserVisitor.MethodInfo"}, "testMleapContextNotNull": {"memberReferences": {"py/set": ["configuration"]}, "methodName": "testMleapContextNotNull", "methodReferences": {"py/set": []}, "py/object": "JavaParserVisitor.MethodInfo"}, "testModelLocationNotNull": {"memberReferences": {"py/set": []}, "methodName": "testModelLocationNotNull", "methodReferences": {"py/set": []}, "py/object": "JavaParserVisitor.MethodInfo"}, "testObjectMapperNotNull": {"memberReferences": {"py/set": []}, "methodName": "testObjectMapperNotNull", "methodReferences": {"py/set": []}, "py/object": "JavaParserVisitor.MethodInfo"}, "testParsePortFromEnvironment": {"memberReferences": {"py/set": []}, "methodName": "testParsePortFromEnvironment", "methodReferences": {"py/set": []}, "py/object": "JavaParserVisitor.MethodInfo"}, "testTransformerNotNull": {"memberReferences": {"py/set": ["configuration"]}, "methodName": "testTransformerNotNull", "methodReferences": {"py/set": []}, "py/object": "JavaParserVisitor.MethodInfo"}}, "possibleFather": "", "py/object": "JavaParserVisitor.ClassInfo", "span": 63}, "ColumnSchema": {"className": "ColumnSchema", "members": {"py/set": ["type", "name", "struct"]}, "methods": {"ColumnSchema": {"memberReferences": {"py/set": ["type", "name", "struct"]}, "methodName": "ColumnSchema", "methodReferences": {"py/set": []}, "py/object": "JavaParserVisitor.MethodInfo"}}, "possibleFather": "", "py/object": "JavaParserVisitor.ClassInfo", "span": 23}, "ColumnSchemaTest": {"className": "ColumnSchemaTest", "members": {"py/set": []}, "methods": {"testNullNamePassedToConstructor": {"memberReferences": {"py/set": []}, "methodName": "testNullNamePassedToConstructor", "methodReferences": {"py/set": []}, "py/object": "JavaParserVisitor.MethodInfo"}, "testNullStructPassedToConstructor": {"memberReferences": {"py/set": []}, "methodName": "testNullStructPassedToConstructor", "methodReferences": {"py/set": []}, "py/object": "JavaParserVisitor.MethodInfo"}, "testNullTypePassedToConstructor": {"memberReferences": {"py/set": []}, "methodName": "testNullTypePassedToConstructor", "methodReferences": {"py/set": []}, "py/object": "JavaParserVisitor.MethodInfo"}, "testSingleColumnObjectCreation": {"memberReferences": {"py/set": []}, "methodName": "testSingleColumnObjectCreation", "methodReferences": {"py/set": []}, "py/object": "JavaParserVisitor.MethodInfo"}}, "possibleFather": "", "py/object": "JavaParserVisitor.ClassInfo", "span": 23}, "ContextLoaderTest": {"className": "ContextLoaderTest", "members": {"py/set": ["context"]}, "methods": {"testApplicationContextSetup": {"memberReferences": {"py/set": ["context"]}, "methodName": "testApplicationContextSetup", "methodReferences": {"py/set": []}, "py/object": "JavaParserVisitor.MethodInfo"}}, "possibleFather": "", "py/object": "JavaParserVisitor.ClassInfo", "span": 18}, "DataConversionHelper": {"className": "DataConversionHelper", "members": {"py/set": ["leapFrameBuilder", "support"]}, "methods": {"DataConversionHelper": {"memberReferences": {"py/set": ["leapFrameBuilder", "support"]}, "methodName": "DataConversionHelper", "methodReferences": {"py/set": []}, "py/object": "JavaParserVisitor.MethodInfo"}, "convertCsvToObjectList": {"memberReferences": {"py/set": []}, "methodName": "convertCsvToObjectList", "methodReferences": {"py/set": ["convertInputDataToJavaType"]}, "py/object": "JavaParserVisitor.MethodInfo"}, "convertInputDataToJavaType": {"memberReferences": {"py/set": []}, "methodName": "convertInputDataToJavaType", "methodReferences": {"py/set": []}, "py/object": "JavaParserVisitor.MethodInfo"}, "convertInputToLeapFrame": {"memberReferences": {"py/set": []}, "methodName": "convertInputToLeapFrame", "methodReferences": {"py/set": ["convertInputDataToJavaType", "convertInputToMLeapInputType"]}, "py/object": "JavaParserVisitor.MethodInfo"}, "convertInputToMLeapInputType": {"memberReferences": {"py/set": []}, "methodName": "convertInputToMLeapInputType", "methodReferences": {"py/set": []}, "py/object": "JavaParserVisitor.MethodInfo"}, "convertMLeapBasicTypeToJavaType": {"memberReferences": {"py/set": []}, "methodName": "convertMLeapBasicTypeToJavaType", "methodReferences": {"py/set": []}, "py/object": "JavaParserVisitor.MethodInfo"}}, "possibleFather": "", "py/object": "JavaParserVisitor.ClassInfo", "span": 202}, "DataConversionHelperTest": {"className": "DataConversionHelperTest", "members": {"py/set": ["mapper", "dataConversionHelper"]}, "methods": {"testCastingInputToJavaTypeList": {"memberReferences": {"py/set": ["dataConversionHelper"]}, "methodName": "testCastingInputToJavaTypeList", "methodReferences": {"py/set": []}, "py/object": "JavaParserVisitor.MethodInfo"}, "testCastingInputToJavaTypeListWrongType": {"memberReferences": {"py/set": ["dataConversionHelper"]}, "methodName": "testCastingInputToJavaTypeListWrongType", "methodReferences": {"py/set": []}, "py/object": "JavaParserVisitor.MethodInfo"}, "testCastingInputToJavaTypeNonList": {"memberReferences": {"py/set": ["dataConversionHelper"]}, "methodName": "testCastingInputToJavaTypeNonList", "methodReferences": {"py/set": []}, "py/object": "JavaParserVisitor.MethodInfo"}, "testCastingInputToJavaTypeSingle": {"memberReferences": {"py/set": ["dataConversionHelper"]}, "methodName": "testCastingInputToJavaTypeSingle", "methodReferences": {"py/set": []}, "py/object": "JavaParserVisitor.MethodInfo"}, "testCastingInputToJavaTypeWrongType": {"memberReferences": {"py/set": ["dataConversionHelper"]}, "methodName": "testCastingInputToJavaTypeWrongType", "methodReferences": {"py/set": []}, "py/object": "JavaParserVisitor.MethodInfo"}, "testCastingInputToLeapFrame": {"memberReferences": {"py/set": ["mapper", "dataConversionHelper"]}, "methodName": "testCastingInputToLeapFrame", "methodReferences": {"py/set": []}, "py/object": "JavaParserVisitor.MethodInfo"}, "testCastingInputToMLeapType": {"memberReferences": {"py/set": ["dataConversionHelper"]}, "methodName": "testCastingInputToMLeapType", "methodReferences": {"py/set": []}, "py/object": "JavaParserVisitor.MethodInfo"}, "testCastingInputToMLeapTypeWrongType": {"memberReferences": {"py/set": ["dataConversionHelper"]}, "methodName": "testCastingInputToMLeapTypeWrongType", "methodReferences": {"py/set": []}, "py/object": "JavaParserVisitor.MethodInfo"}, "testCastingMLeapBasicTypeToJavaType": {"memberReferences": {"py/set": ["dataConversionHelper"]}, "methodName": "testCastingMLeapBasicTypeToJavaType", "methodReferences": {"py/set": []}, "py/object": "JavaParserVisitor.MethodInfo"}, "testCastingMleapBasicTypeToJavaTypeWrongInput": {"memberReferences": {"py/set": []}, "methodName": "testCastingMleapBasicTypeToJavaTypeWrongInput", "methodReferences": {"py/set": []}, "py/object": "JavaParserVisitor.MethodInfo"}, "testConvertInputToJavaTypeNonDoibleVector": {"memberReferences": {"py/set": ["dataConversionHelper"]}, "methodName": "testConvertInputToJavaTypeNonDoibleVector", "methodReferences": {"py/set": []}, "py/object": "JavaParserVisitor.MethodInfo"}, "testParseCsvQuotesToObjectList": {"memberReferences": {"py/set": ["mapper"]}, "methodName": "testParseCsvQuotesToObjectList", "methodReferences": {"py/set": []}, "py/object": "JavaParserVisitor.MethodInfo"}, "testParseCsvToObjectList": {"memberReferences": {"py/set": ["mapper"]}, "methodName": "testParseCsvToObjectList", "methodReferences": {"py/set": []}, "py/object": "JavaParserVisitor.MethodInfo"}}, "possibleFather": "", "py/object": "JavaParserVisitor.ClassInfo", "span": 182}, "DataSchema": {"className": "DataSchema", "members": {"py/set": ["input", "output"]}, "methods": {"DataSchema": {"memberReferences": {"py/set": ["input", "output"]}, "methodName": "DataSchema", "methodReferences": {"py/set": []}, "py/object": "JavaParserVisitor.MethodInfo"}}, "possibleFather": "", "py/object": "JavaParserVisitor.ClassInfo", "span": 17}, "DataSchemaTest": {"className": "DataSchemaTest", "members": {"py/set": ["mapper", "inputCols", "outputCol"]}, "methods": {"testDataSchemaObjectCreation": {"memberReferences": {"py/set": ["inputCols", "outputCol"]}, "methodName": "testDataSchemaObjectCreation", "methodReferences": {"py/set": []}, "py/object": "JavaParserVisitor.MethodInfo"}, "testEmptyInputColumnsPassedToConstructor": {"memberReferences": {"py/set": ["outputCol"]}, "methodName": "testEmptyInputColumnsPassedToConstructor", "methodReferences": {"py/set": []}, "py/object": "JavaParserVisitor.MethodInfo"}, "testEmptyOutputColumnsPassedToConstructor": {"memberReferences": {"py/set": ["inputCols"]}, "methodName": "testEmptyOutputColumnsPassedToConstructor", "methodReferences": {"py/set": []}, "py/object": "JavaParserVisitor.MethodInfo"}, "testParseBasicInputJson": {"memberReferences": {"py/set": ["mapper"]}, "methodName": "testParseBasicInputJson", "methodReferences": {"py/set": []}, "py/object": "JavaParserVisitor.MethodInfo"}}, "possibleFather": "", "py/object": "JavaParserVisitor.ClassInfo", "span": 46}, "DataStructureType": {"className": "DataStructureType", "members": {"py/set": ["VECTOR", "BASIC", "ARRAY"]}, "methods": {}, "possibleFather": "", "py/object": "JavaParserVisitor.ClassInfo", "span": 4}, "DataStructureTypeTest": {"className": "DataStructureTypeTest", "members": {"py/set": []}, "methods": {"testStructureType": {"memberReferences": {"py/set": []}, "methodName": "testStructureType", "methodReferences": {"py/set": []}, "py/object": "JavaParserVisitor.MethodInfo"}}, "possibleFather": "", "py/object": "JavaParserVisitor.ClassInfo", "span": 6}, "JsonlinesStandardOutput": {"className": "JsonlinesStandardOutput", "members": {"py/set": ["features"]}, "methods": {"JsonlinesStandardOutput": {"memberReferences": {"py/set": ["features"]}, "methodName": "JsonlinesStandardOutput", "methodReferences": {"py/set": []}, "py/object": "JavaParserVisitor.MethodInfo"}}, "possibleFather": "", "py/object": "JavaParserVisitor.ClassInfo", "span": 10}, "JsonlinesStandardOutputTest": {"className": "JsonlinesStandardOutputTest", "members": {"py/set": ["mapper"]}, "methods": {"testNullInputPassedToConstructor": {"memberReferences": {"py/set": []}, "methodName": "testNullInputPassedToConstructor", "methodReferences": {"py/set": []}, "py/object": "JavaParserVisitor.MethodInfo"}, "testParseStandardJsonOutput": {"memberReferences": {"py/set": ["mapper"]}, "methodName": "testParseStandardJsonOutput", "methodReferences": {"py/set": []}, "py/object": "JavaParserVisitor.MethodInfo"}, "testStandardJsonOutputObjectCreation": {"memberReferences": {"py/set": []}, "methodName": "testStandardJsonOutputObjectCreation", "methodReferences": {"py/set": []}, "py/object": "JavaParserVisitor.MethodInfo"}}, "possibleFather": "", "py/object": "JavaParserVisitor.ClassInfo", "span": 23}, "JsonlinesTextOutput": {"className": "JsonlinesTextOutput", "members": {"py/set": ["source"]}, "methods": {"JsonlinesTextOutput": {"memberReferences": {"py/set": ["source"]}, "methodName": "JsonlinesTextOutput", "methodReferences": {"py/set": []}, "py/object": "JavaParserVisitor.MethodInfo"}}, "possibleFather": "", "py/object": "JavaParserVisitor.ClassInfo", "span": 10}, "JsonlinesTextOutputTest": {"className": "JsonlinesTextOutputTest", "members": {"py/set": ["mapper"]}, "methods": {"testNullInputPassedToConstructor": {"memberReferences": {"py/set": []}, "methodName": "testNullInputPassedToConstructor", "methodReferences": {"py/set": []}, "py/object": "JavaParserVisitor.MethodInfo"}, "testParseStandardJsonOutput": {"memberReferences": {"py/set": ["mapper"]}, "methodName": "testParseStandardJsonOutput", "methodReferences": {"py/set": []}, "py/object": "JavaParserVisitor.MethodInfo"}, "testStandardJsonOutputObjectCreation": {"memberReferences": {"py/set": []}, "methodName": "testStandardJsonOutputObjectCreation", "methodReferences": {"py/set": []}, "py/object": "JavaParserVisitor.MethodInfo"}}, "possibleFather": "", "py/object": "JavaParserVisitor.ClassInfo", "span": 19}, "ResponseHelper": {"className": "ResponseHelper", "members": {"py/set": ["mapper"]}, "methods": {"ResponseHelper": {"memberReferences": {"py/set": ["mapper"]}, "methodName": "ResponseHelper", "methodReferences": {"py/set": []}, "py/object": "JavaParserVisitor.MethodInfo"}, "buildCsvOutputForList": {"memberReferences": {"py/set": []}, "methodName": "buildCsvOutputForList", "methodReferences": {"py/set": ["getCsvOkResponse"]}, "py/object": "JavaParserVisitor.MethodInfo"}, "buildStandardJsonOutputForList": {"memberReferences": {"py/set": []}, "methodName": "buildStandardJsonOutputForList", "methodReferences": {"py/set": ["getJsonlinesOkResponse"]}, "py/object": "JavaParserVisitor.MethodInfo"}, "buildTextJsonOutputForList": {"memberReferences": {"py/set": []}, "methodName": "buildTextJsonOutputForList", "methodReferences": {"py/set": ["getJsonlinesOkResponse"]}, "py/object": "JavaParserVisitor.MethodInfo"}, "getCsvOkResponse": {"memberReferences": {"py/set": []}, "methodName": "getCsvOkResponse", "methodReferences": {"py/set": []}, "py/object": "JavaParserVisitor.MethodInfo"}, "getJsonlinesOkResponse": {"memberReferences": {"py/set": []}, "methodName": "getJsonlinesOkResponse", "methodReferences": {"py/set": []}, "py/object": "JavaParserVisitor.MethodInfo"}, "sendResponseForList": {"memberReferences": {"py/set": []}, "methodName": "sendResponseForList", "methodReferences": {"py/set": ["buildStandardJsonOutputForList", "buildCsvOutputForList", "buildTextJsonOutputForList"]}, "py/object": "JavaParserVisitor.MethodInfo"}, "sendResponseForSingleValue": {"memberReferences": {"py/set": []}, "methodName": "sendResponseForSingleValue", "methodReferences": {"py/set": ["getCsvOkResponse", "getJsonlinesOkResponse"]}, "py/object": "JavaParserVisitor.MethodInfo"}}, "possibleFather": "", "py/object": "JavaParserVisitor.ClassInfo", "span": 85}, "ResponseHelperTest": {"className": "ResponseHelperTest", "members": {"py/set": ["responseHelperTest", "dummyResponse"]}, "methods": {"setup": {"memberReferences": {"py/set": ["dummyResponse"]}, "methodName": "setup", "methodReferences": {"py/set": []}, "py/object": "JavaParserVisitor.MethodInfo"}, "testListOutputCsv": {"memberReferences": {"py/set": ["responseHelperTest"]}, "methodName": "testListOutputCsv", "methodReferences": {"py/set": []}, "py/object": "JavaParserVisitor.MethodInfo"}, "testListOutputInvalidAccept": {"memberReferences": {"py/set": ["responseHelperTest"]}, "methodName": "testListOutputInvalidAccept", "methodReferences": {"py/set": []}, "py/object": "JavaParserVisitor.MethodInfo"}, "testListOutputJsonlines": {"memberReferences": {"py/set": ["responseHelperTest"]}, "methodName": "testListOutputJsonlines", "methodReferences": {"py/set": []}, "py/object": "JavaParserVisitor.MethodInfo"}, "testSingleJsonlines": {"memberReferences": {"py/set": []}, "methodName": "testSingleJsonlines", "methodReferences": {"py/set": []}, "py/object": "JavaParserVisitor.MethodInfo"}, "testSingleOutput": {"memberReferences": {"py/set": []}, "methodName": "testSingleOutput", "methodReferences": {"py/set": []}, "py/object": "JavaParserVisitor.MethodInfo"}, "testSingleOutputNoContentType": {"memberReferences": {"py/set": []}, "methodName": "testSingleOutputNoContentType", "methodReferences": {"py/set": []}, "py/object": "JavaParserVisitor.MethodInfo"}, "testTextOutputInvalidAccept": {"memberReferences": {"py/set": ["dummyResponse", "responseHelperTest"]}, "methodName": "testTextOutputInvalidAccept", "methodReferences": {"py/set": []}, "py/object": "JavaParserVisitor.MethodInfo"}, "testTextOutputJsonlines": {"memberReferences": {"py/set": ["dummyResponse", "responseHelperTest"]}, "methodName": "testTextOutputJsonlines", "methodReferences": {"py/set": []}, "py/object": "JavaParserVisitor.MethodInfo"}}, "possibleFather": "", "py/object": "JavaParserVisitor.ClassInfo", "span": 79}, "SageMakerRequestListObject": {"className": "SageMakerRequestListObject", "members": {"py/set": ["data", "schema"]}, "methods": {"SageMakerRequestListObject": {"memberReferences": {"py/set": ["data", "schema"]}, "methodName": "SageMakerRequestListObject", "methodReferences": {"py/set": []}, "py/object": "JavaParserVisitor.MethodInfo"}}, "possibleFather": "", "py/object": "JavaParserVisitor.ClassInfo", "span": 18}, "SageMakerRequestListObjectTest": {"className": "SageMakerRequestListObjectTest", "members": {"py/set": ["mapper", "listOfListInputForBasicInput", "listOfListInputForMultipleInput"]}, "methods": {"setup": {"memberReferences": {"py/set": ["listOfListInputForBasicInput", "listOfListInputForMultipleInput"]}, "methodName": "setup", "methodReferences": {"py/set": []}, "py/object": "JavaParserVisitor.MethodInfo"}, "testNullDataPassedToConstructor": {"memberReferences": {"py/set": []}, "methodName": "testNullDataPassedToConstructor", "methodReferences": {"py/set": []}, "py/object": "JavaParserVisitor.MethodInfo"}, "testParseBasicMultipleLinesInputJson": {"memberReferences": {"py/set": ["listOfListInputForBasicInput", "mapper"]}, "methodName": "testParseBasicMultipleLinesInputJson", "methodReferences": {"py/set": []}, "py/object": "JavaParserVisitor.MethodInfo"}, "testParseCompleteMultipleLinesInputJson": {"memberReferences": {"py/set": ["listOfListInputForMultipleInput", "mapper"]}, "methodName": "testParseCompleteMultipleLinesInputJson", "methodReferences": {"py/set": []}, "py/object": "JavaParserVisitor.MethodInfo"}, "testSageMakerRequestListObjectCreation": {"memberReferences": {"py/set": ["listOfListInputForBasicInput", "mapper"]}, "methodName": "testSageMakerRequestListObjectCreation", "methodReferences": {"py/set": []}, "py/object": "JavaParserVisitor.MethodInfo"}}, "possibleFather": "", "py/object": "JavaParserVisitor.ClassInfo", "span": 81}, "SageMakerRequestObject": {"className": "SageMakerRequestObject", "members": {"py/set": ["data", "schema"]}, "methods": {"SageMakerRequestObject": {"memberReferences": {"py/set": ["data", "schema"]}, "methodName": "SageMakerRequestObject", "methodReferences": {"py/set": []}, "py/object": "JavaParserVisitor.MethodInfo"}}, "possibleFather": "", "py/object": "JavaParserVisitor.ClassInfo", "span": 18}, "SageMakerRequestObjectTest": {"className": "SageMakerRequestObjectTest", "members": {"py/set": ["mapper"]}, "methods": {"testNullDataPassedToConstructor": {"memberReferences": {"py/set": []}, "methodName": "testNullDataPassedToConstructor", "methodReferences": {"py/set": []}, "py/object": "JavaParserVisitor.MethodInfo"}, "testParseBasicInputJson": {"memberReferences": {"py/set": ["mapper"]}, "methodName": "testParseBasicInputJson", "methodReferences": {"py/set": []}, "py/object": "JavaParserVisitor.MethodInfo"}, "testParseCompleteInputJson": {"memberReferences": {"py/set": ["mapper"]}, "methodName": "testParseCompleteInputJson", "methodReferences": {"py/set": []}, "py/object": "JavaParserVisitor.MethodInfo"}, "testSageMakerRequestObjectCreation": {"memberReferences": {"py/set": ["mapper"]}, "methodName": "testSageMakerRequestObjectCreation", "methodReferences": {"py/set": []}, "py/object": "JavaParserVisitor.MethodInfo"}}, "possibleFather": "", "py/object": "JavaParserVisitor.ClassInfo", "span": 67}, "ScalaUtils": {"className": "ScalaUtils", "members": {"py/set": ["leapFrameSupport"]}, "methods": {"getJavaObjectIteratorFromArrayRow": {"memberReferences": {"py/set": []}, "methodName": "getJavaObjectIteratorFromArrayRow", "methodReferences": {"py/set": []}, "py/object": "JavaParserVisitor.MethodInfo"}, "getOutputArrayRow": {"memberReferences": {"py/set": []}, "methodName": "getOutputArrayRow", "methodReferences": {"py/set": []}, "py/object": "JavaParserVisitor.MethodInfo"}, "selectFromLeapFrame": {"memberReferences": {"py/set": ["leapFrameSupport"]}, "methodName": "selectFromLeapFrame", "methodReferences": {"py/set": []}, "py/object": "JavaParserVisitor.MethodInfo"}, "transformLeapFrame": {"memberReferences": {"py/set": []}, "methodName": "transformLeapFrame", "methodReferences": {"py/set": []}, "py/object": "JavaParserVisitor.MethodInfo"}}, "possibleFather": "", "py/object": "JavaParserVisitor.ClassInfo", "span": 51}, "ServingController": {"className": "ServingController", "members": {"py/set": ["mapper", "dataConversionHelper", "VALID_ACCEPT_LIST", "LOG", "mleapTransformer", "responseHelper"]}, "methods": {"ServingController": {"memberReferences": {"py/set": ["mapper", "dataConversionHelper", "mleapTransformer", "responseHelper"]}, "methodName": "ServingController", "methodReferences": {"py/set": []}, "py/object": "JavaParserVisitor.MethodInfo"}, "checkEmptyAccept": {"memberReferences": {"py/set": []}, "methodName": "checkEmptyAccept", "methodReferences": {"py/set": []}, "py/object": "JavaParserVisitor.MethodInfo"}, "performShallowHealthCheck": {"memberReferences": {"py/set": []}, "methodName": "performShallowHealthCheck", "methodReferences": {"py/set": []}, "py/object": "JavaParserVisitor.MethodInfo"}, "processInputData": {"memberReferences": {"py/set": ["responseHelper", "dataConversionHelper"]}, "methodName": "processInputData", "methodReferences": {"py/set": ["transformToHttpResponse"]}, "py/object": "JavaParserVisitor.MethodInfo"}, "processInputDataForJsonLines": {"memberReferences": {"py/set": ["dataConversionHelper", "responseHelper"]}, "methodName": "processInputDataForJsonLines", "methodReferences": {"py/set": ["retrieveAndVerifySchema", "processInputData"]}, "py/object": "JavaParserVisitor.MethodInfo"}, "retrieveAndVerifyAccept": {"memberReferences": {"py/set": []}, "methodName": "retrieveAndVerifyAccept", "methodReferences": {"py/set": ["checkEmptyAccept"]}, "py/object": "JavaParserVisitor.MethodInfo"}, "retrieveAndVerifySchema": {"memberReferences": {"py/set": []}, "methodName": "retrieveAndVerifySchema", "methodReferences": {"py/set": []}, "py/object": "JavaParserVisitor.MethodInfo"}, "returnBatchExecutionParameter": {"memberReferences": {"py/set": []}, "methodName": "returnBatchExecutionParameter", "methodReferences": {"py/set": []}, "py/object": "JavaParserVisitor.MethodInfo"}, "transformRequestCsv": {"memberReferences": {"py/set": ["mapper", "dataConversionHelper", "responseHelper"]}, "methodName": "transformRequestCsv", "methodReferences": {"py/set": ["retrieveAndVerifySchema", "processInputData", "retrieveAndVerifyAccept"]}, "py/object": "JavaParserVisitor.MethodInfo"}, "transformRequestJson": {"memberReferences": {"py/set": ["mapper", "dataConversionHelper", "responseHelper"]}, "methodName": "transformRequestJson", "methodReferences": {"py/set": ["retrieveAndVerifySchema", "processInputData", "retrieveAndVerifyAccept"]}, "py/object": "JavaParserVisitor.MethodInfo"}, "transformRequestJsonLines": {"memberReferences": {"py/set": ["dataConversionHelper", "responseHelper"]}, "methodName": "transformRequestJsonLines", "methodReferences": {"py/set": ["processInputDataForJsonLines", "retrieveAndVerifyAccept"]}, "py/object": "JavaParserVisitor.MethodInfo"}, "transformToHttpResponse": {"memberReferences": {"py/set": ["dataConversionHelper", "responseHelper"]}, "methodName": "transformToHttpResponse", "methodReferences": {"py/set": []}, "py/object": "JavaParserVisitor.MethodInfo"}}, "possibleFather": "", "py/object": "JavaParserVisitor.ClassInfo", "span": 242}, "ServingControllerTest": {"className": "ServingControllerTest", "members": {"py/set": ["outputColumn", "responseLeapFrame", "mapper", "controller", "schemaInJson", "inputColumns", "inputData", "mleapTransformerMock", "converter", "outputArrayRow", "responseHelper", "sro"]}, "methods": {"ServingControllerTest": {"memberReferences": {"py/set": []}, "methodName": "ServingControllerTest", "methodReferences": {"py/set": []}, "py/object": "JavaParserVisitor.MethodInfo"}, "buildDefaultSageMakerRequestObject": {"memberReferences": {"py/set": ["outputColumn", "schemaInJson", "inputColumns", "inputData", "sro"]}, "methodName": "buildDefaultSageMakerRequestObject", "methodReferences": {"py/set": []}, "py/object": "JavaParserVisitor.MethodInfo"}, "buildResponseLeapFrame": {"memberReferences": {"py/set": ["outputArrayRow", "responseLeapFrame"]}, "methodName": "buildResponseLeapFrame", "methodReferences": {"py/set": []}, "py/object": "JavaParserVisitor.MethodInfo"}, "setup": {"memberReferences": {"py/set": ["outputColumn", "inputColumns", "converter", "responseLeapFrame", "mapper", "controller", "schemaInJson", "inputData", "mleapTransformerMock", "outputArrayRow", "responseHelper", "sro"]}, "methodName": "setup", "methodReferences": {"py/set": ["buildResponseLeapFrame", "buildDefaultSageMakerRequestObject"]}, "py/object": "JavaParserVisitor.MethodInfo"}, "testCsvApiWithListInput": {"memberReferences": {"py/set": ["schemaInJson", "controller"]}, "methodName": "testCsvApiWithListInput", "methodReferences": {"py/set": []}, "py/object": "JavaParserVisitor.MethodInfo"}, "testCsvApiWithNullInput": {"memberReferences": {"py/set": ["schemaInJson"]}, "methodName": "testCsvApiWithNullInput", "methodReferences": {"py/set": []}, "py/object": "JavaParserVisitor.MethodInfo"}, "testInputNull": {"memberReferences": {"py/set": []}, "methodName": "testInputNull", "methodReferences": {"py/set": []}, "py/object": "JavaParserVisitor.MethodInfo"}, "testInvalidAcceptInEnvironment": {"memberReferences": {"py/set": []}, "methodName": "testInvalidAcceptInEnvironment", "methodReferences": {"py/set": []}, "py/object": "JavaParserVisitor.MethodInfo"}, "testJsonLinesApiWithEmptyInput": {"memberReferences": {"py/set": ["schemaInJson"]}, "methodName": "testJsonLinesApiWithEmptyInput", "methodReferences": {"py/set": []}, "py/object": "JavaParserVisitor.MethodInfo"}, "testJsonLinesApiWithListInputCsvOutput": {"memberReferences": {"py/set": ["controller", "schemaInJson"]}, "methodName": "testJsonLinesApiWithListInputCsvOutput", "methodReferences": {"py/set": []}, "py/object": "JavaParserVisitor.MethodInfo"}, "testJsonLinesApiWithListInputJsonOutput": {"memberReferences": {"py/set": ["controller", "schemaInJson"]}, "methodName": "testJsonLinesApiWithListInputJsonOutput", "methodReferences": {"py/set": []}, "py/object": "JavaParserVisitor.MethodInfo"}, "testJsonLinesApiWithListInputJsonTextOutput": {"memberReferences": {"py/set": ["controller", "schemaInJson"]}, "methodName": "testJsonLinesApiWithListInputJsonTextOutput", "methodReferences": {"py/set": []}, "py/object": "JavaParserVisitor.MethodInfo"}, "testJsonLinesApiWithListInputThrowsException": {"memberReferences": {"py/set": ["controller", "schemaInJson"]}, "methodName": "testJsonLinesApiWithListInputThrowsException", "methodReferences": {"py/set": []}, "py/object": "JavaParserVisitor.MethodInfo"}, "testJsonLinesApiWithNullInput": {"memberReferences": {"py/set": ["schemaInJson"]}, "methodName": "testJsonLinesApiWithNullInput", "methodReferences": {"py/set": []}, "py/object": "JavaParserVisitor.MethodInfo"}, "testListValueCsvAcceptResponse": {"memberReferences": {"py/set": ["outputColumn", "inputColumns", "inputData", "sro"]}, "methodName": "testListValueCsvAcceptResponse", "methodReferences": {"py/set": []}, "py/object": "JavaParserVisitor.MethodInfo"}, "testListValueJsonLinesAcceptResponse": {"memberReferences": {"py/set": ["outputColumn", "inputColumns", "inputData", "sro"]}, "methodName": "testListValueJsonLinesAcceptResponse", "methodReferences": {"py/set": []}, "py/object": "JavaParserVisitor.MethodInfo"}, "testListValueMLeapThrowsException": {"memberReferences": {"py/set": ["outputColumn", "inputColumns", "inputData", "sro"]}, "methodName": "testListValueMLeapThrowsException", "methodReferences": {"py/set": []}, "py/object": "JavaParserVisitor.MethodInfo"}, "testListValueMLeapThrowsExceptionCsvApi": {"memberReferences": {"py/set": ["schemaInJson", "controller"]}, "methodName": "testListValueMLeapThrowsExceptionCsvApi", "methodReferences": {"py/set": []}, "py/object": "JavaParserVisitor.MethodInfo"}, "testListValueNoAcceptResponse": {"memberReferences": {"py/set": ["outputColumn", "inputColumns", "inputData", "sro"]}, "methodName": "testListValueNoAcceptResponse", "methodReferences": {"py/set": []}, "py/object": "JavaParserVisitor.MethodInfo"}, "testParseAcceptAnyFromRequestEnvironmentNotPresent": {"memberReferences": {"py/set": []}, "methodName": "testParseAcceptAnyFromRequestEnvironmentNotPresent", "methodReferences": {"py/set": []}, "py/object": "JavaParserVisitor.MethodInfo"}, "testParseAcceptAnyFromRequestEnvironmentPresent": {"memberReferences": {"py/set": []}, "methodName": "testParseAcceptAnyFromRequestEnvironmentPresent", "methodReferences": {"py/set": []}, "py/object": "JavaParserVisitor.MethodInfo"}, "testParseAcceptEmptyFromRequestEnvironmentNotPresent": {"memberReferences": {"py/set": []}, "methodName": "testParseAcceptEmptyFromRequestEnvironmentNotPresent", "methodReferences": {"py/set": []}, "py/object": "JavaParserVisitor.MethodInfo"}, "testParseAcceptEmptyFromRequestEnvironmentPresent": {"memberReferences": {"py/set": []}, "methodName": "testParseAcceptEmptyFromRequestEnvironmentPresent", "methodReferences": {"py/set": []}, "py/object": "JavaParserVisitor.MethodInfo"}, "testPerformShallowHealthCheck": {"memberReferences": {"py/set": []}, "methodName": "testPerformShallowHealthCheck", "methodReferences": {"py/set": []}, "py/object": "JavaParserVisitor.MethodInfo"}, "testProcessInputDataForJsonLines": {"memberReferences": {"py/set": ["controller"]}, "methodName": "testProcessInputDataForJsonLines", "methodReferences": {"py/set": []}, "py/object": "JavaParserVisitor.MethodInfo"}, "testReturnBatchExecutionParameter": {"memberReferences": {"py/set": []}, "methodName": "testReturnBatchExecutionParameter", "methodReferences": {"py/set": []}, "py/object": "JavaParserVisitor.MethodInfo"}, "testSchemaAbsentEverywhere": {"memberReferences": {"py/set": []}, "methodName": "testSchemaAbsentEverywhere", "methodReferences": {"py/set": []}, "py/object": "JavaParserVisitor.MethodInfo"}, "testSchemaPresentInRequestAndEnvironment": {"memberReferences": {"py/set": ["outputColumn", "schemaInJson", "inputColumns"]}, "methodName": "testSchemaPresentInRequestAndEnvironment", "methodReferences": {"py/set": []}, "py/object": "JavaParserVisitor.MethodInfo"}, "testSchemaPresentOnlyInEnvironment": {"memberReferences": {"py/set": ["schemaInJson"]}, "methodName": "testSchemaPresentOnlyInEnvironment", "methodReferences": {"py/set": []}, "py/object": "JavaParserVisitor.MethodInfo"}, "testSingleValueCsvAcceptResponse": {"memberReferences": {"py/set": ["controller", "sro"]}, "methodName": "testSingleValueCsvAcceptResponse", "methodReferences": {"py/set": []}, "py/object": "JavaParserVisitor.MethodInfo"}, "testSingleValueJsonlinesAcceptResponse": {"memberReferences": {"py/set": ["controller", "sro"]}, "methodName": "testSingleValueJsonlinesAcceptResponse", "methodReferences": {"py/set": []}, "py/object": "JavaParserVisitor.MethodInfo"}, "testSingleValueNoAcceptResponse": {"memberReferences": {"py/set": []}, "methodName": "testSingleValueNoAcceptResponse", "methodReferences": {"py/set": []}, "py/object": "JavaParserVisitor.MethodInfo"}}, "possibleFather": "", "py/object": "JavaParserVisitor.ClassInfo", "span": 495}, "SystemUtils": {"className": "SystemUtils", "members": {"py/set": []}, "methods": {"getEnvironmentVariable": {"memberReferences": {"py/set": []}, "methodName": "getEnvironmentVariable", "methodReferences": {"py/set": []}, "py/object": "JavaParserVisitor.MethodInfo"}, "getNumberOfThreads": {"memberReferences": {"py/set": []}, "methodName": "getNumberOfThreads", "methodReferences": {"py/set": []}, "py/object": "JavaParserVisitor.MethodInfo"}}, "possibleFather": "", "py/object": "JavaParserVisitor.ClassInfo", "span": 20}, "SystemUtilsTest": {"className": "SystemUtilsTest", "members": {"py/set": []}, "methods": {"testGetNumberOfThreads": {"memberReferences": {"py/set": []}, "methodName": "testGetNumberOfThreads", "methodReferences": {"py/set": []}, "py/object": "JavaParserVisitor.MethodInfo"}}, "possibleFather": "", "py/object": "JavaParserVisitor.ClassInfo", "span": 4}, "TestConfig": {"className": "TestConfig", "members": {"py/set": []}, "methods": {"provideModelFile": {"memberReferences": {"py/set": []}, "methodName": "provideModelFile", "methodReferences": {"py/set": []}, "py/object": "JavaParserVisitor.MethodInfo"}}, "possibleFather": "", "py/object": "JavaParserVisitor.ClassInfo", "span": 4}}