{"id": 122263362, "node_id": "MDEwOlJlcG9zaXRvcnkxMjIyNjMzNjI=", "name": "exotic", "full_name": "forax/exotic", "private": false, "owner": {"login": "forax", "id": 828220, "node_id": "MDQ6VXNlcjgyODIyMA==", "avatar_url": "https://avatars.githubusercontent.com/u/828220?v=4", "gravatar_id": "", "url": "https://api.github.com/users/forax", "html_url": "https://github.com/forax", "followers_url": "https://api.github.com/users/forax/followers", "following_url": "https://api.github.com/users/forax/following{/other_user}", "gists_url": "https://api.github.com/users/forax/gists{/gist_id}", "starred_url": "https://api.github.com/users/forax/starred{/owner}{/repo}", "subscriptions_url": "https://api.github.com/users/forax/subscriptions", "organizations_url": "https://api.github.com/users/forax/orgs", "repos_url": "https://api.github.com/users/forax/repos", "events_url": "https://api.github.com/users/forax/events{/privacy}", "received_events_url": "https://api.github.com/users/forax/received_events", "type": "User", "site_admin": false}, "html_url": "https://github.com/forax/exotic", "description": "A bestiary of classes implementing exotic semantics in Java", "fork": false, "url": "https://api.github.com/repos/forax/exotic", "forks_url": "https://api.github.com/repos/forax/exotic/forks", "keys_url": "https://api.github.com/repos/forax/exotic/keys{/key_id}", "collaborators_url": "https://api.github.com/repos/forax/exotic/collaborators{/collaborator}", "teams_url": "https://api.github.com/repos/forax/exotic/teams", "hooks_url": "https://api.github.com/repos/forax/exotic/hooks", "issue_events_url": "https://api.github.com/repos/forax/exotic/issues/events{/number}", "events_url": "https://api.github.com/repos/forax/exotic/events", "assignees_url": "https://api.github.com/repos/forax/exotic/assignees{/user}", "branches_url": "https://api.github.com/repos/forax/exotic/branches{/branch}", "tags_url": "https://api.github.com/repos/forax/exotic/tags", "blobs_url": "https://api.github.com/repos/forax/exotic/git/blobs{/sha}", "git_tags_url": "https://api.github.com/repos/forax/exotic/git/tags{/sha}", "git_refs_url": "https://api.github.com/repos/forax/exotic/git/refs{/sha}", "trees_url": "https://api.github.com/repos/forax/exotic/git/trees{/sha}", "statuses_url": "https://api.github.com/repos/forax/exotic/statuses/{sha}", "languages_url": "https://api.github.com/repos/forax/exotic/languages", "stargazers_url": "https://api.github.com/repos/forax/exotic/stargazers", "contributors_url": "https://api.github.com/repos/forax/exotic/contributors", "subscribers_url": "https://api.github.com/repos/forax/exotic/subscribers", "subscription_url": "https://api.github.com/repos/forax/exotic/subscription", "commits_url": "https://api.github.com/repos/forax/exotic/commits{/sha}", "git_commits_url": "https://api.github.com/repos/forax/exotic/git/commits{/sha}", "comments_url": "https://api.github.com/repos/forax/exotic/comments{/number}", "issue_comment_url": "https://api.github.com/repos/forax/exotic/issues/comments{/number}", "contents_url": "https://api.github.com/repos/forax/exotic/contents/{+path}", "compare_url": "https://api.github.com/repos/forax/exotic/compare/{base}...{head}", "merges_url": "https://api.github.com/repos/forax/exotic/merges", "archive_url": "https://api.github.com/repos/forax/exotic/{archive_format}{/ref}", "downloads_url": "https://api.github.com/repos/forax/exotic/downloads", "issues_url": "https://api.github.com/repos/forax/exotic/issues{/number}", "pulls_url": "https://api.github.com/repos/forax/exotic/pulls{/number}", "milestones_url": "https://api.github.com/repos/forax/exotic/milestones{/number}", "notifications_url": "https://api.github.com/repos/forax/exotic/notifications{?since,all,participating}", "labels_url": "https://api.github.com/repos/forax/exotic/labels{/name}", "releases_url": "https://api.github.com/repos/forax/exotic/releases{/id}", "deployments_url": "https://api.github.com/repos/forax/exotic/deployments", "created_at": "2018-02-20T22:15:53Z", "updated_at": "2021-12-01T14:46:24Z", "pushed_at": "2020-12-17T15:01:23Z", "git_url": "git://github.com/forax/exotic.git", "ssh_url": "git@github.com:forax/exotic.git", "clone_url": "https://github.com/forax/exotic.git", "svn_url": "https://github.com/forax/exotic", "homepage": "", "size": 139, "stargazers_count": 105, "watchers_count": 105, "language": "Java", "has_issues": true, "has_projects": false, "has_downloads": true, "has_wiki": true, "has_pages": false, "forks_count": 2, "mirror_url": null, "archived": false, "disabled": false, "open_issues_count": 1, "license": {"key": "mit", "name": "MIT License", "spdx_id": "MIT", "url": "https://api.github.com/licenses/mit", "node_id": "MDc6TGljZW5zZTEz"}, "allow_forking": true, "is_template": false, "topics": ["java", "utility-library"], "visibility": "public", "forks": 2, "open_issues": 1, "watchers": 105, "default_branch": "master", "score": 1.0, "__project_size": 421641, "__java_files_sizes": 206036, "__java_files_loc": 6027, "contributors_url_calculated": 1, "commits_url_calculated": 115}