{"A": {"className": "A", "members": {"py/set": ["x"]}, "methods": {"A": {"memberReferences": {"py/set": ["x"]}, "methodName": "A", "methodReferences": {"py/set": []}, "py/object": "JavaParserVisitor.MethodInfo"}, "x": {"memberReferences": {"py/set": ["x"]}, "methodName": "x", "methodReferences": {"py/set": []}, "py/object": "JavaParserVisitor.MethodInfo"}}, "possibleFather": "", "py/object": "JavaParserVisitor.ClassInfo", "span": 8}, "Add": {"className": "Add", "members": {"py/set": ["right", "left"]}, "methods": {"Add": {"memberReferences": {"py/set": ["right", "left"]}, "methodName": "Add", "methodReferences": {"py/set": []}, "py/object": "JavaParserVisitor.MethodInfo"}, "accept": {"memberReferences": {"py/set": []}, "methodName": "accept", "methodReferences": {"py/set": []}, "py/object": "JavaParserVisitor.MethodInfo"}}, "possibleFather": "", "py/object": "JavaParserVisitor.ClassInfo", "span": 4}, "Assign": {"className": "Assign", "members": {"py/set": ["name", "expr"]}, "methods": {"Assign": {"memberReferences": {"py/set": ["name", "expr"]}, "methodName": "Assign", "methodReferences": {"py/set": []}, "py/object": "JavaParserVisitor.MethodInfo"}, "accept": {"memberReferences": {"py/set": []}, "methodName": "accept", "methodReferences": {"py/set": []}, "py/object": "JavaParserVisitor.MethodInfo"}}, "possibleFather": "", "py/object": "JavaParserVisitor.ClassInfo", "span": 4}, "AutoPerson": {"className": "AutoPerson", "members": {"py/set": ["name", "SUPPORT", "age"]}, "methods": {"AutoPerson": {"memberReferences": {"py/set": ["name", "age"]}, "methodName": "AutoPerson", "methodReferences": {"py/set": []}, "py/object": "JavaParserVisitor.MethodInfo"}, "equals": {"memberReferences": {"py/set": []}, "methodName": "equals", "methodReferences": {"py/set": []}, "py/object": "JavaParserVisitor.MethodInfo"}, "hashCode": {"memberReferences": {"py/set": []}, "methodName": "hashCode", "methodReferences": {"py/set": []}, "py/object": "JavaParserVisitor.MethodInfo"}}, "possibleFather": "", "py/object": "JavaParserVisitor.ClassInfo", "span": 18}, "B": {"className": "B", "members": {"py/set": []}, "methods": {}, "possibleFather": "", "py/object": "JavaParserVisitor.ClassInfo", "span": 0}, "Block": {"className": "Block", "members": {"py/set": ["exprs"]}, "methods": {"Block": {"memberReferences": {"py/set": ["exprs"]}, "methodName": "Block", "methodReferences": {"py/set": []}, "py/object": "JavaParserVisitor.MethodInfo"}, "accept": {"memberReferences": {"py/set": []}, "methodName": "accept", "methodReferences": {"py/set": []}, "py/object": "JavaParserVisitor.MethodInfo"}}, "possibleFather": "", "py/object": "JavaParserVisitor.ClassInfo", "span": 4}, "Boxed": {"className": "Boxed", "members": {"py/set": ["d", "j", "i"]}, "methods": {}, "possibleFather": "", "py/object": "JavaParserVisitor.ClassInfo", "span": 3}, "C": {"className": "C", "members": {"py/set": []}, "methods": {}, "possibleFather": "", "py/object": "JavaParserVisitor.ClassInfo", "span": 0}, "Color": {"className": "Color", "members": {"py/set": ["name", "SUPPORT", "light"]}, "methods": {"Color": {"memberReferences": {"py/set": ["name", "light"]}, "methodName": "Color", "methodReferences": {"py/set": []}, "py/object": "JavaParserVisitor.MethodInfo"}, "equals": {"memberReferences": {"py/set": []}, "methodName": "equals", "methodReferences": {"py/set": []}, "py/object": "JavaParserVisitor.MethodInfo"}, "hashCode": {"memberReferences": {"py/set": []}, "methodName": "hashCode", "methodReferences": {"py/set": []}, "py/object": "JavaParserVisitor.MethodInfo"}}, "possibleFather": "", "py/object": "JavaParserVisitor.ClassInfo", "span": 25}, "ConstantAccessBenchMark": {"className": "ConstantAccessBenchMark", "members": {"py/set": ["MOSTLY_CONSTANT_INTEGER", "static_final_Integer", "static_final_int", "MOSTLY_CONSTANT_INTEGER_GETTER", "MOSTLY_CONSTANT_INT", "MOSTLY_CONSTANT_INT_GETTER"]}, "methods": {"main": {"memberReferences": {"py/set": []}, "methodName": "main", "methodReferences": {"py/set": []}, "py/object": "JavaParserVisitor.MethodInfo"}, "mostly_constant_Integer": {"memberReferences": {"py/set": []}, "methodName": "mostly_constant_Integer", "methodReferences": {"py/set": []}, "py/object": "JavaParserVisitor.MethodInfo"}, "mostly_constant_int": {"memberReferences": {"py/set": []}, "methodName": "mostly_constant_int", "methodReferences": {"py/set": []}, "py/object": "JavaParserVisitor.MethodInfo"}, "static_final_Integer": {"memberReferences": {"py/set": ["static_final_Integer"]}, "methodName": "static_final_Integer", "methodReferences": {"py/set": []}, "py/object": "JavaParserVisitor.MethodInfo"}, "static_final_int": {"memberReferences": {"py/set": ["static_final_int"]}, "methodName": "static_final_int", "methodReferences": {"py/set": []}, "py/object": "JavaParserVisitor.MethodInfo"}}, "possibleFather": "", "py/object": "JavaParserVisitor.ClassInfo", "span": 35}, "ConstantMemoizer": {"className": "ConstantMemoizer", "members": {"py/set": []}, "methods": {"ConstantMemoizer": {"memberReferences": {"py/set": []}, "methodName": "ConstantMemoizer", "methodReferences": {"py/set": []}, "py/object": "JavaParserVisitor.MethodInfo"}, "doubleMemoizer": {"memberReferences": {"py/set": []}, "methodName": "doubleMemoizer", "methodReferences": {"py/set": []}, "py/object": "JavaParserVisitor.MethodInfo"}, "intMemoizer": {"memberReferences": {"py/set": []}, "methodName": "intMemoizer", "methodReferences": {"py/set": []}, "py/object": "JavaParserVisitor.MethodInfo"}, "longMemoizer": {"memberReferences": {"py/set": []}, "methodName": "longMemoizer", "methodReferences": {"py/set": []}, "py/object": "JavaParserVisitor.MethodInfo"}, "memoizer": {"memberReferences": {"py/set": []}, "methodName": "memoizer", "methodReferences": {"py/set": []}, "py/object": "JavaParserVisitor.MethodInfo"}}, "possibleFather": "", "py/object": "JavaParserVisitor.ClassInfo", "span": 199}, "ConstantMemoizerExampleTests": {"className": "ConstantMemoizerExampleTests", "members": {"py/set": ["MEMOIZER"]}, "methods": {"test": {"memberReferences": {"py/set": ["MEMOIZER"]}, "methodName": "test", "methodReferences": {"py/set": []}, "py/object": "JavaParserVisitor.MethodInfo"}}, "possibleFather": "", "py/object": "JavaParserVisitor.ClassInfo", "span": 14}, "ConstantMemoizerTests": {"className": "ConstantMemoizerTests", "members": {"py/set": ["OBJECT_FIBO", "INT_FIBO", "DOUBLE_FIBO", "LONG_FIBO"]}, "methods": {"doubleFibo": {"memberReferences": {"py/set": []}, "methodName": "doubleFibo", "methodReferences": {"py/set": []}, "py/object": "JavaParserVisitor.MethodInfo"}, "intFibo": {"memberReferences": {"py/set": []}, "methodName": "intFibo", "methodReferences": {"py/set": []}, "py/object": "JavaParserVisitor.MethodInfo"}, "longFibo": {"memberReferences": {"py/set": []}, "methodName": "longFibo", "methodReferences": {"py/set": []}, "py/object": "JavaParserVisitor.MethodInfo"}, "objectFibo": {"memberReferences": {"py/set": []}, "methodName": "objectFibo", "methodReferences": {"py/set": []}, "py/object": "JavaParserVisitor.MethodInfo"}, "testDoubleArgumentNull": {"memberReferences": {"py/set": []}, "methodName": "testDoubleArgumentNull", "methodReferences": {"py/set": []}, "py/object": "JavaParserVisitor.MethodInfo"}, "testDoubleRecursive": {"memberReferences": {"py/set": []}, "methodName": "testDoubleRecursive", "methodReferences": {"py/set": []}, "py/object": "JavaParserVisitor.MethodInfo"}, "testDoubleSimple": {"memberReferences": {"py/set": []}, "methodName": "testDoubleSimple", "methodReferences": {"py/set": []}, "py/object": "JavaParserVisitor.MethodInfo"}, "testDoubleWrongParameterType": {"memberReferences": {"py/set": []}, "methodName": "testDoubleWrongParameterType", "methodReferences": {"py/set": []}, "py/object": "JavaParserVisitor.MethodInfo"}, "testIntArgumentNull": {"memberReferences": {"py/set": []}, "methodName": "testIntArgumentNull", "methodReferences": {"py/set": []}, "py/object": "JavaParserVisitor.MethodInfo"}, "testIntRecursive": {"memberReferences": {"py/set": []}, "methodName": "testIntRecursive", "methodReferences": {"py/set": []}, "py/object": "JavaParserVisitor.MethodInfo"}, "testIntSimple": {"memberReferences": {"py/set": []}, "methodName": "testIntSimple", "methodReferences": {"py/set": []}, "py/object": "JavaParserVisitor.MethodInfo"}, "testIntWrongParameterType": {"memberReferences": {"py/set": []}, "methodName": "testIntWrongParameterType", "methodReferences": {"py/set": []}, "py/object": "JavaParserVisitor.MethodInfo"}, "testLongArgumentNull": {"memberReferences": {"py/set": []}, "methodName": "testLongArgumentNull", "methodReferences": {"py/set": []}, "py/object": "JavaParserVisitor.MethodInfo"}, "testLongRecursive": {"memberReferences": {"py/set": []}, "methodName": "testLongRecursive", "methodReferences": {"py/set": []}, "py/object": "JavaParserVisitor.MethodInfo"}, "testLongSimple": {"memberReferences": {"py/set": []}, "methodName": "testLongSimple", "methodReferences": {"py/set": []}, "py/object": "JavaParserVisitor.MethodInfo"}, "testLongWrongParameterType": {"memberReferences": {"py/set": []}, "methodName": "testLongWrongParameterType", "methodReferences": {"py/set": []}, "py/object": "JavaParserVisitor.MethodInfo"}, "testObjectArgumentNull": {"memberReferences": {"py/set": []}, "methodName": "testObjectArgumentNull", "methodReferences": {"py/set": []}, "py/object": "JavaParserVisitor.MethodInfo"}, "testObjectRecursive": {"memberReferences": {"py/set": []}, "methodName": "testObjectRecursive", "methodReferences": {"py/set": []}, "py/object": "JavaParserVisitor.MethodInfo"}, "testObjectReturnValueNull": {"memberReferences": {"py/set": []}, "methodName": "testObjectReturnValueNull", "methodReferences": {"py/set": []}, "py/object": "JavaParserVisitor.MethodInfo"}, "testObjectSimple": {"memberReferences": {"py/set": []}, "methodName": "testObjectSimple", "methodReferences": {"py/set": []}, "py/object": "JavaParserVisitor.MethodInfo"}, "testObjectWrongParameterType": {"memberReferences": {"py/set": []}, "methodName": "testObjectWrongParameterType", "methodReferences": {"py/set": []}, "py/object": "JavaParserVisitor.MethodInfo"}, "testWrongReturnType": {"memberReferences": {"py/set": []}, "methodName": "testWrongReturnType", "methodReferences": {"py/set": []}, "py/object": "JavaParserVisitor.MethodInfo"}}, "possibleFather": "", "py/object": "JavaParserVisitor.ClassInfo", "span": 170}, "D": {"className": "D", "members": {"py/set": []}, "methods": {}, "possibleFather": "", "py/object": "JavaParserVisitor.ClassInfo", "span": 0}, "DoubleSandbox1": {"className": "DoubleSandbox1", "members": {"py/set": ["VALUE", "VALUE_GETTER"]}, "methods": {}, "possibleFather": "", "py/object": "JavaParserVisitor.ClassInfo", "span": 2}, "DoubleSandbox2": {"className": "DoubleSandbox2", "members": {"py/set": ["VALUE", "VALUE_GETTER"]}, "methods": {}, "possibleFather": "", "py/object": "JavaParserVisitor.ClassInfo", "span": 2}, "E": {"className": "E", "members": {"py/set": []}, "methods": {}, "possibleFather": "", "py/object": "JavaParserVisitor.ClassInfo", "span": 0}, "Empty": {"className": "Empty", "members": {"py/set": ["SUPPORT"]}, "methods": {"equals": {"memberReferences": {"py/set": []}, "methodName": "equals", "methodReferences": {"py/set": []}, "py/object": "JavaParserVisitor.MethodInfo"}, "hashCode": {"memberReferences": {"py/set": []}, "methodName": "hashCode", "methodReferences": {"py/set": []}, "py/object": "JavaParserVisitor.MethodInfo"}}, "possibleFather": "", "py/object": "JavaParserVisitor.ClassInfo", "span": 11}, "Env": {"className": "Env", "members": {"py/set": ["vars"]}, "methods": {}, "possibleFather": "", "py/object": "JavaParserVisitor.ClassInfo", "span": 1}, "EqualsUtils": {"className": "EqualsUtils", "members": {"py/set": ["SAME_CACHE", "CLASS_CHECK", "SECOND_NULL_CHECK", "FALSE", "mh", "TRUE", "SAME_OBJECT", "FIRST_NULL_CHECK"]}, "methods": {"checkClass": {"memberReferences": {"py/set": []}, "methodName": "checkClass", "methodReferences": {"py/set": []}, "py/object": "JavaParserVisitor.MethodInfo"}, "createEquals": {"memberReferences": {"py/set": ["SAME_CACHE", "TRUE", "FALSE"]}, "methodName": "createEquals", "methodReferences": {"py/set": ["equalsAll"]}, "py/object": "JavaParserVisitor.MethodInfo"}, "equals": {"memberReferences": {"py/set": ["SAME_CACHE"]}, "methodName": "equals", "methodReferences": {"py/set": ["primitiveEquals", "objectEquals"]}, "py/object": "JavaParserVisitor.MethodInfo"}, "equalsAll": {"memberReferences": {"py/set": ["SAME_CACHE", "FALSE", "TRUE"]}, "methodName": "equalsAll", "methodReferences": {"py/set": ["nullCheckAndClassCheck", "equals"]}, "py/object": "JavaParserVisitor.MethodInfo"}, "findSameMH": {"memberReferences": {"py/set": []}, "methodName": "findSameMH", "methodReferences": {"py/set": []}, "py/object": "JavaParserVisitor.MethodInfo"}, "nullCheckAndClassCheck": {"memberReferences": {"py/set": []}, "methodName": "nullCheckAndClassCheck", "methodReferences": {"py/set": []}, "py/object": "JavaParserVisitor.MethodInfo"}, "objectEquals": {"memberReferences": {"py/set": []}, "methodName": "objectEquals", "methodReferences": {"py/set": []}, "py/object": "JavaParserVisitor.MethodInfo"}, "primitiveEquals": {"memberReferences": {"py/set": ["SAME_CACHE"]}, "methodName": "primitiveEquals", "methodReferences": {"py/set": ["findSameMH"]}, "py/object": "JavaParserVisitor.MethodInfo"}, "same": {"memberReferences": {"py/set": []}, "methodName": "same", "methodReferences": {"py/set": []}, "py/object": "JavaParserVisitor.MethodInfo"}}, "possibleFather": "", "py/object": "JavaParserVisitor.ClassInfo", "span": 132}, "F": {"className": "F", "members": {"py/set": []}, "methods": {}, "possibleFather": "", "py/object": "JavaParserVisitor.ClassInfo", "span": 0}, "Fake": {"className": "Fake", "members": {"py/set": []}, "methods": {"test": {"memberReferences": {"py/set": []}, "methodName": "test", "methodReferences": {"py/set": []}, "py/object": "JavaParserVisitor.MethodInfo"}}, "possibleFather": "", "py/object": "JavaParserVisitor.ClassInfo", "span": 2}, "FieldAccessBenchMark": {"className": "FieldAccessBenchMark", "members": {"py/set": ["STABLE_X", "MEMOIZER", "MOSTLY_CONSTANT", "MOSTLY_CONSTANT_GETTER", "static_final", "STRUCTURAL_CALL"]}, "methods": {"field_access": {"memberReferences": {"py/set": ["static_final"]}, "methodName": "field_access", "methodReferences": {"py/set": []}, "py/object": "JavaParserVisitor.MethodInfo"}, "main": {"memberReferences": {"py/set": []}, "methodName": "main", "methodReferences": {"py/set": []}, "py/object": "JavaParserVisitor.MethodInfo"}, "memoizer": {"memberReferences": {"py/set": []}, "methodName": "memoizer", "methodReferences": {"py/set": []}, "py/object": "JavaParserVisitor.MethodInfo"}, "mostly_constant": {"memberReferences": {"py/set": []}, "methodName": "mostly_constant", "methodReferences": {"py/set": []}, "py/object": "JavaParserVisitor.MethodInfo"}, "stable_field": {"memberReferences": {"py/set": []}, "methodName": "stable_field", "methodReferences": {"py/set": []}, "py/object": "JavaParserVisitor.MethodInfo"}, "structural_call": {"memberReferences": {"py/set": []}, "methodName": "structural_call", "methodReferences": {"py/set": []}, "py/object": "JavaParserVisitor.MethodInfo"}}, "possibleFather": "", "py/object": "JavaParserVisitor.ClassInfo", "span": 53}, "Foo": {"className": "Foo", "members": {"py/set": ["f", "a", "s", "SUPPORT", "b", "h", "g", "e", "o", "d", "c"]}, "methods": {"equals": {"memberReferences": {"py/set": []}, "methodName": "equals", "methodReferences": {"py/set": []}, "py/object": "JavaParserVisitor.MethodInfo"}, "hashCode": {"memberReferences": {"py/set": []}, "methodName": "hashCode", "methodReferences": {"py/set": []}, "py/object": "JavaParserVisitor.MethodInfo"}}, "possibleFather": "", "py/object": "JavaParserVisitor.ClassInfo", "span": 21}, "HandWrittenPerson": {"className": "HandWrittenPerson", "members": {"py/set": ["name", "age"]}, "methods": {"HandWrittenPerson": {"memberReferences": {"py/set": ["name", "age"]}, "methodName": "HandWrittenPerson", "methodReferences": {"py/set": []}, "py/object": "JavaParserVisitor.MethodInfo"}, "equals": {"memberReferences": {"py/set": ["age", "name"]}, "methodName": "equals", "methodReferences": {"py/set": ["equals"]}, "py/object": "JavaParserVisitor.MethodInfo"}, "hashCode": {"memberReferences": {"py/set": ["age"]}, "methodName": "hashCode", "methodReferences": {"py/set": []}, "py/object": "JavaParserVisitor.MethodInfo"}}, "possibleFather": "", "py/object": "JavaParserVisitor.ClassInfo", "span": 20}, "HashCodeUtils": {"className": "HashCodeUtils", "members": {"py/set": ["WRAPPERS", "NULL_CHECK", "REDUCE", "lookup", "REQUIRE_NON_NULL", "ZERO", "HASH_CODE_CACHE"]}, "methods": {"createHashCode": {"memberReferences": {"py/set": ["NULL_CHECK", "WRAPPERS", "REDUCE", "HASH_CODE_CACHE", "ZERO"]}, "methodName": "createHashCode", "methodReferences": {"py/set": ["hashCode"]}, "py/object": "JavaParserVisitor.MethodInfo"}, "hashCode": {"memberReferences": {"py/set": ["ZERO", "WRAPPERS", "HASH_CODE_CACHE", "NULL_CHECK"]}, "methodName": "hashCode", "methodReferences": {"py/set": ["primitiveHashCode", "objectHashCode"]}, "py/object": "JavaParserVisitor.MethodInfo"}, "objectHashCode": {"memberReferences": {"py/set": ["NULL_CHECK", "ZERO"]}, "methodName": "objectHashCode", "methodReferences": {"py/set": []}, "py/object": "JavaParserVisitor.MethodInfo"}, "primitiveHashCode": {"memberReferences": {"py/set": ["WRAPPERS", "HASH_CODE_CACHE"]}, "methodName": "primitiveHashCode", "methodReferences": {"py/set": ["wrapper"]}, "py/object": "JavaParserVisitor.MethodInfo"}, "reduce": {"memberReferences": {"py/set": []}, "methodName": "reduce", "methodReferences": {"py/set": []}, "py/object": "JavaParserVisitor.MethodInfo"}, "wrapper": {"memberReferences": {"py/set": ["WRAPPERS"]}, "methodName": "wrapper", "methodReferences": {"py/set": []}, "py/object": "JavaParserVisitor.MethodInfo"}}, "possibleFather": "", "py/object": "JavaParserVisitor.ClassInfo", "span": 77}, "Hello": {"className": "Hello", "members": {"py/set": ["name", "SUPPORT"]}, "methods": {"Hello": {"memberReferences": {"py/set": ["name"]}, "methodName": "Hello", "methodReferences": {"py/set": []}, "py/object": "JavaParserVisitor.MethodInfo"}, "equals": {"memberReferences": {"py/set": []}, "methodName": "equals", "methodReferences": {"py/set": []}, "py/object": "JavaParserVisitor.MethodInfo"}, "hashCode": {"memberReferences": {"py/set": []}, "methodName": "hashCode", "methodReferences": {"py/set": []}, "py/object": "JavaParserVisitor.MethodInfo"}}, "possibleFather": "", "py/object": "JavaParserVisitor.ClassInfo", "span": 17}, "InliningCacheCallSite": {"className": "InliningCacheCallSite", "members": {"py/set": ["lookup", "function", "EQUALS", "FALLBACK"]}, "methods": {"InliningCacheCallSite": {"memberReferences": {"py/set": ["function"]}, "methodName": "InliningCacheCallSite", "methodReferences": {"py/set": []}, "py/object": "JavaParserVisitor.MethodInfo"}, "fallback": {"memberReferences": {"py/set": ["function"]}, "methodName": "fallback", "methodReferences": {"py/set": []}, "py/object": "JavaParserVisitor.MethodInfo"}}, "possibleFather": "MutableCallSite", "py/object": "JavaParserVisitor.ClassInfo", "span": 41}, "IntSandbox1": {"className": "IntSandbox1", "members": {"py/set": ["VALUE", "VALUE_GETTER"]}, "methods": {}, "possibleFather": "", "py/object": "JavaParserVisitor.ClassInfo", "span": 2}, "IntSandbox2": {"className": "IntSandbox2", "members": {"py/set": ["VALUE", "VALUE_GETTER"]}, "methods": {}, "possibleFather": "", "py/object": "JavaParserVisitor.ClassInfo", "span": 2}, "LongSandbox1": {"className": "LongSandbox1", "members": {"py/set": ["VALUE", "VALUE_GETTER"]}, "methods": {}, "possibleFather": "", "py/object": "JavaParserVisitor.ClassInfo", "span": 2}, "LongSandbox2": {"className": "LongSandbox2", "members": {"py/set": ["VALUE", "VALUE_GETTER"]}, "methods": {}, "possibleFather": "", "py/object": "JavaParserVisitor.ClassInfo", "span": 2}, "MapVisitor": {"className": "MapVisitor", "members": {"py/set": ["map"]}, "methods": {"register": {"memberReferences": {"py/set": []}, "methodName": "register", "methodReferences": {"py/set": []}, "py/object": "JavaParserVisitor.MethodInfo"}, "visit": {"memberReferences": {"py/set": ["map"]}, "methodName": "visit", "methodReferences": {"py/set": []}, "py/object": "JavaParserVisitor.MethodInfo"}}, "possibleFather": "", "py/object": "JavaParserVisitor.ClassInfo", "span": 10}, "MethodCallBenchMark": {"className": "MethodCallBenchMark", "members": {"py/set": ["MEMOIZER", "ARRAY", "STRUCTURAL_CALL"]}, "methods": {"f": {"memberReferences": {"py/set": []}, "methodName": "f", "methodReferences": {"py/set": []}, "py/object": "JavaParserVisitor.MethodInfo"}, "main": {"memberReferences": {"py/set": []}, "methodName": "main", "methodReferences": {"py/set": []}, "py/object": "JavaParserVisitor.MethodInfo"}, "memoizer": {"memberReferences": {"py/set": ["ARRAY"]}, "methodName": "memoizer", "methodReferences": {"py/set": []}, "py/object": "JavaParserVisitor.MethodInfo"}, "structural_call": {"memberReferences": {"py/set": ["ARRAY"]}, "methodName": "structural_call", "methodReferences": {"py/set": []}, "py/object": "JavaParserVisitor.MethodInfo"}, "virtual_call": {"memberReferences": {"py/set": ["ARRAY"]}, "methodName": "virtual_call", "methodReferences": {"py/set": []}, "py/object": "JavaParserVisitor.MethodInfo"}}, "possibleFather": "", "py/object": "JavaParserVisitor.ClassInfo", "span": 62}, "MostlyConstant": {"className": "MostlyConstant", "members": {"py/set": ["callSite", "type", "invoker"]}, "methods": {"MostlyConstant": {"memberReferences": {"py/set": ["type", "invoker", "callSite"]}, "methodName": "MostlyConstant", "methodReferences": {"py/set": []}, "py/object": "JavaParserVisitor.MethodInfo"}, "doubleGetter": {"memberReferences": {"py/set": ["invoker"]}, "methodName": "doubleGetter", "methodReferences": {"py/set": []}, "py/object": "JavaParserVisitor.MethodInfo"}, "getter": {"memberReferences": {"py/set": ["invoker"]}, "methodName": "getter", "methodReferences": {"py/set": []}, "py/object": "JavaParserVisitor.MethodInfo"}, "intGetter": {"memberReferences": {"py/set": ["invoker"]}, "methodName": "intGetter", "methodReferences": {"py/set": []}, "py/object": "JavaParserVisitor.MethodInfo"}, "longGetter": {"memberReferences": {"py/set": ["invoker"]}, "methodName": "longGetter", "methodReferences": {"py/set": []}, "py/object": "JavaParserVisitor.MethodInfo"}, "setAndDeoptimize": {"memberReferences": {"py/set": ["callSite", "type"]}, "methodName": "setAndDeoptimize", "methodReferences": {"py/set": []}, "py/object": "JavaParserVisitor.MethodInfo"}}, "possibleFather": "", "py/object": "JavaParserVisitor.ClassInfo", "span": 127}, "MostlyConstantExampleTests": {"className": "MostlyConstantExampleTests", "members": {"py/set": ["FOO_GETTER", "FOO"]}, "methods": {"getFoo": {"memberReferences": {"py/set": []}, "methodName": "getFoo", "methodReferences": {"py/set": []}, "py/object": "JavaParserVisitor.MethodInfo"}, "setFoo": {"memberReferences": {"py/set": []}, "methodName": "setFoo", "methodReferences": {"py/set": []}, "py/object": "JavaParserVisitor.MethodInfo"}, "test": {"memberReferences": {"py/set": []}, "methodName": "test", "methodReferences": {"py/set": ["setFoo", "getFoo"]}, "py/object": "JavaParserVisitor.MethodInfo"}}, "possibleFather": "", "py/object": "JavaParserVisitor.ClassInfo", "span": 16}, "MostlyConstantTests": {"className": "MostlyConstantTests", "members": {"py/set": []}, "methods": {"testConstructorWithNullType": {"memberReferences": {"py/set": []}, "methodName": "testConstructorWithNullType", "methodReferences": {"py/set": []}, "py/object": "JavaParserVisitor.MethodInfo"}, "testConstructorWithVoidType": {"memberReferences": {"py/set": []}, "methodName": "testConstructorWithVoidType", "methodReferences": {"py/set": []}, "py/object": "JavaParserVisitor.MethodInfo"}, "testDoubleSimpleChange": {"memberReferences": {"py/set": []}, "methodName": "testDoubleSimpleChange", "methodReferences": {"py/set": []}, "py/object": "JavaParserVisitor.MethodInfo"}, "testDoubleSimpleChangeOptimized": {"memberReferences": {"py/set": []}, "methodName": "testDoubleSimpleChangeOptimized", "methodReferences": {"py/set": []}, "py/object": "JavaParserVisitor.MethodInfo"}, "testIntSimpleChange": {"memberReferences": {"py/set": []}, "methodName": "testIntSimpleChange", "methodReferences": {"py/set": []}, "py/object": "JavaParserVisitor.MethodInfo"}, "testIntSimpleChangeOptimized": {"memberReferences": {"py/set": []}, "methodName": "testIntSimpleChangeOptimized", "methodReferences": {"py/set": []}, "py/object": "JavaParserVisitor.MethodInfo"}, "testLongSimpleChange": {"memberReferences": {"py/set": []}, "methodName": "testLongSimpleChange", "methodReferences": {"py/set": []}, "py/object": "JavaParserVisitor.MethodInfo"}, "testLongSimpleChangeOptimized": {"memberReferences": {"py/set": []}, "methodName": "testLongSimpleChangeOptimized", "methodReferences": {"py/set": []}, "py/object": "JavaParserVisitor.MethodInfo"}, "testObjectSimpleChange": {"memberReferences": {"py/set": []}, "methodName": "testObjectSimpleChange", "methodReferences": {"py/set": []}, "py/object": "JavaParserVisitor.MethodInfo"}, "testObjectSimpleChangeOptimized": {"memberReferences": {"py/set": []}, "methodName": "testObjectSimpleChangeOptimized", "methodReferences": {"py/set": []}, "py/object": "JavaParserVisitor.MethodInfo"}, "testSpecializedGettersWithWrapperTypes": {"memberReferences": {"py/set": []}, "methodName": "testSpecializedGettersWithWrapperTypes", "methodReferences": {"py/set": []}, "py/object": "JavaParserVisitor.MethodInfo"}}, "possibleFather": "", "py/object": "JavaParserVisitor.ClassInfo", "span": 165}, "NoAccess": {"className": "NoAccess", "members": {"py/set": []}, "methods": {"m": {"memberReferences": {"py/set": []}, "methodName": "m", "methodReferences": {"py/set": []}, "py/object": "JavaParserVisitor.MethodInfo"}}, "possibleFather": "", "py/object": "JavaParserVisitor.ClassInfo", "span": 3}, "NotFound": {"className": "NotFound", "members": {"py/set": []}, "methods": {}, "possibleFather": "", "py/object": "JavaParserVisitor.ClassInfo", "span": 0}, "ObjectSandbox1": {"className": "ObjectSandbox1", "members": {"py/set": ["VALUE", "VALUE_GETTER"]}, "methods": {}, "possibleFather": "", "py/object": "JavaParserVisitor.ClassInfo", "span": 2}, "ObjectSandbox2": {"className": "ObjectSandbox2", "members": {"py/set": ["VALUE", "VALUE_GETTER"]}, "methods": {}, "possibleFather": "", "py/object": "JavaParserVisitor.ClassInfo", "span": 2}, "ObjectSupportBenchMark": {"className": "ObjectSupportBenchMark", "members": {"py/set": ["HAND_WRITTEN_PERSON2", "HAND_WRITTEN_PERSON1", "AUTO_PERSON2", "AUTO_PERSON1"]}, "methods": {"auto_equals": {"memberReferences": {"py/set": []}, "methodName": "auto_equals", "methodReferences": {"py/set": []}, "py/object": "JavaParserVisitor.MethodInfo"}, "auto_hashCode": {"memberReferences": {"py/set": []}, "methodName": "auto_hashCode", "methodReferences": {"py/set": []}, "py/object": "JavaParserVisitor.MethodInfo"}, "hand_written_equals": {"memberReferences": {"py/set": []}, "methodName": "hand_written_equals", "methodReferences": {"py/set": []}, "py/object": "JavaParserVisitor.MethodInfo"}, "hand_written_hashCode": {"memberReferences": {"py/set": []}, "methodName": "hand_written_hashCode", "methodReferences": {"py/set": []}, "py/object": "JavaParserVisitor.MethodInfo"}, "main": {"memberReferences": {"py/set": []}, "methodName": "main", "methodReferences": {"py/set": []}, "py/object": "JavaParserVisitor.MethodInfo"}}, "possibleFather": "", "py/object": "JavaParserVisitor.ClassInfo", "span": 75}, "ObjectSupportExampleTests": {"className": "ObjectSupportExampleTests", "members": {"py/set": []}, "methods": {"testEqualsPerson": {"memberReferences": {"py/set": []}, "methodName": "testEqualsPerson", "methodReferences": {"py/set": []}, "py/object": "JavaParserVisitor.MethodInfo"}, "testHashCodePerson": {"memberReferences": {"py/set": []}, "methodName": "testHashCodePerson", "methodReferences": {"py/set": []}, "py/object": "JavaParserVisitor.MethodInfo"}}, "possibleFather": "", "py/object": "JavaParserVisitor.ClassInfo", "span": 36}, "ObjectSupportImpl": {"className": "ObjectSupportImpl", "members": {"py/set": ["equalsMH", "hashCodeMH"]}, "methods": {"ObjectSupportImpl": {"memberReferences": {"py/set": ["equalsMH", "hashCodeMH"]}, "methodName": "ObjectSupportImpl", "methodReferences": {"py/set": []}, "py/object": "JavaParserVisitor.MethodInfo"}, "create": {"memberReferences": {"py/set": []}, "methodName": "create", "methodReferences": {"py/set": []}, "py/object": "JavaParserVisitor.MethodInfo"}, "equals": {"memberReferences": {"py/set": []}, "methodName": "equals", "methodReferences": {"py/set": []}, "py/object": "JavaParserVisitor.MethodInfo"}, "hashCode": {"memberReferences": {"py/set": []}, "methodName": "hashCode", "methodReferences": {"py/set": []}, "py/object": "JavaParserVisitor.MethodInfo"}}, "possibleFather": "", "py/object": "JavaParserVisitor.ClassInfo", "span": 28}, "ObjectSupportLambdas": {"className": "ObjectSupportLambdas", "members": {"py/set": ["GETFIELD", "INVOKESTATIC", "PRIVATE_LOOKUP_IN", "privateLookupIn", "lookup", "ALOAD_0", "ARETURN", "UTF8_TAG", "CONSTANT_SIZE"]}, "methods": {"extractFieldNames": {"memberReferences": {"py/set": ["INVOKESTATIC", "ALOAD_0", "GETFIELD", "CONSTANT_SIZE", "ARETURN", "UTF8_TAG"]}, "methodName": "extractFieldNames", "methodReferences": {"py/set": ["readAllBytes", "methodDesc", "scanClassFile"]}, "py/object": "JavaParserVisitor.MethodInfo"}, "extractSeralizedLambda": {"memberReferences": {"py/set": ["PRIVATE_LOOKUP_IN"]}, "methodName": "extractSeralizedLambda", "methodReferences": {"py/set": ["findWriteReplaceJava9", "findWriteReplaceJava8"]}, "py/object": "JavaParserVisitor.MethodInfo"}, "findWriteReplaceJava8": {"memberReferences": {"py/set": []}, "methodName": "findWriteReplaceJava8", "methodReferences": {"py/set": []}, "py/object": "JavaParserVisitor.MethodInfo"}, "findWriteReplaceJava9": {"memberReferences": {"py/set": []}, "methodName": "findWriteReplaceJava9", "methodReferences": {"py/set": []}, "py/object": "JavaParserVisitor.MethodInfo"}, "methodDesc": {"memberReferences": {"py/set": []}, "methodName": "methodDesc", "methodReferences": {"py/set": []}, "py/object": "JavaParserVisitor.MethodInfo"}, "readAllBytes": {"memberReferences": {"py/set": []}, "methodName": "readAllBytes", "methodReferences": {"py/set": []}, "py/object": "JavaParserVisitor.MethodInfo"}, "readU2": {"memberReferences": {"py/set": []}, "methodName": "readU2", "methodReferences": {"py/set": []}, "py/object": "JavaParserVisitor.MethodInfo"}, "readU4": {"memberReferences": {"py/set": []}, "methodName": "readU4", "methodReferences": {"py/set": []}, "py/object": "JavaParserVisitor.MethodInfo"}, "readUTF8": {"memberReferences": {"py/set": []}, "methodName": "readUTF8", "methodReferences": {"py/set": []}, "py/object": "JavaParserVisitor.MethodInfo"}, "scanClassFile": {"memberReferences": {"py/set": ["INVOKESTATIC", "ALOAD_0", "ARETURN", "GETFIELD", "CONSTANT_SIZE", "UTF8_TAG"]}, "methodName": "scanClassFile", "methodReferences": {"py/set": ["readU4", "readU2", "string"]}, "py/object": "JavaParserVisitor.MethodInfo"}, "string": {"memberReferences": {"py/set": []}, "methodName": "string", "methodReferences": {"py/set": ["readU2", "readUTF8"]}, "py/object": "JavaParserVisitor.MethodInfo"}}, "possibleFather": "", "py/object": "JavaParserVisitor.ClassInfo", "span": 296}, "ObjectSupportTests": {"className": "ObjectSupportTests", "members": {"py/set": []}, "methods": {"findAnnotatedFields": {"memberReferences": {"py/set": []}, "methodName": "findAnnotatedFields", "methodReferences": {"py/set": []}, "py/object": "JavaParserVisitor.MethodInfo"}, "testAllFieldsEquals": {"memberReferences": {"py/set": []}, "methodName": "testAllFieldsEquals", "methodReferences": {"py/set": []}, "py/object": "JavaParserVisitor.MethodInfo"}, "testAllFieldsEqualsBoolean": {"memberReferences": {"py/set": []}, "methodName": "testAllFieldsEqualsBoolean", "methodReferences": {"py/set": []}, "py/object": "JavaParserVisitor.MethodInfo"}, "testAllFieldsEqualsByte": {"memberReferences": {"py/set": []}, "methodName": "testAllFieldsEqualsByte", "methodReferences": {"py/set": []}, "py/object": "JavaParserVisitor.MethodInfo"}, "testAllFieldsEqualsChar": {"memberReferences": {"py/set": []}, "methodName": "testAllFieldsEqualsChar", "methodReferences": {"py/set": []}, "py/object": "JavaParserVisitor.MethodInfo"}, "testAllFieldsEqualsDouble": {"memberReferences": {"py/set": []}, "methodName": "testAllFieldsEqualsDouble", "methodReferences": {"py/set": []}, "py/object": "JavaParserVisitor.MethodInfo"}, "testAllFieldsEqualsFloat": {"memberReferences": {"py/set": []}, "methodName": "testAllFieldsEqualsFloat", "methodReferences": {"py/set": []}, "py/object": "JavaParserVisitor.MethodInfo"}, "testAllFieldsEqualsInt": {"memberReferences": {"py/set": []}, "methodName": "testAllFieldsEqualsInt", "methodReferences": {"py/set": []}, "py/object": "JavaParserVisitor.MethodInfo"}, "testAllFieldsEqualsLong": {"memberReferences": {"py/set": []}, "methodName": "testAllFieldsEqualsLong", "methodReferences": {"py/set": []}, "py/object": "JavaParserVisitor.MethodInfo"}, "testAllFieldsEqualsObject": {"memberReferences": {"py/set": []}, "methodName": "testAllFieldsEqualsObject", "methodReferences": {"py/set": []}, "py/object": "JavaParserVisitor.MethodInfo"}, "testAllFieldsEqualsShort": {"memberReferences": {"py/set": []}, "methodName": "testAllFieldsEqualsShort", "methodReferences": {"py/set": []}, "py/object": "JavaParserVisitor.MethodInfo"}, "testAllFieldsEqualsString": {"memberReferences": {"py/set": []}, "methodName": "testAllFieldsEqualsString", "methodReferences": {"py/set": []}, "py/object": "JavaParserVisitor.MethodInfo"}, "testAllFieldsHashCode": {"memberReferences": {"py/set": []}, "methodName": "testAllFieldsHashCode", "methodReferences": {"py/set": []}, "py/object": "JavaParserVisitor.MethodInfo"}, "testAllFieldsHashCodeBoolean": {"memberReferences": {"py/set": []}, "methodName": "testAllFieldsHashCodeBoolean", "methodReferences": {"py/set": []}, "py/object": "JavaParserVisitor.MethodInfo"}, "testAllFieldsHashCodeByte": {"memberReferences": {"py/set": []}, "methodName": "testAllFieldsHashCodeByte", "methodReferences": {"py/set": []}, "py/object": "JavaParserVisitor.MethodInfo"}, "testAllFieldsHashCodeChar": {"memberReferences": {"py/set": []}, "methodName": "testAllFieldsHashCodeChar", "methodReferences": {"py/set": []}, "py/object": "JavaParserVisitor.MethodInfo"}, "testAllFieldsHashCodeDouble": {"memberReferences": {"py/set": []}, "methodName": "testAllFieldsHashCodeDouble", "methodReferences": {"py/set": []}, "py/object": "JavaParserVisitor.MethodInfo"}, "testAllFieldsHashCodeFloat": {"memberReferences": {"py/set": []}, "methodName": "testAllFieldsHashCodeFloat", "methodReferences": {"py/set": []}, "py/object": "JavaParserVisitor.MethodInfo"}, "testAllFieldsHashCodeInt": {"memberReferences": {"py/set": []}, "methodName": "testAllFieldsHashCodeInt", "methodReferences": {"py/set": []}, "py/object": "JavaParserVisitor.MethodInfo"}, "testAllFieldsHashCodeLong": {"memberReferences": {"py/set": []}, "methodName": "testAllFieldsHashCodeLong", "methodReferences": {"py/set": []}, "py/object": "JavaParserVisitor.MethodInfo"}, "testAllFieldsHashCodeObject": {"memberReferences": {"py/set": []}, "methodName": "testAllFieldsHashCodeObject", "methodReferences": {"py/set": []}, "py/object": "JavaParserVisitor.MethodInfo"}, "testAllFieldsHashCodeShort": {"memberReferences": {"py/set": []}, "methodName": "testAllFieldsHashCodeShort", "methodReferences": {"py/set": []}, "py/object": "JavaParserVisitor.MethodInfo"}, "testAllFieldsHashCodeString": {"memberReferences": {"py/set": []}, "methodName": "testAllFieldsHashCodeString", "methodReferences": {"py/set": []}, "py/object": "JavaParserVisitor.MethodInfo"}, "testEqualsColor": {"memberReferences": {"py/set": []}, "methodName": "testEqualsColor", "methodReferences": {"py/set": []}, "py/object": "JavaParserVisitor.MethodInfo"}, "testEqualsHello": {"memberReferences": {"py/set": []}, "methodName": "testEqualsHello", "methodReferences": {"py/set": []}, "py/object": "JavaParserVisitor.MethodInfo"}, "testEqualsPoint": {"memberReferences": {"py/set": []}, "methodName": "testEqualsPoint", "methodReferences": {"py/set": []}, "py/object": "JavaParserVisitor.MethodInfo"}, "testEqualsUser": {"memberReferences": {"py/set": []}, "methodName": "testEqualsUser", "methodReferences": {"py/set": []}, "py/object": "JavaParserVisitor.MethodInfo"}, "testHashCodeColor": {"memberReferences": {"py/set": []}, "methodName": "testHashCodeColor", "methodReferences": {"py/set": []}, "py/object": "JavaParserVisitor.MethodInfo"}, "testHashCodeHello": {"memberReferences": {"py/set": []}, "methodName": "testHashCodeHello", "methodReferences": {"py/set": []}, "py/object": "JavaParserVisitor.MethodInfo"}, "testHashCodeNotEqualsUser": {"memberReferences": {"py/set": []}, "methodName": "testHashCodeNotEqualsUser", "methodReferences": {"py/set": []}, "py/object": "JavaParserVisitor.MethodInfo"}, "testHashCodePoint": {"memberReferences": {"py/set": []}, "methodName": "testHashCodePoint", "methodReferences": {"py/set": []}, "py/object": "JavaParserVisitor.MethodInfo"}, "testHashCodeUser": {"memberReferences": {"py/set": []}, "methodName": "testHashCodeUser", "methodReferences": {"py/set": []}, "py/object": "JavaParserVisitor.MethodInfo"}, "testNotEqualsUser": {"memberReferences": {"py/set": []}, "methodName": "testNotEqualsUser", "methodReferences": {"py/set": []}, "py/object": "JavaParserVisitor.MethodInfo"}, "testSelfEqualsContract": {"memberReferences": {"py/set": []}, "methodName": "testSelfEqualsContract", "methodReferences": {"py/set": []}, "py/object": "JavaParserVisitor.MethodInfo"}, "testSelfHashCodeContract": {"memberReferences": {"py/set": []}, "methodName": "testSelfHashCodeContract", "methodReferences": {"py/set": []}, "py/object": "JavaParserVisitor.MethodInfo"}}, "possibleFather": "", "py/object": "JavaParserVisitor.ClassInfo", "span": 433}, "ObjectSupports": {"className": "ObjectSupports", "members": {"py/set": ["defineAnonymousClass", "unsafeField", "unsafe", "unsafeClass", "impl", "PRIMITIVE_COUNT", "data", "OBJECT_SUPPORT_FACTORY"]}, "methods": {"asGetter": {"memberReferences": {"py/set": []}, "methodName": "asGetter", "methodReferences": {"py/set": ["newLinkageError"]}, "py/object": "JavaParserVisitor.MethodInfo"}, "asGetters": {"memberReferences": {"py/set": []}, "methodName": "asGetters", "methodReferences": {"py/set": ["asGetter"]}, "py/object": "JavaParserVisitor.MethodInfo"}, "create": {"memberReferences": {"py/set": []}, "methodName": "create", "methodReferences": {"py/set": ["createHashCodeMH", "createEqualsMH"]}, "py/object": "JavaParserVisitor.MethodInfo"}, "createEqualsMH": {"memberReferences": {"py/set": []}, "methodName": "createEqualsMH", "methodReferences": {"py/set": []}, "py/object": "JavaParserVisitor.MethodInfo"}, "createHashCodeMH": {"memberReferences": {"py/set": []}, "methodName": "createHashCodeMH", "methodReferences": {"py/set": ["asGetters"]}, "py/object": "JavaParserVisitor.MethodInfo"}, "createUsingFieldNames": {"memberReferences": {"py/set": []}, "methodName": "createUsingFieldNames", "methodReferences": {"py/set": ["findFields", "create"]}, "py/object": "JavaParserVisitor.MethodInfo"}, "createUsingLambdas": {"memberReferences": {"py/set": []}, "methodName": "createUsingLambdas", "methodReferences": {"py/set": ["findFields", "create"]}, "py/object": "JavaParserVisitor.MethodInfo"}, "createUsingReflectFields": {"memberReferences": {"py/set": []}, "methodName": "createUsingReflectFields", "methodReferences": {"py/set": ["create"]}, "py/object": "JavaParserVisitor.MethodInfo"}, "findFields": {"memberReferences": {"py/set": []}, "methodName": "findFields", "methodReferences": {"py/set": []}, "py/object": "JavaParserVisitor.MethodInfo"}, "newLinkageError": {"memberReferences": {"py/set": []}, "methodName": "newLinkageError", "methodReferences": {"py/set": []}, "py/object": "JavaParserVisitor.MethodInfo"}, "projection": {"memberReferences": {"py/set": []}, "methodName": "projection", "methodReferences": {"py/set": []}, "py/object": "JavaParserVisitor.MethodInfo"}, "readAllBytes": {"memberReferences": {"py/set": []}, "methodName": "readAllBytes", "methodReferences": {"py/set": []}, "py/object": "JavaParserVisitor.MethodInfo"}}, "possibleFather": "", "py/object": "JavaParserVisitor.ClassInfo", "span": 511}, "Person": {"className": "Person", "members": {"py/set": ["name", "SUPPORT", "age"]}, "methods": {"Person": {"memberReferences": {"py/set": ["name", "age"]}, "methodName": "Person", "methodReferences": {"py/set": []}, "py/object": "JavaParserVisitor.MethodInfo"}, "equals": {"memberReferences": {"py/set": []}, "methodName": "equals", "methodReferences": {"py/set": []}, "py/object": "JavaParserVisitor.MethodInfo"}, "hashCode": {"memberReferences": {"py/set": []}, "methodName": "hashCode", "methodReferences": {"py/set": []}, "py/object": "JavaParserVisitor.MethodInfo"}}, "possibleFather": "", "py/object": "JavaParserVisitor.ClassInfo", "span": 18}, "Point": {"className": "Point", "members": {"py/set": ["y", "SUPPORT", "x"]}, "methods": {"Point": {"memberReferences": {"py/set": ["y", "x"]}, "methodName": "Point", "methodReferences": {"py/set": []}, "py/object": "JavaParserVisitor.MethodInfo"}, "equals": {"memberReferences": {"py/set": []}, "methodName": "equals", "methodReferences": {"py/set": []}, "py/object": "JavaParserVisitor.MethodInfo"}, "hashCode": {"memberReferences": {"py/set": []}, "methodName": "hashCode", "methodReferences": {"py/set": []}, "py/object": "JavaParserVisitor.MethodInfo"}}, "possibleFather": "", "py/object": "JavaParserVisitor.ClassInfo", "span": 25}, "Prim": {"className": "Prim", "members": {"py/set": ["f", "s", "b", "z", "c"]}, "methods": {}, "possibleFather": "", "py/object": "JavaParserVisitor.ClassInfo", "span": 5}, "StableField": {"className": "StableField", "members": {"py/set": []}, "methods": {"StableField": {"memberReferences": {"py/set": []}, "methodName": "StableField", "methodReferences": {"py/set": []}, "py/object": "JavaParserVisitor.MethodInfo"}, "createGetter": {"memberReferences": {"py/set": []}, "methodName": "createGetter", "methodReferences": {"py/set": []}, "py/object": "JavaParserVisitor.MethodInfo"}, "doubleGetter": {"memberReferences": {"py/set": []}, "methodName": "doubleGetter", "methodReferences": {"py/set": ["createGetter"]}, "py/object": "JavaParserVisitor.MethodInfo"}, "getter": {"memberReferences": {"py/set": []}, "methodName": "getter", "methodReferences": {"py/set": ["createGetter"]}, "py/object": "JavaParserVisitor.MethodInfo"}, "intGetter": {"memberReferences": {"py/set": []}, "methodName": "intGetter", "methodReferences": {"py/set": ["createGetter"]}, "py/object": "JavaParserVisitor.MethodInfo"}, "longGetter": {"memberReferences": {"py/set": []}, "methodName": "longGetter", "methodReferences": {"py/set": ["createGetter"]}, "py/object": "JavaParserVisitor.MethodInfo"}}, "possibleFather": "", "py/object": "JavaParserVisitor.ClassInfo", "span": 264}, "StableFieldCS": {"className": "StableFieldCS", "members": {"py/set": ["lookup", "NOT_CONSTANT", "FALLBACK", "getter", "VALUE_CHECK"]}, "methods": {"StableFieldCS": {"memberReferences": {"py/set": ["getter"]}, "methodName": "StableFieldCS", "methodReferences": {"py/set": []}, "py/object": "JavaParserVisitor.MethodInfo"}, "fallback": {"memberReferences": {"py/set": []}, "methodName": "fallback", "methodReferences": {"py/set": ["zero"]}, "py/object": "JavaParserVisitor.MethodInfo"}, "notConstant": {"memberReferences": {"py/set": []}, "methodName": "notConstant", "methodReferences": {"py/set": []}, "py/object": "JavaParserVisitor.MethodInfo"}, "valueCheck": {"memberReferences": {"py/set": []}, "methodName": "valueCheck", "methodReferences": {"py/set": []}, "py/object": "JavaParserVisitor.MethodInfo"}, "zero": {"memberReferences": {"py/set": []}, "methodName": "zero", "methodReferences": {"py/set": []}, "py/object": "JavaParserVisitor.MethodInfo"}}, "possibleFather": "MutableCallSite", "py/object": "JavaParserVisitor.ClassInfo", "span": 81}, "StableFieldExample2Tests": {"className": "StableFieldExample2Tests", "members": {"py/set": ["UPPERCASE", "uppercase"]}, "methods": {"test": {"memberReferences": {"py/set": ["uppercase"]}, "methodName": "test", "methodReferences": {"py/set": ["upperCase"]}, "py/object": "JavaParserVisitor.MethodInfo"}, "upperCase": {"memberReferences": {"py/set": ["uppercase"]}, "methodName": "upperCase", "methodReferences": {"py/set": []}, "py/object": "JavaParserVisitor.MethodInfo"}}, "possibleFather": "", "py/object": "JavaParserVisitor.ClassInfo", "span": 23}, "StableFieldExampleTests": {"className": "StableFieldExampleTests", "members": {"py/set": []}, "methods": {"test": {"memberReferences": {"py/set": []}, "methodName": "test", "methodReferences": {"py/set": []}, "py/object": "JavaParserVisitor.MethodInfo"}}, "possibleFather": "", "py/object": "JavaParserVisitor.ClassInfo", "span": 23}, "StableFieldTests": {"className": "StableFieldTests", "members": {"py/set": []}, "methods": {"tesLongFieldNonConstant": {"memberReferences": {"py/set": []}, "methodName": "tesLongFieldNonConstant", "methodReferences": {"py/set": []}, "py/object": "JavaParserVisitor.MethodInfo"}, "testBoxedDoubleField": {"memberReferences": {"py/set": []}, "methodName": "testBoxedDoubleField", "methodReferences": {"py/set": []}, "py/object": "JavaParserVisitor.MethodInfo"}, "testBoxedIntField": {"memberReferences": {"py/set": []}, "methodName": "testBoxedIntField", "methodReferences": {"py/set": []}, "py/object": "JavaParserVisitor.MethodInfo"}, "testBoxedLongField": {"memberReferences": {"py/set": []}, "methodName": "testBoxedLongField", "methodReferences": {"py/set": []}, "py/object": "JavaParserVisitor.MethodInfo"}, "testDoubleFieldNonConstant": {"memberReferences": {"py/set": []}, "methodName": "testDoubleFieldNonConstant", "methodReferences": {"py/set": []}, "py/object": "JavaParserVisitor.MethodInfo"}, "testDoubleFieldStable": {"memberReferences": {"py/set": []}, "methodName": "testDoubleFieldStable", "methodReferences": {"py/set": []}, "py/object": "JavaParserVisitor.MethodInfo"}, "testDoubleFieldStableStill": {"memberReferences": {"py/set": []}, "methodName": "testDoubleFieldStableStill", "methodReferences": {"py/set": []}, "py/object": "JavaParserVisitor.MethodInfo"}, "testDoubleFieldUninitialized": {"memberReferences": {"py/set": []}, "methodName": "testDoubleFieldUninitialized", "methodReferences": {"py/set": []}, "py/object": "JavaParserVisitor.MethodInfo"}, "testIntFieldNonConstant": {"memberReferences": {"py/set": []}, "methodName": "testIntFieldNonConstant", "methodReferences": {"py/set": []}, "py/object": "JavaParserVisitor.MethodInfo"}, "testIntFieldStable": {"memberReferences": {"py/set": []}, "methodName": "testIntFieldStable", "methodReferences": {"py/set": []}, "py/object": "JavaParserVisitor.MethodInfo"}, "testIntFieldStableStill": {"memberReferences": {"py/set": []}, "methodName": "testIntFieldStableStill", "methodReferences": {"py/set": []}, "py/object": "JavaParserVisitor.MethodInfo"}, "testIntFieldUninitialized": {"memberReferences": {"py/set": []}, "methodName": "testIntFieldUninitialized", "methodReferences": {"py/set": []}, "py/object": "JavaParserVisitor.MethodInfo"}, "testLongFieldStable": {"memberReferences": {"py/set": []}, "methodName": "testLongFieldStable", "methodReferences": {"py/set": []}, "py/object": "JavaParserVisitor.MethodInfo"}, "testLongFieldStableStill": {"memberReferences": {"py/set": []}, "methodName": "testLongFieldStableStill", "methodReferences": {"py/set": []}, "py/object": "JavaParserVisitor.MethodInfo"}, "testLongFieldUninitialized": {"memberReferences": {"py/set": []}, "methodName": "testLongFieldUninitialized", "methodReferences": {"py/set": []}, "py/object": "JavaParserVisitor.MethodInfo"}, "testNoAccess": {"memberReferences": {"py/set": []}, "methodName": "testNoAccess", "methodReferences": {"py/set": []}, "py/object": "JavaParserVisitor.MethodInfo"}, "testNoSuchField": {"memberReferences": {"py/set": []}, "methodName": "testNoSuchField", "methodReferences": {"py/set": []}, "py/object": "JavaParserVisitor.MethodInfo"}, "testObjectFieldNonConstant": {"memberReferences": {"py/set": []}, "methodName": "testObjectFieldNonConstant", "methodReferences": {"py/set": []}, "py/object": "JavaParserVisitor.MethodInfo"}, "testObjectFieldStable": {"memberReferences": {"py/set": []}, "methodName": "testObjectFieldStable", "methodReferences": {"py/set": []}, "py/object": "JavaParserVisitor.MethodInfo"}, "testObjectFieldStableStill": {"memberReferences": {"py/set": []}, "methodName": "testObjectFieldStableStill", "methodReferences": {"py/set": []}, "py/object": "JavaParserVisitor.MethodInfo"}, "testObjectFieldUninitialized": {"memberReferences": {"py/set": []}, "methodName": "testObjectFieldUninitialized", "methodReferences": {"py/set": []}, "py/object": "JavaParserVisitor.MethodInfo"}, "testPrimBooleanField": {"memberReferences": {"py/set": []}, "methodName": "testPrimBooleanField", "methodReferences": {"py/set": []}, "py/object": "JavaParserVisitor.MethodInfo"}, "testPrimByteField": {"memberReferences": {"py/set": []}, "methodName": "testPrimByteField", "methodReferences": {"py/set": []}, "py/object": "JavaParserVisitor.MethodInfo"}, "testPrimCharField": {"memberReferences": {"py/set": []}, "methodName": "testPrimCharField", "methodReferences": {"py/set": []}, "py/object": "JavaParserVisitor.MethodInfo"}, "testPrimFloatField": {"memberReferences": {"py/set": []}, "methodName": "testPrimFloatField", "methodReferences": {"py/set": []}, "py/object": "JavaParserVisitor.MethodInfo"}, "testPrimShortField": {"memberReferences": {"py/set": []}, "methodName": "testPrimShortField", "methodReferences": {"py/set": []}, "py/object": "JavaParserVisitor.MethodInfo"}}, "possibleFather": "", "py/object": "JavaParserVisitor.ClassInfo", "span": 313}, "StringSwitchBenchMark": {"className": "StringSwitchBenchMark", "members": {"py/set": ["BIG_STRING_SWITCH", "SMALL_STRING_SWITCH", "DATA"]}, "methods": {"big_big_ifequals_cascade": {"memberReferences": {"py/set": ["DATA"]}, "methodName": "big_big_ifequals_cascade", "methodReferences": {"py/set": []}, "py/object": "JavaParserVisitor.MethodInfo"}, "big_big_oldswitch": {"memberReferences": {"py/set": ["DATA"]}, "methodName": "big_big_oldswitch", "methodReferences": {"py/set": []}, "py/object": "JavaParserVisitor.MethodInfo"}, "big_big_string_switch": {"memberReferences": {"py/set": ["DATA"]}, "methodName": "big_big_string_switch", "methodReferences": {"py/set": []}, "py/object": "JavaParserVisitor.MethodInfo"}, "main": {"memberReferences": {"py/set": []}, "methodName": "main", "methodReferences": {"py/set": []}, "py/object": "JavaParserVisitor.MethodInfo"}, "small_small_ifequals_cascade": {"memberReferences": {"py/set": ["DATA"]}, "methodName": "small_small_ifequals_cascade", "methodReferences": {"py/set": []}, "py/object": "JavaParserVisitor.MethodInfo"}, "small_small_oldswitch": {"memberReferences": {"py/set": ["DATA"]}, "methodName": "small_small_oldswitch", "methodReferences": {"py/set": []}, "py/object": "JavaParserVisitor.MethodInfo"}, "small_small_string_switch": {"memberReferences": {"py/set": ["DATA"]}, "methodName": "small_small_string_switch", "methodReferences": {"py/set": []}, "py/object": "JavaParserVisitor.MethodInfo"}}, "possibleFather": "", "py/object": "JavaParserVisitor.ClassInfo", "span": 198}, "StringSwitchCallSite": {"className": "StringSwitchCallSite", "members": {"py/set": ["NULLCHECK", "GET_OR_DEFAULT", "map", "EQUALS", "lookup", "MAX_DEPTH", "FALLBACK", "STRING_TO_INT", "stringcases", "nullCheck", "callsite", "depth", "get"]}, "methods": {"StringSwitchCallSite": {"memberReferences": {"py/set": ["map", "STRING_TO_INT", "stringcases", "callsite", "depth"]}, "methodName": "StringSwitchCallSite", "methodReferences": {"py/set": []}, "py/object": "JavaParserVisitor.MethodInfo"}, "create": {"memberReferences": {"py/set": ["stringcases"]}, "methodName": "create", "methodReferences": {"py/set": []}, "py/object": "JavaParserVisitor.MethodInfo"}, "createCascadeIfEquals": {"memberReferences": {"py/set": ["EQUALS", "stringcases"]}, "methodName": "createCascadeIfEquals", "methodReferences": {"py/set": []}, "py/object": "JavaParserVisitor.MethodInfo"}, "fallback": {"memberReferences": {"py/set": ["map", "EQUALS", "MAX_DEPTH", "stringcases", "callsite", "depth"]}, "methodName": "fallback", "methodReferences": {"py/set": []}, "py/object": "JavaParserVisitor.MethodInfo"}, "wrapNullIfNecessary": {"memberReferences": {"py/set": ["NULLCHECK"]}, "methodName": "wrapNullIfNecessary", "methodReferences": {"py/set": []}, "py/object": "JavaParserVisitor.MethodInfo"}}, "possibleFather": "MutableCallSite", "py/object": "JavaParserVisitor.ClassInfo", "span": 95}, "StringSwitchExampleTests": {"className": "StringSwitchExampleTests", "members": {"py/set": ["STRING_SWITCH"]}, "methods": {"example": {"memberReferences": {"py/set": []}, "methodName": "example", "methodReferences": {"py/set": ["owner"]}, "py/object": "JavaParserVisitor.MethodInfo"}, "owner": {"memberReferences": {"py/set": []}, "methodName": "owner", "methodReferences": {"py/set": []}, "py/object": "JavaParserVisitor.MethodInfo"}}, "possibleFather": "", "py/object": "JavaParserVisitor.ClassInfo", "span": 21}, "StringSwitchTests": {"className": "StringSwitchTests", "members": {"py/set": []}, "methods": {"aCaseCanNotBeNull": {"memberReferences": {"py/set": []}, "methodName": "aCaseCanNotBeNull", "methodReferences": {"py/set": []}, "py/object": "JavaParserVisitor.MethodInfo"}, "casesArrayCanNotBeNull": {"memberReferences": {"py/set": []}, "methodName": "casesArrayCanNotBeNull", "methodReferences": {"py/set": []}, "py/object": "JavaParserVisitor.MethodInfo"}, "nonNullSwitchCalledWithANull": {"memberReferences": {"py/set": []}, "methodName": "nonNullSwitchCalledWithANull", "methodReferences": {"py/set": []}, "py/object": "JavaParserVisitor.MethodInfo"}, "nullCase": {"memberReferences": {"py/set": []}, "methodName": "nullCase", "methodReferences": {"py/set": []}, "py/object": "JavaParserVisitor.MethodInfo"}, "simple": {"memberReferences": {"py/set": []}, "methodName": "simple", "methodReferences": {"py/set": []}, "py/object": "JavaParserVisitor.MethodInfo"}}, "possibleFather": "", "py/object": "JavaParserVisitor.ClassInfo", "span": 39}, "StructuralCallExample2Tests": {"className": "StructuralCallExample2Tests", "members": {"py/set": ["FOO"]}, "methods": {"foo": {"memberReferences": {"py/set": []}, "methodName": "foo", "methodReferences": {"py/set": []}, "py/object": "JavaParserVisitor.MethodInfo"}, "test": {"memberReferences": {"py/set": []}, "methodName": "test", "methodReferences": {"py/set": ["foo"]}, "py/object": "JavaParserVisitor.MethodInfo"}}, "possibleFather": "", "py/object": "JavaParserVisitor.ClassInfo", "span": 23}, "StructuralCallExampleTests": {"className": "StructuralCallExampleTests", "members": {"py/set": ["IS_EMPTY"]}, "methods": {"isEmpty": {"memberReferences": {"py/set": []}, "methodName": "isEmpty", "methodReferences": {"py/set": []}, "py/object": "JavaParserVisitor.MethodInfo"}, "test": {"memberReferences": {"py/set": []}, "methodName": "test", "methodReferences": {"py/set": ["isEmpty"]}, "py/object": "JavaParserVisitor.MethodInfo"}}, "possibleFather": "", "py/object": "JavaParserVisitor.ClassInfo", "span": 15}, "StructuralCallTests": {"className": "StructuralCallTests", "members": {"py/set": []}, "methods": {"accessMethodThroughInterface": {"memberReferences": {"py/set": []}, "methodName": "accessMethodThroughInterface", "methodReferences": {"py/set": []}, "py/object": "JavaParserVisitor.MethodInfo"}, "callingAMethodWithTheWrongClass": {"memberReferences": {"py/set": []}, "methodName": "callingAMethodWithTheWrongClass", "methodReferences": {"py/set": []}, "py/object": "JavaParserVisitor.MethodInfo"}, "callingAMethodWithTheWrongNumberOfArguments": {"memberReferences": {"py/set": []}, "methodName": "callingAMethodWithTheWrongNumberOfArguments", "methodReferences": {"py/set": []}, "py/object": "JavaParserVisitor.MethodInfo"}, "cannotAccessToAPrivateMethod": {"memberReferences": {"py/set": []}, "methodName": "cannotAccessToAPrivateMethod", "methodReferences": {"py/set": []}, "py/object": "JavaParserVisitor.MethodInfo"}, "comparable": {"memberReferences": {"py/set": []}, "methodName": "comparable", "methodReferences": {"py/set": []}, "py/object": "JavaParserVisitor.MethodInfo"}, "noMethodDefined": {"memberReferences": {"py/set": []}, "methodName": "noMethodDefined", "methodReferences": {"py/set": []}, "py/object": "JavaParserVisitor.MethodInfo"}, "publicLookupCanNotAccessPackageMethod": {"memberReferences": {"py/set": []}, "methodName": "publicLookupCanNotAccessPackageMethod", "methodReferences": {"py/set": []}, "py/object": "JavaParserVisitor.MethodInfo"}, "simple": {"memberReferences": {"py/set": []}, "methodName": "simple", "methodReferences": {"py/set": []}, "py/object": "JavaParserVisitor.MethodInfo"}, "wrongConfiguration": {"memberReferences": {"py/set": []}, "methodName": "wrongConfiguration", "methodReferences": {"py/set": []}, "py/object": "JavaParserVisitor.MethodInfo"}}, "possibleFather": "", "py/object": "JavaParserVisitor.ClassInfo", "span": 134}, "SystemInfo": {"className": "SystemInfo", "members": {"py/set": ["cpuCount", "CPU_COUNT", "INSTANCE"]}, "methods": {"SystemInfo": {"memberReferences": {"py/set": []}, "methodName": "SystemInfo", "methodReferences": {"py/set": []}, "py/object": "JavaParserVisitor.MethodInfo"}, "getCpuCount": {"memberReferences": {"py/set": ["cpuCount"]}, "methodName": "getCpuCount", "methodReferences": {"py/set": []}, "py/object": "JavaParserVisitor.MethodInfo"}}, "possibleFather": "", "py/object": "JavaParserVisitor.ClassInfo", "span": 16}, "TypeSwitchBenchMark": {"className": "TypeSwitchBenchMark", "members": {"py/set": ["BIG_TYPE_SWITCH", "SMALL_TYPE_SWITCH", "DATA"]}, "methods": {"big_big_instanceof_cascade": {"memberReferences": {"py/set": ["DATA"]}, "methodName": "big_big_instanceof_cascade", "methodReferences": {"py/set": []}, "py/object": "JavaParserVisitor.MethodInfo"}, "big_big_type_switch": {"memberReferences": {"py/set": ["DATA"]}, "methodName": "big_big_type_switch", "methodReferences": {"py/set": []}, "py/object": "JavaParserVisitor.MethodInfo"}, "main": {"memberReferences": {"py/set": []}, "methodName": "main", "methodReferences": {"py/set": []}, "py/object": "JavaParserVisitor.MethodInfo"}, "small_big_instanceof_cascade": {"memberReferences": {"py/set": ["DATA"]}, "methodName": "small_big_instanceof_cascade", "methodReferences": {"py/set": []}, "py/object": "JavaParserVisitor.MethodInfo"}, "small_big_type_switch": {"memberReferences": {"py/set": ["DATA"]}, "methodName": "small_big_type_switch", "methodReferences": {"py/set": []}, "py/object": "JavaParserVisitor.MethodInfo"}, "small_small_instanceof_cascade": {"memberReferences": {"py/set": ["DATA"]}, "methodName": "small_small_instanceof_cascade", "methodReferences": {"py/set": []}, "py/object": "JavaParserVisitor.MethodInfo"}, "small_small_type_switch": {"memberReferences": {"py/set": ["DATA"]}, "methodName": "small_small_type_switch", "methodReferences": {"py/set": []}, "py/object": "JavaParserVisitor.MethodInfo"}}, "possibleFather": "", "py/object": "JavaParserVisitor.ClassInfo", "span": 112}, "TypeSwitchCallSite": {"className": "TypeSwitchCallSite", "members": {"py/set": ["NULLCHECK", "STRATEGY_CUT_OFF", "GET", "TYPECHECK", "OBJECT_TO_INT", "lookup", "strategy", "refs", "IS_INSTANCE", "FALLBACK", "MAX_DEPTH", "classValue", "callsite", "depth"]}, "methods": {"TypeSwitchCallSite": {"memberReferences": {"py/set": ["OBJECT_TO_INT", "strategy", "callsite", "depth"]}, "methodName": "TypeSwitchCallSite", "methodReferences": {"py/set": []}, "py/object": "JavaParserVisitor.MethodInfo"}, "classValue": {"memberReferences": {"py/set": []}, "methodName": "classValue", "methodReferences": {"py/set": []}, "py/object": "JavaParserVisitor.MethodInfo"}, "computeFromSupertypes": {"memberReferences": {"py/set": []}, "methodName": "computeFromSupertypes", "methodReferences": {"py/set": ["get"]}, "py/object": "JavaParserVisitor.MethodInfo"}, "computeValue": {"memberReferences": {"py/set": []}, "methodName": "computeValue", "methodReferences": {"py/set": ["computeFromSupertypes"]}, "py/object": "JavaParserVisitor.MethodInfo"}, "create": {"memberReferences": {"py/set": ["STRATEGY_CUT_OFF"]}, "methodName": "create", "methodReferences": {"py/set": []}, "py/object": "JavaParserVisitor.MethodInfo"}, "createClassValue": {"memberReferences": {"py/set": []}, "methodName": "createClassValue", "methodReferences": {"py/set": []}, "py/object": "JavaParserVisitor.MethodInfo"}, "createRefArray": {"memberReferences": {"py/set": []}, "methodName": "createRefArray", "methodReferences": {"py/set": []}, "py/object": "JavaParserVisitor.MethodInfo"}, "fallback": {"memberReferences": {"py/set": ["strategy", "MAX_DEPTH", "callsite", "depth"]}, "methodName": "fallback", "methodReferences": {"py/set": []}, "py/object": "JavaParserVisitor.MethodInfo"}, "get": {"memberReferences": {"py/set": []}, "methodName": "get", "methodReferences": {"py/set": ["get"]}, "py/object": "JavaParserVisitor.MethodInfo"}, "index": {"memberReferences": {"py/set": []}, "methodName": "index", "methodReferences": {"py/set": []}, "py/object": "JavaParserVisitor.MethodInfo"}, "isInstance": {"memberReferences": {"py/set": []}, "methodName": "isInstance", "methodReferences": {"py/set": []}, "py/object": "JavaParserVisitor.MethodInfo"}, "target": {"memberReferences": {"py/set": []}, "methodName": "target", "methodReferences": {"py/set": []}, "py/object": "JavaParserVisitor.MethodInfo"}, "typecheck": {"memberReferences": {"py/set": []}, "methodName": "typecheck", "methodReferences": {"py/set": []}, "py/object": "JavaParserVisitor.MethodInfo"}, "validatePartialOrder": {"memberReferences": {"py/set": []}, "methodName": "validatePartialOrder", "methodReferences": {"py/set": ["validateType"]}, "py/object": "JavaParserVisitor.MethodInfo"}, "validateSupertypes": {"memberReferences": {"py/set": []}, "methodName": "validateSupertypes", "methodReferences": {"py/set": ["validateSupertypes"]}, "py/object": "JavaParserVisitor.MethodInfo"}, "validateType": {"memberReferences": {"py/set": []}, "methodName": "validateType", "methodReferences": {"py/set": ["validateSupertypes"]}, "py/object": "JavaParserVisitor.MethodInfo"}, "wrapNullIfNecessary": {"memberReferences": {"py/set": ["NULLCHECK"]}, "methodName": "wrapNullIfNecessary", "methodReferences": {"py/set": []}, "py/object": "JavaParserVisitor.MethodInfo"}}, "possibleFather": "MutableCallSite", "py/object": "JavaParserVisitor.ClassInfo", "span": 214}, "TypeSwitchExampleTests": {"className": "TypeSwitchExampleTests", "members": {"py/set": ["TYPE_SWITCH"]}, "methods": {"asString": {"memberReferences": {"py/set": []}, "methodName": "asString", "methodReferences": {"py/set": []}, "py/object": "JavaParserVisitor.MethodInfo"}, "example": {"memberReferences": {"py/set": []}, "methodName": "example", "methodReferences": {"py/set": ["asString"]}, "py/object": "JavaParserVisitor.MethodInfo"}}, "possibleFather": "", "py/object": "JavaParserVisitor.ClassInfo", "span": 21}, "TypeSwitchTests": {"className": "TypeSwitchTests", "members": {"py/set": []}, "methods": {"aCaseCanNotBeNull": {"memberReferences": {"py/set": []}, "methodName": "aCaseCanNotBeNull", "methodReferences": {"py/set": []}, "py/object": "JavaParserVisitor.MethodInfo"}, "inheritance": {"memberReferences": {"py/set": []}, "methodName": "inheritance", "methodReferences": {"py/set": []}, "py/object": "JavaParserVisitor.MethodInfo"}, "interfaces": {"memberReferences": {"py/set": []}, "methodName": "interfaces", "methodReferences": {"py/set": []}, "py/object": "JavaParserVisitor.MethodInfo"}, "interfaces2": {"memberReferences": {"py/set": []}, "methodName": "interfaces2", "methodReferences": {"py/set": []}, "py/object": "JavaParserVisitor.MethodInfo"}, "invalidPartialOrder": {"memberReferences": {"py/set": []}, "methodName": "invalidPartialOrder", "methodReferences": {"py/set": []}, "py/object": "JavaParserVisitor.MethodInfo"}, "nonNullSwitchCalledWithANull": {"memberReferences": {"py/set": []}, "methodName": "nonNullSwitchCalledWithANull", "methodReferences": {"py/set": []}, "py/object": "JavaParserVisitor.MethodInfo"}, "nullCase": {"memberReferences": {"py/set": []}, "methodName": "nullCase", "methodReferences": {"py/set": []}, "py/object": "JavaParserVisitor.MethodInfo"}, "simple": {"memberReferences": {"py/set": []}, "methodName": "simple", "methodReferences": {"py/set": []}, "py/object": "JavaParserVisitor.MethodInfo"}}, "possibleFather": "", "py/object": "JavaParserVisitor.ClassInfo", "span": 79}, "User": {"className": "User", "members": {"py/set": ["name", "SUPPORT", "vip"]}, "methods": {"User": {"memberReferences": {"py/set": ["name", "vip"]}, "methodName": "User", "methodReferences": {"py/set": []}, "py/object": "JavaParserVisitor.MethodInfo"}, "equals": {"memberReferences": {"py/set": []}, "methodName": "equals", "methodReferences": {"py/set": []}, "py/object": "JavaParserVisitor.MethodInfo"}, "hashCode": {"memberReferences": {"py/set": []}, "methodName": "hashCode", "methodReferences": {"py/set": []}, "py/object": "JavaParserVisitor.MethodInfo"}}, "possibleFather": "", "py/object": "JavaParserVisitor.ClassInfo", "span": 20}, "Value": {"className": "Value", "members": {"py/set": ["value"]}, "methods": {"Value": {"memberReferences": {"py/set": ["value"]}, "methodName": "Value", "methodReferences": {"py/set": []}, "py/object": "JavaParserVisitor.MethodInfo"}, "accept": {"memberReferences": {"py/set": []}, "methodName": "accept", "methodReferences": {"py/set": []}, "py/object": "JavaParserVisitor.MethodInfo"}}, "possibleFather": "", "py/object": "JavaParserVisitor.ClassInfo", "span": 4}, "Var": {"className": "Var", "members": {"py/set": ["name"]}, "methods": {"Var": {"memberReferences": {"py/set": ["name"]}, "methodName": "Var", "methodReferences": {"py/set": []}, "py/object": "JavaParserVisitor.MethodInfo"}, "accept": {"memberReferences": {"py/set": []}, "methodName": "accept", "methodReferences": {"py/set": []}, "py/object": "JavaParserVisitor.MethodInfo"}}, "possibleFather": "", "py/object": "JavaParserVisitor.ClassInfo", "span": 4}, "VisitorBenchMark": {"className": "VisitorBenchMark", "members": {"py/set": ["CODE", "result", "GOF_VISITOR", "MAP_VISITOR", "let", "EXOTIC_VISITOR"]}, "methods": {"accept": {"memberReferences": {"py/set": []}, "methodName": "accept", "methodReferences": {"py/set": []}, "py/object": "JavaParserVisitor.MethodInfo"}, "exotic_visitor": {"memberReferences": {"py/set": []}, "methodName": "exotic_visitor", "methodReferences": {"py/set": []}, "py/object": "JavaParserVisitor.MethodInfo"}, "gof_visitor": {"memberReferences": {"py/set": []}, "methodName": "gof_visitor", "methodReferences": {"py/set": []}, "py/object": "JavaParserVisitor.MethodInfo"}, "main": {"memberReferences": {"py/set": []}, "methodName": "main", "methodReferences": {"py/set": []}, "py/object": "JavaParserVisitor.MethodInfo"}, "map_visitor": {"memberReferences": {"py/set": []}, "methodName": "map_visitor", "methodReferences": {"py/set": []}, "py/object": "JavaParserVisitor.MethodInfo"}, "visitAdd": {"memberReferences": {"py/set": []}, "methodName": "visitAdd", "methodReferences": {"py/set": ["accept"]}, "py/object": "JavaParserVisitor.MethodInfo"}, "visitAssign": {"memberReferences": {"py/set": []}, "methodName": "visitAssign", "methodReferences": {"py/set": ["accept"]}, "py/object": "JavaParserVisitor.MethodInfo"}, "visitBlock": {"memberReferences": {"py/set": []}, "methodName": "visitBlock", "methodReferences": {"py/set": []}, "py/object": "JavaParserVisitor.MethodInfo"}, "visitValue": {"memberReferences": {"py/set": []}, "methodName": "visitValue", "methodReferences": {"py/set": []}, "py/object": "JavaParserVisitor.MethodInfo"}, "visitVar": {"memberReferences": {"py/set": []}, "methodName": "visitVar", "methodReferences": {"py/set": []}, "py/object": "JavaParserVisitor.MethodInfo"}}, "possibleFather": "", "py/object": "JavaParserVisitor.ClassInfo", "span": 128}, "VisitorCallSite": {"className": "VisitorCallSite", "members": {"py/set": ["map", "TYPECHECK", "lookup", "MAX_DEPTH", "FALLBACK", "depth", "callsite", "VISIT", "FIND"]}, "methods": {"VisitorCallSite": {"memberReferences": {"py/set": ["map", "callsite", "depth"]}, "methodName": "VisitorCallSite", "methodReferences": {"py/set": []}, "py/object": "JavaParserVisitor.MethodInfo"}, "fallback": {"memberReferences": {"py/set": ["map", "MAX_DEPTH", "callsite", "depth"]}, "methodName": "fallback", "methodReferences": {"py/set": []}, "py/object": "JavaParserVisitor.MethodInfo"}, "find": {"memberReferences": {"py/set": []}, "methodName": "find", "methodReferences": {"py/set": []}, "py/object": "JavaParserVisitor.MethodInfo"}, "typecheck": {"memberReferences": {"py/set": []}, "methodName": "typecheck", "methodReferences": {"py/set": []}, "py/object": "JavaParserVisitor.MethodInfo"}, "visitor": {"memberReferences": {"py/set": []}, "methodName": "visitor", "methodReferences": {"py/set": []}, "py/object": "JavaParserVisitor.MethodInfo"}}, "possibleFather": "MutableCallSite", "py/object": "JavaParserVisitor.ClassInfo", "span": 83}, "VisitorTests": {"className": "VisitorTests", "members": {"py/set": []}, "methods": {"interpret": {"memberReferences": {"py/set": []}, "methodName": "interpret", "methodReferences": {"py/set": []}, "py/object": "JavaParserVisitor.MethodInfo"}, "nullWhenCallingVisit": {"memberReferences": {"py/set": []}, "methodName": "nullWhenCallingVisit", "methodReferences": {"py/set": []}, "py/object": "JavaParserVisitor.MethodInfo"}, "nullWhenCreatingAVisitor": {"memberReferences": {"py/set": []}, "methodName": "nullWhenCreatingAVisitor", "methodReferences": {"py/set": []}, "py/object": "JavaParserVisitor.MethodInfo"}, "registerSameVisitletTwice": {"memberReferences": {"py/set": []}, "methodName": "registerSameVisitletTwice", "methodReferences": {"py/set": []}, "py/object": "JavaParserVisitor.MethodInfo"}, "simple": {"memberReferences": {"py/set": []}, "methodName": "simple", "methodReferences": {"py/set": []}, "py/object": "JavaParserVisitor.MethodInfo"}, "visitCanNotFindAVisitlet": {"memberReferences": {"py/set": []}, "methodName": "visitCanNotFindAVisitlet", "methodReferences": {"py/set": []}, "py/object": "JavaParserVisitor.MethodInfo"}}, "possibleFather": "", "py/object": "JavaParserVisitor.ClassInfo", "span": 67}, "WrongLookup": {"className": "WrongLookup", "members": {"py/set": []}, "methods": {"m": {"memberReferences": {"py/set": []}, "methodName": "m", "methodReferences": {"py/set": []}, "py/object": "JavaParserVisitor.MethodInfo"}}, "possibleFather": "", "py/object": "JavaParserVisitor.ClassInfo", "span": 2}, "WrongNumberOfArguments": {"className": "WrongNumberOfArguments", "members": {"py/set": []}, "methods": {"m": {"memberReferences": {"py/set": []}, "methodName": "m", "methodReferences": {"py/set": []}, "py/object": "JavaParserVisitor.MethodInfo"}}, "possibleFather": "", "py/object": "JavaParserVisitor.ClassInfo", "span": 2}, "WrongParameters": {"className": "WrongParameters", "members": {"py/set": []}, "methods": {"m": {"memberReferences": {"py/set": []}, "methodName": "m", "methodReferences": {"py/set": []}, "py/object": "JavaParserVisitor.MethodInfo"}}, "possibleFather": "", "py/object": "JavaParserVisitor.ClassInfo", "span": 9}, "pro_wrapper": {"className": "pro_wrapper", "members": {"py/set": ["GITHUB_API_RELEASES", "GITHUB_DOWNLOAD", "PATTERN"]}, "methods": {"accept": {"memberReferences": {"py/set": []}, "methodName": "accept", "methodReferences": {"py/set": []}, "py/object": "JavaParserVisitor.MethodInfo"}, "deleteAllFiles": {"memberReferences": {"py/set": []}, "methodName": "deleteAllFiles", "methodReferences": {"py/set": []}, "py/object": "JavaParserVisitor.MethodInfo"}, "download": {"memberReferences": {"py/set": ["GITHUB_DOWNLOAD"]}, "methodName": "download", "methodReferences": {"py/set": []}, "py/object": "JavaParserVisitor.MethodInfo"}, "exec": {"memberReferences": {"py/set": []}, "methodName": "exec", "methodReferences": {"py/set": []}, "py/object": "JavaParserVisitor.MethodInfo"}, "firstLine": {"memberReferences": {"py/set": []}, "methodName": "firstLine", "methodReferences": {"py/set": []}, "py/object": "JavaParserVisitor.MethodInfo"}, "installAndRun": {"memberReferences": {"py/set": ["GITHUB_DOWNLOAD", "GITHUB_API_RELEASES"]}, "methodName": "installAndRun", "methodReferences": {"py/set": ["deleteAllFiles", "platform", "firstLine", "lastestReleaseVersionFromGitHub", "retry", "unpack", "latestReleaseVersionFromCache", "exec", "specialBuild", "download", "userHome"]}, "py/object": "JavaParserVisitor.MethodInfo"}, "lastModified": {"memberReferences": {"py/set": []}, "methodName": "lastModified", "methodReferences": {"py/set": []}, "py/object": "JavaParserVisitor.MethodInfo"}, "lastestReleaseVersionFromGitHub": {"memberReferences": {"py/set": ["GITHUB_API_RELEASES"]}, "methodName": "lastestReleaseVersionFromGitHub", "methodReferences": {"py/set": []}, "py/object": "JavaParserVisitor.MethodInfo"}, "latestReleaseVersionFromCache": {"memberReferences": {"py/set": []}, "methodName": "latestReleaseVersionFromCache", "methodReferences": {"py/set": ["lastModified"]}, "py/object": "JavaParserVisitor.MethodInfo"}, "main": {"memberReferences": {"py/set": ["GITHUB_DOWNLOAD", "GITHUB_API_RELEASES"]}, "methodName": "main", "methodReferences": {"py/set": ["installAndRun"]}, "py/object": "JavaParserVisitor.MethodInfo"}, "platform": {"memberReferences": {"py/set": []}, "methodName": "platform", "methodReferences": {"py/set": []}, "py/object": "JavaParserVisitor.MethodInfo"}, "postVisitDirectory": {"memberReferences": {"py/set": []}, "methodName": "postVisitDirectory", "methodReferences": {"py/set": []}, "py/object": "JavaParserVisitor.MethodInfo"}, "retry": {"memberReferences": {"py/set": []}, "methodName": "retry", "methodReferences": {"py/set": []}, "py/object": "JavaParserVisitor.MethodInfo"}, "setExecutionPermissions": {"memberReferences": {"py/set": []}, "methodName": "setExecutionPermissions", "methodReferences": {"py/set": []}, "py/object": "JavaParserVisitor.MethodInfo"}, "shell": {"memberReferences": {"py/set": []}, "methodName": "shell", "methodReferences": {"py/set": []}, "py/object": "JavaParserVisitor.MethodInfo"}, "specialBuild": {"memberReferences": {"py/set": []}, "methodName": "specialBuild", "methodReferences": {"py/set": []}, "py/object": "JavaParserVisitor.MethodInfo"}, "unpack": {"memberReferences": {"py/set": []}, "methodName": "unpack", "methodReferences": {"py/set": ["setExecutionPermissions"]}, "py/object": "JavaParserVisitor.MethodInfo"}, "userHome": {"memberReferences": {"py/set": []}, "methodName": "userHome", "methodReferences": {"py/set": []}, "py/object": "JavaParserVisitor.MethodInfo"}, "visitFile": {"memberReferences": {"py/set": []}, "methodName": "visitFile", "methodReferences": {"py/set": []}, "py/object": "JavaParserVisitor.MethodInfo"}}, "possibleFather": "", "py/object": "JavaParserVisitor.ClassInfo", "span": 232}}