{"SCOM": {"py/object": "Statistics.InterestingStatistics", "classValues": [{"py/tuple": [0.0, 61]}, {"py/tuple": [0.16666666666666666, 37]}, {"py/tuple": [1, 7]}, {"py/tuple": [1, 21]}, {"py/tuple": [0.0, 40]}, {"py/tuple": [1, 6]}, {"py/tuple": [0.06666666666666667, 34]}, {"py/tuple": [1, 0]}, {"py/tuple": [1, 11]}, {"py/tuple": [0.0, 18]}, {"py/tuple": [1, 15]}, {"py/tuple": [1, 13]}, {"py/tuple": [1, 14]}, {"py/tuple": [0.05555555555555555, 109]}, {"py/tuple": [1, 7]}, {"py/tuple": [1, 20]}, {"py/tuple": [1, 60]}, {"py/tuple": [0.0, 104]}, {"py/tuple": [1, 11]}, {"py/tuple": [1, 8]}, {"py/tuple": [0.0, 38]}, {"py/tuple": [0.0, 370]}, {"py/tuple": [0.5, 65]}, {"py/tuple": [1, 11]}, {"py/tuple": [0.03333333333333333, 43]}, {"py/tuple": [0.0, 82]}, {"py/tuple": [0.16666666666666666, 21]}, {"py/tuple": [0.01904761904761905, 54]}, {"py/tuple": [0.00505050505050505, 100]}, {"py/tuple": [0.022222222222222223, 102]}, {"py/tuple": [0.0, 30]}, {"py/tuple": [1, 109]}, {"py/tuple": [0.0, 223]}, {"py/tuple": [0.0, 16]}, {"py/tuple": [1, 19]}, {"py/tuple": [1, 14]}, {"py/tuple": [0.0, 37]}, {"py/tuple": [0.0, 62]}, {"py/tuple": [1, 2]}, {"py/tuple": [0.38095238095238093, 687]}, {"py/tuple": [0.0, 20]}, {"py/tuple": [1, 175]}, {"py/tuple": [1, 9]}, {"py/tuple": [1, 2]}, {"py/tuple": [1, 17]}, {"py/tuple": [1, 46]}, {"py/tuple": [0.5, 149]}, {"py/tuple": [1, 7]}, {"py/tuple": [0.05, 235]}, {"py/tuple": [1, 12]}, {"py/tuple": [0.08020050125313283, 233]}, {"py/tuple": [0.0, 235]}, {"py/tuple": [0.2, 54]}, {"py/tuple": [0.20370370370370372, 65]}, {"py/tuple": [0.0, 65]}, {"py/tuple": [0.0, 269]}, {"py/tuple": [0.0, 44]}, {"py/tuple": [1, 0]}, {"py/tuple": [1, 41]}, {"py/tuple": [0.08333333333333333, 66]}, {"py/tuple": [1, 0]}, {"py/tuple": [0.0, 167]}, {"py/tuple": [0.0, 889]}, {"py/tuple": [0.0, 81]}, {"py/tuple": [1.0, 31]}, {"py/tuple": [0.04504504504504505, 60]}, {"py/tuple": [0.0, 48]}, {"py/tuple": [0.0, 11]}, {"py/tuple": [0.0, 37]}, {"py/tuple": [0.0, 32]}, {"py/tuple": [1, 7]}, {"py/tuple": [0.0, 102]}, {"py/tuple": [0.02666666666666667, 106]}, {"py/tuple": [0.8888888888888888, 107]}, {"py/tuple": [1.0, 40]}, {"py/tuple": [0.0, 86]}, {"py/tuple": [0.0, 56]}, {"py/tuple": [1, 2]}, {"py/tuple": [0.5, 19]}, {"py/tuple": [1, 85]}, {"py/tuple": [1, 0]}, {"py/tuple": [1, 15]}, {"py/tuple": [1, 11]}, {"py/tuple": [0.0, 37]}, {"py/tuple": [1, 15]}, {"py/tuple": [1, 16]}, {"py/tuple": [1, 25]}, {"py/tuple": [1, 6]}, {"py/tuple": [1, 40]}, {"py/tuple": [1, 211]}, {"py/tuple": [1, 71]}, {"py/tuple": [0.010526315789473684, 267]}, {"py/tuple": [0.0125, 218]}, {"py/tuple": [1, 71]}, {"py/tuple": [0.014285714285714285, 392]}, {"py/tuple": [0.0, 15]}, {"py/tuple": [1, 51]}, {"py/tuple": [1, 173]}, {"py/tuple": [0.08333333333333333, 100]}, {"py/tuple": [0.8333333333333334, 23]}, {"py/tuple": [0.0, 50]}, {"py/tuple": [1, 4]}, {"py/tuple": [0.004159239453357101, 110]}, {"py/tuple": [1, 159]}, {"py/tuple": [0.06666666666666667, 34]}, {"py/tuple": [0.021428571428571432, 50]}, {"py/tuple": [1, 2]}, {"py/tuple": [0.0, 133]}, {"py/tuple": [0.00010957703265395574, 290]}, {"py/tuple": [0.0, 206]}, {"py/tuple": [0.0, 17]}, {"py/tuple": [0.0, 34]}, {"py/tuple": [0.06666666666666667, 29]}, {"py/tuple": [1, 35]}]}, "LSCC": {"py/object": "Statistics.InterestingStatistics", "classValues": [{"py/tuple": [0.0, 61]}, {"py/tuple": [0.08333333333333333, 37]}, {"py/tuple": [1, 7]}, {"py/tuple": [1, 21]}, {"py/tuple": [0.0, 40]}, {"py/tuple": [1, 6]}, {"py/tuple": [0.06666666666666667, 34]}, {"py/tuple": [1, 0]}, {"py/tuple": [1, 11]}, {"py/tuple": [0.0, 18]}, {"py/tuple": [1, 15]}, {"py/tuple": [1, 13]}, {"py/tuple": [1, 14]}, {"py/tuple": [0.05555555555555555, 109]}, {"py/tuple": [1, 7]}, {"py/tuple": [1, 20]}, {"py/tuple": [1, 60]}, {"py/tuple": [0, 104]}, {"py/tuple": [1, 11]}, {"py/tuple": [1, 8]}, {"py/tuple": [0, 38]}, {"py/tuple": [0.0, 370]}, {"py/tuple": [0.5, 65]}, {"py/tuple": [1, 11]}, {"py/tuple": [0.03333333333333333, 43]}, {"py/tuple": [0, 82]}, {"py/tuple": [0.16666666666666666, 21]}, {"py/tuple": [0.01904761904761905, 54]}, {"py/tuple": [0.005050505050505051, 100]}, {"py/tuple": [0.022222222222222223, 102]}, {"py/tuple": [0.0, 30]}, {"py/tuple": [1, 109]}, {"py/tuple": [0, 223]}, {"py/tuple": [0, 16]}, {"py/tuple": [1, 19]}, {"py/tuple": [1, 14]}, {"py/tuple": [0, 37]}, {"py/tuple": [0.0, 62]}, {"py/tuple": [1, 2]}, {"py/tuple": [0.23809523809523808, 687]}, {"py/tuple": [0.0, 20]}, {"py/tuple": [1, 175]}, {"py/tuple": [1, 9]}, {"py/tuple": [1, 2]}, {"py/tuple": [1, 17]}, {"py/tuple": [1, 46]}, {"py/tuple": [0.3333333333333333, 149]}, {"py/tuple": [1, 7]}, {"py/tuple": [0.03333333333333333, 235]}, {"py/tuple": [1, 12]}, {"py/tuple": [0.02756892230576441, 233]}, {"py/tuple": [0.0, 235]}, {"py/tuple": [0.06666666666666667, 54]}, {"py/tuple": [0.05555555555555555, 65]}, {"py/tuple": [0.0, 65]}, {"py/tuple": [0.0, 269]}, {"py/tuple": [0.0, 44]}, {"py/tuple": [1, 0]}, {"py/tuple": [1, 41]}, {"py/tuple": [0.08333333333333333, 66]}, {"py/tuple": [1, 0]}, {"py/tuple": [0.0, 167]}, {"py/tuple": [0.0, 889]}, {"py/tuple": [0, 81]}, {"py/tuple": [0.3333333333333333, 31]}, {"py/tuple": [0.02702702702702703, 60]}, {"py/tuple": [0, 48]}, {"py/tuple": [0, 11]}, {"py/tuple": [0.0, 37]}, {"py/tuple": [0.0, 32]}, {"py/tuple": [1, 7]}, {"py/tuple": [0.0, 102]}, {"py/tuple": [0.013333333333333334, 106]}, {"py/tuple": [0.6666666666666666, 107]}, {"py/tuple": [1.0, 40]}, {"py/tuple": [0.0, 86]}, {"py/tuple": [0, 56]}, {"py/tuple": [1, 2]}, {"py/tuple": [0.5, 19]}, {"py/tuple": [1, 85]}, {"py/tuple": [1, 0]}, {"py/tuple": [1, 15]}, {"py/tuple": [1, 11]}, {"py/tuple": [0.0, 37]}, {"py/tuple": [1, 15]}, {"py/tuple": [1, 16]}, {"py/tuple": [1, 25]}, {"py/tuple": [1, 6]}, {"py/tuple": [1, 40]}, {"py/tuple": [1, 211]}, {"py/tuple": [1, 71]}, {"py/tuple": [0.010526315789473684, 267]}, {"py/tuple": [0.0125, 218]}, {"py/tuple": [1, 71]}, {"py/tuple": [0.014285714285714285, 392]}, {"py/tuple": [0, 15]}, {"py/tuple": [1, 51]}, {"py/tuple": [1, 173]}, {"py/tuple": [0.08333333333333333, 100]}, {"py/tuple": [0.5, 23]}, {"py/tuple": [0.0, 50]}, {"py/tuple": [1, 4]}, {"py/tuple": [0.0041592394533571005, 110]}, {"py/tuple": [1, 159]}, {"py/tuple": [0.06666666666666667, 34]}, {"py/tuple": [0.02142857142857143, 50]}, {"py/tuple": [1, 2]}, {"py/tuple": [0.0, 133]}, {"py/tuple": [0.00010957703265395574, 290]}, {"py/tuple": [0.0, 206]}, {"py/tuple": [0, 17]}, {"py/tuple": [0, 34]}, {"py/tuple": [0.06666666666666667, 29]}, {"py/tuple": [1, 35]}]}, "CC": {"py/object": "Statistics.InterestingStatistics", "classValues": [{"py/tuple": [0.0, 61]}, {"py/tuple": [0.08333333333333333, 37]}, {"py/tuple": [1, 7]}, {"py/tuple": [1, 21]}, {"py/tuple": [0.0, 40]}, {"py/tuple": [1, 6]}, {"py/tuple": [0.2, 34]}, {"py/tuple": [1, 0]}, {"py/tuple": [1, 11]}, {"py/tuple": [0.0, 18]}, {"py/tuple": [1, 15]}, {"py/tuple": [1, 13]}, {"py/tuple": [1, 14]}, {"py/tuple": [0.16666666666666666, 109]}, {"py/tuple": [1, 7]}, {"py/tuple": [1, 20]}, {"py/tuple": [1, 60]}, {"py/tuple": [1, 104]}, {"py/tuple": [1, 11]}, {"py/tuple": [1, 8]}, {"py/tuple": [1, 38]}, {"py/tuple": [0.0, 370]}, {"py/tuple": [1.0, 65]}, {"py/tuple": [1, 11]}, {"py/tuple": [0.13333333333333333, 43]}, {"py/tuple": [1, 82]}, {"py/tuple": [0.3333333333333333, 21]}, {"py/tuple": [0.09523809523809523, 54]}, {"py/tuple": [0.045454545454545456, 100]}, {"py/tuple": [0.1111111111111111, 102]}, {"py/tuple": [0.0, 30]}, {"py/tuple": [1, 109]}, {"py/tuple": [1, 223]}, {"py/tuple": [1, 16]}, {"py/tuple": [1, 19]}, {"py/tuple": [1, 14]}, {"py/tuple": [1, 37]}, {"py/tuple": [0.0, 62]}, {"py/tuple": [1, 2]}, {"py/tuple": [0.46666666666666673, 687]}, {"py/tuple": [0.0, 20]}, {"py/tuple": [1, 175]}, {"py/tuple": [1, 9]}, {"py/tuple": [1, 2]}, {"py/tuple": [1, 17]}, {"py/tuple": [1, 46]}, {"py/tuple": [0.6666666666666666, 149]}, {"py/tuple": [1, 7]}, {"py/tuple": [0.06666666666666667, 235]}, {"py/tuple": [1, 12]}, {"py/tuple": [0.19727891156462582, 233]}, {"py/tuple": [0.0, 235]}, {"py/tuple": [0.16666666666666666, 54]}, {"py/tuple": [0.15555555555555556, 65]}, {"py/tuple": [0.0, 65]}, {"py/tuple": [0.0, 269]}, {"py/tuple": [0.0, 44]}, {"py/tuple": [1, 0]}, {"py/tuple": [1, 41]}, {"py/tuple": [0.16666666666666666, 66]}, {"py/tuple": [1, 0]}, {"py/tuple": [0.0, 167]}, {"py/tuple": [0.0, 889]}, {"py/tuple": [1, 81]}, {"py/tuple": [0.3333333333333333, 31]}, {"py/tuple": [0.5, 60]}, {"py/tuple": [1, 48]}, {"py/tuple": [1, 11]}, {"py/tuple": [0.0, 37]}, {"py/tuple": [0.0, 32]}, {"py/tuple": [1, 7]}, {"py/tuple": [0.0, 102]}, {"py/tuple": [0.03333333333333333, 106]}, {"py/tuple": [0.6666666666666666, 107]}, {"py/tuple": [1.0, 40]}, {"py/tuple": [0.0, 86]}, {"py/tuple": [1, 56]}, {"py/tuple": [1, 2]}, {"py/tuple": [1.0, 19]}, {"py/tuple": [1, 85]}, {"py/tuple": [1, 0]}, {"py/tuple": [1, 15]}, {"py/tuple": [1, 11]}, {"py/tuple": [0.0, 37]}, {"py/tuple": [1, 15]}, {"py/tuple": [1, 16]}, {"py/tuple": [1, 25]}, {"py/tuple": [1, 6]}, {"py/tuple": [1, 40]}, {"py/tuple": [1, 211]}, {"py/tuple": [1, 71]}, {"py/tuple": [0.2, 267]}, {"py/tuple": [0.2, 218]}, {"py/tuple": [1, 71]}, {"py/tuple": [0.1, 392]}, {"py/tuple": [1, 15]}, {"py/tuple": [1, 51]}, {"py/tuple": [1, 173]}, {"py/tuple": [0.16666666666666666, 100]}, {"py/tuple": [0.6666666666666666, 23]}, {"py/tuple": [0.0, 50]}, {"py/tuple": [1, 4]}, {"py/tuple": [0.0457516339869281, 110]}, {"py/tuple": [1, 159]}, {"py/tuple": [0.2, 34]}, {"py/tuple": [0.10714285714285714, 50]}, {"py/tuple": [1, 2]}, {"py/tuple": [0.0, 133]}, {"py/tuple": [0.002849002849002849, 290]}, {"py/tuple": [0.0, 206]}, {"py/tuple": [1, 17]}, {"py/tuple": [1, 34]}, {"py/tuple": [0.2, 29]}, {"py/tuple": [1, 35]}]}, "LCOM5": {"py/object": "Statistics.InterestingStatistics", "classValues": [{"py/tuple": [1.0, 61]}, {"py/tuple": [0.625, 37]}, {"py/tuple": [0, 7]}, {"py/tuple": [0, 21]}, {"py/tuple": [1.0, 40]}, {"py/tuple": [0, 6]}, {"py/tuple": [0.6666666666666667, 34]}, {"py/tuple": [0, 0]}, {"py/tuple": [0.19999999999999996, 11]}, {"py/tuple": [1.0, 18]}, {"py/tuple": [0.4444444444444444, 15]}, {"py/tuple": [0, 13]}, {"py/tuple": [0, 14]}, {"py/tuple": [0.8333333333333334, 109]}, {"py/tuple": [0, 7]}, {"py/tuple": [0.5, 20]}, {"py/tuple": [0, 60]}, {"py/tuple": [0, 104]}, {"py/tuple": [0.5, 11]}, {"py/tuple": [0, 8]}, {"py/tuple": [0, 38]}, {"py/tuple": [1.0, 370]}, {"py/tuple": [0.5, 65]}, {"py/tuple": [0, 11]}, {"py/tuple": [0.75, 43]}, {"py/tuple": [0, 82]}, {"py/tuple": [0.5, 21]}, {"py/tuple": [0.8, 54]}, {"py/tuple": [0.8888888888888888, 100]}, {"py/tuple": [0.8, 102]}, {"py/tuple": [0.75, 30]}, {"py/tuple": [1.0, 109]}, {"py/tuple": [0, 223]}, {"py/tuple": [0, 16]}, {"py/tuple": [0, 19]}, {"py/tuple": [0, 14]}, {"py/tuple": [0, 37]}, {"py/tuple": [1.0, 62]}, {"py/tuple": [0, 2]}, {"py/tuple": [0.5714285714285714, 687]}, {"py/tuple": [1.0, 20]}, {"py/tuple": [0.0, 175]}, {"py/tuple": [0, 9]}, {"py/tuple": [0, 2]}, {"py/tuple": [0, 17]}, {"py/tuple": [0, 46]}, {"py/tuple": [0.5833333333333333, 149]}, {"py/tuple": [0, 7]}, {"py/tuple": [0.8333333333333334, 235]}, {"py/tuple": [0, 12]}, {"py/tuple": [0.9022556390977443, 233]}, {"py/tuple": [0.9047619047619048, 235]}, {"py/tuple": [0.7333333333333334, 54]}, {"py/tuple": [0.7592592592592593, 65]}, {"py/tuple": [0.75, 65]}, {"py/tuple": [1.0, 269]}, {"py/tuple": [0.6666666666666667, 44]}, {"py/tuple": [0, 0]}, {"py/tuple": [0.33333333333333337, 41]}, {"py/tuple": [0.75, 66]}, {"py/tuple": [0, 0]}, {"py/tuple": [1.0, 167]}, {"py/tuple": [0.9855072463768116, 889]}, {"py/tuple": [0, 81]}, {"py/tuple": [0.33333333333333337, 31]}, {"py/tuple": [0.9594594594594594, 60]}, {"py/tuple": [0, 48]}, {"py/tuple": [0, 11]}, {"py/tuple": [1.0, 37]}, {"py/tuple": [1.0, 32]}, {"py/tuple": [0, 7]}, {"py/tuple": [0.9375, 102]}, {"py/tuple": [0.9, 106]}, {"py/tuple": [0.16666666666666663, 107]}, {"py/tuple": [0.0, 40]}, {"py/tuple": [1.0, 86]}, {"py/tuple": [0, 56]}, {"py/tuple": [0, 2]}, {"py/tuple": [0.5, 19]}, {"py/tuple": [0, 85]}, {"py/tuple": [0, 0]}, {"py/tuple": [0, 15]}, {"py/tuple": [0, 11]}, {"py/tuple": [0.6666666666666667, 37]}, {"py/tuple": [0, 15]}, {"py/tuple": [0, 16]}, {"py/tuple": [0, 25]}, {"py/tuple": [0, 6]}, {"py/tuple": [0, 40]}, {"py/tuple": [0, 211]}, {"py/tuple": [0, 71]}, {"py/tuple": [0.9473684210526316, 267]}, {"py/tuple": [0.9375, 218]}, {"py/tuple": [0, 71]}, {"py/tuple": [0.9142857142857143, 392]}, {"py/tuple": [0, 15]}, {"py/tuple": [1.0, 51]}, {"py/tuple": [0, 173]}, {"py/tuple": [0.625, 100]}, {"py/tuple": [0.33333333333333337, 23]}, {"py/tuple": [0.75, 50]}, {"py/tuple": [0, 4]}, {"py/tuple": [0.9090909090909091, 110]}, {"py/tuple": [1.0, 159]}, {"py/tuple": [0.6666666666666667, 34]}, {"py/tuple": [0.8, 50]}, {"py/tuple": [0, 2]}, {"py/tuple": [0.9666666666666667, 133]}, {"py/tuple": [0.9615384615384616, 290]}, {"py/tuple": [1.0, 206]}, {"py/tuple": [0, 17]}, {"py/tuple": [0, 34]}, {"py/tuple": [0.6666666666666667, 29]}, {"py/tuple": [0.0, 35]}]}, "CBAMU": {"py/object": "Statistics.InterestingStatistics", "classValues": [{"py/tuple": [0.0, 61]}, {"py/tuple": [0.1875, 37]}, {"py/tuple": [0.0, 7]}, {"py/tuple": [0.0, 21]}, {"py/tuple": [0.0, 40]}, {"py/tuple": [0.0, 6]}, {"py/tuple": [0.16666666666666666, 34]}, {"py/tuple": [0.0, 0]}, {"py/tuple": [0.4, 11]}, {"py/tuple": [0.25, 18]}, {"py/tuple": [0.2777777777777778, 15]}, {"py/tuple": [0.0, 13]}, {"py/tuple": [0.0, 14]}, {"py/tuple": [0.08333333333333333, 109]}, {"py/tuple": [0.0, 7]}, {"py/tuple": [0.25, 20]}, {"py/tuple": [0.0, 60]}, {"py/tuple": [0.0, 104]}, {"py/tuple": [0.25, 11]}, {"py/tuple": [0.0, 8]}, {"py/tuple": [0.0, 38]}, {"py/tuple": [0.0, 370]}, {"py/tuple": [0.25, 65]}, {"py/tuple": [0.0, 11]}, {"py/tuple": [0.125, 43]}, {"py/tuple": [0.0, 82]}, {"py/tuple": [0.25, 21]}, {"py/tuple": [0.1, 54]}, {"py/tuple": [0.05555555555555555, 100]}, {"py/tuple": [0.1, 102]}, {"py/tuple": [0.20833333333333331, 30]}, {"py/tuple": [0.0, 109]}, {"py/tuple": [0.0, 223]}, {"py/tuple": [0.0, 16]}, {"py/tuple": [0.0, 19]}, {"py/tuple": [0.0, 14]}, {"py/tuple": [0.0, 37]}, {"py/tuple": [0.125, 62]}, {"py/tuple": [0.0, 2]}, {"py/tuple": [0.25595238095238093, 687]}, {"py/tuple": [0.0, 20]}, {"py/tuple": [0.5, 175]}, {"py/tuple": [0.0, 9]}, {"py/tuple": [0.0, 2]}, {"py/tuple": [0.0, 17]}, {"py/tuple": [0.0, 46]}, {"py/tuple": [0.20833333333333334, 149]}, {"py/tuple": [0.0, 7]}, {"py/tuple": [0.08333333333333333, 235]}, {"py/tuple": [0.0, 12]}, {"py/tuple": [0.04887218045112782, 233]}, {"py/tuple": [0.09523809523809523, 235]}, {"py/tuple": [0.13333333333333333, 54]}, {"py/tuple": [0.12037037037037036, 65]}, {"py/tuple": [0.125, 65]}, {"py/tuple": [0.0, 269]}, {"py/tuple": [0.16666666666666666, 44]}, {"py/tuple": [0.0, 0]}, {"py/tuple": [0.3333333333333333, 41]}, {"py/tuple": [0.16666666666666666, 66]}, {"py/tuple": [0.0, 0]}, {"py/tuple": [0.0, 167]}, {"py/tuple": [0.008205456095481671, 889]}, {"py/tuple": [0.0, 81]}, {"py/tuple": [0.3333333333333333, 31]}, {"py/tuple": [0.02027027027027027, 60]}, {"py/tuple": [0.0, 48]}, {"py/tuple": [0.0, 11]}, {"py/tuple": [0.0, 37]}, {"py/tuple": [0.0, 32]}, {"py/tuple": [0.0, 7]}, {"py/tuple": [0.03125, 102]}, {"py/tuple": [0.1, 106]}, {"py/tuple": [0.5833333333333334, 107]}, {"py/tuple": [0.5, 40]}, {"py/tuple": [0.08333333333333333, 86]}, {"py/tuple": [0.0, 56]}, {"py/tuple": [0.0, 2]}, {"py/tuple": [0.5, 19]}, {"py/tuple": [0.0, 85]}, {"py/tuple": [0.0, 0]}, {"py/tuple": [0.0, 15]}, {"py/tuple": [0.0, 11]}, {"py/tuple": [0.16666666666666666, 37]}, {"py/tuple": [0.0, 15]}, {"py/tuple": [0.0, 16]}, {"py/tuple": [0.0, 25]}, {"py/tuple": [0.0, 6]}, {"py/tuple": [0.0, 40]}, {"py/tuple": [0.0, 211]}, {"py/tuple": [0.0, 71]}, {"py/tuple": [0.02631578947368421, 267]}, {"py/tuple": [0.03125, 218]}, {"py/tuple": [0.0, 71]}, {"py/tuple": [0.04285714285714286, 392]}, {"py/tuple": [0.0, 15]}, {"py/tuple": [0.0, 51]}, {"py/tuple": [0.0, 173]}, {"py/tuple": [0.1875, 100]}, {"py/tuple": [0.3333333333333333, 23]}, {"py/tuple": [0.125, 50]}, {"py/tuple": [0.0, 4]}, {"py/tuple": [0.045454545454545456, 110]}, {"py/tuple": [0.0, 159]}, {"py/tuple": [0.16666666666666666, 34]}, {"py/tuple": [0.1, 50]}, {"py/tuple": [0.0, 2]}, {"py/tuple": [0.05, 133]}, {"py/tuple": [0.019230769230769232, 290]}, {"py/tuple": [0.017857142857142856, 206]}, {"py/tuple": [0.0, 17]}, {"py/tuple": [0.08333333333333333, 34]}, {"py/tuple": [0.16666666666666666, 29]}, {"py/tuple": [0.5, 35]}]}}