{"id": 15075292, "node_id": "MDEwOlJlcG9zaXRvcnkxNTA3NTI5Mg==", "name": "Fairphone", "full_name": "Kwamecorp/Fairphone", "private": false, "owner": {"login": "Kwamecorp", "id": 6154150, "node_id": "MDEyOk9yZ2FuaXphdGlvbjYxNTQxNTA=", "avatar_url": "https://avatars.githubusercontent.com/u/6154150?v=4", "gravatar_id": "", "url": "https://api.github.com/users/Kwamecorp", "html_url": "https://github.com/Kwamecorp", "followers_url": "https://api.github.com/users/Kwamecorp/followers", "following_url": "https://api.github.com/users/Kwamecorp/following{/other_user}", "gists_url": "https://api.github.com/users/Kwamecorp/gists{/gist_id}", "starred_url": "https://api.github.com/users/Kwamecorp/starred{/owner}{/repo}", "subscriptions_url": "https://api.github.com/users/Kwamecorp/subscriptions", "organizations_url": "https://api.github.com/users/Kwamecorp/orgs", "repos_url": "https://api.github.com/users/Kwamecorp/repos", "events_url": "https://api.github.com/users/Kwamecorp/events{/privacy}", "received_events_url": "https://api.github.com/users/Kwamecorp/received_events", "type": "Organization", "site_admin": false}, "html_url": "https://github.com/Kwamecorp/Fairphone", "description": "Source code for the Fairphone OS. A seriously cool smartphone. Putting social values first.", "fork": false, "url": "https://api.github.com/repos/Kwamecorp/Fairphone", "forks_url": "https://api.github.com/repos/Kwamecorp/Fairphone/forks", "keys_url": "https://api.github.com/repos/Kwamecorp/Fairphone/keys{/key_id}", "collaborators_url": "https://api.github.com/repos/Kwamecorp/Fairphone/collaborators{/collaborator}", "teams_url": "https://api.github.com/repos/Kwamecorp/Fairphone/teams", "hooks_url": "https://api.github.com/repos/Kwamecorp/Fairphone/hooks", "issue_events_url": "https://api.github.com/repos/Kwamecorp/Fairphone/issues/events{/number}", "events_url": "https://api.github.com/repos/Kwamecorp/Fairphone/events", "assignees_url": "https://api.github.com/repos/Kwamecorp/Fairphone/assignees{/user}", "branches_url": "https://api.github.com/repos/Kwamecorp/Fairphone/branches{/branch}", "tags_url": "https://api.github.com/repos/Kwamecorp/Fairphone/tags", "blobs_url": "https://api.github.com/repos/Kwamecorp/Fairphone/git/blobs{/sha}", "git_tags_url": "https://api.github.com/repos/Kwamecorp/Fairphone/git/tags{/sha}", "git_refs_url": "https://api.github.com/repos/Kwamecorp/Fairphone/git/refs{/sha}", "trees_url": "https://api.github.com/repos/Kwamecorp/Fairphone/git/trees{/sha}", "statuses_url": "https://api.github.com/repos/Kwamecorp/Fairphone/statuses/{sha}", "languages_url": "https://api.github.com/repos/Kwamecorp/Fairphone/languages", "stargazers_url": "https://api.github.com/repos/Kwamecorp/Fairphone/stargazers", "contributors_url": "https://api.github.com/repos/Kwamecorp/Fairphone/contributors", "subscribers_url": "https://api.github.com/repos/Kwamecorp/Fairphone/subscribers", "subscription_url": "https://api.github.com/repos/Kwamecorp/Fairphone/subscription", "commits_url": "https://api.github.com/repos/Kwamecorp/Fairphone/commits{/sha}", "git_commits_url": "https://api.github.com/repos/Kwamecorp/Fairphone/git/commits{/sha}", "comments_url": "https://api.github.com/repos/Kwamecorp/Fairphone/comments{/number}", "issue_comment_url": "https://api.github.com/repos/Kwamecorp/Fairphone/issues/comments{/number}", "contents_url": "https://api.github.com/repos/Kwamecorp/Fairphone/contents/{+path}", "compare_url": "https://api.github.com/repos/Kwamecorp/Fairphone/compare/{base}...{head}", "merges_url": "https://api.github.com/repos/Kwamecorp/Fairphone/merges", "archive_url": "https://api.github.com/repos/Kwamecorp/Fairphone/{archive_format}{/ref}", "downloads_url": "https://api.github.com/repos/Kwamecorp/Fairphone/downloads", "issues_url": "https://api.github.com/repos/Kwamecorp/Fairphone/issues{/number}", "pulls_url": "https://api.github.com/repos/Kwamecorp/Fairphone/pulls{/number}", "milestones_url": "https://api.github.com/repos/Kwamecorp/Fairphone/milestones{/number}", "notifications_url": "https://api.github.com/repos/Kwamecorp/Fairphone/notifications{?since,all,participating}", "labels_url": "https://api.github.com/repos/Kwamecorp/Fairphone/labels{/name}", "releases_url": "https://api.github.com/repos/Kwamecorp/Fairphone/releases{/id}", "deployments_url": "https://api.github.com/repos/Kwamecorp/Fairphone/deployments", "created_at": "2013-12-10T11:28:54Z", "updated_at": "2021-04-08T15:39:51Z", "pushed_at": "2018-05-13T22:06:44Z", "git_url": "git://github.com/Kwamecorp/Fairphone.git", "ssh_url": "git@github.com:Kwamecorp/Fairphone.git", "clone_url": "https://github.com/Kwamecorp/Fairphone.git", "svn_url": "https://github.com/Kwamecorp/Fairphone", "homepage": null, "size": 49293, "stargazers_count": 77, "watchers_count": 77, "language": "Java", "has_issues": true, "has_projects": true, "has_downloads": true, "has_wiki": true, "has_pages": false, "forks_count": 13, "mirror_url": null, "archived": false, "disabled": false, "open_issues_count": 17, "license": {"key": "other", "name": "Other", "spdx_id": "NOASSERTION", "url": null, "node_id": "MDc6TGljZW5zZTA="}, "allow_forking": true, "is_template": false, "topics": [], "visibility": "public", "forks": 13, "open_issues": 17, "watchers": 77, "default_branch": "master", "score": 1.0, "__project_size": 74887426, "__java_files_sizes": 1694451, "__java_files_loc": 46707, "contributors_url_calculated": 5, "commits_url_calculated": 52}