{"id": 17252393, "node_id": "MDEwOlJlcG9zaXRvcnkxNzI1MjM5Mw==", "name": "Volley-Singleton", "full_name": "CypressNorth/Volley-Singleton", "private": false, "owner": {"login": "CypressNorth", "id": 6706564, "node_id": "MDEyOk9yZ2FuaXphdGlvbjY3MDY1NjQ=", "avatar_url": "https://avatars.githubusercontent.com/u/6706564?v=4", "gravatar_id": "", "url": "https://api.github.com/users/CypressNorth", "html_url": "https://github.com/CypressNorth", "followers_url": "https://api.github.com/users/CypressNorth/followers", "following_url": "https://api.github.com/users/CypressNorth/following{/other_user}", "gists_url": "https://api.github.com/users/CypressNorth/gists{/gist_id}", "starred_url": "https://api.github.com/users/CypressNorth/starred{/owner}{/repo}", "subscriptions_url": "https://api.github.com/users/CypressNorth/subscriptions", "organizations_url": "https://api.github.com/users/CypressNorth/orgs", "repos_url": "https://api.github.com/users/CypressNorth/repos", "events_url": "https://api.github.com/users/CypressNorth/events{/privacy}", "received_events_url": "https://api.github.com/users/CypressNorth/received_events", "type": "Organization", "site_admin": false}, "html_url": "https://github.com/CypressNorth/Volley-Singleton", "description": "A common RequestQueue object for your Android app using Google Volley in the form of a Singleton.", "fork": false, "url": "https://api.github.com/repos/CypressNorth/Volley-Singleton", "forks_url": "https://api.github.com/repos/CypressNorth/Volley-Singleton/forks", "keys_url": "https://api.github.com/repos/CypressNorth/Volley-Singleton/keys{/key_id}", "collaborators_url": "https://api.github.com/repos/CypressNorth/Volley-Singleton/collaborators{/collaborator}", "teams_url": "https://api.github.com/repos/CypressNorth/Volley-Singleton/teams", "hooks_url": "https://api.github.com/repos/CypressNorth/Volley-Singleton/hooks", "issue_events_url": "https://api.github.com/repos/CypressNorth/Volley-Singleton/issues/events{/number}", "events_url": "https://api.github.com/repos/CypressNorth/Volley-Singleton/events", "assignees_url": "https://api.github.com/repos/CypressNorth/Volley-Singleton/assignees{/user}", "branches_url": "https://api.github.com/repos/CypressNorth/Volley-Singleton/branches{/branch}", "tags_url": "https://api.github.com/repos/CypressNorth/Volley-Singleton/tags", "blobs_url": "https://api.github.com/repos/CypressNorth/Volley-Singleton/git/blobs{/sha}", "git_tags_url": "https://api.github.com/repos/CypressNorth/Volley-Singleton/git/tags{/sha}", "git_refs_url": "https://api.github.com/repos/CypressNorth/Volley-Singleton/git/refs{/sha}", "trees_url": "https://api.github.com/repos/CypressNorth/Volley-Singleton/git/trees{/sha}", "statuses_url": "https://api.github.com/repos/CypressNorth/Volley-Singleton/statuses/{sha}", "languages_url": "https://api.github.com/repos/CypressNorth/Volley-Singleton/languages", "stargazers_url": "https://api.github.com/repos/CypressNorth/Volley-Singleton/stargazers", "contributors_url": "https://api.github.com/repos/CypressNorth/Volley-Singleton/contributors", "subscribers_url": "https://api.github.com/repos/CypressNorth/Volley-Singleton/subscribers", "subscription_url": "https://api.github.com/repos/CypressNorth/Volley-Singleton/subscription", "commits_url": "https://api.github.com/repos/CypressNorth/Volley-Singleton/commits{/sha}", "git_commits_url": "https://api.github.com/repos/CypressNorth/Volley-Singleton/git/commits{/sha}", "comments_url": "https://api.github.com/repos/CypressNorth/Volley-Singleton/comments{/number}", "issue_comment_url": "https://api.github.com/repos/CypressNorth/Volley-Singleton/issues/comments{/number}", "contents_url": "https://api.github.com/repos/CypressNorth/Volley-Singleton/contents/{+path}", "compare_url": "https://api.github.com/repos/CypressNorth/Volley-Singleton/compare/{base}...{head}", "merges_url": "https://api.github.com/repos/CypressNorth/Volley-Singleton/merges", "archive_url": "https://api.github.com/repos/CypressNorth/Volley-Singleton/{archive_format}{/ref}", "downloads_url": "https://api.github.com/repos/CypressNorth/Volley-Singleton/downloads", "issues_url": "https://api.github.com/repos/CypressNorth/Volley-Singleton/issues{/number}", "pulls_url": "https://api.github.com/repos/CypressNorth/Volley-Singleton/pulls{/number}", "milestones_url": "https://api.github.com/repos/CypressNorth/Volley-Singleton/milestones{/number}", "notifications_url": "https://api.github.com/repos/CypressNorth/Volley-Singleton/notifications{?since,all,participating}", "labels_url": "https://api.github.com/repos/CypressNorth/Volley-Singleton/labels{/name}", "releases_url": "https://api.github.com/repos/CypressNorth/Volley-Singleton/releases{/id}", "deployments_url": "https://api.github.com/repos/CypressNorth/Volley-Singleton/deployments", "created_at": "2014-02-27T14:53:55Z", "updated_at": "2021-10-13T14:08:14Z", "pushed_at": "2014-03-04T16:57:34Z", "git_url": "git://github.com/CypressNorth/Volley-Singleton.git", "ssh_url": "git@github.com:CypressNorth/Volley-Singleton.git", "clone_url": "https://github.com/CypressNorth/Volley-Singleton.git", "svn_url": "https://github.com/CypressNorth/Volley-Singleton", "homepage": null, "size": 124, "stargazers_count": 44, "watchers_count": 44, "language": "Java", "has_issues": true, "has_projects": true, "has_downloads": true, "has_wiki": true, "has_pages": false, "forks_count": 31, "mirror_url": null, "archived": false, "disabled": false, "open_issues_count": 0, "license": {"key": "mit", "name": "MIT License", "spdx_id": "MIT", "url": "https://api.github.com/licenses/mit", "node_id": "MDc6TGljZW5zZTEz"}, "allow_forking": true, "is_template": false, "topics": [], "visibility": "public", "forks": 31, "open_issues": 0, "watchers": 44, "default_branch": "master", "score": 1.0, "__project_size": 33121, "__java_files_sizes": 1986, "__java_files_loc": 73, "contributors_url_calculated": 1, "commits_url_calculated": 8}