{"MyApplication": {"className": "MyApplication", "members": {"py/set": ["mInstance", "mAppContext"]}, "methods": {"getAppContext": {"memberReferences": {"py/set": ["mAppContext"]}, "methodName": "getAppContext", "methodReferences": {"py/set": []}, "py/object": "JavaParserVisitor.MethodInfo"}, "getInstance": {"memberReferences": {"py/set": ["mInstance"]}, "methodName": "getInstance", "methodReferences": {"py/set": []}, "py/object": "JavaParserVisitor.MethodInfo"}, "onCreate": {"memberReferences": {"py/set": ["mInstance", "mAppContext"]}, "methodName": "onCreate", "methodReferences": {"py/set": ["setAppContext"]}, "py/object": "JavaParserVisitor.MethodInfo"}, "setAppContext": {"memberReferences": {"py/set": ["mAppContext"]}, "methodName": "setAppContext", "methodReferences": {"py/set": []}, "py/object": "JavaParserVisitor.MethodInfo"}}, "possibleFather": "Application", "py/object": "JavaParserVisitor.ClassInfo", "span": 19}, "VolleySingleton": {"className": "VolleySingleton", "members": {"py/set": ["mInstance", "mRequestQueue", "mImageLoader"]}, "methods": {"VolleySingleton": {"memberReferences": {"py/set": ["mRequestQueue", "mImageLoader"]}, "methodName": "VolleySingleton", "methodReferences": {"py/set": []}, "py/object": "JavaParserVisitor.MethodInfo"}, "getBitmap": {"memberReferences": {"py/set": []}, "methodName": "getBitmap", "methodReferences": {"py/set": []}, "py/object": "JavaParserVisitor.MethodInfo"}, "getImageLoader": {"memberReferences": {"py/set": ["mImageLoader"]}, "methodName": "getImageLoader", "methodReferences": {"py/set": []}, "py/object": "JavaParserVisitor.MethodInfo"}, "getInstance": {"memberReferences": {"py/set": ["mInstance"]}, "methodName": "getInstance", "methodReferences": {"py/set": []}, "py/object": "JavaParserVisitor.MethodInfo"}, "getRequestQueue": {"memberReferences": {"py/set": ["mRequestQueue"]}, "methodName": "getRequestQueue", "methodReferences": {"py/set": []}, "py/object": "JavaParserVisitor.MethodInfo"}, "putBitmap": {"memberReferences": {"py/set": []}, "methodName": "putBitmap", "methodReferences": {"py/set": []}, "py/object": "JavaParserVisitor.MethodInfo"}}, "possibleFather": "", "py/object": "JavaParserVisitor.ClassInfo", "span": 30}}