{"SCOM": {"py/object": "Statistics.InterestingStatistics", "classValues": [{"py/tuple": [0.5833333333333334, 19]}, {"py/tuple": [0.08888888888888888, 30]}]}, "LSCC": {"py/object": "Statistics.InterestingStatistics", "classValues": [{"py/tuple": [0.3333333333333333, 19]}, {"py/tuple": [0.044444444444444446, 30]}]}, "CC": {"py/object": "Statistics.InterestingStatistics", "classValues": [{"py/tuple": [0.4166666666666667, 19]}, {"py/tuple": [0.06666666666666667, 30]}]}, "LCOM5": {"py/object": "Statistics.InterestingStatistics", "classValues": [{"py/tuple": [0.375, 19]}, {"py/tuple": [0.7222222222222222, 30]}]}, "CBAMU": {"py/object": "Statistics.InterestingStatistics", "classValues": [{"py/tuple": [0.3541666666666667, 19]}, {"py/tuple": [0.1388888888888889, 30]}]}}