{"id": 168846572, "node_id": "MDEwOlJlcG9zaXRvcnkxNjg4NDY1NzI=", "name": "ParticleAutomata", "full_name": "ArtemOnigiri/ParticleAutomata", "private": false, "owner": {"login": "ArtemOnigiri", "id": 4548010, "node_id": "MDQ6VXNlcjQ1NDgwMTA=", "avatar_url": "https://avatars.githubusercontent.com/u/4548010?v=4", "gravatar_id": "", "url": "https://api.github.com/users/ArtemOnigiri", "html_url": "https://github.com/ArtemOnigiri", "followers_url": "https://api.github.com/users/ArtemOnigiri/followers", "following_url": "https://api.github.com/users/ArtemOnigiri/following{/other_user}", "gists_url": "https://api.github.com/users/ArtemOnigiri/gists{/gist_id}", "starred_url": "https://api.github.com/users/ArtemOnigiri/starred{/owner}{/repo}", "subscriptions_url": "https://api.github.com/users/ArtemOnigiri/subscriptions", "organizations_url": "https://api.github.com/users/ArtemOnigiri/orgs", "repos_url": "https://api.github.com/users/ArtemOnigiri/repos", "events_url": "https://api.github.com/users/ArtemOnigiri/events{/privacy}", "received_events_url": "https://api.github.com/users/ArtemOnigiri/received_events", "type": "User", "site_admin": false}, "html_url": "https://github.com/ArtemOnigiri/ParticleAutomata", "description": null, "fork": false, "url": "https://api.github.com/repos/ArtemOnigiri/ParticleAutomata", "forks_url": "https://api.github.com/repos/ArtemOnigiri/ParticleAutomata/forks", "keys_url": "https://api.github.com/repos/ArtemOnigiri/ParticleAutomata/keys{/key_id}", "collaborators_url": "https://api.github.com/repos/ArtemOnigiri/ParticleAutomata/collaborators{/collaborator}", "teams_url": "https://api.github.com/repos/ArtemOnigiri/ParticleAutomata/teams", "hooks_url": "https://api.github.com/repos/ArtemOnigiri/ParticleAutomata/hooks", "issue_events_url": "https://api.github.com/repos/ArtemOnigiri/ParticleAutomata/issues/events{/number}", "events_url": "https://api.github.com/repos/ArtemOnigiri/ParticleAutomata/events", "assignees_url": "https://api.github.com/repos/ArtemOnigiri/ParticleAutomata/assignees{/user}", "branches_url": "https://api.github.com/repos/ArtemOnigiri/ParticleAutomata/branches{/branch}", "tags_url": "https://api.github.com/repos/ArtemOnigiri/ParticleAutomata/tags", "blobs_url": "https://api.github.com/repos/ArtemOnigiri/ParticleAutomata/git/blobs{/sha}", "git_tags_url": "https://api.github.com/repos/ArtemOnigiri/ParticleAutomata/git/tags{/sha}", "git_refs_url": "https://api.github.com/repos/ArtemOnigiri/ParticleAutomata/git/refs{/sha}", "trees_url": "https://api.github.com/repos/ArtemOnigiri/ParticleAutomata/git/trees{/sha}", "statuses_url": "https://api.github.com/repos/ArtemOnigiri/ParticleAutomata/statuses/{sha}", "languages_url": "https://api.github.com/repos/ArtemOnigiri/ParticleAutomata/languages", "stargazers_url": "https://api.github.com/repos/ArtemOnigiri/ParticleAutomata/stargazers", "contributors_url": "https://api.github.com/repos/ArtemOnigiri/ParticleAutomata/contributors", "subscribers_url": "https://api.github.com/repos/ArtemOnigiri/ParticleAutomata/subscribers", "subscription_url": "https://api.github.com/repos/ArtemOnigiri/ParticleAutomata/subscription", "commits_url": "https://api.github.com/repos/ArtemOnigiri/ParticleAutomata/commits{/sha}", "git_commits_url": "https://api.github.com/repos/ArtemOnigiri/ParticleAutomata/git/commits{/sha}", "comments_url": "https://api.github.com/repos/ArtemOnigiri/ParticleAutomata/comments{/number}", "issue_comment_url": "https://api.github.com/repos/ArtemOnigiri/ParticleAutomata/issues/comments{/number}", "contents_url": "https://api.github.com/repos/ArtemOnigiri/ParticleAutomata/contents/{+path}", "compare_url": "https://api.github.com/repos/ArtemOnigiri/ParticleAutomata/compare/{base}...{head}", "merges_url": "https://api.github.com/repos/ArtemOnigiri/ParticleAutomata/merges", "archive_url": "https://api.github.com/repos/ArtemOnigiri/ParticleAutomata/{archive_format}{/ref}", "downloads_url": "https://api.github.com/repos/ArtemOnigiri/ParticleAutomata/downloads", "issues_url": "https://api.github.com/repos/ArtemOnigiri/ParticleAutomata/issues{/number}", "pulls_url": "https://api.github.com/repos/ArtemOnigiri/ParticleAutomata/pulls{/number}", "milestones_url": "https://api.github.com/repos/ArtemOnigiri/ParticleAutomata/milestones{/number}", "notifications_url": "https://api.github.com/repos/ArtemOnigiri/ParticleAutomata/notifications{?since,all,participating}", "labels_url": "https://api.github.com/repos/ArtemOnigiri/ParticleAutomata/labels{/name}", "releases_url": "https://api.github.com/repos/ArtemOnigiri/ParticleAutomata/releases{/id}", "deployments_url": "https://api.github.com/repos/ArtemOnigiri/ParticleAutomata/deployments", "created_at": "2019-02-02T15:37:03Z", "updated_at": "2022-02-11T18:51:06Z", "pushed_at": "2019-03-03T18:15:20Z", "git_url": "git://github.com/ArtemOnigiri/ParticleAutomata.git", "ssh_url": "git@github.com:ArtemOnigiri/ParticleAutomata.git", "clone_url": "https://github.com/ArtemOnigiri/ParticleAutomata.git", "svn_url": "https://github.com/ArtemOnigiri/ParticleAutomata", "homepage": null, "size": 27, "stargazers_count": 90, "watchers_count": 90, "language": "Java", "has_issues": true, "has_projects": true, "has_downloads": true, "has_wiki": true, "has_pages": false, "forks_count": 17, "mirror_url": null, "archived": false, "disabled": false, "open_issues_count": 2, "license": {"key": "mit", "name": "MIT License", "spdx_id": "MIT", "url": "https://api.github.com/licenses/mit", "node_id": "MDc6TGljZW5zZTEz"}, "allow_forking": true, "is_template": false, "topics": [], "visibility": "public", "forks": 17, "open_issues": 2, "watchers": 90, "default_branch": "master", "score": 1.0, "__project_size": 65708, "__java_files_sizes": 13289, "__java_files_loc": 396, "contributors_url_calculated": 1, "commits_url_calculated": 16}