{"SCOM": {"py/object": "Statistics.InterestingStatistics", "classValues": [{"py/tuple": [1, 5]}, {"py/tuple": [0.3724867724867724, 296]}, {"py/tuple": [1, 7]}, {"py/tuple": [1, 4]}, {"py/tuple": [0.7142857142857143, 25]}]}, "LSCC": {"py/object": "Statistics.InterestingStatistics", "classValues": [{"py/tuple": [1, 5]}, {"py/tuple": [0.14058956916099774, 296]}, {"py/tuple": [1, 7]}, {"py/tuple": [1, 4]}, {"py/tuple": [0.14285714285714285, 25]}]}, "CC": {"py/object": "Statistics.InterestingStatistics", "classValues": [{"py/tuple": [1, 5]}, {"py/tuple": [0.19189012393899615, 296]}, {"py/tuple": [1, 7]}, {"py/tuple": [1, 4]}, {"py/tuple": [0.42857142857142855, 25]}]}, "LCOM5": {"py/object": "Statistics.InterestingStatistics", "classValues": [{"py/tuple": [0.0, 5]}, {"py/tuple": [0.6326530612244898, 296]}, {"py/tuple": [0.0, 7]}, {"py/tuple": [0, 4]}, {"py/tuple": [0.5714285714285714, 25]}]}, "CBAMU": {"py/object": "Statistics.InterestingStatistics", "classValues": [{"py/tuple": [0.5, 5]}, {"py/tuple": [0.26700680272108845, 296]}, {"py/tuple": [0.5, 7]}, {"py/tuple": [0.0, 4]}, {"py/tuple": [0.21428571428571427, 25]}]}}