{"SCOM": {"py/object": "Statistics.InterestingStatistics", "classValues": [{"py/tuple": [0.0, 193]}, {"py/tuple": [0.04625850340136055, 157]}, {"py/tuple": [0.0, 59]}, {"py/tuple": [0.06666666666666667, 37]}, {"py/tuple": [0.15, 29]}, {"py/tuple": [0.018621056362991842, 599]}, {"py/tuple": [0.0, 30]}, {"py/tuple": [0.06666666666666667, 35]}, {"py/tuple": [0.0, 87]}, {"py/tuple": [0.03571428571428571, 135]}, {"py/tuple": [0.07878700033978273, 1540]}]}, "LSCC": {"py/object": "Statistics.InterestingStatistics", "classValues": [{"py/tuple": [0, 193]}, {"py/tuple": [0.01904761904761905, 157]}, {"py/tuple": [0, 59]}, {"py/tuple": [0.06666666666666667, 37]}, {"py/tuple": [0.15, 29]}, {"py/tuple": [0.00684863523573201, 599]}, {"py/tuple": [0.0, 30]}, {"py/tuple": [0.06666666666666667, 35]}, {"py/tuple": [0, 87]}, {"py/tuple": [0.03571428571428571, 135]}, {"py/tuple": [0.020049099836333878, 1540]}]}, "CC": {"py/object": "Statistics.InterestingStatistics", "classValues": [{"py/tuple": [1, 193]}, {"py/tuple": [0.04857142857142857, 157]}, {"py/tuple": [1, 59]}, {"py/tuple": [0.06666666666666667, 37]}, {"py/tuple": [0.3, 29]}, {"py/tuple": [0.040947146870223786, 599]}, {"py/tuple": [0.0, 30]}, {"py/tuple": [0.06666666666666667, 35]}, {"py/tuple": [1, 87]}, {"py/tuple": [0.03571428571428571, 135]}, {"py/tuple": [0.068945731412157, 1540]}]}, "LCOM5": {"py/object": "Statistics.InterestingStatistics", "classValues": [{"py/tuple": [0, 193]}, {"py/tuple": [0.8571428571428572, 157]}, {"py/tuple": [0, 59]}, {"py/tuple": [0.6666666666666667, 37]}, {"py/tuple": [0.6, 29]}, {"py/tuple": [0.9267990074441688, 599]}, {"py/tuple": [0.8, 30]}, {"py/tuple": [0.6666666666666667, 35]}, {"py/tuple": [0, 87]}, {"py/tuple": [0.75, 135]}, {"py/tuple": [0.8776709401709402, 1540]}]}, "CBAMU": {"py/object": "Statistics.InterestingStatistics", "classValues": [{"py/tuple": [0.0, 193]}, {"py/tuple": [0.09047619047619047, 157]}, {"py/tuple": [0.0, 59]}, {"py/tuple": [0.19999999999999998, 37]}, {"py/tuple": [0.2, 29]}, {"py/tuple": [0.04275434243176179, 599]}, {"py/tuple": [0.1, 30]}, {"py/tuple": [0.19999999999999998, 35]}, {"py/tuple": [0.05, 87]}, {"py/tuple": [0.125, 135]}, {"py/tuple": [0.07778687034006182, 1540]}]}}