{"id": 127802799, "node_id": "MDEwOlJlcG9zaXRvcnkxMjc4MDI3OTk=", "name": "kdgaugeView", "full_name": "Sorbh/kdgaugeView", "private": false, "owner": {"login": "Sorbh", "id": 8159377, "node_id": "MDQ6VXNlcjgxNTkzNzc=", "avatar_url": "https://avatars.githubusercontent.com/u/8159377?v=4", "gravatar_id": "", "url": "https://api.github.com/users/Sorbh", "html_url": "https://github.com/Sorbh", "followers_url": "https://api.github.com/users/Sorbh/followers", "following_url": "https://api.github.com/users/Sorbh/following{/other_user}", "gists_url": "https://api.github.com/users/Sorbh/gists{/gist_id}", "starred_url": "https://api.github.com/users/Sorbh/starred{/owner}{/repo}", "subscriptions_url": "https://api.github.com/users/Sorbh/subscriptions", "organizations_url": "https://api.github.com/users/Sorbh/orgs", "repos_url": "https://api.github.com/users/Sorbh/repos", "events_url": "https://api.github.com/users/Sorbh/events{/privacy}", "received_events_url": "https://api.github.com/users/Sorbh/received_events", "type": "User", "site_admin": false}, "html_url": "https://github.com/Sorbh/kdgaugeView", "description": "KdGaugeView is a simple and customizable Gauge / Speedometer control for Android. ", "fork": false, "url": "https://api.github.com/repos/Sorbh/kdgaugeView", "forks_url": "https://api.github.com/repos/Sorbh/kdgaugeView/forks", "keys_url": "https://api.github.com/repos/Sorbh/kdgaugeView/keys{/key_id}", "collaborators_url": "https://api.github.com/repos/Sorbh/kdgaugeView/collaborators{/collaborator}", "teams_url": "https://api.github.com/repos/Sorbh/kdgaugeView/teams", "hooks_url": "https://api.github.com/repos/Sorbh/kdgaugeView/hooks", "issue_events_url": "https://api.github.com/repos/Sorbh/kdgaugeView/issues/events{/number}", "events_url": "https://api.github.com/repos/Sorbh/kdgaugeView/events", "assignees_url": "https://api.github.com/repos/Sorbh/kdgaugeView/assignees{/user}", "branches_url": "https://api.github.com/repos/Sorbh/kdgaugeView/branches{/branch}", "tags_url": "https://api.github.com/repos/Sorbh/kdgaugeView/tags", "blobs_url": "https://api.github.com/repos/Sorbh/kdgaugeView/git/blobs{/sha}", "git_tags_url": "https://api.github.com/repos/Sorbh/kdgaugeView/git/tags{/sha}", "git_refs_url": "https://api.github.com/repos/Sorbh/kdgaugeView/git/refs{/sha}", "trees_url": "https://api.github.com/repos/Sorbh/kdgaugeView/git/trees{/sha}", "statuses_url": "https://api.github.com/repos/Sorbh/kdgaugeView/statuses/{sha}", "languages_url": "https://api.github.com/repos/Sorbh/kdgaugeView/languages", "stargazers_url": "https://api.github.com/repos/Sorbh/kdgaugeView/stargazers", "contributors_url": "https://api.github.com/repos/Sorbh/kdgaugeView/contributors", "subscribers_url": "https://api.github.com/repos/Sorbh/kdgaugeView/subscribers", "subscription_url": "https://api.github.com/repos/Sorbh/kdgaugeView/subscription", "commits_url": "https://api.github.com/repos/Sorbh/kdgaugeView/commits{/sha}", "git_commits_url": "https://api.github.com/repos/Sorbh/kdgaugeView/git/commits{/sha}", "comments_url": "https://api.github.com/repos/Sorbh/kdgaugeView/comments{/number}", "issue_comment_url": "https://api.github.com/repos/Sorbh/kdgaugeView/issues/comments{/number}", "contents_url": "https://api.github.com/repos/Sorbh/kdgaugeView/contents/{+path}", "compare_url": "https://api.github.com/repos/Sorbh/kdgaugeView/compare/{base}...{head}", "merges_url": "https://api.github.com/repos/Sorbh/kdgaugeView/merges", "archive_url": "https://api.github.com/repos/Sorbh/kdgaugeView/{archive_format}{/ref}", "downloads_url": "https://api.github.com/repos/Sorbh/kdgaugeView/downloads", "issues_url": "https://api.github.com/repos/Sorbh/kdgaugeView/issues{/number}", "pulls_url": "https://api.github.com/repos/Sorbh/kdgaugeView/pulls{/number}", "milestones_url": "https://api.github.com/repos/Sorbh/kdgaugeView/milestones{/number}", "notifications_url": "https://api.github.com/repos/Sorbh/kdgaugeView/notifications{?since,all,participating}", "labels_url": "https://api.github.com/repos/Sorbh/kdgaugeView/labels{/name}", "releases_url": "https://api.github.com/repos/Sorbh/kdgaugeView/releases{/id}", "deployments_url": "https://api.github.com/repos/Sorbh/kdgaugeView/deployments", "created_at": "2018-04-02T19:30:51Z", "updated_at": "2022-02-06T10:53:23Z", "pushed_at": "2020-05-25T09:13:55Z", "git_url": "git://github.com/Sorbh/kdgaugeView.git", "ssh_url": "git@github.com:Sorbh/kdgaugeView.git", "clone_url": "https://github.com/Sorbh/kdgaugeView.git", "svn_url": "https://github.com/Sorbh/kdgaugeView", "homepage": "", "size": 1738, "stargazers_count": 60, "watchers_count": 60, "language": "Java", "has_issues": true, "has_projects": true, "has_downloads": true, "has_wiki": true, "has_pages": false, "forks_count": 35, "mirror_url": null, "archived": false, "disabled": false, "open_issues_count": 4, "license": null, "allow_forking": true, "is_template": false, "topics": ["android", "custom-view", "gauageview", "gauge-java", "gauges", "speed-dial", "speedometer"], "visibility": "public", "forks": 35, "open_issues": 4, "watchers": 60, "default_branch": "master", "score": 1.0, "__project_size": 2468186, "__java_files_sizes": 21715, "__java_files_loc": 559, "contributors_url_calculated": 2, "commits_url_calculated": 16}