{"KdGaugeView": {"className": "KdGaugeView", "members": {"py/set": ["mSpeedUnitTextSize", "mBigDotCirclePaint", "mSpeedLimitTextSize", "progressBarRect", "mCurrentSpeed", "mColors", "speedDialRingInnerPadding", "mMaxSpeed", "mSafeSpeedLimit", "mAnimationTime", "mDotedCircleRadius", "dialSpeedAlertColor", "mProgressBarCircleRadius", "mCircleCenterY", "unitOfMeasurement", "mSpeed", "valueAnimator", "speedDialRingWidth", "mSpeedTextPaint", "speedTextColor", "mAlertDotCirclePaint", "mSpeedUnitPaint", "mCircleCenterX", "mSmallDotCirclePaint", "speedLimitTexteColor", "mMinSpeed", "subDivisionCircleColor", "speedUnitTextColor", "mRadius", "dialActiveColor", "mChangeValues", "divisionCircleColor", "dialInactiveColor", "mProgressBarPaint", "mSpeedTextSize", "mPerDegreeSpeed", "dialSpeedColor", "mSpeedLimitTextPaint"]}, "methods": {"KdGaugeView": {"memberReferences": {"py/set": ["mSpeedUnitTextSize", "mSpeedTextPaint", "speedTextColor", "mBigDotCirclePaint", "mSpeedLimitTextSize", "mAlertDotCirclePaint", "mSpeedUnitPaint", "speedLimitTexteColor", "mSmallDotCirclePaint", "mMinSpeed", "subDivisionCircleColor", "speedUnitTextColor", "speedDialRingInnerPadding", "mMaxSpeed", "mSafeSpeedLimit", "dialActiveColor", "divisionCircleColor", "dialInactiveColor", "mAnimationTime", "dialSpeedAlertColor", "mSpeedTextSize", "mProgressBarPaint", "unitOfMeasurement", "mPerDegreeSpeed", "dialSpeedColor", "mSpeed", "mSpeedLimitTextPaint", "speedDialRingWidth"]}, "methodName": "KdGaugeView", "methodReferences": {"py/set": ["init"]}, "py/object": "JavaParserVisitor.MethodInfo"}, "drawSpeedometer": {"memberReferences": {"py/set": ["mCurrentSpeed", "mColors", "mSafeSpeedLimit", "mMaxSpeed", "mDotedCircleRadius", "mCircleCenterY", "unitOfMeasurement", "mSpeedTextPaint", "mAlertDotCirclePaint", "mSpeedUnitPaint", "mCircleCenterX", "mChangeValues", "mPerDegreeSpeed", "mSpeedLimitTextPaint"]}, "methodName": "drawSpeedometer", "methodReferences": {"py/set": ["initMultiColor"]}, "py/object": "JavaParserVisitor.MethodInfo"}, "getChangeValues": {"memberReferences": {"py/set": ["mChangeValues"]}, "methodName": "getChangeValues", "methodReferences": {"py/set": []}, "py/object": "JavaParserVisitor.MethodInfo"}, "getColors": {"memberReferences": {"py/set": ["mColors"]}, "methodName": "getColors", "methodReferences": {"py/set": []}, "py/object": "JavaParserVisitor.MethodInfo"}, "getDisplayMetrics": {"memberReferences": {"py/set": []}, "methodName": "getDisplayMetrics", "methodReferences": {"py/set": ["getDisplayMetrics"]}, "py/object": "JavaParserVisitor.MethodInfo"}, "init": {"memberReferences": {"py/set": ["mSpeedUnitTextSize", "mBigDotCirclePaint", "mSpeedLimitTextSize", "speedDialRingInnerPadding", "mMaxSpeed", "mSafeSpeedLimit", "mAnimationTime", "dialSpeedAlertColor", "unitOfMeasurement", "mSpeed", "speedDialRingWidth", "mSpeedTextPaint", "speedTextColor", "mAlertDotCirclePaint", "mSpeedUnitPaint", "speedLimitTexteColor", "mSmallDotCirclePaint", "mMinSpeed", "subDivisionCircleColor", "speedUnitTextColor", "dialActiveColor", "divisionCircleColor", "dialInactiveColor", "mSpeedTextSize", "mProgressBarPaint", "mPerDegreeSpeed", "dialSpeedColor", "mSpeedLimitTextPaint"]}, "methodName": "init", "methodReferences": {"py/set": ["getDisplayMetrics"]}, "py/object": "JavaParserVisitor.MethodInfo"}, "initMultiColor": {"memberReferences": {"py/set": ["mMaxSpeed", "mAlertDotCirclePaint", "mDotedCircleRadius", "mCircleCenterY", "mCurrentSpeed", "mPerDegreeSpeed", "mCircleCenterX"]}, "methodName": "initMultiColor", "methodReferences": {"py/set": []}, "py/object": "JavaParserVisitor.MethodInfo"}, "measureHandler": {"memberReferences": {"py/set": []}, "methodName": "measureHandler", "methodReferences": {"py/set": []}, "py/object": "JavaParserVisitor.MethodInfo"}, "onAnimationUpdate": {"memberReferences": {"py/set": ["mCurrentSpeed"]}, "methodName": "onAnimationUpdate", "methodReferences": {"py/set": []}, "py/object": "JavaParserVisitor.MethodInfo"}, "onAttachedToWindow": {"memberReferences": {"py/set": []}, "methodName": "onAttachedToWindow", "methodReferences": {"py/set": []}, "py/object": "JavaParserVisitor.MethodInfo"}, "onDetachedFromWindow": {"memberReferences": {"py/set": []}, "methodName": "onDetachedFromWindow", "methodReferences": {"py/set": []}, "py/object": "JavaParserVisitor.MethodInfo"}, "onDraw": {"memberReferences": {"py/set": ["mMaxSpeed", "mSafeSpeedLimit", "mChangeValues", "mSpeedTextPaint", "mAlertDotCirclePaint", "mSpeedUnitPaint", "mDotedCircleRadius", "mCircleCenterY", "mCurrentSpeed", "unitOfMeasurement", "mPerDegreeSpeed", "mCircleCenterX", "mColors", "mSpeedLimitTextPaint"]}, "methodName": "onDraw", "methodReferences": {"py/set": ["drawSpeedometer"]}, "py/object": "JavaParserVisitor.MethodInfo"}, "onMeasure": {"memberReferences": {"py/set": ["speedDialRingInnerPadding", "mDotedCircleRadius", "mProgressBarCircleRadius", "mCircleCenterY", "mCircleCenterX", "mRadius", "speedDialRingWidth"]}, "methodName": "onMeasure", "methodReferences": {"py/set": ["getDisplayMetrics", "measureHandler"]}, "py/object": "JavaParserVisitor.MethodInfo"}, "onWindowFocusChanged": {"memberReferences": {"py/set": ["valueAnimator", "mSpeed"]}, "methodName": "onWindowFocusChanged", "methodReferences": {"py/set": ["startProgressAnimation"]}, "py/object": "JavaParserVisitor.MethodInfo"}, "setChangeValues": {"memberReferences": {"py/set": ["mChangeValues"]}, "methodName": "setChangeValues", "methodReferences": {"py/set": []}, "py/object": "JavaParserVisitor.MethodInfo"}, "setColors": {"memberReferences": {"py/set": ["mColors"]}, "methodName": "setColors", "methodReferences": {"py/set": []}, "py/object": "JavaParserVisitor.MethodInfo"}, "setDialActiveColor": {"memberReferences": {"py/set": ["dialActiveColor"]}, "methodName": "setDialActiveColor", "methodReferences": {"py/set": []}, "py/object": "JavaParserVisitor.MethodInfo"}, "setDialInactiveColor": {"memberReferences": {"py/set": ["dialInactiveColor"]}, "methodName": "setDialInactiveColor", "methodReferences": {"py/set": []}, "py/object": "JavaParserVisitor.MethodInfo"}, "setDialSpeedAlertColor": {"memberReferences": {"py/set": ["dialSpeedAlertColor"]}, "methodName": "setDialSpeedAlertColor", "methodReferences": {"py/set": []}, "py/object": "JavaParserVisitor.MethodInfo"}, "setDialSpeedColor": {"memberReferences": {"py/set": ["dialSpeedColor"]}, "methodName": "setDialSpeedColor", "methodReferences": {"py/set": []}, "py/object": "JavaParserVisitor.MethodInfo"}, "setDivisionCircleColor": {"memberReferences": {"py/set": ["divisionCircleColor"]}, "methodName": "setDivisionCircleColor", "methodReferences": {"py/set": []}, "py/object": "JavaParserVisitor.MethodInfo"}, "setSpeed": {"memberReferences": {"py/set": ["mMaxSpeed", "mSpeed", "mMinSpeed", "valueAnimator"]}, "methodName": "setSpeed", "methodReferences": {"py/set": ["startProgressAnimation"]}, "py/object": "JavaParserVisitor.MethodInfo"}, "setSpeedDialRingInnerPadding": {"memberReferences": {"py/set": ["speedDialRingInnerPadding"]}, "methodName": "setSpeedDialRingInnerPadding", "methodReferences": {"py/set": []}, "py/object": "JavaParserVisitor.MethodInfo"}, "setSpeedDialRingWidth": {"memberReferences": {"py/set": ["speedDialRingWidth"]}, "methodName": "setSpeedDialRingWidth", "methodReferences": {"py/set": []}, "py/object": "JavaParserVisitor.MethodInfo"}, "setSpeedLimitTexteColor": {"memberReferences": {"py/set": ["speedLimitTexteColor"]}, "methodName": "setSpeedLimitTexteColor", "methodReferences": {"py/set": []}, "py/object": "JavaParserVisitor.MethodInfo"}, "setSpeedTextColor": {"memberReferences": {"py/set": ["speedTextColor"]}, "methodName": "setSpeedTextColor", "methodReferences": {"py/set": []}, "py/object": "JavaParserVisitor.MethodInfo"}, "setSpeedUnitTextColor": {"memberReferences": {"py/set": ["speedUnitTextColor"]}, "methodName": "setSpeedUnitTextColor", "methodReferences": {"py/set": []}, "py/object": "JavaParserVisitor.MethodInfo"}, "setSubDivisionCircleColor": {"memberReferences": {"py/set": ["subDivisionCircleColor"]}, "methodName": "setSubDivisionCircleColor", "methodReferences": {"py/set": []}, "py/object": "JavaParserVisitor.MethodInfo"}, "setUnitOfMeasurement": {"memberReferences": {"py/set": ["unitOfMeasurement"]}, "methodName": "setUnitOfMeasurement", "methodReferences": {"py/set": []}, "py/object": "JavaParserVisitor.MethodInfo"}, "setmMaxSpeed": {"memberReferences": {"py/set": ["mMaxSpeed", "mPerDegreeSpeed", "mMinSpeed"]}, "methodName": "setmMaxSpeed", "methodReferences": {"py/set": []}, "py/object": "JavaParserVisitor.MethodInfo"}, "setmMinSpeed": {"memberReferences": {"py/set": ["mMaxSpeed", "mPerDegreeSpeed", "mMinSpeed"]}, "methodName": "setmMinSpeed", "methodReferences": {"py/set": []}, "py/object": "JavaParserVisitor.MethodInfo"}, "startProgressAnimation": {"memberReferences": {"py/set": ["valueAnimator"]}, "methodName": "startProgressAnimation", "methodReferences": {"py/set": []}, "py/object": "JavaParserVisitor.MethodInfo"}}, "possibleFather": "View", "py/object": "JavaParserVisitor.ClassInfo", "span": 498}, "MainActivity": {"className": "MainActivity", "members": {"py/set": ["speedoMeterView", "button", "editText"]}, "methods": {"onClick": {"memberReferences": {"py/set": []}, "methodName": "onClick", "methodReferences": {"py/set": []}, "py/object": "JavaParserVisitor.MethodInfo"}, "onCreate": {"memberReferences": {"py/set": ["speedoMeterView", "button", "editText"]}, "methodName": "onCreate", "methodReferences": {"py/set": []}, "py/object": "JavaParserVisitor.MethodInfo"}}, "possibleFather": "AppCompatActivity", "py/object": "JavaParserVisitor.ClassInfo", "span": 17}}