{"SCOM": {"py/object": "Statistics.InterestingStatistics", "classValues": [{"py/tuple": [0.07125298124343118, 498]}, {"py/tuple": [0.0, 17]}]}, "LSCC": {"py/object": "Statistics.InterestingStatistics", "classValues": [{"py/tuple": [0.010292869269949066, 498]}, {"py/tuple": [0.0, 17]}]}, "CC": {"py/object": "Statistics.InterestingStatistics", "classValues": [{"py/tuple": [0.028234314980669185, 498]}, {"py/tuple": [0.0, 17]}]}, "LCOM5": {"py/object": "Statistics.InterestingStatistics", "classValues": [{"py/tuple": [0.8947368421052632, 498]}, {"py/tuple": [0.5, 17]}]}, "CBAMU": {"py/object": "Statistics.InterestingStatistics", "classValues": [{"py/tuple": [0.05767190152801358, 498]}, {"py/tuple": [0.25, 17]}]}}