{"id": 113698830, "node_id": "MDEwOlJlcG9zaXRvcnkxMTM2OTg4MzA=", "name": "MultipartProgressDemo", "full_name": "PaulinaSadowska/MultipartProgressDemo", "private": false, "owner": {"login": "PaulinaSadowska", "id": 9167804, "node_id": "MDQ6VXNlcjkxNjc4MDQ=", "avatar_url": "https://avatars.githubusercontent.com/u/9167804?v=4", "gravatar_id": "", "url": "https://api.github.com/users/PaulinaSadowska", "html_url": "https://github.com/PaulinaSadowska", "followers_url": "https://api.github.com/users/PaulinaSadowska/followers", "following_url": "https://api.github.com/users/PaulinaSadowska/following{/other_user}", "gists_url": "https://api.github.com/users/PaulinaSadowska/gists{/gist_id}", "starred_url": "https://api.github.com/users/PaulinaSadowska/starred{/owner}{/repo}", "subscriptions_url": "https://api.github.com/users/PaulinaSadowska/subscriptions", "organizations_url": "https://api.github.com/users/PaulinaSadowska/orgs", "repos_url": "https://api.github.com/users/PaulinaSadowska/repos", "events_url": "https://api.github.com/users/PaulinaSadowska/events{/privacy}", "received_events_url": "https://api.github.com/users/PaulinaSadowska/received_events", "type": "User", "site_admin": false}, "html_url": "https://github.com/PaulinaSadowska/MultipartProgressDemo", "description": null, "fork": false, "url": "https://api.github.com/repos/PaulinaSadowska/MultipartProgressDemo", "forks_url": "https://api.github.com/repos/PaulinaSadowska/MultipartProgressDemo/forks", "keys_url": "https://api.github.com/repos/PaulinaSadowska/MultipartProgressDemo/keys{/key_id}", "collaborators_url": "https://api.github.com/repos/PaulinaSadowska/MultipartProgressDemo/collaborators{/collaborator}", "teams_url": "https://api.github.com/repos/PaulinaSadowska/MultipartProgressDemo/teams", "hooks_url": "https://api.github.com/repos/PaulinaSadowska/MultipartProgressDemo/hooks", "issue_events_url": "https://api.github.com/repos/PaulinaSadowska/MultipartProgressDemo/issues/events{/number}", "events_url": "https://api.github.com/repos/PaulinaSadowska/MultipartProgressDemo/events", "assignees_url": "https://api.github.com/repos/PaulinaSadowska/MultipartProgressDemo/assignees{/user}", "branches_url": "https://api.github.com/repos/PaulinaSadowska/MultipartProgressDemo/branches{/branch}", "tags_url": "https://api.github.com/repos/PaulinaSadowska/MultipartProgressDemo/tags", "blobs_url": "https://api.github.com/repos/PaulinaSadowska/MultipartProgressDemo/git/blobs{/sha}", "git_tags_url": "https://api.github.com/repos/PaulinaSadowska/MultipartProgressDemo/git/tags{/sha}", "git_refs_url": "https://api.github.com/repos/PaulinaSadowska/MultipartProgressDemo/git/refs{/sha}", "trees_url": "https://api.github.com/repos/PaulinaSadowska/MultipartProgressDemo/git/trees{/sha}", "statuses_url": "https://api.github.com/repos/PaulinaSadowska/MultipartProgressDemo/statuses/{sha}", "languages_url": "https://api.github.com/repos/PaulinaSadowska/MultipartProgressDemo/languages", "stargazers_url": "https://api.github.com/repos/PaulinaSadowska/MultipartProgressDemo/stargazers", "contributors_url": "https://api.github.com/repos/PaulinaSadowska/MultipartProgressDemo/contributors", "subscribers_url": "https://api.github.com/repos/PaulinaSadowska/MultipartProgressDemo/subscribers", "subscription_url": "https://api.github.com/repos/PaulinaSadowska/MultipartProgressDemo/subscription", "commits_url": "https://api.github.com/repos/PaulinaSadowska/MultipartProgressDemo/commits{/sha}", "git_commits_url": "https://api.github.com/repos/PaulinaSadowska/MultipartProgressDemo/git/commits{/sha}", "comments_url": "https://api.github.com/repos/PaulinaSadowska/MultipartProgressDemo/comments{/number}", "issue_comment_url": "https://api.github.com/repos/PaulinaSadowska/MultipartProgressDemo/issues/comments{/number}", "contents_url": "https://api.github.com/repos/PaulinaSadowska/MultipartProgressDemo/contents/{+path}", "compare_url": "https://api.github.com/repos/PaulinaSadowska/MultipartProgressDemo/compare/{base}...{head}", "merges_url": "https://api.github.com/repos/PaulinaSadowska/MultipartProgressDemo/merges", "archive_url": "https://api.github.com/repos/PaulinaSadowska/MultipartProgressDemo/{archive_format}{/ref}", "downloads_url": "https://api.github.com/repos/PaulinaSadowska/MultipartProgressDemo/downloads", "issues_url": "https://api.github.com/repos/PaulinaSadowska/MultipartProgressDemo/issues{/number}", "pulls_url": "https://api.github.com/repos/PaulinaSadowska/MultipartProgressDemo/pulls{/number}", "milestones_url": "https://api.github.com/repos/PaulinaSadowska/MultipartProgressDemo/milestones{/number}", "notifications_url": "https://api.github.com/repos/PaulinaSadowska/MultipartProgressDemo/notifications{?since,all,participating}", "labels_url": "https://api.github.com/repos/PaulinaSadowska/MultipartProgressDemo/labels{/name}", "releases_url": "https://api.github.com/repos/PaulinaSadowska/MultipartProgressDemo/releases{/id}", "deployments_url": "https://api.github.com/repos/PaulinaSadowska/MultipartProgressDemo/deployments", "created_at": "2017-12-09T20:24:23Z", "updated_at": "2021-03-06T17:10:14Z", "pushed_at": "2019-09-28T19:12:15Z", "git_url": "git://github.com/PaulinaSadowska/MultipartProgressDemo.git", "ssh_url": "git@github.com:PaulinaSadowska/MultipartProgressDemo.git", "clone_url": "https://github.com/PaulinaSadowska/MultipartProgressDemo.git", "svn_url": "https://github.com/PaulinaSadowska/MultipartProgressDemo", "homepage": null, "size": 147, "stargazers_count": 36, "watchers_count": 36, "language": "Java", "has_issues": true, "has_projects": true, "has_downloads": true, "has_wiki": true, "has_pages": false, "forks_count": 13, "mirror_url": null, "archived": false, "disabled": false, "open_issues_count": 1, "license": null, "allow_forking": true, "is_template": false, "topics": [], "visibility": "public", "forks": 13, "open_issues": 1, "watchers": 36, "default_branch": "master", "score": 1.0, "__project_size": 352731, "__java_files_sizes": 14449, "__java_files_loc": 480, "contributors_url_calculated": 1, "commits_url_calculated": 15}