{"id": 217115802, "node_id": "MDEwOlJlcG9zaXRvcnkyMTcxMTU4MDI=", "name": "AndroidTransparentVideo", "full_name": "mc2012/AndroidTransparentVideo", "private": false, "owner": {"login": "mc2012", "id": 31569644, "node_id": "MDQ6VXNlcjMxNTY5NjQ0", "avatar_url": "https://avatars.githubusercontent.com/u/31569644?v=4", "gravatar_id": "", "url": "https://api.github.com/users/mc2012", "html_url": "https://github.com/mc2012", "followers_url": "https://api.github.com/users/mc2012/followers", "following_url": "https://api.github.com/users/mc2012/following{/other_user}", "gists_url": "https://api.github.com/users/mc2012/gists{/gist_id}", "starred_url": "https://api.github.com/users/mc2012/starred{/owner}{/repo}", "subscriptions_url": "https://api.github.com/users/mc2012/subscriptions", "organizations_url": "https://api.github.com/users/mc2012/orgs", "repos_url": "https://api.github.com/users/mc2012/repos", "events_url": "https://api.github.com/users/mc2012/events{/privacy}", "received_events_url": "https://api.github.com/users/mc2012/received_events", "type": "User", "site_admin": false}, "html_url": "https://github.com/mc2012/AndroidTransparentVideo", "description": null, "fork": false, "url": "https://api.github.com/repos/mc2012/AndroidTransparentVideo", "forks_url": "https://api.github.com/repos/mc2012/AndroidTransparentVideo/forks", "keys_url": "https://api.github.com/repos/mc2012/AndroidTransparentVideo/keys{/key_id}", "collaborators_url": "https://api.github.com/repos/mc2012/AndroidTransparentVideo/collaborators{/collaborator}", "teams_url": "https://api.github.com/repos/mc2012/AndroidTransparentVideo/teams", "hooks_url": "https://api.github.com/repos/mc2012/AndroidTransparentVideo/hooks", "issue_events_url": "https://api.github.com/repos/mc2012/AndroidTransparentVideo/issues/events{/number}", "events_url": "https://api.github.com/repos/mc2012/AndroidTransparentVideo/events", "assignees_url": "https://api.github.com/repos/mc2012/AndroidTransparentVideo/assignees{/user}", "branches_url": "https://api.github.com/repos/mc2012/AndroidTransparentVideo/branches{/branch}", "tags_url": "https://api.github.com/repos/mc2012/AndroidTransparentVideo/tags", "blobs_url": "https://api.github.com/repos/mc2012/AndroidTransparentVideo/git/blobs{/sha}", "git_tags_url": "https://api.github.com/repos/mc2012/AndroidTransparentVideo/git/tags{/sha}", "git_refs_url": "https://api.github.com/repos/mc2012/AndroidTransparentVideo/git/refs{/sha}", "trees_url": "https://api.github.com/repos/mc2012/AndroidTransparentVideo/git/trees{/sha}", "statuses_url": "https://api.github.com/repos/mc2012/AndroidTransparentVideo/statuses/{sha}", "languages_url": "https://api.github.com/repos/mc2012/AndroidTransparentVideo/languages", "stargazers_url": "https://api.github.com/repos/mc2012/AndroidTransparentVideo/stargazers", "contributors_url": "https://api.github.com/repos/mc2012/AndroidTransparentVideo/contributors", "subscribers_url": "https://api.github.com/repos/mc2012/AndroidTransparentVideo/subscribers", "subscription_url": "https://api.github.com/repos/mc2012/AndroidTransparentVideo/subscription", "commits_url": "https://api.github.com/repos/mc2012/AndroidTransparentVideo/commits{/sha}", "git_commits_url": "https://api.github.com/repos/mc2012/AndroidTransparentVideo/git/commits{/sha}", "comments_url": "https://api.github.com/repos/mc2012/AndroidTransparentVideo/comments{/number}", "issue_comment_url": "https://api.github.com/repos/mc2012/AndroidTransparentVideo/issues/comments{/number}", "contents_url": "https://api.github.com/repos/mc2012/AndroidTransparentVideo/contents/{+path}", "compare_url": "https://api.github.com/repos/mc2012/AndroidTransparentVideo/compare/{base}...{head}", "merges_url": "https://api.github.com/repos/mc2012/AndroidTransparentVideo/merges", "archive_url": "https://api.github.com/repos/mc2012/AndroidTransparentVideo/{archive_format}{/ref}", "downloads_url": "https://api.github.com/repos/mc2012/AndroidTransparentVideo/downloads", "issues_url": "https://api.github.com/repos/mc2012/AndroidTransparentVideo/issues{/number}", "pulls_url": "https://api.github.com/repos/mc2012/AndroidTransparentVideo/pulls{/number}", "milestones_url": "https://api.github.com/repos/mc2012/AndroidTransparentVideo/milestones{/number}", "notifications_url": "https://api.github.com/repos/mc2012/AndroidTransparentVideo/notifications{?since,all,participating}", "labels_url": "https://api.github.com/repos/mc2012/AndroidTransparentVideo/labels{/name}", "releases_url": "https://api.github.com/repos/mc2012/AndroidTransparentVideo/releases{/id}", "deployments_url": "https://api.github.com/repos/mc2012/AndroidTransparentVideo/deployments", "created_at": "2019-10-23T17:31:59Z", "updated_at": "2021-12-21T07:01:49Z", "pushed_at": "2020-11-19T10:56:54Z", "git_url": "git://github.com/mc2012/AndroidTransparentVideo.git", "ssh_url": "git@github.com:mc2012/AndroidTransparentVideo.git", "clone_url": "https://github.com/mc2012/AndroidTransparentVideo.git", "svn_url": "https://github.com/mc2012/AndroidTransparentVideo", "homepage": null, "size": 2366, "stargazers_count": 36, "watchers_count": 36, "language": "Java", "has_issues": true, "has_projects": true, "has_downloads": true, "has_wiki": true, "has_pages": false, "forks_count": 12, "mirror_url": null, "archived": false, "disabled": false, "open_issues_count": 6, "license": null, "allow_forking": true, "is_template": false, "topics": [], "visibility": "public", "forks": 12, "open_issues": 6, "watchers": 36, "default_branch": "master", "score": 1.0, "__project_size": 4983495, "__java_files_sizes": 104763, "__java_files_loc": 2907, "contributors_url_calculated": 1, "commits_url_calculated": 3}