{"SCOM": {"py/object": "Statistics.InterestingStatistics", "classValues": [{"py/tuple": [0.0, 50]}, {"py/tuple": [1.0, 62]}, {"py/tuple": [0.0, 20]}, {"py/tuple": [0.0, 21]}, {"py/tuple": [0.1202020202020202, 228]}, {"py/tuple": [1, 6]}, {"py/tuple": [1, 3]}, {"py/tuple": [0.006469344608879493, 1834]}, {"py/tuple": [0.26766425868593036, 547]}, {"py/tuple": [0.21869488536155202, 103]}, {"py/tuple": [1.0, 31]}, {"py/tuple": [1, 7]}, {"py/tuple": [0.013125406107862248, 332]}, {"py/tuple": [0.08527551260109378, 495]}, {"py/tuple": [1, 2]}]}, "LSCC": {"py/object": "Statistics.InterestingStatistics", "classValues": [{"py/tuple": [0.0, 50]}, {"py/tuple": [0.42857142857142855, 62]}, {"py/tuple": [0.0, 20]}, {"py/tuple": [0, 21]}, {"py/tuple": [0.08484848484848485, 228]}, {"py/tuple": [1, 6]}, {"py/tuple": [1, 3]}, {"py/tuple": [0.0019873150105708245, 1834]}, {"py/tuple": [0.07017543859649122, 547]}, {"py/tuple": [0.06878306878306878, 103]}, {"py/tuple": [1.0, 31]}, {"py/tuple": [1, 7]}, {"py/tuple": [0.004455583402951824, 332]}, {"py/tuple": [0.03649451323869928, 495]}, {"py/tuple": [1, 2]}]}, "CC": {"py/object": "Statistics.InterestingStatistics", "classValues": [{"py/tuple": [0.0, 50]}, {"py/tuple": [0.42857142857142855, 62]}, {"py/tuple": [0.0, 20]}, {"py/tuple": [1, 21]}, {"py/tuple": [0.11818181818181817, 228]}, {"py/tuple": [1, 6]}, {"py/tuple": [1, 3]}, {"py/tuple": [0.015432259776868655, 1834]}, {"py/tuple": [0.11943062277549008, 547]}, {"py/tuple": [0.1899092970521542, 103]}, {"py/tuple": [1.0, 31]}, {"py/tuple": [1, 7]}, {"py/tuple": [0.012079651991932693, 332]}, {"py/tuple": [0.15214734173507993, 495]}, {"py/tuple": [1, 2]}]}, "LCOM5": {"py/object": "Statistics.InterestingStatistics", "classValues": [{"py/tuple": [0.6666666666666667, 50]}, {"py/tuple": [0.2857142857142857, 62]}, {"py/tuple": [0.5, 20]}, {"py/tuple": [0, 21]}, {"py/tuple": [0.7121212121212122, 228]}, {"py/tuple": [0, 6]}, {"py/tuple": [0, 3]}, {"py/tuple": [0.9681818181818181, 1834]}, {"py/tuple": [0.739766081871345, 547]}, {"py/tuple": [0.746031746031746, 103]}, {"py/tuple": [0.0, 31]}, {"py/tuple": [0, 7]}, {"py/tuple": [0.924812030075188, 332]}, {"py/tuple": [0.8766233766233766, 495]}, {"py/tuple": [0, 2]}]}, "CBAMU": {"py/object": "Statistics.InterestingStatistics", "classValues": [{"py/tuple": [0.25, 50]}, {"py/tuple": [0.44047619047619047, 62]}, {"py/tuple": [0.25, 20]}, {"py/tuple": [0.0, 21]}, {"py/tuple": [0.1893939393939394, 228]}, {"py/tuple": [0.0, 6]}, {"py/tuple": [0.0, 3]}, {"py/tuple": [0.0193446088794926, 1834]}, {"py/tuple": [0.14645682834537324, 547]}, {"py/tuple": [0.16269841269841268, 103]}, {"py/tuple": [0.625, 31]}, {"py/tuple": [0.0, 7]}, {"py/tuple": [0.06683375104427736, 332]}, {"py/tuple": [0.07384475989127152, 495]}, {"py/tuple": [0.0, 2]}]}}