{"SCOM": {"py/object": "Statistics.InterestingStatistics", "classValues": [{"py/tuple": [0.0, 11]}, {"py/tuple": [0.0, 20]}]}, "LSCC": {"py/object": "Statistics.InterestingStatistics", "classValues": [{"py/tuple": [0, 11]}, {"py/tuple": [0.0, 20]}]}, "CC": {"py/object": "Statistics.InterestingStatistics", "classValues": [{"py/tuple": [1, 11]}, {"py/tuple": [0.0, 20]}]}, "LCOM5": {"py/object": "Statistics.InterestingStatistics", "classValues": [{"py/tuple": [0, 11]}, {"py/tuple": [0.6666666666666667, 20]}]}, "CBAMU": {"py/object": "Statistics.InterestingStatistics", "classValues": [{"py/tuple": [0.0, 11]}, {"py/tuple": [0.16666666666666666, 20]}]}}