{"id": 182265902, "node_id": "MDEwOlJlcG9zaXRvcnkxODIyNjU5MDI=", "name": "formulog", "full_name": "HarvardPL/formulog", "private": false, "owner": {"login": "HarvardPL", "id": 8976946, "node_id": "MDEyOk9yZ2FuaXphdGlvbjg5NzY5NDY=", "avatar_url": "https://avatars.githubusercontent.com/u/8976946?v=4", "gravatar_id": "", "url": "https://api.github.com/users/HarvardPL", "html_url": "https://github.com/HarvardPL", "followers_url": "https://api.github.com/users/HarvardPL/followers", "following_url": "https://api.github.com/users/HarvardPL/following{/other_user}", "gists_url": "https://api.github.com/users/HarvardPL/gists{/gist_id}", "starred_url": "https://api.github.com/users/HarvardPL/starred{/owner}{/repo}", "subscriptions_url": "https://api.github.com/users/HarvardPL/subscriptions", "organizations_url": "https://api.github.com/users/HarvardPL/orgs", "repos_url": "https://api.github.com/users/HarvardPL/repos", "events_url": "https://api.github.com/users/HarvardPL/events{/privacy}", "received_events_url": "https://api.github.com/users/HarvardPL/received_events", "type": "Organization", "site_admin": false}, "html_url": "https://github.com/HarvardPL/formulog", "description": "Datalog with support for SMT queries", "fork": false, "url": "https://api.github.com/repos/HarvardPL/formulog", "forks_url": "https://api.github.com/repos/HarvardPL/formulog/forks", "keys_url": "https://api.github.com/repos/HarvardPL/formulog/keys{/key_id}", "collaborators_url": "https://api.github.com/repos/HarvardPL/formulog/collaborators{/collaborator}", "teams_url": "https://api.github.com/repos/HarvardPL/formulog/teams", "hooks_url": "https://api.github.com/repos/HarvardPL/formulog/hooks", "issue_events_url": "https://api.github.com/repos/HarvardPL/formulog/issues/events{/number}", "events_url": "https://api.github.com/repos/HarvardPL/formulog/events", "assignees_url": "https://api.github.com/repos/HarvardPL/formulog/assignees{/user}", "branches_url": "https://api.github.com/repos/HarvardPL/formulog/branches{/branch}", "tags_url": "https://api.github.com/repos/HarvardPL/formulog/tags", "blobs_url": "https://api.github.com/repos/HarvardPL/formulog/git/blobs{/sha}", "git_tags_url": "https://api.github.com/repos/HarvardPL/formulog/git/tags{/sha}", "git_refs_url": "https://api.github.com/repos/HarvardPL/formulog/git/refs{/sha}", "trees_url": "https://api.github.com/repos/HarvardPL/formulog/git/trees{/sha}", "statuses_url": "https://api.github.com/repos/HarvardPL/formulog/statuses/{sha}", "languages_url": "https://api.github.com/repos/HarvardPL/formulog/languages", "stargazers_url": "https://api.github.com/repos/HarvardPL/formulog/stargazers", "contributors_url": "https://api.github.com/repos/HarvardPL/formulog/contributors", "subscribers_url": "https://api.github.com/repos/HarvardPL/formulog/subscribers", "subscription_url": "https://api.github.com/repos/HarvardPL/formulog/subscription", "commits_url": "https://api.github.com/repos/HarvardPL/formulog/commits{/sha}", "git_commits_url": "https://api.github.com/repos/HarvardPL/formulog/git/commits{/sha}", "comments_url": "https://api.github.com/repos/HarvardPL/formulog/comments{/number}", "issue_comment_url": "https://api.github.com/repos/HarvardPL/formulog/issues/comments{/number}", "contents_url": "https://api.github.com/repos/HarvardPL/formulog/contents/{+path}", "compare_url": "https://api.github.com/repos/HarvardPL/formulog/compare/{base}...{head}", "merges_url": "https://api.github.com/repos/HarvardPL/formulog/merges", "archive_url": "https://api.github.com/repos/HarvardPL/formulog/{archive_format}{/ref}", "downloads_url": "https://api.github.com/repos/HarvardPL/formulog/downloads", "issues_url": "https://api.github.com/repos/HarvardPL/formulog/issues{/number}", "pulls_url": "https://api.github.com/repos/HarvardPL/formulog/pulls{/number}", "milestones_url": "https://api.github.com/repos/HarvardPL/formulog/milestones{/number}", "notifications_url": "https://api.github.com/repos/HarvardPL/formulog/notifications{?since,all,participating}", "labels_url": "https://api.github.com/repos/HarvardPL/formulog/labels{/name}", "releases_url": "https://api.github.com/repos/HarvardPL/formulog/releases{/id}", "deployments_url": "https://api.github.com/repos/HarvardPL/formulog/deployments", "created_at": "2019-04-19T13:05:43Z", "updated_at": "2021-11-28T09:06:47Z", "pushed_at": "2021-10-24T23:20:49Z", "git_url": "git://github.com/HarvardPL/formulog.git", "ssh_url": "git@github.com:HarvardPL/formulog.git", "clone_url": "https://github.com/HarvardPL/formulog.git", "svn_url": "https://github.com/HarvardPL/formulog", "homepage": "", "size": 2107, "stargazers_count": 101, "watchers_count": 101, "language": "Java", "has_issues": true, "has_projects": true, "has_downloads": true, "has_wiki": true, "has_pages": true, "forks_count": 5, "mirror_url": null, "archived": false, "disabled": false, "open_issues_count": 4, "license": {"key": "apache-2.0", "name": "Apache License 2.0", "spdx_id": "Apache-2.0", "url": "https://api.github.com/licenses/apache-2.0", "node_id": "MDc6TGljZW5zZTI="}, "allow_forking": true, "is_template": false, "topics": [], "visibility": "public", "forks": 5, "open_issues": 4, "watchers": 101, "default_branch": "master", "score": 1.0, "__project_size": 3791496, "__java_files_sizes": 987352, "__java_files_loc": 35887, "contributors_url_calculated": 4, "commits_url_calculated": 517}