{"id": 212644336, "node_id": "MDEwOlJlcG9zaXRvcnkyMTI2NDQzMzY=", "name": "Messenger", "full_name": "SaharshPandey/Messenger", "private": false, "owner": {"login": "SaharshPandey", "id": 26492582, "node_id": "MDQ6VXNlcjI2NDkyNTgy", "avatar_url": "https://avatars.githubusercontent.com/u/26492582?v=4", "gravatar_id": "", "url": "https://api.github.com/users/SaharshPandey", "html_url": "https://github.com/SaharshPandey", "followers_url": "https://api.github.com/users/SaharshPandey/followers", "following_url": "https://api.github.com/users/SaharshPandey/following{/other_user}", "gists_url": "https://api.github.com/users/SaharshPandey/gists{/gist_id}", "starred_url": "https://api.github.com/users/SaharshPandey/starred{/owner}{/repo}", "subscriptions_url": "https://api.github.com/users/SaharshPandey/subscriptions", "organizations_url": "https://api.github.com/users/SaharshPandey/orgs", "repos_url": "https://api.github.com/users/SaharshPandey/repos", "events_url": "https://api.github.com/users/SaharshPandey/events{/privacy}", "received_events_url": "https://api.github.com/users/SaharshPandey/received_events", "type": "User", "site_admin": false}, "html_url": "https://github.com/SaharshPandey/Messenger", "description": "Messenger(Chat app) is a real time one to one chat application with Push Notifications made using Firebase...", "fork": false, "url": "https://api.github.com/repos/SaharshPandey/Messenger", "forks_url": "https://api.github.com/repos/SaharshPandey/Messenger/forks", "keys_url": "https://api.github.com/repos/SaharshPandey/Messenger/keys{/key_id}", "collaborators_url": "https://api.github.com/repos/SaharshPandey/Messenger/collaborators{/collaborator}", "teams_url": "https://api.github.com/repos/SaharshPandey/Messenger/teams", "hooks_url": "https://api.github.com/repos/SaharshPandey/Messenger/hooks", "issue_events_url": "https://api.github.com/repos/SaharshPandey/Messenger/issues/events{/number}", "events_url": "https://api.github.com/repos/SaharshPandey/Messenger/events", "assignees_url": "https://api.github.com/repos/SaharshPandey/Messenger/assignees{/user}", "branches_url": "https://api.github.com/repos/SaharshPandey/Messenger/branches{/branch}", "tags_url": "https://api.github.com/repos/SaharshPandey/Messenger/tags", "blobs_url": "https://api.github.com/repos/SaharshPandey/Messenger/git/blobs{/sha}", "git_tags_url": "https://api.github.com/repos/SaharshPandey/Messenger/git/tags{/sha}", "git_refs_url": "https://api.github.com/repos/SaharshPandey/Messenger/git/refs{/sha}", "trees_url": "https://api.github.com/repos/SaharshPandey/Messenger/git/trees{/sha}", "statuses_url": "https://api.github.com/repos/SaharshPandey/Messenger/statuses/{sha}", "languages_url": "https://api.github.com/repos/SaharshPandey/Messenger/languages", "stargazers_url": "https://api.github.com/repos/SaharshPandey/Messenger/stargazers", "contributors_url": "https://api.github.com/repos/SaharshPandey/Messenger/contributors", "subscribers_url": "https://api.github.com/repos/SaharshPandey/Messenger/subscribers", "subscription_url": "https://api.github.com/repos/SaharshPandey/Messenger/subscription", "commits_url": "https://api.github.com/repos/SaharshPandey/Messenger/commits{/sha}", "git_commits_url": "https://api.github.com/repos/SaharshPandey/Messenger/git/commits{/sha}", "comments_url": "https://api.github.com/repos/SaharshPandey/Messenger/comments{/number}", "issue_comment_url": "https://api.github.com/repos/SaharshPandey/Messenger/issues/comments{/number}", "contents_url": "https://api.github.com/repos/SaharshPandey/Messenger/contents/{+path}", "compare_url": "https://api.github.com/repos/SaharshPandey/Messenger/compare/{base}...{head}", "merges_url": "https://api.github.com/repos/SaharshPandey/Messenger/merges", "archive_url": "https://api.github.com/repos/SaharshPandey/Messenger/{archive_format}{/ref}", "downloads_url": "https://api.github.com/repos/SaharshPandey/Messenger/downloads", "issues_url": "https://api.github.com/repos/SaharshPandey/Messenger/issues{/number}", "pulls_url": "https://api.github.com/repos/SaharshPandey/Messenger/pulls{/number}", "milestones_url": "https://api.github.com/repos/SaharshPandey/Messenger/milestones{/number}", "notifications_url": "https://api.github.com/repos/SaharshPandey/Messenger/notifications{?since,all,participating}", "labels_url": "https://api.github.com/repos/SaharshPandey/Messenger/labels{/name}", "releases_url": "https://api.github.com/repos/SaharshPandey/Messenger/releases{/id}", "deployments_url": "https://api.github.com/repos/SaharshPandey/Messenger/deployments", "created_at": "2019-10-03T17:57:52Z", "updated_at": "2022-03-03T21:13:35Z", "pushed_at": "2020-11-19T08:46:26Z", "git_url": "git://github.com/SaharshPandey/Messenger.git", "ssh_url": "git@github.com:SaharshPandey/Messenger.git", "clone_url": "https://github.com/SaharshPandey/Messenger.git", "svn_url": "https://github.com/SaharshPandey/Messenger", "homepage": "", "size": 327, "stargazers_count": 110, "watchers_count": 110, "language": "Java", "has_issues": true, "has_projects": true, "has_downloads": true, "has_wiki": true, "has_pages": false, "forks_count": 41, "mirror_url": null, "archived": false, "disabled": false, "open_issues_count": 20, "license": null, "allow_forking": true, "is_template": false, "topics": ["android", "chat-application", "chatapp", "facebook", "firebase", "instagram", "java", "kotlin", "messenger", "notifications", "realtime-messaging", "social-media", "social-network", "whatsapp"], "visibility": "public", "forks": 41, "open_issues": 20, "watchers": 110, "default_branch": "master", "score": 1.0, "__project_size": 840049, "__java_files_sizes": 87688, "__java_files_loc": 2633, "contributors_url_calculated": 1, "commits_url_calculated": 27}