{"BaseActivity": {"className": "BaseActivity", "members": {"py/set": ["dialog", "progressDialog", "TAG"]}, "methods": {"hideLoader": {"memberReferences": {"py/set": ["dialog"]}, "methodName": "hideLoader", "methodReferences": {"py/set": []}, "py/object": "JavaParserVisitor.MethodInfo"}, "onClick": {"memberReferences": {"py/set": []}, "methodName": "onClick", "methodReferences": {"py/set": []}, "py/object": "JavaParserVisitor.MethodInfo"}, "onCreate": {"memberReferences": {"py/set": ["dialog"]}, "methodName": "onCreate", "methodReferences": {"py/set": []}, "py/object": "JavaParserVisitor.MethodInfo"}, "showAlert": {"memberReferences": {"py/set": []}, "methodName": "showAlert", "methodReferences": {"py/set": []}, "py/object": "JavaParserVisitor.MethodInfo"}, "showEmptyState": {"memberReferences": {"py/set": []}, "methodName": "showEmptyState", "methodReferences": {"py/set": []}, "py/object": "JavaParserVisitor.MethodInfo"}, "showErrorState": {"memberReferences": {"py/set": []}, "methodName": "showErrorState", "methodReferences": {"py/set": []}, "py/object": "JavaParserVisitor.MethodInfo"}, "showLoader": {"memberReferences": {"py/set": []}, "methodName": "showLoader", "methodReferences": {"py/set": []}, "py/object": "JavaParserVisitor.MethodInfo"}, "showToast": {"memberReferences": {"py/set": []}, "methodName": "showToast", "methodReferences": {"py/set": []}, "py/object": "JavaParserVisitor.MethodInfo"}}, "possibleFather": "AppCompatActivity", "py/object": "JavaParserVisitor.ClassInfo", "span": 92}, "Chat": {"className": "Chat", "members": {"py/set": ["receiver", "sender", "time", "isseen", "message"]}, "methods": {"Chat": {"memberReferences": {"py/set": []}, "methodName": "Chat", "methodReferences": {"py/set": []}, "py/object": "JavaParserVisitor.MethodInfo"}, "isIsseen": {"memberReferences": {"py/set": ["isseen"]}, "methodName": "isIsseen", "methodReferences": {"py/set": []}, "py/object": "JavaParserVisitor.MethodInfo"}}, "possibleFather": "", "py/object": "JavaParserVisitor.ClassInfo", "span": 56}, "Chatlist": {"className": "Chatlist", "members": {"py/set": ["id"]}, "methods": {"Chatlist": {"memberReferences": {"py/set": []}, "methodName": "Chatlist", "methodReferences": {"py/set": []}, "py/object": "JavaParserVisitor.MethodInfo"}}, "possibleFather": "", "py/object": "JavaParserVisitor.ClassInfo", "span": 15}, "ChatsFragment": {"className": "ChatsFragment", "members": {"py/set": ["onItemClick", "es_descp", "MRR", "mUsers", "frameLayout", "fuser", "MR", "usersList", "reference", "userAdapter", "es_title", "recyclerView"]}, "methods": {"chatList": {"memberReferences": {"py/set": ["mUsers", "reference"]}, "methodName": "chatList", "methodReferences": {"py/set": []}, "py/object": "JavaParserVisitor.MethodInfo"}, "newInstance": {"memberReferences": {"py/set": ["onItemClick"]}, "methodName": "newInstance", "methodReferences": {"py/set": []}, "py/object": "JavaParserVisitor.MethodInfo"}, "onCancelled": {"memberReferences": {"py/set": []}, "methodName": "onCancelled", "methodReferences": {"py/set": []}, "py/object": "JavaParserVisitor.MethodInfo"}, "onCreateView": {"memberReferences": {"py/set": ["fuser", "usersList", "MR", "recyclerView", "frameLayout", "MRR", "reference", "es_title", "es_descp"]}, "methodName": "onCreateView", "methodReferences": {"py/set": ["updateToken"]}, "py/object": "JavaParserVisitor.MethodInfo"}, "onDataChange": {"memberReferences": {"py/set": ["onItemClick", "mUsers", "usersList", "userAdapter"]}, "methodName": "onDataChange", "methodReferences": {"py/set": []}, "py/object": "JavaParserVisitor.MethodInfo"}, "updateToken": {"memberReferences": {"py/set": []}, "methodName": "updateToken", "methodReferences": {"py/set": []}, "py/object": "JavaParserVisitor.MethodInfo"}}, "possibleFather": "Fragment", "py/object": "JavaParserVisitor.ClassInfo", "span": 115}, "Client": {"className": "Client", "members": {"py/set": ["retrofit"]}, "methods": {"getClient": {"memberReferences": {"py/set": ["retrofit"]}, "methodName": "getClient", "methodReferences": {"py/set": []}, "py/object": "JavaParserVisitor.MethodInfo"}}, "possibleFather": "", "py/object": "JavaParserVisitor.ClassInfo", "span": 11}, "Data": {"className": "Data", "members": {"py/set": ["body", "sented", "icon", "title", "user"]}, "methods": {"Data": {"memberReferences": {"py/set": []}, "methodName": "Data", "methodReferences": {"py/set": []}, "py/object": "JavaParserVisitor.MethodInfo"}}, "possibleFather": "", "py/object": "JavaParserVisitor.ClassInfo", "span": 55}, "ExampleInstrumentedTest": {"className": "ExampleInstrumentedTest", "members": {"py/set": []}, "methods": {"useAppContext": {"memberReferences": {"py/set": []}, "methodName": "useAppContext", "methodReferences": {"py/set": []}, "py/object": "JavaParserVisitor.MethodInfo"}}, "possibleFather": "", "py/object": "JavaParserVisitor.ClassInfo", "span": 6}, "ExampleUnitTest": {"className": "ExampleUnitTest", "members": {"py/set": []}, "methods": {"addition_isCorrect": {"memberReferences": {"py/set": []}, "methodName": "addition_isCorrect", "methodReferences": {"py/set": []}, "py/object": "JavaParserVisitor.MethodInfo"}}, "possibleFather": "", "py/object": "JavaParserVisitor.ClassInfo", "span": 3}, "LoginActivity": {"className": "LoginActivity", "members": {"py/set": ["password", "msg_tv", "MRR", "btn_login", "dialog", "forgot_password", "MR", "email", "login_tv", "auth"]}, "methods": {"onClick": {"memberReferences": {"py/set": ["dialog"]}, "methodName": "onClick", "methodReferences": {"py/set": []}, "py/object": "JavaParserVisitor.MethodInfo"}, "onComplete": {"memberReferences": {"py/set": ["dialog"]}, "methodName": "onComplete", "methodReferences": {"py/set": []}, "py/object": "JavaParserVisitor.MethodInfo"}, "onCreate": {"memberReferences": {"py/set": ["password", "auth", "MR", "email", "msg_tv", "MRR", "btn_login", "login_tv", "forgot_password"]}, "methodName": "onCreate", "methodReferences": {"py/set": []}, "py/object": "JavaParserVisitor.MethodInfo"}}, "possibleFather": "AppCompatActivity", "py/object": "JavaParserVisitor.ClassInfo", "span": 75}, "MainActivity": {"className": "MainActivity", "members": {"py/set": ["onItemClick", "username", "doubleBackToExitPressedOnce", "dialog", "MRR", "MR", "reference", "profile_image", "firebaseUser"]}, "methods": {"onBackPressed": {"memberReferences": {"py/set": ["doubleBackToExitPressedOnce"]}, "methodName": "onBackPressed", "methodReferences": {"py/set": []}, "py/object": "JavaParserVisitor.MethodInfo"}, "onCancelled": {"memberReferences": {"py/set": []}, "methodName": "onCancelled", "methodReferences": {"py/set": []}, "py/object": "JavaParserVisitor.MethodInfo"}, "onClick": {"memberReferences": {"py/set": []}, "methodName": "onClick", "methodReferences": {"py/set": []}, "py/object": "JavaParserVisitor.MethodInfo"}, "onCreate": {"memberReferences": {"py/set": ["onItemClick", "username", "MR", "MRR", "dialog", "reference", "profile_image", "firebaseUser"]}, "methodName": "onCreate", "methodReferences": {"py/set": []}, "py/object": "JavaParserVisitor.MethodInfo"}, "onCreateOptionsMenu": {"memberReferences": {"py/set": []}, "methodName": "onCreateOptionsMenu", "methodReferences": {"py/set": []}, "py/object": "JavaParserVisitor.MethodInfo"}, "onDataChange": {"memberReferences": {"py/set": ["dialog"]}, "methodName": "onDataChange", "methodReferences": {"py/set": []}, "py/object": "JavaParserVisitor.MethodInfo"}, "onItemCLick": {"memberReferences": {"py/set": []}, "methodName": "onItemCLick", "methodReferences": {"py/set": []}, "py/object": "JavaParserVisitor.MethodInfo"}, "onOptionsItemSelected": {"memberReferences": {"py/set": []}, "methodName": "onOptionsItemSelected", "methodReferences": {"py/set": []}, "py/object": "JavaParserVisitor.MethodInfo"}, "onPause": {"memberReferences": {"py/set": ["reference"]}, "methodName": "onPause", "methodReferences": {"py/set": ["status"]}, "py/object": "JavaParserVisitor.MethodInfo"}, "onResume": {"memberReferences": {"py/set": ["reference"]}, "methodName": "onResume", "methodReferences": {"py/set": ["status"]}, "py/object": "JavaParserVisitor.MethodInfo"}, "run": {"memberReferences": {"py/set": ["doubleBackToExitPressedOnce"]}, "methodName": "run", "methodReferences": {"py/set": []}, "py/object": "JavaParserVisitor.MethodInfo"}, "status": {"memberReferences": {"py/set": ["reference"]}, "methodName": "status", "methodReferences": {"py/set": []}, "py/object": "JavaParserVisitor.MethodInfo"}}, "possibleFather": "AppCompatActivity", "py/object": "JavaParserVisitor.ClassInfo", "span": 207}, "MessageActivity": {"className": "MessageActivity", "members": {"py/set": ["username", "fuser", "MRR", "btn_send", "intent", "MR", "seenListener", "reference", "messageAdapter", "apiService", "profile_image", "userid", "notify", "text_send", "mchat", "recyclerView"]}, "methods": {"currentUser": {"memberReferences": {"py/set": []}, "methodName": "currentUser", "methodReferences": {"py/set": []}, "py/object": "JavaParserVisitor.MethodInfo"}, "onCancelled": {"memberReferences": {"py/set": []}, "methodName": "onCancelled", "methodReferences": {"py/set": []}, "py/object": "JavaParserVisitor.MethodInfo"}, "onClick": {"memberReferences": {"py/set": ["userid", "notify"]}, "methodName": "onClick", "methodReferences": {"py/set": ["sendMessage"]}, "py/object": "JavaParserVisitor.MethodInfo"}, "onCreate": {"memberReferences": {"py/set": ["seenListener", "userid", "btn_send", "profile_image", "text_send", "recyclerView", "username", "intent", "fuser", "MR", "MRR", "reference", "apiService"]}, "methodName": "onCreate", "methodReferences": {"py/set": ["seenMessage"]}, "py/object": "JavaParserVisitor.MethodInfo"}, "onDataChange": {"memberReferences": {"py/set": ["messageAdapter", "mchat"]}, "methodName": "onDataChange", "methodReferences": {"py/set": []}, "py/object": "JavaParserVisitor.MethodInfo"}, "onFailure": {"memberReferences": {"py/set": []}, "methodName": "onFailure", "methodReferences": {"py/set": []}, "py/object": "JavaParserVisitor.MethodInfo"}, "onPause": {"memberReferences": {"py/set": ["reference"]}, "methodName": "onPause", "methodReferences": {"py/set": ["status", "currentUser"]}, "py/object": "JavaParserVisitor.MethodInfo"}, "onResponse": {"memberReferences": {"py/set": []}, "methodName": "onResponse", "methodReferences": {"py/set": []}, "py/object": "JavaParserVisitor.MethodInfo"}, "onResume": {"memberReferences": {"py/set": ["userid", "reference"]}, "methodName": "onResume", "methodReferences": {"py/set": ["status", "currentUser"]}, "py/object": "JavaParserVisitor.MethodInfo"}, "readMesagges": {"memberReferences": {"py/set": ["reference", "mchat"]}, "methodName": "readMesagges", "methodReferences": {"py/set": []}, "py/object": "JavaParserVisitor.MethodInfo"}, "seenMessage": {"memberReferences": {"py/set": ["seenListener", "reference"]}, "methodName": "seenMessage", "methodReferences": {"py/set": []}, "py/object": "JavaParserVisitor.MethodInfo"}, "sendMessage": {"memberReferences": {"py/set": ["userid"]}, "methodName": "sendMessage", "methodReferences": {"py/set": []}, "py/object": "JavaParserVisitor.MethodInfo"}, "sendNotifiaction": {"memberReferences": {"py/set": []}, "methodName": "sendNotifiaction", "methodReferences": {"py/set": []}, "py/object": "JavaParserVisitor.MethodInfo"}, "status": {"memberReferences": {"py/set": ["reference"]}, "methodName": "status", "methodReferences": {"py/set": []}, "py/object": "JavaParserVisitor.MethodInfo"}}, "possibleFather": "AppCompatActivity", "py/object": "JavaParserVisitor.ClassInfo", "span": 284}, "MessageAdapter": {"className": "MessageAdapter", "members": {"py/set": ["imageurl", "fuser", "MRR", "MR", "mChat", "MSG_TYPE_LEFT", "MSG_TYPE_RIGHT", "mContext"]}, "methods": {"MessageAdapter": {"memberReferences": {"py/set": ["imageurl", "MRR", "MR", "mChat", "mContext"]}, "methodName": "MessageAdapter", "methodReferences": {"py/set": []}, "py/object": "JavaParserVisitor.MethodInfo"}, "getItemCount": {"memberReferences": {"py/set": []}, "methodName": "getItemCount", "methodReferences": {"py/set": []}, "py/object": "JavaParserVisitor.MethodInfo"}, "getItemViewType": {"memberReferences": {"py/set": ["fuser", "MSG_TYPE_LEFT", "MSG_TYPE_RIGHT"]}, "methodName": "getItemViewType", "methodReferences": {"py/set": []}, "py/object": "JavaParserVisitor.MethodInfo"}, "onBindViewHolder": {"memberReferences": {"py/set": ["imageurl", "MRR"]}, "methodName": "onBindViewHolder", "methodReferences": {"py/set": []}, "py/object": "JavaParserVisitor.MethodInfo"}, "onCreateViewHolder": {"memberReferences": {"py/set": ["MSG_TYPE_RIGHT"]}, "methodName": "onCreateViewHolder", "methodReferences": {"py/set": []}, "py/object": "JavaParserVisitor.MethodInfo"}}, "possibleFather": "RecyclerView.Adapter<MessageAdapter.ViewHolder>", "py/object": "JavaParserVisitor.ClassInfo", "span": 98}, "MyFirebaseIdService": {"className": "MyFirebaseIdService", "members": {"py/set": []}, "methods": {"onTokenRefresh": {"memberReferences": {"py/set": []}, "methodName": "onTokenRefresh", "methodReferences": {"py/set": ["updateToken"]}, "py/object": "JavaParserVisitor.MethodInfo"}, "updateToken": {"memberReferences": {"py/set": []}, "methodName": "updateToken", "methodReferences": {"py/set": []}, "py/object": "JavaParserVisitor.MethodInfo"}}, "possibleFather": "FirebaseInstanceIdService", "py/object": "JavaParserVisitor.ClassInfo", "span": 18}, "MyFirebaseMessaging": {"className": "MyFirebaseMessaging", "members": {"py/set": []}, "methods": {"onMessageReceived": {"memberReferences": {"py/set": []}, "methodName": "onMessageReceived", "methodReferences": {"py/set": ["sendNotification", "sendOreoNotification"]}, "py/object": "JavaParserVisitor.MethodInfo"}, "sendNotification": {"memberReferences": {"py/set": []}, "methodName": "sendNotification", "methodReferences": {"py/set": []}, "py/object": "JavaParserVisitor.MethodInfo"}, "sendOreoNotification": {"memberReferences": {"py/set": []}, "methodName": "sendOreoNotification", "methodReferences": {"py/set": []}, "py/object": "JavaParserVisitor.MethodInfo"}}, "possibleFather": "FirebaseMessagingService", "py/object": "JavaParserVisitor.ClassInfo", "span": 85}, "MyResponse": {"className": "MyResponse", "members": {"py/set": ["success"]}, "methods": {}, "possibleFather": "", "py/object": "JavaParserVisitor.ClassInfo", "span": 2}, "OreoNotification": {"className": "OreoNotification", "members": {"py/set": ["CHANNEL_NAME", "notificationManager", "CHANNEL_ID"]}, "methods": {"OreoNotification": {"memberReferences": {"py/set": ["CHANNEL_NAME", "notificationManager", "CHANNEL_ID"]}, "methodName": "OreoNotification", "methodReferences": {"py/set": ["createChannel"]}, "py/object": "JavaParserVisitor.MethodInfo"}, "createChannel": {"memberReferences": {"py/set": ["CHANNEL_NAME", "notificationManager", "CHANNEL_ID"]}, "methodName": "createChannel", "methodReferences": {"py/set": ["getManager"]}, "py/object": "JavaParserVisitor.MethodInfo"}, "getManager": {"memberReferences": {"py/set": ["notificationManager"]}, "methodName": "getManager", "methodReferences": {"py/set": []}, "py/object": "JavaParserVisitor.MethodInfo"}, "getOreoNotification": {"memberReferences": {"py/set": ["CHANNEL_ID"]}, "methodName": "getOreoNotification", "methodReferences": {"py/set": []}, "py/object": "JavaParserVisitor.MethodInfo"}}, "possibleFather": "ContextWrapper", "py/object": "JavaParserVisitor.ClassInfo", "span": 45}, "ProfileFragment": {"className": "ProfileFragment", "members": {"py/set": ["image_profile", "username", "fuser", "MRR", "imageUri", "bio_et", "MR", "reference", "save", "profile_tv", "edit_img", "uploadTask", "IMAGE_REQUEST", "storageReference"]}, "methods": {"getFileExtension": {"memberReferences": {"py/set": []}, "methodName": "getFileExtension", "methodReferences": {"py/set": []}, "py/object": "JavaParserVisitor.MethodInfo"}, "onActivityResult": {"memberReferences": {"py/set": ["imageUri", "uploadTask", "IMAGE_REQUEST", "storageReference"]}, "methodName": "onActivityResult", "methodReferences": {"py/set": ["uploadImage"]}, "py/object": "JavaParserVisitor.MethodInfo"}, "onCancelled": {"memberReferences": {"py/set": []}, "methodName": "onCancelled", "methodReferences": {"py/set": []}, "py/object": "JavaParserVisitor.MethodInfo"}, "onClick": {"memberReferences": {"py/set": ["IMAGE_REQUEST"]}, "methodName": "onClick", "methodReferences": {"py/set": ["openImage"]}, "py/object": "JavaParserVisitor.MethodInfo"}, "onComplete": {"memberReferences": {"py/set": ["reference"]}, "methodName": "onComplete", "methodReferences": {"py/set": []}, "py/object": "JavaParserVisitor.MethodInfo"}, "onCreateView": {"memberReferences": {"py/set": ["username", "fuser", "MR", "profile_tv", "edit_img", "storageReference", "image_profile", "MRR", "bio_et", "reference", "save"]}, "methodName": "onCreateView", "methodReferences": {"py/set": []}, "py/object": "JavaParserVisitor.MethodInfo"}, "onDataChange": {"memberReferences": {"py/set": ["image_profile", "username", "bio_et"]}, "methodName": "onDataChange", "methodReferences": {"py/set": []}, "py/object": "JavaParserVisitor.MethodInfo"}, "onFailure": {"memberReferences": {"py/set": []}, "methodName": "onFailure", "methodReferences": {"py/set": []}, "py/object": "JavaParserVisitor.MethodInfo"}, "openImage": {"memberReferences": {"py/set": ["IMAGE_REQUEST"]}, "methodName": "openImage", "methodReferences": {"py/set": []}, "py/object": "JavaParserVisitor.MethodInfo"}, "then": {"memberReferences": {"py/set": []}, "methodName": "then", "methodReferences": {"py/set": []}, "py/object": "JavaParserVisitor.MethodInfo"}, "uploadImage": {"memberReferences": {"py/set": ["imageUri", "uploadTask", "storageReference"]}, "methodName": "uploadImage", "methodReferences": {"py/set": ["getFileExtension"]}, "py/object": "JavaParserVisitor.MethodInfo"}}, "possibleFather": "Fragment", "py/object": "JavaParserVisitor.ClassInfo", "span": 202}, "RegisterActivity": {"className": "RegisterActivity", "members": {"py/set": ["password", "username", "MRR", "dialog", "btn_register", "email", "msg_reg_tv", "MR", "reference", "register_tv", "auth"]}, "methods": {"onClick": {"memberReferences": {"py/set": ["dialog"]}, "methodName": "onClick", "methodReferences": {"py/set": ["register"]}, "py/object": "JavaParserVisitor.MethodInfo"}, "onComplete": {"memberReferences": {"py/set": ["dialog"]}, "methodName": "onComplete", "methodReferences": {"py/set": []}, "py/object": "JavaParserVisitor.MethodInfo"}, "onCreate": {"memberReferences": {"py/set": ["password", "username", "MR", "email", "btn_register", "MRR", "msg_reg_tv", "register_tv", "auth"]}, "methodName": "onCreate", "methodReferences": {"py/set": []}, "py/object": "JavaParserVisitor.MethodInfo"}, "register": {"memberReferences": {"py/set": ["dialog"]}, "methodName": "register", "methodReferences": {"py/set": []}, "py/object": "JavaParserVisitor.MethodInfo"}}, "possibleFather": "AppCompatActivity", "py/object": "JavaParserVisitor.ClassInfo", "span": 97}, "ResetPasswordActivity": {"className": "ResetPasswordActivity", "members": {"py/set": ["hint_tv", "MRR", "MR", "firebaseAuth", "send_email", "btn_reset"]}, "methods": {"onClick": {"memberReferences": {"py/set": []}, "methodName": "onClick", "methodReferences": {"py/set": []}, "py/object": "JavaParserVisitor.MethodInfo"}, "onComplete": {"memberReferences": {"py/set": []}, "methodName": "onComplete", "methodReferences": {"py/set": []}, "py/object": "JavaParserVisitor.MethodInfo"}, "onCreate": {"memberReferences": {"py/set": ["hint_tv", "MRR", "MR", "firebaseAuth", "btn_reset", "send_email"]}, "methodName": "onCreate", "methodReferences": {"py/set": []}, "py/object": "JavaParserVisitor.MethodInfo"}}, "possibleFather": "AppCompatActivity", "py/object": "JavaParserVisitor.ClassInfo", "span": 48}, "Sender": {"className": "Sender", "members": {"py/set": ["data", "to"]}, "methods": {"Sender": {"memberReferences": {"py/set": ["data", "to"]}, "methodName": "Sender", "methodReferences": {"py/set": []}, "py/object": "JavaParserVisitor.MethodInfo"}}, "possibleFather": "", "py/object": "JavaParserVisitor.ClassInfo", "span": 6}, "StartActivity": {"className": "StartActivity", "members": {"py/set": ["login", "MRR", "MR", "register", "firebaseUser", "chat_title_tv"]}, "methods": {"onClick": {"memberReferences": {"py/set": []}, "methodName": "onClick", "methodReferences": {"py/set": []}, "py/object": "JavaParserVisitor.MethodInfo"}, "onCreate": {"memberReferences": {"py/set": ["login", "MRR", "MR", "register", "chat_title_tv"]}, "methodName": "onCreate", "methodReferences": {"py/set": []}, "py/object": "JavaParserVisitor.MethodInfo"}, "onStart": {"memberReferences": {"py/set": ["firebaseUser"]}, "methodName": "onStart", "methodReferences": {"py/set": []}, "py/object": "JavaParserVisitor.MethodInfo"}}, "possibleFather": "AppCompatActivity", "py/object": "JavaParserVisitor.ClassInfo", "span": 51}, "Token": {"className": "Token", "members": {"py/set": ["token"]}, "methods": {"Token": {"memberReferences": {"py/set": []}, "methodName": "Token", "methodReferences": {"py/set": []}, "py/object": "JavaParserVisitor.MethodInfo"}}, "possibleFather": "", "py/object": "JavaParserVisitor.ClassInfo", "span": 15}, "User": {"className": "User", "members": {"py/set": ["username", "status", "id", "imageURL", "search", "bio"]}, "methods": {"User": {"memberReferences": {"py/set": []}, "methodName": "User", "methodReferences": {"py/set": []}, "py/object": "JavaParserVisitor.MethodInfo"}, "getImageURL": {"memberReferences": {"py/set": ["imageURL"]}, "methodName": "getImageURL", "methodReferences": {"py/set": []}, "py/object": "JavaParserVisitor.MethodInfo"}, "setImageURL": {"memberReferences": {"py/set": ["imageURL"]}, "methodName": "setImageURL", "methodReferences": {"py/set": []}, "py/object": "JavaParserVisitor.MethodInfo"}}, "possibleFather": "", "py/object": "JavaParserVisitor.ClassInfo", "span": 68}, "UserAdapter": {"className": "UserAdapter", "members": {"py/set": ["onItemClick", "MRR", "mUsers", "MR", "ischat", "mContext", "theLastMessage"]}, "methods": {"UserAdapter": {"memberReferences": {"py/set": ["onItemClick", "MRR", "mUsers", "MR", "ischat", "mContext"]}, "methodName": "UserAdapter", "methodReferences": {"py/set": []}, "py/object": "JavaParserVisitor.MethodInfo"}, "getItemCount": {"memberReferences": {"py/set": []}, "methodName": "getItemCount", "methodReferences": {"py/set": []}, "py/object": "JavaParserVisitor.MethodInfo"}, "lastMessage": {"memberReferences": {"py/set": ["theLastMessage"]}, "methodName": "lastMessage", "methodReferences": {"py/set": []}, "py/object": "JavaParserVisitor.MethodInfo"}, "onBindViewHolder": {"memberReferences": {"py/set": ["MRR", "MR", "ischat", "theLastMessage"]}, "methodName": "onBindViewHolder", "methodReferences": {"py/set": ["lastMessage"]}, "py/object": "JavaParserVisitor.MethodInfo"}, "onCancelled": {"memberReferences": {"py/set": []}, "methodName": "onCancelled", "methodReferences": {"py/set": []}, "py/object": "JavaParserVisitor.MethodInfo"}, "onClick": {"memberReferences": {"py/set": ["onItemClick"]}, "methodName": "onClick", "methodReferences": {"py/set": []}, "py/object": "JavaParserVisitor.MethodInfo"}, "onCreateViewHolder": {"memberReferences": {"py/set": []}, "methodName": "onCreateViewHolder", "methodReferences": {"py/set": []}, "py/object": "JavaParserVisitor.MethodInfo"}, "onDataChange": {"memberReferences": {"py/set": ["theLastMessage"]}, "methodName": "onDataChange", "methodReferences": {"py/set": []}, "py/object": "JavaParserVisitor.MethodInfo"}}, "possibleFather": "RecyclerView.Adapter<UserAdapter.ViewHolder>", "py/object": "JavaParserVisitor.ClassInfo", "span": 138}, "UsersFragment": {"className": "UsersFragment", "members": {"py/set": ["onItemClick", "MRR", "mUsers", "frameLayout", "MR", "search_users", "recyclerView", "userAdapter", "es_title", "es_descp"]}, "methods": {"afterTextChanged": {"memberReferences": {"py/set": []}, "methodName": "afterTextChanged", "methodReferences": {"py/set": []}, "py/object": "JavaParserVisitor.MethodInfo"}, "beforeTextChanged": {"memberReferences": {"py/set": []}, "methodName": "beforeTextChanged", "methodReferences": {"py/set": []}, "py/object": "JavaParserVisitor.MethodInfo"}, "newInstance": {"memberReferences": {"py/set": ["onItemClick"]}, "methodName": "newInstance", "methodReferences": {"py/set": []}, "py/object": "JavaParserVisitor.MethodInfo"}, "onCancelled": {"memberReferences": {"py/set": []}, "methodName": "onCancelled", "methodReferences": {"py/set": []}, "py/object": "JavaParserVisitor.MethodInfo"}, "onCreateView": {"memberReferences": {"py/set": ["MR", "search_users", "recyclerView", "frameLayout", "MRR", "mUsers", "es_title", "es_descp"]}, "methodName": "onCreateView", "methodReferences": {"py/set": ["readUsers"]}, "py/object": "JavaParserVisitor.MethodInfo"}, "onDataChange": {"memberReferences": {"py/set": ["onItemClick", "mUsers", "userAdapter", "frameLayout"]}, "methodName": "onDataChange", "methodReferences": {"py/set": []}, "py/object": "JavaParserVisitor.MethodInfo"}, "onTextChanged": {"memberReferences": {"py/set": []}, "methodName": "onTextChanged", "methodReferences": {"py/set": ["searchUsers"]}, "py/object": "JavaParserVisitor.MethodInfo"}, "readUsers": {"memberReferences": {"py/set": []}, "methodName": "readUsers", "methodReferences": {"py/set": []}, "py/object": "JavaParserVisitor.MethodInfo"}, "searchUsers": {"memberReferences": {"py/set": []}, "methodName": "searchUsers", "methodReferences": {"py/set": []}, "py/object": "JavaParserVisitor.MethodInfo"}}, "possibleFather": "Fragment", "py/object": "JavaParserVisitor.ClassInfo", "span": 135}, "Utils": {"className": "Utils", "members": {"py/set": []}, "methods": {"hideKeyboard": {"memberReferences": {"py/set": []}, "methodName": "hideKeyboard", "methodReferences": {"py/set": []}, "py/object": "JavaParserVisitor.MethodInfo"}, "hideLoader": {"memberReferences": {"py/set": []}, "methodName": "hideLoader", "methodReferences": {"py/set": []}, "py/object": "JavaParserVisitor.MethodInfo"}, "showLoader": {"memberReferences": {"py/set": []}, "methodName": "showLoader", "methodReferences": {"py/set": []}, "py/object": "JavaParserVisitor.MethodInfo"}}, "possibleFather": "", "py/object": "JavaParserVisitor.ClassInfo", "span": 31}, "ViewHolder": {"className": "ViewHolder", "members": {"py/set": ["img_off", "username", "last_msg", "img_on", "profile_image"]}, "methods": {"ViewHolder": {"memberReferences": {"py/set": ["img_off", "username", "last_msg", "img_on", "profile_image"]}, "methodName": "ViewHolder", "methodReferences": {"py/set": []}, "py/object": "JavaParserVisitor.MethodInfo"}}, "possibleFather": "RecyclerView.ViewHolder", "py/object": "JavaParserVisitor.ClassInfo", "span": 15}, "ViewPagerAdapter": {"className": "ViewPagerAdapter", "members": {"py/set": ["fragments", "titles"]}, "methods": {"ViewPagerAdapter": {"memberReferences": {"py/set": ["fragments", "titles"]}, "methodName": "ViewPagerAdapter", "methodReferences": {"py/set": []}, "py/object": "JavaParserVisitor.MethodInfo"}, "addFragment": {"memberReferences": {"py/set": []}, "methodName": "addFragment", "methodReferences": {"py/set": []}, "py/object": "JavaParserVisitor.MethodInfo"}, "getCount": {"memberReferences": {"py/set": []}, "methodName": "getCount", "methodReferences": {"py/set": []}, "py/object": "JavaParserVisitor.MethodInfo"}, "getItem": {"memberReferences": {"py/set": []}, "methodName": "getItem", "methodReferences": {"py/set": []}, "py/object": "JavaParserVisitor.MethodInfo"}, "getPageTitle": {"memberReferences": {"py/set": []}, "methodName": "getPageTitle", "methodReferences": {"py/set": []}, "py/object": "JavaParserVisitor.MethodInfo"}}, "possibleFather": "FragmentPagerAdapter", "py/object": "JavaParserVisitor.ClassInfo", "span": 31}, "ViewProfileActivity": {"className": "ViewProfileActivity", "members": {"py/set": ["username", "bio_et", "reference", "uid", "profile_img", "mContext"]}, "methods": {"ViewProfileActivity": {"memberReferences": {"py/set": []}, "methodName": "ViewProfileActivity", "methodReferences": {"py/set": []}, "py/object": "JavaParserVisitor.MethodInfo"}, "newInstance": {"memberReferences": {"py/set": ["mContext"]}, "methodName": "newInstance", "methodReferences": {"py/set": []}, "py/object": "JavaParserVisitor.MethodInfo"}, "onCancelled": {"memberReferences": {"py/set": []}, "methodName": "onCancelled", "methodReferences": {"py/set": []}, "py/object": "JavaParserVisitor.MethodInfo"}, "onCreate": {"memberReferences": {"py/set": []}, "methodName": "onCreate", "methodReferences": {"py/set": []}, "py/object": "JavaParserVisitor.MethodInfo"}, "onCreateView": {"memberReferences": {"py/set": ["username", "bio_et", "reference", "uid", "profile_img"]}, "methodName": "onCreateView", "methodReferences": {"py/set": []}, "py/object": "JavaParserVisitor.MethodInfo"}, "onDataChange": {"memberReferences": {"py/set": ["username", "bio_et", "profile_img"]}, "methodName": "onDataChange", "methodReferences": {"py/set": []}, "py/object": "JavaParserVisitor.MethodInfo"}}, "possibleFather": "BottomSheetDialogFragment", "py/object": "JavaParserVisitor.ClassInfo", "span": 62}}