{"SCOM": {"py/object": "Statistics.InterestingStatistics", "classValues": [{"py/tuple": [0.0, 36]}, {"py/tuple": [0.0, 17]}, {"py/tuple": [0.0, 19]}, {"py/tuple": [1, 13]}, {"py/tuple": [0.0, 116]}, {"py/tuple": [0.0, 50]}, {"py/tuple": [0.0, 33]}, {"py/tuple": [0.0, 38]}, {"py/tuple": [0.0, 32]}, {"py/tuple": [0.0, 36]}, {"py/tuple": [0.0, 70]}, {"py/tuple": [0.1111111111111111, 31]}, {"py/tuple": [0.0, 86]}, {"py/tuple": [0.5, 60]}, {"py/tuple": [0.3793650793650794, 162]}, {"py/tuple": [0.0, 25]}, {"py/tuple": [0.5, 23]}, {"py/tuple": [0.0, 31]}]}, "LSCC": {"py/object": "Statistics.InterestingStatistics", "classValues": [{"py/tuple": [0, 36]}, {"py/tuple": [0, 17]}, {"py/tuple": [0, 19]}, {"py/tuple": [1, 13]}, {"py/tuple": [0.0, 116]}, {"py/tuple": [0, 50]}, {"py/tuple": [0, 33]}, {"py/tuple": [0, 38]}, {"py/tuple": [0, 32]}, {"py/tuple": [0, 36]}, {"py/tuple": [0, 70]}, {"py/tuple": [0.1111111111111111, 31]}, {"py/tuple": [0, 86]}, {"py/tuple": [0.5, 60]}, {"py/tuple": [0.35079365079365077, 162]}, {"py/tuple": [0, 25]}, {"py/tuple": [0.3, 23]}, {"py/tuple": [0, 31]}]}, "CC": {"py/object": "Statistics.InterestingStatistics", "classValues": [{"py/tuple": [1, 36]}, {"py/tuple": [1, 17]}, {"py/tuple": [1, 19]}, {"py/tuple": [1, 13]}, {"py/tuple": [0.0, 116]}, {"py/tuple": [1, 50]}, {"py/tuple": [1, 33]}, {"py/tuple": [1, 38]}, {"py/tuple": [1, 32]}, {"py/tuple": [1, 36]}, {"py/tuple": [1, 70]}, {"py/tuple": [0.3333333333333333, 31]}, {"py/tuple": [1, 86]}, {"py/tuple": [0.5, 60]}, {"py/tuple": [0.48952380952380936, 162]}, {"py/tuple": [1, 25]}, {"py/tuple": [0.4, 23]}, {"py/tuple": [1, 31]}]}, "LCOM5": {"py/object": "Statistics.InterestingStatistics", "classValues": [{"py/tuple": [0, 36]}, {"py/tuple": [0, 17]}, {"py/tuple": [0, 19]}, {"py/tuple": [0, 13]}, {"py/tuple": [1.0, 116]}, {"py/tuple": [0, 50]}, {"py/tuple": [0, 33]}, {"py/tuple": [0, 38]}, {"py/tuple": [0, 32]}, {"py/tuple": [0, 36]}, {"py/tuple": [0, 70]}, {"py/tuple": [0.6666666666666667, 31]}, {"py/tuple": [0, 86]}, {"py/tuple": [0.25, 60]}, {"py/tuple": [0.48888888888888893, 162]}, {"py/tuple": [0, 25]}, {"py/tuple": [0.4, 23]}, {"py/tuple": [0, 31]}]}, "CBAMU": {"py/object": "Statistics.InterestingStatistics", "classValues": [{"py/tuple": [0.08333333333333333, 36]}, {"py/tuple": [0.25, 17]}, {"py/tuple": [0.25, 19]}, {"py/tuple": [0.0, 13]}, {"py/tuple": [0.09523809523809523, 116]}, {"py/tuple": [0.20833333333333334, 50]}, {"py/tuple": [0.25, 33]}, {"py/tuple": [0.25, 38]}, {"py/tuple": [0.25, 32]}, {"py/tuple": [0.08333333333333333, 36]}, {"py/tuple": [0.16666666666666666, 70]}, {"py/tuple": [0.16666666666666666, 31]}, {"py/tuple": [0.0, 86]}, {"py/tuple": [0.625, 60]}, {"py/tuple": [0.3484126984126984, 162]}, {"py/tuple": [0.25, 25]}, {"py/tuple": [0.3, 23]}, {"py/tuple": [0.25, 31]}]}}