{"id": 181012406, "node_id": "MDEwOlJlcG9zaXRvcnkxODEwMTI0MDY=", "name": "mall-learning", "full_name": "macrozheng/mall-learning", "private": false, "owner": {"login": "macrozheng", "id": 15903809, "node_id": "MDQ6VXNlcjE1OTAzODA5", "avatar_url": "https://avatars.githubusercontent.com/u/15903809?v=4", "gravatar_id": "", "url": "https://api.github.com/users/macrozheng", "html_url": "https://github.com/macrozheng", "followers_url": "https://api.github.com/users/macrozheng/followers", "following_url": "https://api.github.com/users/macrozheng/following{/other_user}", "gists_url": "https://api.github.com/users/macrozheng/gists{/gist_id}", "starred_url": "https://api.github.com/users/macrozheng/starred{/owner}{/repo}", "subscriptions_url": "https://api.github.com/users/macrozheng/subscriptions", "organizations_url": "https://api.github.com/users/macrozheng/orgs", "repos_url": "https://api.github.com/users/macrozheng/repos", "events_url": "https://api.github.com/users/macrozheng/events{/privacy}", "received_events_url": "https://api.github.com/users/macrozheng/received_events", "type": "User", "site_admin": false}, "html_url": "https://github.com/macrozheng/mall-learning", "description": "mall\u5b66\u4e60\u6559\u7a0b\uff0c\u67b6\u6784\u3001\u4e1a\u52a1\u3001\u6280\u672f\u8981\u70b9\u5168\u65b9\u4f4d\u89e3\u6790\u3002mall\u9879\u76ee\uff0840k+star\uff09\u662f\u4e00\u5957\u7535\u5546\u7cfb\u7edf\uff0c\u4f7f\u7528\u73b0\u9636\u6bb5\u4e3b\u6d41\u6280\u672f\u5b9e\u73b0\u3002\u6db5\u76d6\u4e86SpringBoot 2.3.0\u3001MyBatis 3.4.6\u3001Elasticsearch 7.6.2\u3001RabbitMQ 3.7.15\u3001Redis 5.0\u3001MongoDB 4.2.5\u3001Mysql5.7\u7b49\u6280\u672f\uff0c\u91c7\u7528Docker\u5bb9\u5668\u5316\u90e8\u7f72\u3002", "fork": false, "url": "https://api.github.com/repos/macrozheng/mall-learning", "forks_url": "https://api.github.com/repos/macrozheng/mall-learning/forks", "keys_url": "https://api.github.com/repos/macrozheng/mall-learning/keys{/key_id}", "collaborators_url": "https://api.github.com/repos/macrozheng/mall-learning/collaborators{/collaborator}", "teams_url": "https://api.github.com/repos/macrozheng/mall-learning/teams", "hooks_url": "https://api.github.com/repos/macrozheng/mall-learning/hooks", "issue_events_url": "https://api.github.com/repos/macrozheng/mall-learning/issues/events{/number}", "events_url": "https://api.github.com/repos/macrozheng/mall-learning/events", "assignees_url": "https://api.github.com/repos/macrozheng/mall-learning/assignees{/user}", "branches_url": "https://api.github.com/repos/macrozheng/mall-learning/branches{/branch}", "tags_url": "https://api.github.com/repos/macrozheng/mall-learning/tags", "blobs_url": "https://api.github.com/repos/macrozheng/mall-learning/git/blobs{/sha}", "git_tags_url": "https://api.github.com/repos/macrozheng/mall-learning/git/tags{/sha}", "git_refs_url": "https://api.github.com/repos/macrozheng/mall-learning/git/refs{/sha}", "trees_url": "https://api.github.com/repos/macrozheng/mall-learning/git/trees{/sha}", "statuses_url": "https://api.github.com/repos/macrozheng/mall-learning/statuses/{sha}", "languages_url": "https://api.github.com/repos/macrozheng/mall-learning/languages", "stargazers_url": "https://api.github.com/repos/macrozheng/mall-learning/stargazers", "contributors_url": "https://api.github.com/repos/macrozheng/mall-learning/contributors", "subscribers_url": "https://api.github.com/repos/macrozheng/mall-learning/subscribers", "subscription_url": "https://api.github.com/repos/macrozheng/mall-learning/subscription", "commits_url": "https://api.github.com/repos/macrozheng/mall-learning/commits{/sha}", "git_commits_url": "https://api.github.com/repos/macrozheng/mall-learning/git/commits{/sha}", "comments_url": "https://api.github.com/repos/macrozheng/mall-learning/comments{/number}", "issue_comment_url": "https://api.github.com/repos/macrozheng/mall-learning/issues/comments{/number}", "contents_url": "https://api.github.com/repos/macrozheng/mall-learning/contents/{+path}", "compare_url": "https://api.github.com/repos/macrozheng/mall-learning/compare/{base}...{head}", "merges_url": "https://api.github.com/repos/macrozheng/mall-learning/merges", "archive_url": "https://api.github.com/repos/macrozheng/mall-learning/{archive_format}{/ref}", "downloads_url": "https://api.github.com/repos/macrozheng/mall-learning/downloads", "issues_url": "https://api.github.com/repos/macrozheng/mall-learning/issues{/number}", "pulls_url": "https://api.github.com/repos/macrozheng/mall-learning/pulls{/number}", "milestones_url": "https://api.github.com/repos/macrozheng/mall-learning/milestones{/number}", "notifications_url": "https://api.github.com/repos/macrozheng/mall-learning/notifications{?since,all,participating}", "labels_url": "https://api.github.com/repos/macrozheng/mall-learning/labels{/name}", "releases_url": "https://api.github.com/repos/macrozheng/mall-learning/releases{/id}", "deployments_url": "https://api.github.com/repos/macrozheng/mall-learning/deployments", "created_at": "2019-04-12T13:20:31Z", "updated_at": "2021-12-15T12:56:58Z", "pushed_at": "2021-11-09T12:44:04Z", "git_url": "git://github.com/macrozheng/mall-learning.git", "ssh_url": "git@github.com:macrozheng/mall-learning.git", "clone_url": "https://github.com/macrozheng/mall-learning.git", "svn_url": "https://github.com/macrozheng/mall-learning", "homepage": "http://www.macrozheng.com", "size": 39155, "stargazers_count": 10209, "watchers_count": 10209, "language": "Java", "has_issues": true, "has_projects": true, "has_downloads": true, "has_wiki": true, "has_pages": true, "forks_count": 7188, "mirror_url": null, "archived": false, "disabled": false, "open_issues_count": 8, "license": {"key": "apache-2.0", "name": "Apache License 2.0", "spdx_id": "Apache-2.0", "url": "https://api.github.com/licenses/apache-2.0", "node_id": "MDc6TGljZW5zZTI="}, "allow_forking": true, "is_template": false, "topics": ["docker", "elasticsearch", "mongodb", "mybatis", "mysql", "rabbitmq", "redis", "springboot", "springcloud"], "visibility": "public", "forks": 7188, "open_issues": 8, "watchers": 10209, "default_branch": "master", "score": 1.0, "__project_size": 90318949, "__java_files_sizes": 4509743, "__java_files_loc": 146693, "contributors_url_calculated": 1, "commits_url_calculated": 512}