{"SCOM": {"py/object": "Statistics.InterestingStatistics", "classValues": [{"py/tuple": [0.0, 82]}, {"py/tuple": [1, 26]}, {"py/tuple": [1, 21]}, {"py/tuple": [0.014814814814814814, 102]}, {"py/tuple": [1, 28]}, {"py/tuple": [0.0, 78]}, {"py/tuple": [1, 48]}, {"py/tuple": [1, 28]}, {"py/tuple": [1, 14]}, {"py/tuple": [0.0, 54]}, {"py/tuple": [0.0, 9]}, {"py/tuple": [1, 17]}]}, "LSCC": {"py/object": "Statistics.InterestingStatistics", "classValues": [{"py/tuple": [0.0, 82]}, {"py/tuple": [1, 26]}, {"py/tuple": [1, 21]}, {"py/tuple": [0.007407407407407408, 102]}, {"py/tuple": [1, 28]}, {"py/tuple": [0.0, 78]}, {"py/tuple": [1, 48]}, {"py/tuple": [1, 28]}, {"py/tuple": [1, 14]}, {"py/tuple": [0.0, 54]}, {"py/tuple": [0, 9]}, {"py/tuple": [1, 17]}]}, "CC": {"py/object": "Statistics.InterestingStatistics", "classValues": [{"py/tuple": [0.0, 82]}, {"py/tuple": [1, 26]}, {"py/tuple": [1, 21]}, {"py/tuple": [0.011111111111111112, 102]}, {"py/tuple": [1, 28]}, {"py/tuple": [0.0, 78]}, {"py/tuple": [1, 48]}, {"py/tuple": [1, 28]}, {"py/tuple": [1, 14]}, {"py/tuple": [0.0, 54]}, {"py/tuple": [1, 9]}, {"py/tuple": [1, 17]}]}, "LCOM5": {"py/object": "Statistics.InterestingStatistics", "classValues": [{"py/tuple": [1.0, 82]}, {"py/tuple": [1.0, 26]}, {"py/tuple": [0, 21]}, {"py/tuple": [0.9, 102]}, {"py/tuple": [0, 28]}, {"py/tuple": [0.75, 78]}, {"py/tuple": [0.19999999999999996, 48]}, {"py/tuple": [0, 28]}, {"py/tuple": [0, 14]}, {"py/tuple": [1.0, 54]}, {"py/tuple": [0, 9]}, {"py/tuple": [0, 17]}]}, "CBAMU": {"py/object": "Statistics.InterestingStatistics", "classValues": [{"py/tuple": [0.0, 82]}, {"py/tuple": [0.0, 26]}, {"py/tuple": [0.0, 21]}, {"py/tuple": [0.05555555555555556, 102]}, {"py/tuple": [0.0, 28]}, {"py/tuple": [0.125, 78]}, {"py/tuple": [0.4, 48]}, {"py/tuple": [0.0, 28]}, {"py/tuple": [0.0, 14]}, {"py/tuple": [0.25, 54]}, {"py/tuple": [0.0, 9]}, {"py/tuple": [0.0, 17]}]}}