{"id": 18946033, "node_id": "MDEwOlJlcG9zaXRvcnkxODk0NjAzMw==", "name": "elasticsearch-imap", "full_name": "salyh/elasticsearch-imap", "private": false, "owner": {"login": "salyh", "id": 3762447, "node_id": "MDQ6VXNlcjM3NjI0NDc=", "avatar_url": "https://avatars.githubusercontent.com/u/3762447?v=4", "gravatar_id": "", "url": "https://api.github.com/users/salyh", "html_url": "https://github.com/salyh", "followers_url": "https://api.github.com/users/salyh/followers", "following_url": "https://api.github.com/users/salyh/following{/other_user}", "gists_url": "https://api.github.com/users/salyh/gists{/gist_id}", "starred_url": "https://api.github.com/users/salyh/starred{/owner}{/repo}", "subscriptions_url": "https://api.github.com/users/salyh/subscriptions", "organizations_url": "https://api.github.com/users/salyh/orgs", "repos_url": "https://api.github.com/users/salyh/repos", "events_url": "https://api.github.com/users/salyh/events{/privacy}", "received_events_url": "https://api.github.com/users/salyh/received_events", "type": "User", "site_admin": false}, "html_url": "https://github.com/salyh/elasticsearch-imap", "description": "IMAP and POP3 email importer for Elasticsearch (no river anymore)", "fork": false, "url": "https://api.github.com/repos/salyh/elasticsearch-imap", "forks_url": "https://api.github.com/repos/salyh/elasticsearch-imap/forks", "keys_url": "https://api.github.com/repos/salyh/elasticsearch-imap/keys{/key_id}", "collaborators_url": "https://api.github.com/repos/salyh/elasticsearch-imap/collaborators{/collaborator}", "teams_url": "https://api.github.com/repos/salyh/elasticsearch-imap/teams", "hooks_url": "https://api.github.com/repos/salyh/elasticsearch-imap/hooks", "issue_events_url": "https://api.github.com/repos/salyh/elasticsearch-imap/issues/events{/number}", "events_url": "https://api.github.com/repos/salyh/elasticsearch-imap/events", "assignees_url": "https://api.github.com/repos/salyh/elasticsearch-imap/assignees{/user}", "branches_url": "https://api.github.com/repos/salyh/elasticsearch-imap/branches{/branch}", "tags_url": "https://api.github.com/repos/salyh/elasticsearch-imap/tags", "blobs_url": "https://api.github.com/repos/salyh/elasticsearch-imap/git/blobs{/sha}", "git_tags_url": "https://api.github.com/repos/salyh/elasticsearch-imap/git/tags{/sha}", "git_refs_url": "https://api.github.com/repos/salyh/elasticsearch-imap/git/refs{/sha}", "trees_url": "https://api.github.com/repos/salyh/elasticsearch-imap/git/trees{/sha}", "statuses_url": "https://api.github.com/repos/salyh/elasticsearch-imap/statuses/{sha}", "languages_url": "https://api.github.com/repos/salyh/elasticsearch-imap/languages", "stargazers_url": "https://api.github.com/repos/salyh/elasticsearch-imap/stargazers", "contributors_url": "https://api.github.com/repos/salyh/elasticsearch-imap/contributors", "subscribers_url": "https://api.github.com/repos/salyh/elasticsearch-imap/subscribers", "subscription_url": "https://api.github.com/repos/salyh/elasticsearch-imap/subscription", "commits_url": "https://api.github.com/repos/salyh/elasticsearch-imap/commits{/sha}", "git_commits_url": "https://api.github.com/repos/salyh/elasticsearch-imap/git/commits{/sha}", "comments_url": "https://api.github.com/repos/salyh/elasticsearch-imap/comments{/number}", "issue_comment_url": "https://api.github.com/repos/salyh/elasticsearch-imap/issues/comments{/number}", "contents_url": "https://api.github.com/repos/salyh/elasticsearch-imap/contents/{+path}", "compare_url": "https://api.github.com/repos/salyh/elasticsearch-imap/compare/{base}...{head}", "merges_url": "https://api.github.com/repos/salyh/elasticsearch-imap/merges", "archive_url": "https://api.github.com/repos/salyh/elasticsearch-imap/{archive_format}{/ref}", "downloads_url": "https://api.github.com/repos/salyh/elasticsearch-imap/downloads", "issues_url": "https://api.github.com/repos/salyh/elasticsearch-imap/issues{/number}", "pulls_url": "https://api.github.com/repos/salyh/elasticsearch-imap/pulls{/number}", "milestones_url": "https://api.github.com/repos/salyh/elasticsearch-imap/milestones{/number}", "notifications_url": "https://api.github.com/repos/salyh/elasticsearch-imap/notifications{?since,all,participating}", "labels_url": "https://api.github.com/repos/salyh/elasticsearch-imap/labels{/name}", "releases_url": "https://api.github.com/repos/salyh/elasticsearch-imap/releases{/id}", "deployments_url": "https://api.github.com/repos/salyh/elasticsearch-imap/deployments", "created_at": "2014-04-19T17:01:13Z", "updated_at": "2021-08-29T11:06:04Z", "pushed_at": "2017-03-25T09:59:13Z", "git_url": "git://github.com/salyh/elasticsearch-imap.git", "ssh_url": "git@github.com:salyh/elasticsearch-imap.git", "clone_url": "https://github.com/salyh/elasticsearch-imap.git", "svn_url": "https://github.com/salyh/elasticsearch-imap", "homepage": "", "size": 855, "stargazers_count": 106, "watchers_count": 106, "language": "Java", "has_issues": true, "has_projects": true, "has_downloads": true, "has_wiki": true, "has_pages": true, "forks_count": 24, "mirror_url": null, "archived": false, "disabled": false, "open_issues_count": 4, "license": {"key": "apache-2.0", "name": "Apache License 2.0", "spdx_id": "Apache-2.0", "url": "https://api.github.com/licenses/apache-2.0", "node_id": "MDc6TGljZW5zZTI="}, "allow_forking": true, "is_template": false, "topics": [], "visibility": "public", "forks": 24, "open_issues": 4, "watchers": 106, "default_branch": "master", "score": 1.0, "__project_size": 1463803, "__java_files_sizes": 207438, "__java_files_loc": 5746, "contributors_url_calculated": 3, "commits_url_calculated": 71}