{"id": 195184073, "node_id": "MDEwOlJlcG9zaXRvcnkxOTUxODQwNzM=", "name": "a51-android-pemula-labs", "full_name": "dicodingacademy/a51-android-pemula-labs", "private": false, "owner": {"login": "dicodingacademy", "id": 22091590, "node_id": "MDEyOk9yZ2FuaXphdGlvbjIyMDkxNTkw", "avatar_url": "https://avatars.githubusercontent.com/u/22091590?v=4", "gravatar_id": "", "url": "https://api.github.com/users/dicodingacademy", "html_url": "https://github.com/dicodingacademy", "followers_url": "https://api.github.com/users/dicodingacademy/followers", "following_url": "https://api.github.com/users/dicodingacademy/following{/other_user}", "gists_url": "https://api.github.com/users/dicodingacademy/gists{/gist_id}", "starred_url": "https://api.github.com/users/dicodingacademy/starred{/owner}{/repo}", "subscriptions_url": "https://api.github.com/users/dicodingacademy/subscriptions", "organizations_url": "https://api.github.com/users/dicodingacademy/orgs", "repos_url": "https://api.github.com/users/dicodingacademy/repos", "events_url": "https://api.github.com/users/dicodingacademy/events{/privacy}", "received_events_url": "https://api.github.com/users/dicodingacademy/received_events", "type": "Organization", "site_admin": false}, "html_url": "https://github.com/dicodingacademy/a51-android-pemula-labs", "description": "Android Pemula", "fork": false, "url": "https://api.github.com/repos/dicodingacademy/a51-android-pemula-labs", "forks_url": "https://api.github.com/repos/dicodingacademy/a51-android-pemula-labs/forks", "keys_url": "https://api.github.com/repos/dicodingacademy/a51-android-pemula-labs/keys{/key_id}", "collaborators_url": "https://api.github.com/repos/dicodingacademy/a51-android-pemula-labs/collaborators{/collaborator}", "teams_url": "https://api.github.com/repos/dicodingacademy/a51-android-pemula-labs/teams", "hooks_url": "https://api.github.com/repos/dicodingacademy/a51-android-pemula-labs/hooks", "issue_events_url": "https://api.github.com/repos/dicodingacademy/a51-android-pemula-labs/issues/events{/number}", "events_url": "https://api.github.com/repos/dicodingacademy/a51-android-pemula-labs/events", "assignees_url": "https://api.github.com/repos/dicodingacademy/a51-android-pemula-labs/assignees{/user}", "branches_url": "https://api.github.com/repos/dicodingacademy/a51-android-pemula-labs/branches{/branch}", "tags_url": "https://api.github.com/repos/dicodingacademy/a51-android-pemula-labs/tags", "blobs_url": "https://api.github.com/repos/dicodingacademy/a51-android-pemula-labs/git/blobs{/sha}", "git_tags_url": "https://api.github.com/repos/dicodingacademy/a51-android-pemula-labs/git/tags{/sha}", "git_refs_url": "https://api.github.com/repos/dicodingacademy/a51-android-pemula-labs/git/refs{/sha}", "trees_url": "https://api.github.com/repos/dicodingacademy/a51-android-pemula-labs/git/trees{/sha}", "statuses_url": "https://api.github.com/repos/dicodingacademy/a51-android-pemula-labs/statuses/{sha}", "languages_url": "https://api.github.com/repos/dicodingacademy/a51-android-pemula-labs/languages", "stargazers_url": "https://api.github.com/repos/dicodingacademy/a51-android-pemula-labs/stargazers", "contributors_url": "https://api.github.com/repos/dicodingacademy/a51-android-pemula-labs/contributors", "subscribers_url": "https://api.github.com/repos/dicodingacademy/a51-android-pemula-labs/subscribers", "subscription_url": "https://api.github.com/repos/dicodingacademy/a51-android-pemula-labs/subscription", "commits_url": "https://api.github.com/repos/dicodingacademy/a51-android-pemula-labs/commits{/sha}", "git_commits_url": "https://api.github.com/repos/dicodingacademy/a51-android-pemula-labs/git/commits{/sha}", "comments_url": "https://api.github.com/repos/dicodingacademy/a51-android-pemula-labs/comments{/number}", "issue_comment_url": "https://api.github.com/repos/dicodingacademy/a51-android-pemula-labs/issues/comments{/number}", "contents_url": "https://api.github.com/repos/dicodingacademy/a51-android-pemula-labs/contents/{+path}", "compare_url": "https://api.github.com/repos/dicodingacademy/a51-android-pemula-labs/compare/{base}...{head}", "merges_url": "https://api.github.com/repos/dicodingacademy/a51-android-pemula-labs/merges", "archive_url": "https://api.github.com/repos/dicodingacademy/a51-android-pemula-labs/{archive_format}{/ref}", "downloads_url": "https://api.github.com/repos/dicodingacademy/a51-android-pemula-labs/downloads", "issues_url": "https://api.github.com/repos/dicodingacademy/a51-android-pemula-labs/issues{/number}", "pulls_url": "https://api.github.com/repos/dicodingacademy/a51-android-pemula-labs/pulls{/number}", "milestones_url": "https://api.github.com/repos/dicodingacademy/a51-android-pemula-labs/milestones{/number}", "notifications_url": "https://api.github.com/repos/dicodingacademy/a51-android-pemula-labs/notifications{?since,all,participating}", "labels_url": "https://api.github.com/repos/dicodingacademy/a51-android-pemula-labs/labels{/name}", "releases_url": "https://api.github.com/repos/dicodingacademy/a51-android-pemula-labs/releases{/id}", "deployments_url": "https://api.github.com/repos/dicodingacademy/a51-android-pemula-labs/deployments", "created_at": "2019-07-04T06:43:04Z", "updated_at": "2022-03-04T16:51:49Z", "pushed_at": "2021-12-24T01:28:59Z", "git_url": "git://github.com/dicodingacademy/a51-android-pemula-labs.git", "ssh_url": "git@github.com:dicodingacademy/a51-android-pemula-labs.git", "clone_url": "https://github.com/dicodingacademy/a51-android-pemula-labs.git", "svn_url": "https://github.com/dicodingacademy/a51-android-pemula-labs", "homepage": null, "size": 4864, "stargazers_count": 102, "watchers_count": 102, "language": "Java", "has_issues": true, "has_projects": true, "has_downloads": true, "has_wiki": true, "has_pages": false, "forks_count": 704, "mirror_url": null, "archived": false, "disabled": false, "open_issues_count": 4, "license": null, "allow_forking": true, "is_template": false, "topics": [], "visibility": "public", "forks": 704, "open_issues": 4, "watchers": 102, "default_branch": "master", "score": 1.0, "__project_size": 10138317, "__java_files_sizes": 30655, "__java_files_loc": 835, "contributors_url_calculated": 4, "commits_url_calculated": 42}