{"CardViewHeroAdapter": {"className": "CardViewHeroAdapter", "members": {"py/set": ["listHero"]}, "methods": {"CardViewHeroAdapter": {"memberReferences": {"py/set": ["listHero"]}, "methodName": "CardViewHeroAdapter", "methodReferences": {"py/set": []}, "py/object": "JavaParserVisitor.MethodInfo"}, "getItemCount": {"memberReferences": {"py/set": []}, "methodName": "getItemCount", "methodReferences": {"py/set": []}, "py/object": "JavaParserVisitor.MethodInfo"}, "onBindViewHolder": {"memberReferences": {"py/set": []}, "methodName": "onBindViewHolder", "methodReferences": {"py/set": []}, "py/object": "JavaParserVisitor.MethodInfo"}, "onClick": {"memberReferences": {"py/set": ["listHero"]}, "methodName": "onClick", "methodReferences": {"py/set": []}, "py/object": "JavaParserVisitor.MethodInfo"}, "onCreateViewHolder": {"memberReferences": {"py/set": []}, "methodName": "onCreateViewHolder", "methodReferences": {"py/set": []}, "py/object": "JavaParserVisitor.MethodInfo"}}, "possibleFather": "RecyclerView.Adapter<CardViewHeroAdapter.CardViewViewHolder>", "py/object": "JavaParserVisitor.ClassInfo", "span": 67}, "CardViewViewHolder": {"className": "CardViewViewHolder", "members": {"py/set": ["tvName", "imgPhoto", "btnFavorite", "btnShare", "tvDetail"]}, "methods": {"CardViewViewHolder": {"memberReferences": {"py/set": ["tvName", "imgPhoto", "btnFavorite", "btnShare", "tvDetail"]}, "methodName": "CardViewViewHolder", "methodReferences": {"py/set": []}, "py/object": "JavaParserVisitor.MethodInfo"}}, "possibleFather": "RecyclerView.ViewHolder", "py/object": "JavaParserVisitor.ClassInfo", "span": 11}, "ExampleInstrumentedTest": {"className": "ExampleInstrumentedTest", "members": {"py/set": []}, "methods": {"useAppContext": {"memberReferences": {"py/set": []}, "methodName": "useAppContext", "methodReferences": {"py/set": []}, "py/object": "JavaParserVisitor.MethodInfo"}}, "possibleFather": "", "py/object": "JavaParserVisitor.ClassInfo", "span": 6}, "ExampleUnitTest": {"className": "ExampleUnitTest", "members": {"py/set": []}, "methods": {"addition_isCorrect": {"memberReferences": {"py/set": []}, "methodName": "addition_isCorrect", "methodReferences": {"py/set": []}, "py/object": "JavaParserVisitor.MethodInfo"}}, "possibleFather": "", "py/object": "JavaParserVisitor.ClassInfo", "span": 3}, "GridHeroAdapter": {"className": "GridHeroAdapter", "members": {"py/set": ["onItemClickCallback", "listHero"]}, "methods": {"GridHeroAdapter": {"memberReferences": {"py/set": ["listHero"]}, "methodName": "GridHeroAdapter", "methodReferences": {"py/set": []}, "py/object": "JavaParserVisitor.MethodInfo"}, "getItemCount": {"memberReferences": {"py/set": []}, "methodName": "getItemCount", "methodReferences": {"py/set": []}, "py/object": "JavaParserVisitor.MethodInfo"}, "onBindViewHolder": {"memberReferences": {"py/set": []}, "methodName": "onBindViewHolder", "methodReferences": {"py/set": []}, "py/object": "JavaParserVisitor.MethodInfo"}, "onClick": {"memberReferences": {"py/set": ["onItemClickCallback", "listHero"]}, "methodName": "onClick", "methodReferences": {"py/set": ["onItemClicked"]}, "py/object": "JavaParserVisitor.MethodInfo"}, "onCreateViewHolder": {"memberReferences": {"py/set": []}, "methodName": "onCreateViewHolder", "methodReferences": {"py/set": []}, "py/object": "JavaParserVisitor.MethodInfo"}, "onItemClicked": {"memberReferences": {"py/set": []}, "methodName": "onItemClicked", "methodReferences": {"py/set": []}, "py/object": "JavaParserVisitor.MethodInfo"}, "setOnItemClickCallback": {"memberReferences": {"py/set": ["onItemClickCallback"]}, "methodName": "setOnItemClickCallback", "methodReferences": {"py/set": []}, "py/object": "JavaParserVisitor.MethodInfo"}}, "possibleFather": "RecyclerView.Adapter<GridHeroAdapter.GridViewHolder>", "py/object": "JavaParserVisitor.ClassInfo", "span": 48}, "GridViewHolder": {"className": "GridViewHolder", "members": {"py/set": ["imgPhoto"]}, "methods": {"GridViewHolder": {"memberReferences": {"py/set": ["imgPhoto"]}, "methodName": "GridViewHolder", "methodReferences": {"py/set": []}, "py/object": "JavaParserVisitor.MethodInfo"}}, "possibleFather": "RecyclerView.ViewHolder", "py/object": "JavaParserVisitor.ClassInfo", "span": 5}, "Hero": {"className": "Hero", "members": {"py/set": ["photo", "name", "detail"]}, "methods": {}, "possibleFather": "", "py/object": "JavaParserVisitor.ClassInfo", "span": 26}, "HeroesData": {"className": "HeroesData", "members": {"py/set": ["heroesImages", "heroNames", "heroDetails"]}, "methods": {"getListData": {"memberReferences": {"py/set": ["heroNames"]}, "methodName": "getListData", "methodReferences": {"py/set": []}, "py/object": "JavaParserVisitor.MethodInfo"}}, "possibleFather": "", "py/object": "JavaParserVisitor.ClassInfo", "span": 49}, "ListHeroAdapter": {"className": "ListHeroAdapter", "members": {"py/set": ["onItemClickCallback", "listHero"]}, "methods": {"ListHeroAdapter": {"memberReferences": {"py/set": ["listHero"]}, "methodName": "ListHeroAdapter", "methodReferences": {"py/set": []}, "py/object": "JavaParserVisitor.MethodInfo"}, "getItemCount": {"memberReferences": {"py/set": []}, "methodName": "getItemCount", "methodReferences": {"py/set": []}, "py/object": "JavaParserVisitor.MethodInfo"}, "onBindViewHolder": {"memberReferences": {"py/set": []}, "methodName": "onBindViewHolder", "methodReferences": {"py/set": []}, "py/object": "JavaParserVisitor.MethodInfo"}, "onClick": {"memberReferences": {"py/set": ["onItemClickCallback", "listHero"]}, "methodName": "onClick", "methodReferences": {"py/set": ["onItemClicked"]}, "py/object": "JavaParserVisitor.MethodInfo"}, "onCreateViewHolder": {"memberReferences": {"py/set": []}, "methodName": "onCreateViewHolder", "methodReferences": {"py/set": []}, "py/object": "JavaParserVisitor.MethodInfo"}, "onItemClicked": {"memberReferences": {"py/set": []}, "methodName": "onItemClicked", "methodReferences": {"py/set": []}, "py/object": "JavaParserVisitor.MethodInfo"}, "setOnItemClickCallback": {"memberReferences": {"py/set": ["onItemClickCallback"]}, "methodName": "setOnItemClickCallback", "methodReferences": {"py/set": []}, "py/object": "JavaParserVisitor.MethodInfo"}}, "possibleFather": "RecyclerView.Adapter<ListHeroAdapter.ListViewHolder>", "py/object": "JavaParserVisitor.ClassInfo", "span": 58}, "ListViewHolder": {"className": "ListViewHolder", "members": {"py/set": ["imgPhoto", "tvName", "tvDetail"]}, "methods": {"ListViewHolder": {"memberReferences": {"py/set": ["tvName", "tvDetail", "imgPhoto"]}, "methodName": "ListViewHolder", "methodReferences": {"py/set": []}, "py/object": "JavaParserVisitor.MethodInfo"}}, "possibleFather": "RecyclerView.ViewHolder", "py/object": "JavaParserVisitor.ClassInfo", "span": 8}, "MainActivity": {"className": "MainActivity", "members": {"py/set": ["edtLength", "edtHeight", "tvResult", "btnCalculate", "STATE_RESULT", "edtWidth"]}, "methods": {"onClick": {"memberReferences": {"py/set": ["tvResult"]}, "methodName": "onClick", "methodReferences": {"py/set": []}, "py/object": "JavaParserVisitor.MethodInfo"}, "onCreate": {"memberReferences": {"py/set": ["edtLength", "edtHeight", "tvResult", "btnCalculate", "edtWidth"]}, "methodName": "onCreate", "methodReferences": {"py/set": []}, "py/object": "JavaParserVisitor.MethodInfo"}, "onSaveInstanceState": {"memberReferences": {"py/set": ["STATE_RESULT"]}, "methodName": "onSaveInstanceState", "methodReferences": {"py/set": []}, "py/object": "JavaParserVisitor.MethodInfo"}}, "possibleFather": "AppCompatActivity", "py/object": "JavaParserVisitor.ClassInfo", "span": 61}, "MoveActivity": {"className": "MoveActivity", "members": {"py/set": []}, "methods": {"onCreate": {"memberReferences": {"py/set": []}, "methodName": "onCreate", "methodReferences": {"py/set": []}, "py/object": "JavaParserVisitor.MethodInfo"}}, "possibleFather": "AppCompatActivity", "py/object": "JavaParserVisitor.ClassInfo", "span": 5}, "MoveWithDataActivity": {"className": "MoveWithDataActivity", "members": {"py/set": ["EXTRA_AGE", "EXTRA_NAME"]}, "methods": {"onCreate": {"memberReferences": {"py/set": ["EXTRA_NAME", "EXTRA_AGE"]}, "methodName": "onCreate", "methodReferences": {"py/set": []}, "py/object": "JavaParserVisitor.MethodInfo"}}, "possibleFather": "AppCompatActivity", "py/object": "JavaParserVisitor.ClassInfo", "span": 15}}