{"SCOM": {"py/object": "Statistics.InterestingStatistics", "classValues": [{"py/tuple": [0.0, 20]}, {"py/tuple": [0.022058823529411766, 337]}, {"py/tuple": [0.002886002886002886, 167]}, {"py/tuple": [1, 42]}, {"py/tuple": [1, 126]}, {"py/tuple": [1, 109]}, {"py/tuple": [0.3333333333333333, 35]}, {"py/tuple": [1, 8]}, {"py/tuple": [1, 20]}, {"py/tuple": [1, 52]}, {"py/tuple": [0.2846003898635475, 381]}, {"py/tuple": [0.24603174603174596, 106]}, {"py/tuple": [0.005291005291005291, 180]}, {"py/tuple": [1, 93]}, {"py/tuple": [1, 36]}, {"py/tuple": [1, 12]}, {"py/tuple": [0.5388888888888889, 88]}, {"py/tuple": [0.12222222222222222, 101]}, {"py/tuple": [0.3333333333333333, 48]}, {"py/tuple": [0.9166666666666666, 56]}, {"py/tuple": [0.1875, 158]}, {"py/tuple": [1, 11]}, {"py/tuple": [0.013605442176870748, 80]}, {"py/tuple": [0.00980392156862745, 400]}, {"py/tuple": [1, 0]}]}, "LSCC": {"py/object": "Statistics.InterestingStatistics", "classValues": [{"py/tuple": [0.0, 20]}, {"py/tuple": [0.022058823529411766, 337]}, {"py/tuple": [0.002886002886002886, 167]}, {"py/tuple": [1, 42]}, {"py/tuple": [1, 126]}, {"py/tuple": [1, 109]}, {"py/tuple": [0.1111111111111111, 35]}, {"py/tuple": [1, 8]}, {"py/tuple": [1, 20]}, {"py/tuple": [1, 52]}, {"py/tuple": [0.23586744639376217, 381]}, {"py/tuple": [0.1746031746031746, 106]}, {"py/tuple": [0.005291005291005291, 180]}, {"py/tuple": [1, 93]}, {"py/tuple": [1, 36]}, {"py/tuple": [1, 12]}, {"py/tuple": [0.25, 88]}, {"py/tuple": [0.08888888888888889, 101]}, {"py/tuple": [0.2222222222222222, 48]}, {"py/tuple": [0.6666666666666666, 56]}, {"py/tuple": [0.10416666666666667, 158]}, {"py/tuple": [1, 11]}, {"py/tuple": [0.013605442176870748, 80]}, {"py/tuple": [0.0056022408963585435, 400]}, {"py/tuple": [1, 0]}]}, "CC": {"py/object": "Statistics.InterestingStatistics", "classValues": [{"py/tuple": [0.0, 20]}, {"py/tuple": [0.022058823529411766, 337]}, {"py/tuple": [0.04329004329004329, 167]}, {"py/tuple": [1, 42]}, {"py/tuple": [1, 126]}, {"py/tuple": [1, 109]}, {"py/tuple": [0.1111111111111111, 35]}, {"py/tuple": [1, 8]}, {"py/tuple": [1, 20]}, {"py/tuple": [1, 52]}, {"py/tuple": [0.34697855750487333, 381]}, {"py/tuple": [0.39682539682539675, 106]}, {"py/tuple": [0.09523809523809523, 180]}, {"py/tuple": [1, 93]}, {"py/tuple": [1, 36]}, {"py/tuple": [1, 12]}, {"py/tuple": [0.3111111111111111, 88]}, {"py/tuple": [0.08888888888888888, 101]}, {"py/tuple": [0.2222222222222222, 48]}, {"py/tuple": [0.6666666666666666, 56]}, {"py/tuple": [0.13888888888888887, 158]}, {"py/tuple": [1, 11]}, {"py/tuple": [0.09523809523809523, 80]}, {"py/tuple": [0.02178649237472767, 400]}, {"py/tuple": [1, 0]}]}, "LCOM5": {"py/object": "Statistics.InterestingStatistics", "classValues": [{"py/tuple": [0.75, 20]}, {"py/tuple": [0.8235294117647058, 337]}, {"py/tuple": [0.9363636363636364, 167]}, {"py/tuple": [0, 42]}, {"py/tuple": [0, 126]}, {"py/tuple": [1.0, 109]}, {"py/tuple": [0.5555555555555556, 35]}, {"py/tuple": [1.0, 8]}, {"py/tuple": [0, 20]}, {"py/tuple": [1.0, 52]}, {"py/tuple": [0.5789473684210527, 381]}, {"py/tuple": [0.6190476190476191, 106]}, {"py/tuple": [0.9523809523809523, 180]}, {"py/tuple": [1.0, 93]}, {"py/tuple": [0, 36]}, {"py/tuple": [1.0, 12]}, {"py/tuple": [0.5, 88]}, {"py/tuple": [0.6666666666666667, 101]}, {"py/tuple": [0.4444444444444444, 48]}, {"py/tuple": [0.16666666666666663, 56]}, {"py/tuple": [0.6666666666666667, 158]}, {"py/tuple": [0, 11]}, {"py/tuple": [0.8775510204081632, 80]}, {"py/tuple": [0.9365079365079365, 400]}, {"py/tuple": [0, 0]}]}, "CBAMU": {"py/object": "Statistics.InterestingStatistics", "classValues": [{"py/tuple": [0.125, 20]}, {"py/tuple": [0.08823529411764706, 337]}, {"py/tuple": [0.031818181818181815, 167]}, {"py/tuple": [0.0, 42]}, {"py/tuple": [0.0, 126]}, {"py/tuple": [0.0, 109]}, {"py/tuple": [0.2222222222222222, 35]}, {"py/tuple": [0.0, 8]}, {"py/tuple": [0.0, 20]}, {"py/tuple": [0.0, 52]}, {"py/tuple": [0.2894736842105263, 381]}, {"py/tuple": [0.23809523809523808, 106]}, {"py/tuple": [0.023809523809523808, 180]}, {"py/tuple": [0.0, 93]}, {"py/tuple": [0.0, 36]}, {"py/tuple": [0.0, 12]}, {"py/tuple": [0.25, 88]}, {"py/tuple": [0.23333333333333334, 101]}, {"py/tuple": [0.2777777777777778, 48]}, {"py/tuple": [0.4166666666666667, 56]}, {"py/tuple": [0.24305555555555555, 158]}, {"py/tuple": [0.0, 11]}, {"py/tuple": [0.061224489795918366, 80]}, {"py/tuple": [0.05788982259570495, 400]}, {"py/tuple": [0.0, 0]}]}}