{"SCOM": {"py/object": "Statistics.InterestingStatistics", "classValues": [{"py/tuple": [1, 40]}, {"py/tuple": [1, 73]}, {"py/tuple": [0.0, 99]}, {"py/tuple": [1.0, 23]}, {"py/tuple": [0.0, 36]}, {"py/tuple": [0.17857142857142858, 97]}, {"py/tuple": [0.5555555555555555, 105]}, {"py/tuple": [0.0, 45]}, {"py/tuple": [0.0, 154]}, {"py/tuple": [0.16666666666666666, 90]}, {"py/tuple": [0.0, 28]}]}, "LSCC": {"py/object": "Statistics.InterestingStatistics", "classValues": [{"py/tuple": [1, 40]}, {"py/tuple": [1, 73]}, {"py/tuple": [0.0, 99]}, {"py/tuple": [1.0, 23]}, {"py/tuple": [0.0, 36]}, {"py/tuple": [0.10714285714285714, 97]}, {"py/tuple": [0.3333333333333333, 105]}, {"py/tuple": [0.0, 45]}, {"py/tuple": [0.0, 154]}, {"py/tuple": [0.13333333333333333, 90]}, {"py/tuple": [0, 28]}]}, "CC": {"py/object": "Statistics.InterestingStatistics", "classValues": [{"py/tuple": [1, 40]}, {"py/tuple": [1, 73]}, {"py/tuple": [0.0, 99]}, {"py/tuple": [1.0, 23]}, {"py/tuple": [0.0, 36]}, {"py/tuple": [0.14285714285714285, 97]}, {"py/tuple": [0.5, 105]}, {"py/tuple": [0.0, 45]}, {"py/tuple": [0.0, 154]}, {"py/tuple": [0.16666666666666666, 90]}, {"py/tuple": [1, 28]}]}, "LCOM5": {"py/object": "Statistics.InterestingStatistics", "classValues": [{"py/tuple": [0, 40]}, {"py/tuple": [0, 73]}, {"py/tuple": [0.9333333333333333, 99]}, {"py/tuple": [0.0, 23]}, {"py/tuple": [0.8, 36]}, {"py/tuple": [0.625, 97]}, {"py/tuple": [0.5, 105]}, {"py/tuple": [1.0, 45]}, {"py/tuple": [0.8888888888888888, 154]}, {"py/tuple": [0.6, 90]}, {"py/tuple": [0, 28]}]}, "CBAMU": {"py/object": "Statistics.InterestingStatistics", "classValues": [{"py/tuple": [0.0, 40]}, {"py/tuple": [0.0, 73]}, {"py/tuple": [0.03333333333333333, 99]}, {"py/tuple": [0.5, 23]}, {"py/tuple": [0.15000000000000002, 36]}, {"py/tuple": [0.21428571428571427, 97]}, {"py/tuple": [0.25, 105]}, {"py/tuple": [0.0, 45]}, {"py/tuple": [0.12222222222222222, 154]}, {"py/tuple": [0.2, 90]}, {"py/tuple": [0.0, 28]}]}}