{"id": 124687779, "node_id": "MDEwOlJlcG9zaXRvcnkxMjQ2ODc3Nzk=", "name": "FootballManagerSimulator", "full_name": "ElliotJBall/FootballManagerSimulator", "private": false, "owner": {"login": "ElliotJBall", "id": 29185603, "node_id": "MDQ6VXNlcjI5MTg1NjAz", "avatar_url": "https://avatars.githubusercontent.com/u/29185603?v=4", "gravatar_id": "", "url": "https://api.github.com/users/ElliotJBall", "html_url": "https://github.com/ElliotJBall", "followers_url": "https://api.github.com/users/ElliotJBall/followers", "following_url": "https://api.github.com/users/ElliotJBall/following{/other_user}", "gists_url": "https://api.github.com/users/ElliotJBall/gists{/gist_id}", "starred_url": "https://api.github.com/users/ElliotJBall/starred{/owner}{/repo}", "subscriptions_url": "https://api.github.com/users/ElliotJBall/subscriptions", "organizations_url": "https://api.github.com/users/ElliotJBall/orgs", "repos_url": "https://api.github.com/users/ElliotJBall/repos", "events_url": "https://api.github.com/users/ElliotJBall/events{/privacy}", "received_events_url": "https://api.github.com/users/ElliotJBall/received_events", "type": "User", "site_admin": false}, "html_url": "https://github.com/ElliotJBall/FootballManagerSimulator", "description": "A text based Football Manager game clone written in Java.", "fork": false, "url": "https://api.github.com/repos/ElliotJBall/FootballManagerSimulator", "forks_url": "https://api.github.com/repos/ElliotJBall/FootballManagerSimulator/forks", "keys_url": "https://api.github.com/repos/ElliotJBall/FootballManagerSimulator/keys{/key_id}", "collaborators_url": "https://api.github.com/repos/ElliotJBall/FootballManagerSimulator/collaborators{/collaborator}", "teams_url": "https://api.github.com/repos/ElliotJBall/FootballManagerSimulator/teams", "hooks_url": "https://api.github.com/repos/ElliotJBall/FootballManagerSimulator/hooks", "issue_events_url": "https://api.github.com/repos/ElliotJBall/FootballManagerSimulator/issues/events{/number}", "events_url": "https://api.github.com/repos/ElliotJBall/FootballManagerSimulator/events", "assignees_url": "https://api.github.com/repos/ElliotJBall/FootballManagerSimulator/assignees{/user}", "branches_url": "https://api.github.com/repos/ElliotJBall/FootballManagerSimulator/branches{/branch}", "tags_url": "https://api.github.com/repos/ElliotJBall/FootballManagerSimulator/tags", "blobs_url": "https://api.github.com/repos/ElliotJBall/FootballManagerSimulator/git/blobs{/sha}", "git_tags_url": "https://api.github.com/repos/ElliotJBall/FootballManagerSimulator/git/tags{/sha}", "git_refs_url": "https://api.github.com/repos/ElliotJBall/FootballManagerSimulator/git/refs{/sha}", "trees_url": "https://api.github.com/repos/ElliotJBall/FootballManagerSimulator/git/trees{/sha}", "statuses_url": "https://api.github.com/repos/ElliotJBall/FootballManagerSimulator/statuses/{sha}", "languages_url": "https://api.github.com/repos/ElliotJBall/FootballManagerSimulator/languages", "stargazers_url": "https://api.github.com/repos/ElliotJBall/FootballManagerSimulator/stargazers", "contributors_url": "https://api.github.com/repos/ElliotJBall/FootballManagerSimulator/contributors", "subscribers_url": "https://api.github.com/repos/ElliotJBall/FootballManagerSimulator/subscribers", "subscription_url": "https://api.github.com/repos/ElliotJBall/FootballManagerSimulator/subscription", "commits_url": "https://api.github.com/repos/ElliotJBall/FootballManagerSimulator/commits{/sha}", "git_commits_url": "https://api.github.com/repos/ElliotJBall/FootballManagerSimulator/git/commits{/sha}", "comments_url": "https://api.github.com/repos/ElliotJBall/FootballManagerSimulator/comments{/number}", "issue_comment_url": "https://api.github.com/repos/ElliotJBall/FootballManagerSimulator/issues/comments{/number}", "contents_url": "https://api.github.com/repos/ElliotJBall/FootballManagerSimulator/contents/{+path}", "compare_url": "https://api.github.com/repos/ElliotJBall/FootballManagerSimulator/compare/{base}...{head}", "merges_url": "https://api.github.com/repos/ElliotJBall/FootballManagerSimulator/merges", "archive_url": "https://api.github.com/repos/ElliotJBall/FootballManagerSimulator/{archive_format}{/ref}", "downloads_url": "https://api.github.com/repos/ElliotJBall/FootballManagerSimulator/downloads", "issues_url": "https://api.github.com/repos/ElliotJBall/FootballManagerSimulator/issues{/number}", "pulls_url": "https://api.github.com/repos/ElliotJBall/FootballManagerSimulator/pulls{/number}", "milestones_url": "https://api.github.com/repos/ElliotJBall/FootballManagerSimulator/milestones{/number}", "notifications_url": "https://api.github.com/repos/ElliotJBall/FootballManagerSimulator/notifications{?since,all,participating}", "labels_url": "https://api.github.com/repos/ElliotJBall/FootballManagerSimulator/labels{/name}", "releases_url": "https://api.github.com/repos/ElliotJBall/FootballManagerSimulator/releases{/id}", "deployments_url": "https://api.github.com/repos/ElliotJBall/FootballManagerSimulator/deployments", "created_at": "2018-03-10T18:41:20Z", "updated_at": "2022-02-27T00:55:38Z", "pushed_at": "2020-10-13T06:42:14Z", "git_url": "git://github.com/ElliotJBall/FootballManagerSimulator.git", "ssh_url": "git@github.com:ElliotJBall/FootballManagerSimulator.git", "clone_url": "https://github.com/ElliotJBall/FootballManagerSimulator.git", "svn_url": "https://github.com/ElliotJBall/FootballManagerSimulator", "homepage": "", "size": 8947, "stargazers_count": 35, "watchers_count": 35, "language": "Java", "has_issues": true, "has_projects": true, "has_downloads": true, "has_wiki": true, "has_pages": false, "forks_count": 14, "mirror_url": null, "archived": false, "disabled": false, "open_issues_count": 1, "license": {"key": "mit", "name": "MIT License", "spdx_id": "MIT", "url": "https://api.github.com/licenses/mit", "node_id": "MDc6TGljZW5zZTEz"}, "allow_forking": true, "is_template": false, "topics": ["football", "football-manager", "football-simulator"], "visibility": "public", "forks": 14, "open_issues": 1, "watchers": 35, "default_branch": "master", "score": 1.0, "__project_size": 20329770, "__java_files_sizes": 186517, "__java_files_loc": 6222, "contributors_url_calculated": 1, "commits_url_calculated": 102}