{"id": 11997640, "node_id": "MDEwOlJlcG9zaXRvcnkxMTk5NzY0MA==", "name": "otter", "full_name": "alibaba/otter", "private": false, "owner": {"login": "alibaba", "id": 1961952, "node_id": "MDEyOk9yZ2FuaXphdGlvbjE5NjE5NTI=", "avatar_url": "https://avatars.githubusercontent.com/u/1961952?v=4", "gravatar_id": "", "url": "https://api.github.com/users/alibaba", "html_url": "https://github.com/alibaba", "followers_url": "https://api.github.com/users/alibaba/followers", "following_url": "https://api.github.com/users/alibaba/following{/other_user}", "gists_url": "https://api.github.com/users/alibaba/gists{/gist_id}", "starred_url": "https://api.github.com/users/alibaba/starred{/owner}{/repo}", "subscriptions_url": "https://api.github.com/users/alibaba/subscriptions", "organizations_url": "https://api.github.com/users/alibaba/orgs", "repos_url": "https://api.github.com/users/alibaba/repos", "events_url": "https://api.github.com/users/alibaba/events{/privacy}", "received_events_url": "https://api.github.com/users/alibaba/received_events", "type": "Organization", "site_admin": false}, "html_url": "https://github.com/alibaba/otter", "description": "\u963f\u91cc\u5df4\u5df4\u5206\u5e03\u5f0f\u6570\u636e\u5e93\u540c\u6b65\u7cfb\u7edf(\u89e3\u51b3\u4e2d\u7f8e\u5f02\u5730\u673a\u623f)", "fork": false, "url": "https://api.github.com/repos/alibaba/otter", "forks_url": "https://api.github.com/repos/alibaba/otter/forks", "keys_url": "https://api.github.com/repos/alibaba/otter/keys{/key_id}", "collaborators_url": "https://api.github.com/repos/alibaba/otter/collaborators{/collaborator}", "teams_url": "https://api.github.com/repos/alibaba/otter/teams", "hooks_url": "https://api.github.com/repos/alibaba/otter/hooks", "issue_events_url": "https://api.github.com/repos/alibaba/otter/issues/events{/number}", "events_url": "https://api.github.com/repos/alibaba/otter/events", "assignees_url": "https://api.github.com/repos/alibaba/otter/assignees{/user}", "branches_url": "https://api.github.com/repos/alibaba/otter/branches{/branch}", "tags_url": "https://api.github.com/repos/alibaba/otter/tags", "blobs_url": "https://api.github.com/repos/alibaba/otter/git/blobs{/sha}", "git_tags_url": "https://api.github.com/repos/alibaba/otter/git/tags{/sha}", "git_refs_url": "https://api.github.com/repos/alibaba/otter/git/refs{/sha}", "trees_url": "https://api.github.com/repos/alibaba/otter/git/trees{/sha}", "statuses_url": "https://api.github.com/repos/alibaba/otter/statuses/{sha}", "languages_url": "https://api.github.com/repos/alibaba/otter/languages", "stargazers_url": "https://api.github.com/repos/alibaba/otter/stargazers", "contributors_url": "https://api.github.com/repos/alibaba/otter/contributors", "subscribers_url": "https://api.github.com/repos/alibaba/otter/subscribers", "subscription_url": "https://api.github.com/repos/alibaba/otter/subscription", "commits_url": "https://api.github.com/repos/alibaba/otter/commits{/sha}", "git_commits_url": "https://api.github.com/repos/alibaba/otter/git/commits{/sha}", "comments_url": "https://api.github.com/repos/alibaba/otter/comments{/number}", "issue_comment_url": "https://api.github.com/repos/alibaba/otter/issues/comments{/number}", "contents_url": "https://api.github.com/repos/alibaba/otter/contents/{+path}", "compare_url": "https://api.github.com/repos/alibaba/otter/compare/{base}...{head}", "merges_url": "https://api.github.com/repos/alibaba/otter/merges", "archive_url": "https://api.github.com/repos/alibaba/otter/{archive_format}{/ref}", "downloads_url": "https://api.github.com/repos/alibaba/otter/downloads", "issues_url": "https://api.github.com/repos/alibaba/otter/issues{/number}", "pulls_url": "https://api.github.com/repos/alibaba/otter/pulls{/number}", "milestones_url": "https://api.github.com/repos/alibaba/otter/milestones{/number}", "notifications_url": "https://api.github.com/repos/alibaba/otter/notifications{?since,all,participating}", "labels_url": "https://api.github.com/repos/alibaba/otter/labels{/name}", "releases_url": "https://api.github.com/repos/alibaba/otter/releases{/id}", "deployments_url": "https://api.github.com/repos/alibaba/otter/deployments", "created_at": "2013-08-09T09:31:22Z", "updated_at": "2021-12-15T05:35:52Z", "pushed_at": "2021-10-05T12:49:20Z", "git_url": "git://github.com/alibaba/otter.git", "ssh_url": "git@github.com:alibaba/otter.git", "clone_url": "https://github.com/alibaba/otter.git", "svn_url": "https://github.com/alibaba/otter", "homepage": "", "size": 12027, "stargazers_count": 6961, "watchers_count": 6961, "language": "Java", "has_issues": true, "has_projects": true, "has_downloads": true, "has_wiki": true, "has_pages": true, "forks_count": 2380, "mirror_url": null, "archived": false, "disabled": false, "open_issues_count": 299, "license": {"key": "apache-2.0", "name": "Apache License 2.0", "spdx_id": "Apache-2.0", "url": "https://api.github.com/licenses/apache-2.0", "node_id": "MDc6TGljZW5zZTI="}, "allow_forking": true, "is_template": false, "topics": [], "visibility": "public", "forks": 2380, "open_issues": 299, "watchers": 6961, "default_branch": "master", "score": 1.0, "__project_size": 25446905, "__java_files_sizes": 3755252, "__java_files_loc": 103956, "contributors_url_calculated": 23, "commits_url_calculated": 154}