{"ApplicationStreamRepository": {"className": "ApplicationStreamRepository", "members": {"py/set": []}, "methods": {"getBaseDirectory": {"memberReferences": {"py/set": []}, "methodName": "getBaseDirectory", "methodReferences": {"py/set": []}, "py/object": "JavaParserVisitor.MethodInfo"}, "getWorkingDirectory": {"memberReferences": {"py/set": []}, "methodName": "getWorkingDirectory", "methodReferences": {"py/set": []}, "py/object": "JavaParserVisitor.MethodInfo"}}, "possibleFather": "StreamRepository", "py/object": "JavaParserVisitor.ClassInfo", "span": 8}, "BackupStreamRepository": {"className": "BackupStreamRepository", "members": {"py/set": []}, "methods": {"getBaseDirectory": {"memberReferences": {"py/set": []}, "methodName": "getBaseDirectory", "methodReferences": {"py/set": []}, "py/object": "JavaParserVisitor.MethodInfo"}}, "possibleFather": "StreamRepository", "py/object": "JavaParserVisitor.ClassInfo", "span": 4}, "Block": {"className": "Block", "members": {"py/set": ["isLast", "data", "serialVersionUID", "isFirst"]}, "methods": {}, "possibleFather": "", "py/object": "JavaParserVisitor.ClassInfo", "span": 5}, "BlockTransferService": {"className": "BlockTransferService", "members": {"py/set": []}, "methods": {"readBlocks": {"memberReferences": {"py/set": []}, "methodName": "readBlocks", "methodReferences": {"py/set": []}, "py/object": "JavaParserVisitor.MethodInfo"}, "sendBlocks": {"memberReferences": {"py/set": []}, "methodName": "sendBlocks", "methodReferences": {"py/set": []}, "py/object": "JavaParserVisitor.MethodInfo"}}, "possibleFather": "", "py/object": "JavaParserVisitor.ClassInfo", "span": 43}, "BlockTransferServiceTest": {"className": "BlockTransferServiceTest", "members": {"py/set": []}, "methods": {"test": {"memberReferences": {"py/set": []}, "methodName": "test", "methodReferences": {"py/set": []}, "py/object": "JavaParserVisitor.MethodInfo"}}, "possibleFather": "", "py/object": "JavaParserVisitor.ClassInfo", "span": 17}, "BtrfsService": {"className": "BtrfsService", "members": {"py/set": ["useSudo", "useStrace", "log"]}, "methods": {"createSubVolume": {"memberReferences": {"py/set": []}, "methodName": "createSubVolume", "methodReferences": {"py/set": ["processBuilder"]}, "py/object": "JavaParserVisitor.MethodInfo"}, "deleteSubVolume": {"memberReferences": {"py/set": []}, "methodName": "deleteSubVolume", "methodReferences": {"py/set": ["processBuilder"]}, "py/object": "JavaParserVisitor.MethodInfo"}, "processBuilder": {"memberReferences": {"py/set": []}, "methodName": "processBuilder", "methodReferences": {"py/set": ["useSudo", "useStrace"]}, "py/object": "JavaParserVisitor.MethodInfo"}, "receive": {"memberReferences": {"py/set": []}, "methodName": "receive", "methodReferences": {"py/set": ["processBuilder"]}, "py/object": "JavaParserVisitor.MethodInfo"}, "send": {"memberReferences": {"py/set": []}, "methodName": "send", "methodReferences": {"py/set": ["processBuilder"]}, "py/object": "JavaParserVisitor.MethodInfo"}, "setUseStrace": {"memberReferences": {"py/set": []}, "methodName": "setUseStrace", "methodReferences": {"py/set": []}, "py/object": "JavaParserVisitor.MethodInfo"}, "setUseSudo": {"memberReferences": {"py/set": []}, "methodName": "setUseSudo", "methodReferences": {"py/set": []}, "py/object": "JavaParserVisitor.MethodInfo"}, "takeSnapshot": {"memberReferences": {"py/set": []}, "methodName": "takeSnapshot", "methodReferences": {"py/set": ["processBuilder"]}, "py/object": "JavaParserVisitor.MethodInfo"}, "useStrace": {"memberReferences": {"py/set": []}, "methodName": "useStrace", "methodReferences": {"py/set": []}, "py/object": "JavaParserVisitor.MethodInfo"}, "useSudo": {"memberReferences": {"py/set": []}, "methodName": "useSudo", "methodReferences": {"py/set": []}, "py/object": "JavaParserVisitor.MethodInfo"}}, "possibleFather": "", "py/object": "JavaParserVisitor.ClassInfo", "span": 181}, "CliMain": {"className": "CliMain", "members": {"py/set": ["streamRepositoryService", "createTargetStreams", "repositoryLock", "sudoRemoteBtrfs", "streamService", "btrfsService", "useStrace", "sudoRemoteBtrbck", "applicationRepository", "log", "sshService", "verbose", "arguments", "sudoLocalBtrfs", "streamTransferService", "repositoryLocation"]}, "methods": {"cmdCreate": {"memberReferences": {"py/set": ["streamRepositoryService", "applicationRepository", "repositoryLock", "repositoryLocation"]}, "methodName": "cmdCreate", "methodReferences": {"py/set": ["readAndLockRepository"]}, "py/object": "JavaParserVisitor.MethodInfo"}, "cmdDelete": {"memberReferences": {"py/set": ["repositoryLock", "repositoryLocation", "streamRepositoryService"]}, "methodName": "cmdDelete", "methodReferences": {"py/set": ["readAndLockRepository"]}, "py/object": "JavaParserVisitor.MethodInfo"}, "cmdList": {"memberReferences": {"py/set": ["streamService", "repositoryLock", "repositoryLocation", "streamRepositoryService"]}, "methodName": "cmdList", "methodReferences": {"py/set": ["readAndLockRepository"]}, "py/object": "JavaParserVisitor.MethodInfo"}, "cmdLock": {"memberReferences": {"py/set": ["streamRepositoryService", "repositoryLocation", "repositoryLock"]}, "methodName": "cmdLock", "methodReferences": {"py/set": ["readAndLockRepository"]}, "py/object": "JavaParserVisitor.MethodInfo"}, "cmdProcess": {"memberReferences": {"py/set": ["streamRepositoryService", "repositoryLock", "streamTransferService", "repositoryLocation"]}, "methodName": "cmdProcess", "methodReferences": {"py/set": ["readAndLockRepository"]}, "py/object": "JavaParserVisitor.MethodInfo"}, "cmdPrune": {"memberReferences": {"py/set": ["repositoryLock", "repositoryLocation", "streamRepositoryService"]}, "methodName": "cmdPrune", "methodReferences": {"py/set": ["readAndLockRepository"]}, "py/object": "JavaParserVisitor.MethodInfo"}, "cmdPull": {"memberReferences": {"py/set": ["repositoryLock", "repositoryLocation", "streamRepositoryService"]}, "methodName": "cmdPull", "methodReferences": {"py/set": ["readAndLockRepository"]}, "py/object": "JavaParserVisitor.MethodInfo"}, "cmdPush": {"memberReferences": {"py/set": ["repositoryLock", "repositoryLocation", "streamRepositoryService"]}, "methodName": "cmdPush", "methodReferences": {"py/set": ["readAndLockRepository"]}, "py/object": "JavaParserVisitor.MethodInfo"}, "cmdReceiveSnapshots": {"memberReferences": {"py/set": ["streamRepositoryService", "createTargetStreams", "repositoryLock", "streamService", "streamTransferService", "repositoryLocation"]}, "methodName": "cmdReceiveSnapshots", "methodReferences": {"py/set": ["readAndLockRepository"]}, "py/object": "JavaParserVisitor.MethodInfo"}, "cmdRestore": {"memberReferences": {"py/set": ["repositoryLock", "repositoryLocation", "streamRepositoryService"]}, "methodName": "cmdRestore", "methodReferences": {"py/set": ["readAndLockRepository"]}, "py/object": "JavaParserVisitor.MethodInfo"}, "cmdSendSnapshots": {"memberReferences": {"py/set": ["streamRepositoryService", "repositoryLock", "streamService", "streamTransferService", "repositoryLocation"]}, "methodName": "cmdSendSnapshots", "methodReferences": {"py/set": ["readAndLockRepository"]}, "py/object": "JavaParserVisitor.MethodInfo"}, "cmdSnapshot": {"memberReferences": {"py/set": ["repositoryLock", "repositoryLocation", "streamRepositoryService"]}, "methodName": "cmdSnapshot", "methodReferences": {"py/set": ["readAndLockRepository"]}, "py/object": "JavaParserVisitor.MethodInfo"}, "cmdVersion": {"memberReferences": {"py/set": []}, "methodName": "cmdVersion", "methodReferences": {"py/set": []}, "py/object": "JavaParserVisitor.MethodInfo"}, "doMain": {"memberReferences": {"py/set": ["streamRepositoryService", "createTargetStreams", "repositoryLock", "streamService", "applicationRepository", "verbose", "log", "streamTransferService", "repositoryLocation"]}, "methodName": "doMain", "methodReferences": {"py/set": ["processCommand"]}, "py/object": "JavaParserVisitor.MethodInfo"}, "main": {"memberReferences": {"py/set": ["createTargetStreams", "repositoryLock", "streamService", "repositoryLocation", "applicationRepository", "verbose", "log", "streamTransferService", "streamRepositoryService"]}, "methodName": "main", "methodReferences": {"py/set": ["doMain"]}, "py/object": "JavaParserVisitor.MethodInfo"}, "parseCmdLine": {"memberReferences": {"py/set": ["verbose"]}, "methodName": "parseCmdLine", "methodReferences": {"py/set": []}, "py/object": "JavaParserVisitor.MethodInfo"}, "processCommand": {"memberReferences": {"py/set": ["streamTransferService", "streamRepositoryService", "createTargetStreams", "applicationRepository", "verbose", "repositoryLocation", "streamService", "repositoryLock", "log"]}, "methodName": "processCommand", "methodReferences": {"py/set": ["cmdSendSnapshots", "cmdVersion", "cmdSnapshot", "cmdPull", "cmdProcess", "cmdLock", "cmdPrune", "parseCmdLine", "cmdDelete", "cmdList", "cmdRestore", "cmdCreate", "cmdPush", "cmdReceiveSnapshots"]}, "py/object": "JavaParserVisitor.MethodInfo"}, "readAndLockRepository": {"memberReferences": {"py/set": ["repositoryLock", "repositoryLocation", "streamRepositoryService"]}, "methodName": "readAndLockRepository", "methodReferences": {"py/set": []}, "py/object": "JavaParserVisitor.MethodInfo"}}, "possibleFather": "", "py/object": "JavaParserVisitor.ClassInfo", "span": 495}, "CliMainTest": {"className": "CliMainTest", "members": {"py/set": ["repoLocations", "streamService", "streamRepositoryService"]}, "methods": {"createRepoLocation": {"memberReferences": {"py/set": []}, "methodName": "createRepoLocation", "methodReferences": {"py/set": []}, "py/object": "JavaParserVisitor.MethodInfo"}, "main": {"memberReferences": {"py/set": []}, "methodName": "main", "methodReferences": {"py/set": []}, "py/object": "JavaParserVisitor.MethodInfo"}, "setup": {"memberReferences": {"py/set": []}, "methodName": "setup", "methodReferences": {"py/set": []}, "py/object": "JavaParserVisitor.MethodInfo"}, "tearDown": {"memberReferences": {"py/set": ["repoLocations"]}, "methodName": "tearDown", "methodReferences": {"py/set": []}, "py/object": "JavaParserVisitor.MethodInfo"}, "testCmdCreateApplicationRepo": {"memberReferences": {"py/set": []}, "methodName": "testCmdCreateApplicationRepo", "methodReferences": {"py/set": ["createRepoLocation", "main"]}, "py/object": "JavaParserVisitor.MethodInfo"}, "testCmdCreateBackupRepo": {"memberReferences": {"py/set": []}, "methodName": "testCmdCreateBackupRepo", "methodReferences": {"py/set": ["createRepoLocation", "main"]}, "py/object": "JavaParserVisitor.MethodInfo"}, "testCmdDeleteRepo": {"memberReferences": {"py/set": ["streamRepositoryService"]}, "methodName": "testCmdDeleteRepo", "methodReferences": {"py/set": ["createRepoLocation", "main"]}, "py/object": "JavaParserVisitor.MethodInfo"}, "testCmdDeleteStream": {"memberReferences": {"py/set": ["streamRepositoryService"]}, "methodName": "testCmdDeleteStream", "methodReferences": {"py/set": ["createRepoLocation", "main"]}, "py/object": "JavaParserVisitor.MethodInfo"}, "testCmdSnapshot": {"memberReferences": {"py/set": ["streamRepositoryService"]}, "methodName": "testCmdSnapshot", "methodReferences": {"py/set": ["createRepoLocation", "main"]}, "py/object": "JavaParserVisitor.MethodInfo"}, "testCmdSnapshotInexistantStream": {"memberReferences": {"py/set": ["streamRepositoryService"]}, "methodName": "testCmdSnapshotInexistantStream", "methodReferences": {"py/set": ["createRepoLocation", "main"]}, "py/object": "JavaParserVisitor.MethodInfo"}, "testCmdSnapshotRestore": {"memberReferences": {"py/set": ["streamRepositoryService"]}, "methodName": "testCmdSnapshotRestore", "methodReferences": {"py/set": ["createRepoLocation", "main"]}, "py/object": "JavaParserVisitor.MethodInfo"}}, "possibleFather": "CliTestBase", "py/object": "JavaParserVisitor.ClassInfo", "span": 162}, "CliTestBase": {"className": "CliTestBase", "members": {"py/set": ["btrfsService"]}, "methods": {"createTempDirectory": {"memberReferences": {"py/set": []}, "methodName": "createTempDirectory", "methodReferences": {"py/set": ["createTempDirectory"]}, "py/object": "JavaParserVisitor.MethodInfo"}, "setUpTestBase": {"memberReferences": {"py/set": []}, "methodName": "setUpTestBase", "methodReferences": {"py/set": []}, "py/object": "JavaParserVisitor.MethodInfo"}}, "possibleFather": "", "py/object": "JavaParserVisitor.ClassInfo", "span": 15}, "CyclicCharacterBuffer": {"className": "CyclicCharacterBuffer", "members": {"py/set": ["pos", "filled", "buffer"]}, "methods": {"CyclicCharacterBuffer": {"memberReferences": {"py/set": ["buffer"]}, "methodName": "CyclicCharacterBuffer", "methodReferences": {"py/set": []}, "py/object": "JavaParserVisitor.MethodInfo"}, "append": {"memberReferences": {"py/set": []}, "methodName": "append", "methodReferences": {"py/set": ["append"]}, "py/object": "JavaParserVisitor.MethodInfo"}, "getTail": {"memberReferences": {"py/set": ["pos", "filled", "buffer"]}, "methodName": "getTail", "methodReferences": {"py/set": ["append"]}, "py/object": "JavaParserVisitor.MethodInfo"}}, "possibleFather": "", "py/object": "JavaParserVisitor.ClassInfo", "span": 50}, "CyclicCharacterBufferTest": {"className": "CyclicCharacterBufferTest", "members": {"py/set": ["buf"]}, "methods": {"stup": {"memberReferences": {"py/set": ["buf"]}, "methodName": "stup", "methodReferences": {"py/set": []}, "py/object": "JavaParserVisitor.MethodInfo"}, "testAddEmpty": {"memberReferences": {"py/set": []}, "methodName": "testAddEmpty", "methodReferences": {"py/set": []}, "py/object": "JavaParserVisitor.MethodInfo"}, "testAddThenOverflow": {"memberReferences": {"py/set": []}, "methodName": "testAddThenOverflow", "methodReferences": {"py/set": []}, "py/object": "JavaParserVisitor.MethodInfo"}, "testAddThenOverflowJustFill": {"memberReferences": {"py/set": []}, "methodName": "testAddThenOverflowJustFill", "methodReferences": {"py/set": []}, "py/object": "JavaParserVisitor.MethodInfo"}, "testFillBuffer": {"memberReferences": {"py/set": []}, "methodName": "testFillBuffer", "methodReferences": {"py/set": []}, "py/object": "JavaParserVisitor.MethodInfo"}, "testOverflow": {"memberReferences": {"py/set": []}, "methodName": "testOverflow", "methodReferences": {"py/set": []}, "py/object": "JavaParserVisitor.MethodInfo"}, "testSimple": {"memberReferences": {"py/set": []}, "methodName": "testSimple", "methodReferences": {"py/set": []}, "py/object": "JavaParserVisitor.MethodInfo"}, "testSimpleWithCharsLength": {"memberReferences": {"py/set": ["buf"]}, "methodName": "testSimpleWithCharsLength", "methodReferences": {"py/set": []}, "py/object": "JavaParserVisitor.MethodInfo"}}, "possibleFather": "", "py/object": "JavaParserVisitor.ClassInfo", "span": 49}, "DisplayException": {"className": "DisplayException", "members": {"py/set": []}, "methods": {"DisplayException": {"memberReferences": {"py/set": []}, "methodName": "DisplayException", "methodReferences": {"py/set": []}, "py/object": "JavaParserVisitor.MethodInfo"}}, "possibleFather": "RuntimeException", "py/object": "JavaParserVisitor.ClassInfo", "span": 3}, "GuiceModule": {"className": "GuiceModule", "members": {"py/set": []}, "methods": {"configure": {"memberReferences": {"py/set": []}, "methodName": "configure", "methodReferences": {"py/set": []}, "py/object": "JavaParserVisitor.MethodInfo"}}, "possibleFather": "AbstractModule", "py/object": "JavaParserVisitor.ClassInfo", "span": 15}, "HistoryNode": {"className": "HistoryNode", "members": {"py/set": ["parentNrs", "snapshotNr", "parents"]}, "methods": {"compareTo": {"memberReferences": {"py/set": ["snapshotNr"]}, "methodName": "compareTo", "methodReferences": {"py/set": []}, "py/object": "JavaParserVisitor.MethodInfo"}, "toString": {"memberReferences": {"py/set": ["snapshotNr", "parentNrs"]}, "methodName": "toString", "methodReferences": {"py/set": []}, "py/object": "JavaParserVisitor.MethodInfo"}}, "possibleFather": "", "py/object": "JavaParserVisitor.ClassInfo", "span": 12}, "PeriodAdapter": {"className": "PeriodAdapter", "members": {"py/set": ["formatter"]}, "methods": {"marshal": {"memberReferences": {"py/set": []}, "methodName": "marshal", "methodReferences": {"py/set": []}, "py/object": "JavaParserVisitor.MethodInfo"}, "unmarshal": {"memberReferences": {"py/set": []}, "methodName": "unmarshal", "methodReferences": {"py/set": []}, "py/object": "JavaParserVisitor.MethodInfo"}}, "possibleFather": "XmlAdapter<String,Period>", "py/object": "JavaParserVisitor.ClassInfo", "span": 17}, "RemoteRepository": {"className": "RemoteRepository", "members": {"py/set": ["location", "sshTarget"]}, "methods": {}, "possibleFather": "", "py/object": "JavaParserVisitor.ClassInfo", "span": 2}, "RestoreVersionHistoryEntry": {"className": "RestoreVersionHistoryEntry", "members": {"py/set": ["serialVersionUID", "restoredSnapshotNr"]}, "methods": {"RestoreVersionHistoryEntry": {"memberReferences": {"py/set": []}, "methodName": "RestoreVersionHistoryEntry", "methodReferences": {"py/set": []}, "py/object": "JavaParserVisitor.MethodInfo"}, "equals": {"memberReferences": {"py/set": ["restoredSnapshotNr"]}, "methodName": "equals", "methodReferences": {"py/set": ["equals"]}, "py/object": "JavaParserVisitor.MethodInfo"}, "getRepresentedSnapshotCount": {"memberReferences": {"py/set": []}, "methodName": "getRepresentedSnapshotCount", "methodReferences": {"py/set": []}, "py/object": "JavaParserVisitor.MethodInfo"}, "hashCode": {"memberReferences": {"py/set": []}, "methodName": "hashCode", "methodReferences": {"py/set": []}, "py/object": "JavaParserVisitor.MethodInfo"}, "toString": {"memberReferences": {"py/set": ["restoredSnapshotNr"]}, "methodName": "toString", "methodReferences": {"py/set": []}, "py/object": "JavaParserVisitor.MethodInfo"}}, "possibleFather": "VersionHistoryEntry", "py/object": "JavaParserVisitor.ClassInfo", "span": 40}, "Retention": {"className": "Retention", "members": {"py/set": ["snapshotsPerTimeUnit", "period", "timeUnit"]}, "methods": {"retentionTimes": {"memberReferences": {"py/set": ["timeUnit", "snapshotsPerTimeUnit"]}, "methodName": "retentionTimes", "methodReferences": {"py/set": []}, "py/object": "JavaParserVisitor.MethodInfo"}}, "possibleFather": "", "py/object": "JavaParserVisitor.ClassInfo", "span": 42}, "RetentionUnitTest": {"className": "RetentionUnitTest", "members": {"py/set": []}, "methods": {"testRetentionTimes": {"memberReferences": {"py/set": []}, "methodName": "testRetentionTimes", "methodReferences": {"py/set": []}, "py/object": "JavaParserVisitor.MethodInfo"}}, "possibleFather": "", "py/object": "JavaParserVisitor.ClassInfo", "span": 17}, "SendFile": {"className": "SendFile", "members": {"py/set": ["snapshotName", "serialVersionUID"]}, "methods": {}, "possibleFather": "", "py/object": "JavaParserVisitor.ClassInfo", "span": 4}, "SendFileListHeader": {"className": "SendFileListHeader", "members": {"py/set": ["serialVersionUID", "senderStreamId", "targetVersionHistory", "streamConfiguration", "count"]}, "methods": {}, "possibleFather": "", "py/object": "JavaParserVisitor.ClassInfo", "span": 8}, "SendFileSpec": {"className": "SendFileSpec", "members": {"py/set": ["cloneSources", "target"]}, "methods": {"toString": {"memberReferences": {"py/set": ["cloneSources", "target"]}, "methodName": "toString", "methodReferences": {"py/set": ["toString"]}, "py/object": "JavaParserVisitor.MethodInfo"}}, "possibleFather": "", "py/object": "JavaParserVisitor.ClassInfo", "span": 7}, "Snapshot": {"className": "Snapshot", "members": {"py/set": ["senderStreamId", "date", "COMPARATOR_NR", "nr", "stream"]}, "methods": {"Snapshot": {"memberReferences": {"py/set": ["nr", "date", "stream"]}, "methodName": "Snapshot", "methodReferences": {"py/set": []}, "py/object": "JavaParserVisitor.MethodInfo"}, "compare": {"memberReferences": {"py/set": []}, "methodName": "compare", "methodReferences": {"py/set": ["compare"]}, "py/object": "JavaParserVisitor.MethodInfo"}, "getSnapshotDir": {"memberReferences": {"py/set": ["nr", "date"]}, "methodName": "getSnapshotDir", "methodReferences": {"py/set": ["getSnapshotName"]}, "py/object": "JavaParserVisitor.MethodInfo"}, "getSnapshotName": {"memberReferences": {"py/set": ["nr", "date"]}, "methodName": "getSnapshotName", "methodReferences": {"py/set": ["toString"]}, "py/object": "JavaParserVisitor.MethodInfo"}, "parse": {"memberReferences": {"py/set": []}, "methodName": "parse", "methodReferences": {"py/set": []}, "py/object": "JavaParserVisitor.MethodInfo"}, "toString": {"memberReferences": {"py/set": ["nr", "date"]}, "methodName": "toString", "methodReferences": {"py/set": ["getSnapshotName"]}, "py/object": "JavaParserVisitor.MethodInfo"}}, "possibleFather": "", "py/object": "JavaParserVisitor.ClassInfo", "span": 57}, "SnapshotEntry": {"className": "SnapshotEntry", "members": {"py/set": ["serialVersionUID", "snapshotNr", "senderStreamId"]}, "methods": {"SnapshotEntry": {"memberReferences": {"py/set": ["snapshotNr", "senderStreamId"]}, "methodName": "SnapshotEntry", "methodReferences": {"py/set": []}, "py/object": "JavaParserVisitor.MethodInfo"}, "toString": {"memberReferences": {"py/set": ["snapshotNr", "senderStreamId"]}, "methodName": "toString", "methodReferences": {"py/set": ["toString"]}, "py/object": "JavaParserVisitor.MethodInfo"}}, "possibleFather": "", "py/object": "JavaParserVisitor.ClassInfo", "span": 19}, "SnapshotIterator": {"className": "SnapshotIterator", "members": {"py/set": ["it", "remainingCount"]}, "methods": {"SnapshotIterator": {"memberReferences": {"py/set": ["it", "remainingCount"]}, "methodName": "SnapshotIterator", "methodReferences": {"py/set": ["advanceToNextEntry"]}, "py/object": "JavaParserVisitor.MethodInfo"}, "advance": {"memberReferences": {"py/set": ["remainingCount"]}, "methodName": "advance", "methodReferences": {"py/set": ["hasNext", "advance", "advanceToNextEntry"]}, "py/object": "JavaParserVisitor.MethodInfo"}, "advanceToNextEntry": {"memberReferences": {"py/set": ["remainingCount"]}, "methodName": "advanceToNextEntry", "methodReferences": {"py/set": ["peek"]}, "py/object": "JavaParserVisitor.MethodInfo"}, "hasNext": {"memberReferences": {"py/set": []}, "methodName": "hasNext", "methodReferences": {"py/set": []}, "py/object": "JavaParserVisitor.MethodInfo"}, "nextUuid": {"memberReferences": {"py/set": []}, "methodName": "nextUuid", "methodReferences": {"py/set": ["peek"]}, "py/object": "JavaParserVisitor.MethodInfo"}, "peek": {"memberReferences": {"py/set": []}, "methodName": "peek", "methodReferences": {"py/set": []}, "py/object": "JavaParserVisitor.MethodInfo"}, "remainingSameUuid": {"memberReferences": {"py/set": ["remainingCount"]}, "methodName": "remainingSameUuid", "methodReferences": {"py/set": []}, "py/object": "JavaParserVisitor.MethodInfo"}}, "possibleFather": "", "py/object": "JavaParserVisitor.ClassInfo", "span": 54}, "SnapshotTest": {"className": "SnapshotTest", "members": {"py/set": ["name", "date"]}, "methods": {"setup": {"memberReferences": {"py/set": ["date"]}, "methodName": "setup", "methodReferences": {"py/set": []}, "py/object": "JavaParserVisitor.MethodInfo"}, "testGetSnapshotName": {"memberReferences": {"py/set": ["date", "name"]}, "methodName": "testGetSnapshotName", "methodReferences": {"py/set": []}, "py/object": "JavaParserVisitor.MethodInfo"}, "testParse": {"memberReferences": {"py/set": ["date"]}, "methodName": "testParse", "methodReferences": {"py/set": []}, "py/object": "JavaParserVisitor.MethodInfo"}}, "possibleFather": "", "py/object": "JavaParserVisitor.ClassInfo", "span": 25}, "SnapshotTransferService": {"className": "SnapshotTransferService", "members": {"py/set": ["blockTransferService", "streamService", "btrfsService", "START_COMMAND", "syncService", "sshService", "READY_INDICATOR", "log"]}, "methods": {"consume": {"memberReferences": {"py/set": []}, "methodName": "consume", "methodReferences": {"py/set": []}, "py/object": "JavaParserVisitor.MethodInfo"}, "pull": {"memberReferences": {"py/set": ["btrfsService"]}, "methodName": "pull", "methodReferences": {"py/set": ["receiveMissingSnapshots"]}, "py/object": "JavaParserVisitor.MethodInfo"}, "push": {"memberReferences": {"py/set": ["btrfsService", "log"]}, "methodName": "push", "methodReferences": {"py/set": ["sendMissingSnapshots"]}, "py/object": "JavaParserVisitor.MethodInfo"}, "receiveMissingSnapshots": {"memberReferences": {"py/set": ["btrfsService"]}, "methodName": "receiveMissingSnapshots", "methodReferences": {"py/set": []}, "py/object": "JavaParserVisitor.MethodInfo"}, "receiveSnapshots": {"memberReferences": {"py/set": ["btrfsService", "log"]}, "methodName": "receiveSnapshots", "methodReferences": {"py/set": ["receiveMissingSnapshots"]}, "py/object": "JavaParserVisitor.MethodInfo"}, "sendMissingSnapshots": {"memberReferences": {"py/set": ["btrfsService", "log"]}, "methodName": "sendMissingSnapshots", "methodReferences": {"py/set": []}, "py/object": "JavaParserVisitor.MethodInfo"}, "sendSnapshots": {"memberReferences": {"py/set": ["btrfsService", "log"]}, "methodName": "sendSnapshots", "methodReferences": {"py/set": ["sendMissingSnapshots"]}, "py/object": "JavaParserVisitor.MethodInfo"}}, "possibleFather": "", "py/object": "JavaParserVisitor.ClassInfo", "span": 295}, "SnapshotTransferServiceTest": {"className": "SnapshotTransferServiceTest", "members": {"py/set": ["repo1", "streamService", "btrfsService", "repositoryService", "transferService", "repo2"]}, "methods": {"run": {"memberReferences": {"py/set": []}, "methodName": "run", "methodReferences": {"py/set": []}, "py/object": "JavaParserVisitor.MethodInfo"}, "setup": {"memberReferences": {"py/set": ["repo1", "repositoryService", "transferService", "repo2"]}, "methodName": "setup", "methodReferences": {"py/set": []}, "py/object": "JavaParserVisitor.MethodInfo"}, "tearDown": {"memberReferences": {"py/set": ["repo1", "repo2"]}, "methodName": "tearDown", "methodReferences": {"py/set": []}, "py/object": "JavaParserVisitor.MethodInfo"}, "transferSnapshotCreateStream": {"memberReferences": {"py/set": []}, "methodName": "transferSnapshotCreateStream", "methodReferences": {"py/set": []}, "py/object": "JavaParserVisitor.MethodInfo"}, "transferSnapshotPull": {"memberReferences": {"py/set": ["repo1", "transferService"]}, "methodName": "transferSnapshotPull", "methodReferences": {"py/set": []}, "py/object": "JavaParserVisitor.MethodInfo"}, "transferSnapshotPush": {"memberReferences": {"py/set": []}, "methodName": "transferSnapshotPush", "methodReferences": {"py/set": []}, "py/object": "JavaParserVisitor.MethodInfo"}, "transferSnapshotVersionConflict": {"memberReferences": {"py/set": []}, "methodName": "transferSnapshotVersionConflict", "methodReferences": {"py/set": []}, "py/object": "JavaParserVisitor.MethodInfo"}}, "possibleFather": "TestBase", "py/object": "JavaParserVisitor.ClassInfo", "span": 213}, "SnapshotVersionHistoryEntry": {"className": "SnapshotVersionHistoryEntry", "members": {"py/set": ["serialVersionUID", "count"]}, "methods": {"SnapshotVersionHistoryEntry": {"memberReferences": {"py/set": []}, "methodName": "SnapshotVersionHistoryEntry", "methodReferences": {"py/set": []}, "py/object": "JavaParserVisitor.MethodInfo"}, "equals": {"memberReferences": {"py/set": ["count"]}, "methodName": "equals", "methodReferences": {"py/set": ["equals"]}, "py/object": "JavaParserVisitor.MethodInfo"}, "getRepresentedSnapshotCount": {"memberReferences": {"py/set": ["count"]}, "methodName": "getRepresentedSnapshotCount", "methodReferences": {"py/set": []}, "py/object": "JavaParserVisitor.MethodInfo"}, "hashCode": {"memberReferences": {"py/set": []}, "methodName": "hashCode", "methodReferences": {"py/set": []}, "py/object": "JavaParserVisitor.MethodInfo"}, "toString": {"memberReferences": {"py/set": ["count"]}, "methodName": "toString", "methodReferences": {"py/set": []}, "py/object": "JavaParserVisitor.MethodInfo"}}, "possibleFather": "VersionHistoryEntry", "py/object": "JavaParserVisitor.ClassInfo", "span": 41}, "SshConnectionimpl": {"className": "SshConnectionimpl", "members": {"py/set": ["process"]}, "methods": {"SshConnectionimpl": {"memberReferences": {"py/set": ["process"]}, "methodName": "SshConnectionimpl", "methodReferences": {"py/set": []}, "py/object": "JavaParserVisitor.MethodInfo"}, "close": {"memberReferences": {"py/set": []}, "methodName": "close", "methodReferences": {"py/set": []}, "py/object": "JavaParserVisitor.MethodInfo"}, "getInputStream": {"memberReferences": {"py/set": []}, "methodName": "getInputStream", "methodReferences": {"py/set": []}, "py/object": "JavaParserVisitor.MethodInfo"}, "getOutputStream": {"memberReferences": {"py/set": []}, "methodName": "getOutputStream", "methodReferences": {"py/set": []}, "py/object": "JavaParserVisitor.MethodInfo"}}, "possibleFather": "", "py/object": "JavaParserVisitor.ClassInfo", "span": 19}, "SshService": {"className": "SshService", "members": {"py/set": ["verboseRemote", "sudoRemoteBtrbck", "sudoRemoteBtrfs"]}, "methods": {"close": {"memberReferences": {"py/set": []}, "methodName": "close", "methodReferences": {"py/set": []}, "py/object": "JavaParserVisitor.MethodInfo"}, "getInputStream": {"memberReferences": {"py/set": []}, "methodName": "getInputStream", "methodReferences": {"py/set": []}, "py/object": "JavaParserVisitor.MethodInfo"}, "getOutputStream": {"memberReferences": {"py/set": []}, "methodName": "getOutputStream", "methodReferences": {"py/set": []}, "py/object": "JavaParserVisitor.MethodInfo"}, "processBuilder": {"memberReferences": {"py/set": []}, "methodName": "processBuilder", "methodReferences": {"py/set": []}, "py/object": "JavaParserVisitor.MethodInfo"}, "receiveSnapshots": {"memberReferences": {"py/set": []}, "methodName": "receiveSnapshots", "methodReferences": {"py/set": ["processBuilder", "verboseRemote", "sudoRemoteBtrfs", "sudoRemoteBtrbck"]}, "py/object": "JavaParserVisitor.MethodInfo"}, "sendSnapshots": {"memberReferences": {"py/set": []}, "methodName": "sendSnapshots", "methodReferences": {"py/set": ["processBuilder", "verboseRemote", "sudoRemoteBtrfs", "sudoRemoteBtrbck"]}, "py/object": "JavaParserVisitor.MethodInfo"}, "setSudoRemoteBtrbck": {"memberReferences": {"py/set": []}, "methodName": "setSudoRemoteBtrbck", "methodReferences": {"py/set": []}, "py/object": "JavaParserVisitor.MethodInfo"}, "setSudoRemoteBtrfs": {"memberReferences": {"py/set": []}, "methodName": "setSudoRemoteBtrfs", "methodReferences": {"py/set": []}, "py/object": "JavaParserVisitor.MethodInfo"}, "setVerboseRemote": {"memberReferences": {"py/set": []}, "methodName": "setVerboseRemote", "methodReferences": {"py/set": []}, "py/object": "JavaParserVisitor.MethodInfo"}, "sudoRemoteBtrbck": {"memberReferences": {"py/set": []}, "methodName": "sudoRemoteBtrbck", "methodReferences": {"py/set": []}, "py/object": "JavaParserVisitor.MethodInfo"}, "sudoRemoteBtrfs": {"memberReferences": {"py/set": []}, "methodName": "sudoRemoteBtrfs", "methodReferences": {"py/set": []}, "py/object": "JavaParserVisitor.MethodInfo"}, "verboseRemote": {"memberReferences": {"py/set": []}, "methodName": "verboseRemote", "methodReferences": {"py/set": []}, "py/object": "JavaParserVisitor.MethodInfo"}}, "possibleFather": "", "py/object": "JavaParserVisitor.ClassInfo", "span": 129}, "SshServiceTestDouble": {"className": "SshServiceTestDouble", "members": {"py/set": ["remoteRepo"]}, "methods": {"SshServiceTestDouble": {"memberReferences": {"py/set": ["remoteRepo"]}, "methodName": "SshServiceTestDouble", "methodReferences": {"py/set": []}, "py/object": "JavaParserVisitor.MethodInfo"}, "close": {"memberReferences": {"py/set": []}, "methodName": "close", "methodReferences": {"py/set": []}, "py/object": "JavaParserVisitor.MethodInfo"}, "doInThread": {"memberReferences": {"py/set": []}, "methodName": "doInThread", "methodReferences": {"py/set": []}, "py/object": "JavaParserVisitor.MethodInfo"}, "getInputStream": {"memberReferences": {"py/set": []}, "methodName": "getInputStream", "methodReferences": {"py/set": []}, "py/object": "JavaParserVisitor.MethodInfo"}, "getOutputStream": {"memberReferences": {"py/set": []}, "methodName": "getOutputStream", "methodReferences": {"py/set": []}, "py/object": "JavaParserVisitor.MethodInfo"}, "receiveSnapshots": {"memberReferences": {"py/set": []}, "methodName": "receiveSnapshots", "methodReferences": {"py/set": ["doInThread"]}, "py/object": "JavaParserVisitor.MethodInfo"}, "run": {"memberReferences": {"py/set": []}, "methodName": "run", "methodReferences": {"py/set": []}, "py/object": "JavaParserVisitor.MethodInfo"}, "sendSnapshots": {"memberReferences": {"py/set": []}, "methodName": "sendSnapshots", "methodReferences": {"py/set": ["doInThread"]}, "py/object": "JavaParserVisitor.MethodInfo"}}, "possibleFather": "SshService", "py/object": "JavaParserVisitor.ClassInfo", "span": 98}, "SshTarget": {"className": "SshTarget", "members": {"py/set": ["host", "port", "user"]}, "methods": {"SshTarget": {"memberReferences": {"py/set": ["port", "host", "user"]}, "methodName": "SshTarget", "methodReferences": {"py/set": []}, "py/object": "JavaParserVisitor.MethodInfo"}, "parse": {"memberReferences": {"py/set": []}, "methodName": "parse", "methodReferences": {"py/set": ["withPort", "withHost", "withUser"]}, "py/object": "JavaParserVisitor.MethodInfo"}, "toString": {"memberReferences": {"py/set": ["port"]}, "methodName": "toString", "methodReferences": {"py/set": []}, "py/object": "JavaParserVisitor.MethodInfo"}, "withHost": {"memberReferences": {"py/set": []}, "methodName": "withHost", "methodReferences": {"py/set": []}, "py/object": "JavaParserVisitor.MethodInfo"}, "withPort": {"memberReferences": {"py/set": []}, "methodName": "withPort", "methodReferences": {"py/set": []}, "py/object": "JavaParserVisitor.MethodInfo"}, "withUser": {"memberReferences": {"py/set": []}, "methodName": "withUser", "methodReferences": {"py/set": []}, "py/object": "JavaParserVisitor.MethodInfo"}}, "possibleFather": "", "py/object": "JavaParserVisitor.ClassInfo", "span": 81}, "SshTargetTest": {"className": "SshTargetTest", "members": {"py/set": []}, "methods": {"testParseToString": {"memberReferences": {"py/set": []}, "methodName": "testParseToString", "methodReferences": {"py/set": []}, "py/object": "JavaParserVisitor.MethodInfo"}}, "possibleFather": "", "py/object": "JavaParserVisitor.ClassInfo", "span": 26}, "Stream": {"className": "Stream", "members": {"py/set": ["versionHistory", "snapshotInterval", "name", "streamRepository", "retentions", "id", "initialRetentionPeriod"]}, "methods": {"getInitialRetentionInterval": {"memberReferences": {"py/set": ["initialRetentionPeriod"]}, "methodName": "getInitialRetentionInterval", "methodReferences": {"py/set": []}, "py/object": "JavaParserVisitor.MethodInfo"}, "getReceiveTempDir": {"memberReferences": {"py/set": ["name"]}, "methodName": "getReceiveTempDir", "methodReferences": {"py/set": ["getStreamMetaDirectory"]}, "py/object": "JavaParserVisitor.MethodInfo"}, "getSnapshotSenderIdFile": {"memberReferences": {"py/set": ["name"]}, "methodName": "getSnapshotSenderIdFile", "methodReferences": {"py/set": ["getSnapshotsDir"]}, "py/object": "JavaParserVisitor.MethodInfo"}, "getSnapshotsDir": {"memberReferences": {"py/set": ["name"]}, "methodName": "getSnapshotsDir", "methodReferences": {"py/set": ["getStreamMetaDirectory"]}, "py/object": "JavaParserVisitor.MethodInfo"}, "getStreamConfigFile": {"memberReferences": {"py/set": ["name"]}, "methodName": "getStreamConfigFile", "methodReferences": {"py/set": ["getStreamMetaDirectory"]}, "py/object": "JavaParserVisitor.MethodInfo"}, "getStreamMetaDirectory": {"memberReferences": {"py/set": ["name"]}, "methodName": "getStreamMetaDirectory", "methodReferences": {"py/set": []}, "py/object": "JavaParserVisitor.MethodInfo"}, "getStreamUuidFile": {"memberReferences": {"py/set": ["name"]}, "methodName": "getStreamUuidFile", "methodReferences": {"py/set": ["getStreamMetaDirectory"]}, "py/object": "JavaParserVisitor.MethodInfo"}, "getVersionHistoryFile": {"memberReferences": {"py/set": ["name"]}, "methodName": "getVersionHistoryFile", "methodReferences": {"py/set": ["getStreamMetaDirectory"]}, "py/object": "JavaParserVisitor.MethodInfo"}, "toString": {"memberReferences": {"py/set": ["name", "streamRepository", "id"]}, "methodName": "toString", "methodReferences": {"py/set": ["toString"]}, "py/object": "JavaParserVisitor.MethodInfo"}}, "possibleFather": "", "py/object": "JavaParserVisitor.ClassInfo", "span": 80}, "StreamRepository": {"className": "StreamRepository", "members": {"py/set": ["rootDirectory", "syncConfigurations"]}, "methods": {"getBaseDirectory": {"memberReferences": {"py/set": []}, "methodName": "getBaseDirectory", "methodReferences": {"py/set": []}, "py/object": "JavaParserVisitor.MethodInfo"}, "getRepositoryLockFile": {"memberReferences": {"py/set": []}, "methodName": "getRepositoryLockFile", "methodReferences": {"py/set": ["getBaseDirectory"]}, "py/object": "JavaParserVisitor.MethodInfo"}, "getRepositoryXmlFile": {"memberReferences": {"py/set": []}, "methodName": "getRepositoryXmlFile", "methodReferences": {"py/set": ["getBaseDirectory"]}, "py/object": "JavaParserVisitor.MethodInfo"}, "getStreamRoot": {"memberReferences": {"py/set": []}, "methodName": "getStreamRoot", "methodReferences": {"py/set": ["getBaseDirectory"]}, "py/object": "JavaParserVisitor.MethodInfo"}}, "possibleFather": "", "py/object": "JavaParserVisitor.ClassInfo", "span": 28}, "StreamRepositoryService": {"className": "StreamRepositoryService", "members": {"py/set": ["ctx"]}, "methods": {"createRepository": {"memberReferences": {"py/set": []}, "methodName": "createRepository", "methodReferences": {"py/set": []}, "py/object": "JavaParserVisitor.MethodInfo"}, "deleteEmptyRepository": {"memberReferences": {"py/set": []}, "methodName": "deleteEmptyRepository", "methodReferences": {"py/set": []}, "py/object": "JavaParserVisitor.MethodInfo"}, "readRepository": {"memberReferences": {"py/set": []}, "methodName": "readRepository", "methodReferences": {"py/set": []}, "py/object": "JavaParserVisitor.MethodInfo"}}, "possibleFather": "", "py/object": "JavaParserVisitor.ClassInfo", "span": 71}, "StreamRepositoryServiceTest": {"className": "StreamRepositoryServiceTest", "members": {"py/set": ["repoPath", "service"]}, "methods": {"setup": {"memberReferences": {"py/set": []}, "methodName": "setup", "methodReferences": {"py/set": []}, "py/object": "JavaParserVisitor.MethodInfo"}, "tearDown": {"memberReferences": {"py/set": ["repoPath"]}, "methodName": "tearDown", "methodReferences": {"py/set": []}, "py/object": "JavaParserVisitor.MethodInfo"}, "testCreateApplicationRepository": {"memberReferences": {"py/set": ["repoPath"]}, "methodName": "testCreateApplicationRepository", "methodReferences": {"py/set": ["testRepoCreate"]}, "py/object": "JavaParserVisitor.MethodInfo"}, "testCreateBackupRepository": {"memberReferences": {"py/set": ["repoPath"]}, "methodName": "testCreateBackupRepository", "methodReferences": {"py/set": ["testRepoCreate"]}, "py/object": "JavaParserVisitor.MethodInfo"}, "testReadRepository": {"memberReferences": {"py/set": ["repoPath"]}, "methodName": "testReadRepository", "methodReferences": {"py/set": ["testRepoCreate"]}, "py/object": "JavaParserVisitor.MethodInfo"}, "testRepoCreate": {"memberReferences": {"py/set": ["repoPath"]}, "methodName": "testRepoCreate", "methodReferences": {"py/set": []}, "py/object": "JavaParserVisitor.MethodInfo"}}, "possibleFather": "TestBase", "py/object": "JavaParserVisitor.ClassInfo", "span": 42}, "StreamRepositoryTest": {"className": "StreamRepositoryTest", "members": {"py/set": ["ctx"]}, "methods": {"testXmlSerialization": {"memberReferences": {"py/set": []}, "methodName": "testXmlSerialization", "methodReferences": {"py/set": []}, "py/object": "JavaParserVisitor.MethodInfo"}}, "possibleFather": "TestBase", "py/object": "JavaParserVisitor.ClassInfo", "span": 29}, "StreamService": {"className": "StreamService", "members": {"py/set": ["streamRepositoryService", "ctx", "log", "btrfsService"]}, "methods": {"clearReceiveTempDir": {"memberReferences": {"py/set": ["btrfsService"]}, "methodName": "clearReceiveTempDir", "methodReferences": {"py/set": []}, "py/object": "JavaParserVisitor.MethodInfo"}, "createStream": {"memberReferences": {"py/set": ["log"]}, "methodName": "createStream", "methodReferences": {"py/set": ["tryReadStream", "writeVersionHistory"]}, "py/object": "JavaParserVisitor.MethodInfo"}, "deleteSnapshot": {"memberReferences": {"py/set": ["btrfsService"]}, "methodName": "deleteSnapshot", "methodReferences": {"py/set": []}, "py/object": "JavaParserVisitor.MethodInfo"}, "deleteStream": {"memberReferences": {"py/set": ["btrfsService"]}, "methodName": "deleteStream", "methodReferences": {"py/set": ["clearReceiveTempDir", "deleteSnapshot", "getSnapshots"]}, "py/object": "JavaParserVisitor.MethodInfo"}, "deleteStreams": {"memberReferences": {"py/set": ["btrfsService"]}, "methodName": "deleteStreams", "methodReferences": {"py/set": ["deleteStream", "getStreamNames"]}, "py/object": "JavaParserVisitor.MethodInfo"}, "getSnapshots": {"memberReferences": {"py/set": []}, "methodName": "getSnapshots", "methodReferences": {"py/set": []}, "py/object": "JavaParserVisitor.MethodInfo"}, "getStreamNames": {"memberReferences": {"py/set": []}, "methodName": "getStreamNames", "methodReferences": {"py/set": []}, "py/object": "JavaParserVisitor.MethodInfo"}, "isSnapshotRequired": {"memberReferences": {"py/set": []}, "methodName": "isSnapshotRequired", "methodReferences": {"py/set": []}, "py/object": "JavaParserVisitor.MethodInfo"}, "pruneSnapshots": {"memberReferences": {"py/set": ["btrfsService"]}, "methodName": "pruneSnapshots", "methodReferences": {"py/set": ["deleteSnapshot", "getSnapshots"]}, "py/object": "JavaParserVisitor.MethodInfo"}, "readStream": {"memberReferences": {"py/set": ["log"]}, "methodName": "readStream", "methodReferences": {"py/set": ["tryReadStream"]}, "py/object": "JavaParserVisitor.MethodInfo"}, "restoreLatestSnapshot": {"memberReferences": {"py/set": ["btrfsService"]}, "methodName": "restoreLatestSnapshot", "methodReferences": {"py/set": ["getSnapshots", "restoreSnapshot"]}, "py/object": "JavaParserVisitor.MethodInfo"}, "restoreSnapshot": {"memberReferences": {"py/set": ["btrfsService"]}, "methodName": "restoreSnapshot", "methodReferences": {"py/set": ["writeVersionHistory", "takeSnapshot"]}, "py/object": "JavaParserVisitor.MethodInfo"}, "takeSnapshot": {"memberReferences": {"py/set": ["btrfsService"]}, "methodName": "takeSnapshot", "methodReferences": {"py/set": ["writeVersionHistory", "takeSnapshot"]}, "py/object": "JavaParserVisitor.MethodInfo"}, "takeSnapshotIfRequired": {"memberReferences": {"py/set": ["btrfsService"]}, "methodName": "takeSnapshotIfRequired", "methodReferences": {"py/set": ["takeSnapshot", "getSnapshots", "isSnapshotRequired"]}, "py/object": "JavaParserVisitor.MethodInfo"}, "tryReadStream": {"memberReferences": {"py/set": ["log"]}, "methodName": "tryReadStream", "methodReferences": {"py/set": []}, "py/object": "JavaParserVisitor.MethodInfo"}, "writeVersionHistory": {"memberReferences": {"py/set": []}, "methodName": "writeVersionHistory", "methodReferences": {"py/set": []}, "py/object": "JavaParserVisitor.MethodInfo"}}, "possibleFather": "", "py/object": "JavaParserVisitor.ClassInfo", "span": 335}, "StreamServiceTest": {"className": "StreamServiceTest", "members": {"py/set": ["repository", "repositoryService", "service"]}, "methods": {"setUp": {"memberReferences": {"py/set": ["repository", "repositoryService"]}, "methodName": "setUp", "methodReferences": {"py/set": []}, "py/object": "JavaParserVisitor.MethodInfo"}, "tearDown": {"memberReferences": {"py/set": ["repository"]}, "methodName": "tearDown", "methodReferences": {"py/set": []}, "py/object": "JavaParserVisitor.MethodInfo"}, "testCreateAndReadStream": {"memberReferences": {"py/set": []}, "methodName": "testCreateAndReadStream", "methodReferences": {"py/set": []}, "py/object": "JavaParserVisitor.MethodInfo"}, "testDeleteStream": {"memberReferences": {"py/set": []}, "methodName": "testDeleteStream", "methodReferences": {"py/set": []}, "py/object": "JavaParserVisitor.MethodInfo"}, "testDeleteStreams": {"memberReferences": {"py/set": []}, "methodName": "testDeleteStreams", "methodReferences": {"py/set": []}, "py/object": "JavaParserVisitor.MethodInfo"}, "testGetStreamNames": {"memberReferences": {"py/set": []}, "methodName": "testGetStreamNames", "methodReferences": {"py/set": []}, "py/object": "JavaParserVisitor.MethodInfo"}, "testPruneSnapshots": {"memberReferences": {"py/set": []}, "methodName": "testPruneSnapshots", "methodReferences": {"py/set": []}, "py/object": "JavaParserVisitor.MethodInfo"}, "testRestoreSnapshot": {"memberReferences": {"py/set": []}, "methodName": "testRestoreSnapshot", "methodReferences": {"py/set": []}, "py/object": "JavaParserVisitor.MethodInfo"}, "testTakeAndDeleteSnapshot": {"memberReferences": {"py/set": []}, "methodName": "testTakeAndDeleteSnapshot", "methodReferences": {"py/set": []}, "py/object": "JavaParserVisitor.MethodInfo"}}, "possibleFather": "TestBase", "py/object": "JavaParserVisitor.ClassInfo", "span": 161}, "StreamServiceUnitTest": {"className": "StreamServiceUnitTest", "members": {"py/set": []}, "methods": {"testIsSnapshotRequired": {"memberReferences": {"py/set": []}, "methodName": "testIsSnapshotRequired", "methodReferences": {"py/set": []}, "py/object": "JavaParserVisitor.MethodInfo"}}, "possibleFather": "", "py/object": "JavaParserVisitor.ClassInfo", "span": 20}, "StreamState": {"className": "StreamState", "members": {"py/set": ["isNewStream", "serialVersionUID", "availableSnapshots"]}, "methods": {"availableSnapshotNumbers": {"memberReferences": {"py/set": ["availableSnapshots"]}, "methodName": "availableSnapshotNumbers", "methodReferences": {"py/set": []}, "py/object": "JavaParserVisitor.MethodInfo"}, "toString": {"memberReferences": {"py/set": ["isNewStream", "availableSnapshots"]}, "methodName": "toString", "methodReferences": {"py/set": ["toString"]}, "py/object": "JavaParserVisitor.MethodInfo"}}, "possibleFather": "", "py/object": "JavaParserVisitor.ClassInfo", "span": 42}, "StreamTest": {"className": "StreamTest", "members": {"py/set": ["ctx"]}, "methods": {"testXmlSerialization": {"memberReferences": {"py/set": []}, "methodName": "testXmlSerialization", "methodReferences": {"py/set": []}, "py/object": "JavaParserVisitor.MethodInfo"}}, "possibleFather": "TestBase", "py/object": "JavaParserVisitor.ClassInfo", "span": 28}, "SyncConfiguration": {"className": "SyncConfiguration", "members": {"py/set": ["createRemoteIfNecessary", "direction", "remoteRepoLocation", "streamPatterns", "remoteStreamName", "sshTarget"]}, "methods": {"isSynced": {"memberReferences": {"py/set": ["streamPatterns"]}, "methodName": "isSynced", "methodReferences": {"py/set": []}, "py/object": "JavaParserVisitor.MethodInfo"}}, "possibleFather": "", "py/object": "JavaParserVisitor.ClassInfo", "span": 45}, "SyncConfigurationUnitTest": {"className": "SyncConfigurationUnitTest", "members": {"py/set": []}, "methods": {"testIsSynced": {"memberReferences": {"py/set": []}, "methodName": "testIsSynced", "methodReferences": {"py/set": []}, "py/object": "JavaParserVisitor.MethodInfo"}}, "possibleFather": "", "py/object": "JavaParserVisitor.ClassInfo", "span": 18}, "SyncService": {"className": "SyncService", "members": {"py/set": ["streamService", "log"]}, "methods": {"calculateAncestorNrs": {"memberReferences": {"py/set": []}, "methodName": "calculateAncestorNrs", "methodReferences": {"py/set": ["fillAvailableAncestors"]}, "py/object": "JavaParserVisitor.MethodInfo"}, "calculateMissingSnapshots": {"memberReferences": {"py/set": []}, "methodName": "calculateMissingSnapshots", "methodReferences": {"py/set": []}, "py/object": "JavaParserVisitor.MethodInfo"}, "calculateNextSnapshotNr": {"memberReferences": {"py/set": []}, "methodName": "calculateNextSnapshotNr", "methodReferences": {"py/set": []}, "py/object": "JavaParserVisitor.MethodInfo"}, "calculateStreamState": {"memberReferences": {"py/set": []}, "methodName": "calculateStreamState", "methodReferences": {"py/set": []}, "py/object": "JavaParserVisitor.MethodInfo"}, "determineSendFiles": {"memberReferences": {"py/set": []}, "methodName": "determineSendFiles", "methodReferences": {"py/set": ["calculateNextSnapshotNr", "calculateMissingSnapshots", "calculateAncestorNrs"]}, "py/object": "JavaParserVisitor.MethodInfo"}, "fillAvailableAncestors": {"memberReferences": {"py/set": []}, "methodName": "fillAvailableAncestors", "methodReferences": {"py/set": ["fillAvailableAncestors"]}, "py/object": "JavaParserVisitor.MethodInfo"}}, "possibleFather": "", "py/object": "JavaParserVisitor.ClassInfo", "span": 148}, "SyncServiceTest": {"className": "SyncServiceTest", "members": {"py/set": ["service"]}, "methods": {"setup": {"memberReferences": {"py/set": ["service"]}, "methodName": "setup", "methodReferences": {"py/set": []}, "py/object": "JavaParserVisitor.MethodInfo"}, "testCalculateAncestorNrs": {"memberReferences": {"py/set": []}, "methodName": "testCalculateAncestorNrs", "methodReferences": {"py/set": []}, "py/object": "JavaParserVisitor.MethodInfo"}, "testCalculateMissingSnapshots": {"memberReferences": {"py/set": []}, "methodName": "testCalculateMissingSnapshots", "methodReferences": {"py/set": []}, "py/object": "JavaParserVisitor.MethodInfo"}, "testCalculateNextSnapshotNr": {"memberReferences": {"py/set": []}, "methodName": "testCalculateNextSnapshotNr", "methodReferences": {"py/set": []}, "py/object": "JavaParserVisitor.MethodInfo"}, "testDetermineSendFiles": {"memberReferences": {"py/set": []}, "methodName": "testDetermineSendFiles", "methodReferences": {"py/set": []}, "py/object": "JavaParserVisitor.MethodInfo"}}, "possibleFather": "", "py/object": "JavaParserVisitor.ClassInfo", "span": 100}, "TestBase": {"className": "TestBase", "members": {"py/set": ["btrfsService"]}, "methods": {"createTempDirectory": {"memberReferences": {"py/set": []}, "methodName": "createTempDirectory", "methodReferences": {"py/set": ["createTempDirectory"]}, "py/object": "JavaParserVisitor.MethodInfo"}, "setUpTestBase": {"memberReferences": {"py/set": []}, "methodName": "setUpTestBase", "methodReferences": {"py/set": []}, "py/object": "JavaParserVisitor.MethodInfo"}}, "possibleFather": "", "py/object": "JavaParserVisitor.ClassInfo", "span": 15}, "TimeUnitUnitTest": {"className": "TimeUnitUnitTest", "members": {"py/set": ["now"]}, "methods": {"setup": {"memberReferences": {"py/set": ["now"]}, "methodName": "setup", "methodReferences": {"py/set": []}, "py/object": "JavaParserVisitor.MethodInfo"}, "testDay": {"memberReferences": {"py/set": ["now"]}, "methodName": "testDay", "methodReferences": {"py/set": []}, "py/object": "JavaParserVisitor.MethodInfo"}, "testDecade": {"memberReferences": {"py/set": ["now"]}, "methodName": "testDecade", "methodReferences": {"py/set": []}, "py/object": "JavaParserVisitor.MethodInfo"}, "testHour": {"memberReferences": {"py/set": ["now"]}, "methodName": "testHour", "methodReferences": {"py/set": []}, "py/object": "JavaParserVisitor.MethodInfo"}, "testMinute": {"memberReferences": {"py/set": ["now"]}, "methodName": "testMinute", "methodReferences": {"py/set": []}, "py/object": "JavaParserVisitor.MethodInfo"}, "testSecond": {"memberReferences": {"py/set": ["now"]}, "methodName": "testSecond", "methodReferences": {"py/set": []}, "py/object": "JavaParserVisitor.MethodInfo"}, "testWeek": {"memberReferences": {"py/set": []}, "methodName": "testWeek", "methodReferences": {"py/set": []}, "py/object": "JavaParserVisitor.MethodInfo"}, "testYear": {"memberReferences": {"py/set": ["now"]}, "methodName": "testYear", "methodReferences": {"py/set": []}, "py/object": "JavaParserVisitor.MethodInfo"}}, "possibleFather": "", "py/object": "JavaParserVisitor.ClassInfo", "span": 48}, "Util": {"className": "Util", "members": {"py/set": ["injector"]}, "methods": {"get": {"memberReferences": {"py/set": []}, "methodName": "get", "methodReferences": {"py/set": []}, "py/object": "JavaParserVisitor.MethodInfo"}, "getDirectoryNames": {"memberReferences": {"py/set": []}, "methodName": "getDirectoryNames", "methodReferences": {"py/set": []}, "py/object": "JavaParserVisitor.MethodInfo"}, "initializeLockFile": {"memberReferences": {"py/set": []}, "methodName": "initializeLockFile", "methodReferences": {"py/set": []}, "py/object": "JavaParserVisitor.MethodInfo"}, "injectMembers": {"memberReferences": {"py/set": []}, "methodName": "injectMembers", "methodReferences": {"py/set": []}, "py/object": "JavaParserVisitor.MethodInfo"}, "postVisitDirectory": {"memberReferences": {"py/set": []}, "methodName": "postVisitDirectory", "methodReferences": {"py/set": []}, "py/object": "JavaParserVisitor.MethodInfo"}, "read": {"memberReferences": {"py/set": []}, "methodName": "read", "methodReferences": {"py/set": []}, "py/object": "JavaParserVisitor.MethodInfo"}, "readFully": {"memberReferences": {"py/set": []}, "methodName": "readFully", "methodReferences": {"py/set": []}, "py/object": "JavaParserVisitor.MethodInfo"}, "removeRecursive": {"memberReferences": {"py/set": []}, "methodName": "removeRecursive", "methodReferences": {"py/set": []}, "py/object": "JavaParserVisitor.MethodInfo"}, "send": {"memberReferences": {"py/set": []}, "methodName": "send", "methodReferences": {"py/set": []}, "py/object": "JavaParserVisitor.MethodInfo"}, "setInjector": {"memberReferences": {"py/set": []}, "methodName": "setInjector", "methodReferences": {"py/set": []}, "py/object": "JavaParserVisitor.MethodInfo"}, "visitFile": {"memberReferences": {"py/set": []}, "methodName": "visitFile", "methodReferences": {"py/set": []}, "py/object": "JavaParserVisitor.MethodInfo"}, "visitFileFailed": {"memberReferences": {"py/set": []}, "methodName": "visitFileFailed", "methodReferences": {"py/set": []}, "py/object": "JavaParserVisitor.MethodInfo"}, "waitFor": {"memberReferences": {"py/set": []}, "methodName": "waitFor", "methodReferences": {"py/set": []}, "py/object": "JavaParserVisitor.MethodInfo"}}, "possibleFather": "", "py/object": "JavaParserVisitor.ClassInfo", "span": 134}, "VersionHistory": {"className": "VersionHistory", "members": {"py/set": ["entries", "serialVersionUID", "version"]}, "methods": {"addRestore": {"memberReferences": {"py/set": ["entries"]}, "methodName": "addRestore", "methodReferences": {"py/set": ["getLastEntry", "equals"]}, "py/object": "JavaParserVisitor.MethodInfo"}, "addVersion": {"memberReferences": {"py/set": ["entries"]}, "methodName": "addVersion", "methodReferences": {"py/set": ["getLastEntry", "equals"]}, "py/object": "JavaParserVisitor.MethodInfo"}, "calculateNodes": {"memberReferences": {"py/set": ["entries"]}, "methodName": "calculateNodes", "methodReferences": {"py/set": []}, "py/object": "JavaParserVisitor.MethodInfo"}, "equals": {"memberReferences": {"py/set": ["entries"]}, "methodName": "equals", "methodReferences": {"py/set": ["equals"]}, "py/object": "JavaParserVisitor.MethodInfo"}, "getLastEntry": {"memberReferences": {"py/set": ["entries"]}, "methodName": "getLastEntry", "methodReferences": {"py/set": []}, "py/object": "JavaParserVisitor.MethodInfo"}, "getVersionCount": {"memberReferences": {"py/set": ["entries"]}, "methodName": "getVersionCount", "methodReferences": {"py/set": []}, "py/object": "JavaParserVisitor.MethodInfo"}, "isAncestorOf": {"memberReferences": {"py/set": ["entries"]}, "methodName": "isAncestorOf", "methodReferences": {"py/set": ["equals"]}, "py/object": "JavaParserVisitor.MethodInfo"}, "toString": {"memberReferences": {"py/set": []}, "methodName": "toString", "methodReferences": {"py/set": []}, "py/object": "JavaParserVisitor.MethodInfo"}}, "possibleFather": "", "py/object": "JavaParserVisitor.ClassInfo", "span": 205}, "VersionHistoryEntry": {"className": "VersionHistoryEntry", "members": {"py/set": ["serialVersionUID", "streamId"]}, "methods": {"VersionHistoryEntry": {"memberReferences": {"py/set": ["streamId"]}, "methodName": "VersionHistoryEntry", "methodReferences": {"py/set": []}, "py/object": "JavaParserVisitor.MethodInfo"}, "getRepresentedSnapshotCount": {"memberReferences": {"py/set": []}, "methodName": "getRepresentedSnapshotCount", "methodReferences": {"py/set": []}, "py/object": "JavaParserVisitor.MethodInfo"}}, "possibleFather": "", "py/object": "JavaParserVisitor.ClassInfo", "span": 14}, "VersionHistoryTest": {"className": "VersionHistoryTest", "members": {"py/set": []}, "methods": {"testAddVersion": {"memberReferences": {"py/set": []}, "methodName": "testAddVersion", "methodReferences": {"py/set": []}, "py/object": "JavaParserVisitor.MethodInfo"}, "testCalculateNodes": {"memberReferences": {"py/set": []}, "methodName": "testCalculateNodes", "methodReferences": {"py/set": []}, "py/object": "JavaParserVisitor.MethodInfo"}, "testCalculateNodesSimple": {"memberReferences": {"py/set": []}, "methodName": "testCalculateNodesSimple", "methodReferences": {"py/set": []}, "py/object": "JavaParserVisitor.MethodInfo"}, "testEquals": {"memberReferences": {"py/set": []}, "methodName": "testEquals", "methodReferences": {"py/set": []}, "py/object": "JavaParserVisitor.MethodInfo"}, "testIsAncestorOf": {"memberReferences": {"py/set": []}, "methodName": "testIsAncestorOf", "methodReferences": {"py/set": []}, "py/object": "JavaParserVisitor.MethodInfo"}}, "possibleFather": "", "py/object": "JavaParserVisitor.ClassInfo", "span": 123}, "VersionHistoryXmlTest": {"className": "VersionHistoryXmlTest", "members": {"py/set": ["ctx", "history"]}, "methods": {"checkRoundTrip": {"memberReferences": {"py/set": []}, "methodName": "checkRoundTrip", "methodReferences": {"py/set": []}, "py/object": "JavaParserVisitor.MethodInfo"}, "setup": {"memberReferences": {"py/set": ["history"]}, "methodName": "setup", "methodReferences": {"py/set": []}, "py/object": "JavaParserVisitor.MethodInfo"}, "testEmpty": {"memberReferences": {"py/set": ["history"]}, "methodName": "testEmpty", "methodReferences": {"py/set": ["checkRoundTrip"]}, "py/object": "JavaParserVisitor.MethodInfo"}, "testMixedOnly": {"memberReferences": {"py/set": ["history"]}, "methodName": "testMixedOnly", "methodReferences": {"py/set": ["checkRoundTrip"]}, "py/object": "JavaParserVisitor.MethodInfo"}, "testRestoreOnly": {"memberReferences": {"py/set": ["history"]}, "methodName": "testRestoreOnly", "methodReferences": {"py/set": ["checkRoundTrip"]}, "py/object": "JavaParserVisitor.MethodInfo"}, "testSnapshotOnly": {"memberReferences": {"py/set": ["history"]}, "methodName": "testSnapshotOnly", "methodReferences": {"py/set": ["checkRoundTrip"]}, "py/object": "JavaParserVisitor.MethodInfo"}}, "possibleFather": "TestBase", "py/object": "JavaParserVisitor.ClassInfo", "span": 42}}