{"id": 16515299, "node_id": "MDEwOlJlcG9zaXRvcnkxNjUxNTI5OQ==", "name": "Android-UndoBar", "full_name": "jenzz/Android-UndoBar", "private": false, "owner": {"login": "jenzz", "id": 1798455, "node_id": "MDQ6VXNlcjE3OTg0NTU=", "avatar_url": "https://avatars.githubusercontent.com/u/1798455?v=4", "gravatar_id": "", "url": "https://api.github.com/users/jenzz", "html_url": "https://github.com/jenzz", "followers_url": "https://api.github.com/users/jenzz/followers", "following_url": "https://api.github.com/users/jenzz/following{/other_user}", "gists_url": "https://api.github.com/users/jenzz/gists{/gist_id}", "starred_url": "https://api.github.com/users/jenzz/starred{/owner}{/repo}", "subscriptions_url": "https://api.github.com/users/jenzz/subscriptions", "organizations_url": "https://api.github.com/users/jenzz/orgs", "repos_url": "https://api.github.com/users/jenzz/repos", "events_url": "https://api.github.com/users/jenzz/events{/privacy}", "received_events_url": "https://api.github.com/users/jenzz/received_events", "type": "User", "site_admin": false}, "html_url": "https://github.com/jenzz/Android-UndoBar", "description": "[DEPRECATED] An implementation of Android's Undo Bar as seen in Google's Gmail app.", "fork": false, "url": "https://api.github.com/repos/jenzz/Android-UndoBar", "forks_url": "https://api.github.com/repos/jenzz/Android-UndoBar/forks", "keys_url": "https://api.github.com/repos/jenzz/Android-UndoBar/keys{/key_id}", "collaborators_url": "https://api.github.com/repos/jenzz/Android-UndoBar/collaborators{/collaborator}", "teams_url": "https://api.github.com/repos/jenzz/Android-UndoBar/teams", "hooks_url": "https://api.github.com/repos/jenzz/Android-UndoBar/hooks", "issue_events_url": "https://api.github.com/repos/jenzz/Android-UndoBar/issues/events{/number}", "events_url": "https://api.github.com/repos/jenzz/Android-UndoBar/events", "assignees_url": "https://api.github.com/repos/jenzz/Android-UndoBar/assignees{/user}", "branches_url": "https://api.github.com/repos/jenzz/Android-UndoBar/branches{/branch}", "tags_url": "https://api.github.com/repos/jenzz/Android-UndoBar/tags", "blobs_url": "https://api.github.com/repos/jenzz/Android-UndoBar/git/blobs{/sha}", "git_tags_url": "https://api.github.com/repos/jenzz/Android-UndoBar/git/tags{/sha}", "git_refs_url": "https://api.github.com/repos/jenzz/Android-UndoBar/git/refs{/sha}", "trees_url": "https://api.github.com/repos/jenzz/Android-UndoBar/git/trees{/sha}", "statuses_url": "https://api.github.com/repos/jenzz/Android-UndoBar/statuses/{sha}", "languages_url": "https://api.github.com/repos/jenzz/Android-UndoBar/languages", "stargazers_url": "https://api.github.com/repos/jenzz/Android-UndoBar/stargazers", "contributors_url": "https://api.github.com/repos/jenzz/Android-UndoBar/contributors", "subscribers_url": "https://api.github.com/repos/jenzz/Android-UndoBar/subscribers", "subscription_url": "https://api.github.com/repos/jenzz/Android-UndoBar/subscription", "commits_url": "https://api.github.com/repos/jenzz/Android-UndoBar/commits{/sha}", "git_commits_url": "https://api.github.com/repos/jenzz/Android-UndoBar/git/commits{/sha}", "comments_url": "https://api.github.com/repos/jenzz/Android-UndoBar/comments{/number}", "issue_comment_url": "https://api.github.com/repos/jenzz/Android-UndoBar/issues/comments{/number}", "contents_url": "https://api.github.com/repos/jenzz/Android-UndoBar/contents/{+path}", "compare_url": "https://api.github.com/repos/jenzz/Android-UndoBar/compare/{base}...{head}", "merges_url": "https://api.github.com/repos/jenzz/Android-UndoBar/merges", "archive_url": "https://api.github.com/repos/jenzz/Android-UndoBar/{archive_format}{/ref}", "downloads_url": "https://api.github.com/repos/jenzz/Android-UndoBar/downloads", "issues_url": "https://api.github.com/repos/jenzz/Android-UndoBar/issues{/number}", "pulls_url": "https://api.github.com/repos/jenzz/Android-UndoBar/pulls{/number}", "milestones_url": "https://api.github.com/repos/jenzz/Android-UndoBar/milestones{/number}", "notifications_url": "https://api.github.com/repos/jenzz/Android-UndoBar/notifications{?since,all,participating}", "labels_url": "https://api.github.com/repos/jenzz/Android-UndoBar/labels{/name}", "releases_url": "https://api.github.com/repos/jenzz/Android-UndoBar/releases{/id}", "deployments_url": "https://api.github.com/repos/jenzz/Android-UndoBar/deployments", "created_at": "2014-02-04T15:09:20Z", "updated_at": "2022-02-09T13:37:16Z", "pushed_at": "2016-05-14T13:51:02Z", "git_url": "git://github.com/jenzz/Android-UndoBar.git", "ssh_url": "git@github.com:jenzz/Android-UndoBar.git", "clone_url": "https://github.com/jenzz/Android-UndoBar.git", "svn_url": "https://github.com/jenzz/Android-UndoBar", "homepage": "", "size": 856, "stargazers_count": 590, "watchers_count": 590, "language": "Java", "has_issues": true, "has_projects": true, "has_downloads": true, "has_wiki": false, "has_pages": false, "forks_count": 98, "mirror_url": null, "archived": true, "disabled": false, "open_issues_count": 2, "license": {"key": "mit", "name": "MIT License", "spdx_id": "MIT", "url": "https://api.github.com/licenses/mit", "node_id": "MDc6TGljZW5zZTEz"}, "allow_forking": true, "is_template": false, "topics": [], "visibility": "public", "forks": 98, "open_issues": 2, "watchers": 590, "default_branch": "master", "score": 1.0, "__project_size": 1131619, "__java_files_sizes": 34620, "__java_files_loc": 1117, "contributors_url_calculated": 4, "commits_url_calculated": 48}