{"Attack": {"className": "Attack", "members": {"py/set": ["attacker", "time"]}, "methods": {"Attack": {"memberReferences": {"py/set": ["attacker", "time"]}, "methodName": "Attack", "methodReferences": {"py/set": []}, "py/object": "JavaParserVisitor.MethodInfo"}}, "possibleFather": "", "py/object": "JavaParserVisitor.ClassInfo", "span": 16}, "AttackCommand": {"className": "AttackCommand", "members": {"py/set": ["command", "sourceAddress"]}, "methods": {"AttackCommand": {"memberReferences": {"py/set": ["command", "sourceAddress"]}, "methodName": "AttackCommand", "methodReferences": {"py/set": []}, "py/object": "JavaParserVisitor.MethodInfo"}, "getSourceAddress": {"memberReferences": {"py/set": ["sourceAddress"]}, "methodName": "getSourceAddress", "methodReferences": {"py/set": []}, "py/object": "JavaParserVisitor.MethodInfo"}}, "possibleFather": "Attack", "py/object": "JavaParserVisitor.ClassInfo", "span": 22}, "AttackConnect": {"className": "AttackConnect", "members": {"py/set": []}, "methods": {"AttackConnect": {"memberReferences": {"py/set": []}, "methodName": "AttackConnect", "methodReferences": {"py/set": []}, "py/object": "JavaParserVisitor.MethodInfo"}}, "possibleFather": "Attack", "py/object": "JavaParserVisitor.ClassInfo", "span": 6}, "AttackData": {"className": "AttackData", "members": {"py/set": ["moduleGroup"]}, "methods": {"AttackData": {"memberReferences": {"py/set": ["moduleGroup"]}, "methodName": "AttackData", "methodReferences": {"py/set": []}, "py/object": "JavaParserVisitor.MethodInfo"}, "addModule": {"memberReferences": {"py/set": []}, "methodName": "addModule", "methodReferences": {"py/set": []}, "py/object": "JavaParserVisitor.MethodInfo"}, "getAttackNumberForAttack": {"memberReferences": {"py/set": []}, "methodName": "getAttackNumberForAttack", "methodReferences": {"py/set": []}, "py/object": "JavaParserVisitor.MethodInfo"}, "getAttackers": {"memberReferences": {"py/set": []}, "methodName": "getAttackers", "methodReferences": {"py/set": []}, "py/object": "JavaParserVisitor.MethodInfo"}, "getAttackersForAttack": {"memberReferences": {"py/set": []}, "methodName": "getAttackersForAttack", "methodReferences": {"py/set": []}, "py/object": "JavaParserVisitor.MethodInfo"}, "getListOfAttacks": {"memberReferences": {"py/set": []}, "methodName": "getListOfAttacks", "methodReferences": {"py/set": []}, "py/object": "JavaParserVisitor.MethodInfo"}, "getModule": {"memberReferences": {"py/set": []}, "methodName": "getModule", "methodReferences": {"py/set": []}, "py/object": "JavaParserVisitor.MethodInfo"}, "getTotalAttackNumber": {"memberReferences": {"py/set": []}, "methodName": "getTotalAttackNumber", "methodReferences": {"py/set": []}, "py/object": "JavaParserVisitor.MethodInfo"}}, "possibleFather": "", "py/object": "JavaParserVisitor.ClassInfo", "span": 70}, "AttackFileRcvd": {"className": "AttackFileRcvd", "members": {"py/set": ["fileSize", "fileName", "sourceAddress"]}, "methods": {"AttackFileRcvd": {"memberReferences": {"py/set": ["fileSize", "fileName"]}, "methodName": "AttackFileRcvd", "methodReferences": {"py/set": []}, "py/object": "JavaParserVisitor.MethodInfo"}, "getFileName": {"memberReferences": {"py/set": ["fileName"]}, "methodName": "getFileName", "methodReferences": {"py/set": []}, "py/object": "JavaParserVisitor.MethodInfo"}}, "possibleFather": "Attack", "py/object": "JavaParserVisitor.ClassInfo", "span": 19}, "AttackList": {"className": "AttackList", "members": {"py/set": ["attackList"]}, "methods": {"AttackList": {"memberReferences": {"py/set": []}, "methodName": "AttackList", "methodReferences": {"py/set": []}, "py/object": "JavaParserVisitor.MethodInfo"}, "add": {"memberReferences": {"py/set": []}, "methodName": "add", "methodReferences": {"py/set": []}, "py/object": "JavaParserVisitor.MethodInfo"}, "getArrayList": {"memberReferences": {"py/set": ["attackList"]}, "methodName": "getArrayList", "methodReferences": {"py/set": []}, "py/object": "JavaParserVisitor.MethodInfo"}, "getNumberOfAttacks": {"memberReferences": {"py/set": []}, "methodName": "getNumberOfAttacks", "methodReferences": {"py/set": []}, "py/object": "JavaParserVisitor.MethodInfo"}}, "possibleFather": "", "py/object": "JavaParserVisitor.ClassInfo", "span": 19}, "AttackModule": {"className": "AttackModule", "members": {"py/set": ["attackGroup", "totalAttacks"]}, "methods": {"AttackModule": {"memberReferences": {"py/set": ["attackGroup"]}, "methodName": "AttackModule", "methodReferences": {"py/set": []}, "py/object": "JavaParserVisitor.MethodInfo"}, "add": {"memberReferences": {"py/set": []}, "methodName": "add", "methodReferences": {"py/set": []}, "py/object": "JavaParserVisitor.MethodInfo"}, "addTo": {"memberReferences": {"py/set": []}, "methodName": "addTo", "methodReferences": {"py/set": []}, "py/object": "JavaParserVisitor.MethodInfo"}, "get": {"memberReferences": {"py/set": []}, "methodName": "get", "methodReferences": {"py/set": []}, "py/object": "JavaParserVisitor.MethodInfo"}, "getAttackNumberForAttack": {"memberReferences": {"py/set": []}, "methodName": "getAttackNumberForAttack", "methodReferences": {"py/set": []}, "py/object": "JavaParserVisitor.MethodInfo"}, "getAttackers": {"memberReferences": {"py/set": []}, "methodName": "getAttackers", "methodReferences": {"py/set": []}, "py/object": "JavaParserVisitor.MethodInfo"}, "getAttackersForAttack": {"memberReferences": {"py/set": []}, "methodName": "getAttackersForAttack", "methodReferences": {"py/set": []}, "py/object": "JavaParserVisitor.MethodInfo"}, "getListOfAttacks": {"memberReferences": {"py/set": []}, "methodName": "getListOfAttacks", "methodReferences": {"py/set": []}, "py/object": "JavaParserVisitor.MethodInfo"}, "getTotalAttackNumber": {"memberReferences": {"py/set": []}, "methodName": "getTotalAttackNumber", "methodReferences": {"py/set": []}, "py/object": "JavaParserVisitor.MethodInfo"}}, "possibleFather": "", "py/object": "JavaParserVisitor.ClassInfo", "span": 60}, "AttackOBEXFile": {"className": "AttackOBEXFile", "members": {"py/set": ["getRequest", "sourceAddress"]}, "methods": {"AttackOBEXFile": {"memberReferences": {"py/set": ["getRequest", "sourceAddress"]}, "methodName": "AttackOBEXFile", "methodReferences": {"py/set": []}, "py/object": "JavaParserVisitor.MethodInfo"}, "getFileName": {"memberReferences": {"py/set": ["getRequest"]}, "methodName": "getFileName", "methodReferences": {"py/set": []}, "py/object": "JavaParserVisitor.MethodInfo"}, "getSourceAddress": {"memberReferences": {"py/set": ["sourceAddress"]}, "methodName": "getSourceAddress", "methodReferences": {"py/set": []}, "py/object": "JavaParserVisitor.MethodInfo"}}, "possibleFather": "Attack", "py/object": "JavaParserVisitor.ClassInfo", "span": 22}, "AttackTimeout": {"className": "AttackTimeout", "members": {"py/set": []}, "methods": {"AttackTimeout": {"memberReferences": {"py/set": []}, "methodName": "AttackTimeout", "methodReferences": {"py/set": []}, "py/object": "JavaParserVisitor.MethodInfo"}}, "possibleFather": "Attack", "py/object": "JavaParserVisitor.ClassInfo", "span": 5}, "AttackerAndTime": {"className": "AttackerAndTime", "members": {"py/set": ["attacker", "time"]}, "methods": {"AttackerAndTime": {"memberReferences": {"py/set": ["attacker", "time"]}, "methodName": "AttackerAndTime", "methodReferences": {"py/set": []}, "py/object": "JavaParserVisitor.MethodInfo"}}, "possibleFather": "", "py/object": "JavaParserVisitor.ClassInfo", "span": 16}, "Attackers": {"className": "Attackers", "members": {"py/set": ["lastSeen", "lgPanel", "choose", "infoPanel", "model", "mainPanel", "logPanel", "smFont", "none", "txtFirstSeen", "view", "txtLog", "hits", "selectAttacker", "listOfAttackers", "infoBorder", "lastSelected", "mnPanel", "firstSeen", "txtlastSeen", "txtScroll", "noAttackers", "txtHits"]}, "methods": {"Attackers": {"memberReferences": {"py/set": ["lastSeen", "lgPanel", "choose", "infoPanel", "model", "mainPanel", "smFont", "logPanel", "none", "txtFirstSeen", "view", "txtLog", "hits", "selectAttacker", "infoBorder", "mnPanel", "firstSeen", "txtlastSeen", "txtScroll", "txtHits"]}, "methodName": "Attackers", "methodReferences": {"py/set": []}, "py/object": "JavaParserVisitor.MethodInfo"}, "actionPerformed": {"memberReferences": {"py/set": ["txtHits", "txtLog"]}, "methodName": "actionPerformed", "methodReferences": {"py/set": ["setTextBox"]}, "py/object": "JavaParserVisitor.MethodInfo"}, "newAttackers": {"memberReferences": {"py/set": ["mainPanel", "txtLog", "listOfAttackers", "noAttackers", "txtHits", "logPanel"]}, "methodName": "newAttackers", "methodReferences": {"py/set": ["setTextBox", "startPanel"]}, "py/object": "JavaParserVisitor.MethodInfo"}, "setTextBox": {"memberReferences": {"py/set": ["txtHits", "txtLog"]}, "methodName": "setTextBox", "methodReferences": {"py/set": []}, "py/object": "JavaParserVisitor.MethodInfo"}, "startPanel": {"memberReferences": {"py/set": ["mainPanel", "listOfAttackers", "logPanel"]}, "methodName": "startPanel", "methodReferences": {"py/set": []}, "py/object": "JavaParserVisitor.MethodInfo"}}, "possibleFather": "JPanel", "py/object": "JavaParserVisitor.ClassInfo", "span": 158}, "ChangeMajorClassListener": {"className": "ChangeMajorClassListener", "members": {"py/set": ["model", "panel"]}, "methods": {"ChangeMajorClassListener": {"memberReferences": {"py/set": ["model", "panel"]}, "methodName": "ChangeMajorClassListener", "methodReferences": {"py/set": []}, "py/object": "JavaParserVisitor.MethodInfo"}, "actionPerformed": {"memberReferences": {"py/set": []}, "methodName": "actionPerformed", "methodReferences": {"py/set": []}, "py/object": "JavaParserVisitor.MethodInfo"}}, "possibleFather": "", "py/object": "JavaParserVisitor.ClassInfo", "span": 15}, "Configuration": {"className": "Configuration", "members": {"py/set": ["rcvdFolderChooser", "rcvdTxtDirectory", "txtRfcommIdResponse", "model", "txtObexGetResponse", "randomTxtEvery", "rcvdTxtSubject", "txtRfcommSMSResponse", "rcvdTxtFrom", "emailTxtHost", "randomChckDeviceClass", "randomTxtNameLocation", "emailTxtUser", "txtRfcommPhoneBookResponse", "view", "emailTxtPassword", "randomChckEnabled", "emailTxtPort", "rcvdTxtTo", "randomNameFileChooser", "rcvdChkShouldEmail"]}, "methods": {"Configuration": {"memberReferences": {"py/set": ["rcvdFolderChooser", "rcvdTxtDirectory", "txtRfcommIdResponse", "model", "txtObexGetResponse", "randomTxtEvery", "rcvdTxtSubject", "txtRfcommSMSResponse", "rcvdTxtFrom", "randomChckDeviceClass", "emailTxtHost", "randomTxtNameLocation", "emailTxtUser", "txtRfcommPhoneBookResponse", "view", "emailTxtPassword", "randomChckEnabled", "emailTxtPort", "rcvdTxtTo", "randomNameFileChooser", "rcvdChkShouldEmail"]}, "methodName": "Configuration", "methodReferences": {"py/set": []}, "py/object": "JavaParserVisitor.MethodInfo"}}, "possibleFather": "JPanel", "py/object": "JavaParserVisitor.ClassInfo", "span": 278}, "ConfigureSensors": {"className": "ConfigureSensors", "members": {"py/set": ["view", "cards", "sideTree", "panels", "model"]}, "methods": {"ConfigureSensors": {"memberReferences": {"py/set": ["cards", "sideTree", "model", "panels", "view"]}, "methodName": "ConfigureSensors", "methodReferences": {"py/set": ["creatNodes"]}, "py/object": "JavaParserVisitor.MethodInfo"}, "addLog": {"memberReferences": {"py/set": ["panels"]}, "methodName": "addLog", "methodReferences": {"py/set": []}, "py/object": "JavaParserVisitor.MethodInfo"}, "creatNodes": {"memberReferences": {"py/set": []}, "methodName": "creatNodes", "methodReferences": {"py/set": []}, "py/object": "JavaParserVisitor.MethodInfo"}, "fireSmallTableDataChanged": {"memberReferences": {"py/set": ["panels"]}, "methodName": "fireSmallTableDataChanged", "methodReferences": {"py/set": []}, "py/object": "JavaParserVisitor.MethodInfo"}, "getBtnReset": {"memberReferences": {"py/set": ["panels"]}, "methodName": "getBtnReset", "methodReferences": {"py/set": []}, "py/object": "JavaParserVisitor.MethodInfo"}, "getBtnSave": {"memberReferences": {"py/set": ["panels"]}, "methodName": "getBtnSave", "methodReferences": {"py/set": []}, "py/object": "JavaParserVisitor.MethodInfo"}, "getLastSelectedPathComponent": {"memberReferences": {"py/set": []}, "methodName": "getLastSelectedPathComponent", "methodReferences": {"py/set": []}, "py/object": "JavaParserVisitor.MethodInfo"}, "getTableModel": {"memberReferences": {"py/set": ["panels"]}, "methodName": "getTableModel", "methodReferences": {"py/set": []}, "py/object": "JavaParserVisitor.MethodInfo"}, "setCard": {"memberReferences": {"py/set": []}, "methodName": "setCard", "methodReferences": {"py/set": []}, "py/object": "JavaParserVisitor.MethodInfo"}, "updateOBEXChart": {"memberReferences": {"py/set": ["panels"]}, "methodName": "updateOBEXChart", "methodReferences": {"py/set": []}, "py/object": "JavaParserVisitor.MethodInfo"}, "updateSensors": {"memberReferences": {"py/set": ["panels"]}, "methodName": "updateSensors", "methodReferences": {"py/set": []}, "py/object": "JavaParserVisitor.MethodInfo"}}, "possibleFather": "JPanel", "py/object": "JavaParserVisitor.ClassInfo", "span": 182}, "Controller": {"className": "Controller", "members": {"py/set": ["model", "graphUpdater", "view", "randomiser"]}, "methods": {"Controller": {"memberReferences": {"py/set": ["view", "graphUpdater", "model", "randomiser"]}, "methodName": "Controller", "methodReferences": {"py/set": []}, "py/object": "JavaParserVisitor.MethodInfo"}}, "possibleFather": "", "py/object": "JavaParserVisitor.ClassInfo", "span": 41}, "DeviceClass": {"className": "DeviceClass", "members": {"py/set": ["imaging", "wearable", "network", "computer", "majorToMinor", "health", "misc", "uncategorized", "majorMinorClasses", "audiovideo", "phone", "peripheral", "major", "toy"]}, "methods": {"DeviceClass": {"memberReferences": {"py/set": []}, "methodName": "DeviceClass", "methodReferences": {"py/set": []}, "py/object": "JavaParserVisitor.MethodInfo"}, "getMajorInt": {"memberReferences": {"py/set": []}, "methodName": "getMajorInt", "methodReferences": {"py/set": []}, "py/object": "JavaParserVisitor.MethodInfo"}, "getMajorList": {"memberReferences": {"py/set": []}, "methodName": "getMajorList", "methodReferences": {"py/set": []}, "py/object": "JavaParserVisitor.MethodInfo"}, "getMinorInt": {"memberReferences": {"py/set": []}, "methodName": "getMinorInt", "methodReferences": {"py/set": []}, "py/object": "JavaParserVisitor.MethodInfo"}, "getMinorList": {"memberReferences": {"py/set": []}, "methodName": "getMinorList", "methodReferences": {"py/set": []}, "py/object": "JavaParserVisitor.MethodInfo"}, "majorIntToString": {"memberReferences": {"py/set": []}, "methodName": "majorIntToString", "methodReferences": {"py/set": []}, "py/object": "JavaParserVisitor.MethodInfo"}, "minorIntToString": {"memberReferences": {"py/set": []}, "methodName": "minorIntToString", "methodReferences": {"py/set": []}, "py/object": "JavaParserVisitor.MethodInfo"}}, "possibleFather": "", "py/object": "JavaParserVisitor.ClassInfo", "span": 204}, "DevicesTableModel": {"className": "DevicesTableModel", "members": {"py/set": ["NAME", "MAJOR", "MINOR", "view", "OBEX", "L2CAP", "RFCOMM", "LOCKED", "model", "ID", "VISIBLE"]}, "methods": {"DevicesTableModel": {"memberReferences": {"py/set": ["model", "view"]}, "methodName": "DevicesTableModel", "methodReferences": {"py/set": []}, "py/object": "JavaParserVisitor.MethodInfo"}, "getColumnClass": {"memberReferences": {"py/set": ["MAJOR", "OBEX", "MINOR", "RFCOMM", "LOCKED", "L2CAP", "VISIBLE"]}, "methodName": "getColumnClass", "methodReferences": {"py/set": []}, "py/object": "JavaParserVisitor.MethodInfo"}, "getColumnCount": {"memberReferences": {"py/set": []}, "methodName": "getColumnCount", "methodReferences": {"py/set": []}, "py/object": "JavaParserVisitor.MethodInfo"}, "getColumnName": {"memberReferences": {"py/set": ["NAME", "MINOR", "OBEX", "LOCKED", "L2CAP", "VISIBLE", "MAJOR", "RFCOMM"]}, "methodName": "getColumnName", "methodReferences": {"py/set": []}, "py/object": "JavaParserVisitor.MethodInfo"}, "getRowCount": {"memberReferences": {"py/set": []}, "methodName": "getRowCount", "methodReferences": {"py/set": []}, "py/object": "JavaParserVisitor.MethodInfo"}, "getValueAt": {"memberReferences": {"py/set": ["NAME", "MINOR", "OBEX", "LOCKED", "L2CAP", "model", "ID", "VISIBLE", "MAJOR", "RFCOMM"]}, "methodName": "getValueAt", "methodReferences": {"py/set": []}, "py/object": "JavaParserVisitor.MethodInfo"}, "isCellEditable": {"memberReferences": {"py/set": ["NAME", "MAJOR", "OBEX", "MINOR", "RFCOMM", "LOCKED", "L2CAP", "VISIBLE"]}, "methodName": "isCellEditable", "methodReferences": {"py/set": []}, "py/object": "JavaParserVisitor.MethodInfo"}, "setValueAt": {"memberReferences": {"py/set": ["NAME", "OBEX", "MINOR", "LOCKED", "model", "L2CAP", "VISIBLE", "MAJOR", "RFCOMM"]}, "methodName": "setValueAt", "methodReferences": {"py/set": []}, "py/object": "JavaParserVisitor.MethodInfo"}}, "possibleFather": "AbstractTableModel", "py/object": "JavaParserVisitor.ClassInfo", "span": 210}, "EmailFile": {"className": "EmailFile", "members": {"py/set": ["model", "settings", "filename", "session"]}, "methods": {"EmailFile": {"memberReferences": {"py/set": ["model"]}, "methodName": "EmailFile", "methodReferences": {"py/set": []}, "py/object": "JavaParserVisitor.MethodInfo"}, "sendEmail": {"memberReferences": {"py/set": ["session", "settings", "filename", "model"]}, "methodName": "sendEmail", "methodReferences": {"py/set": []}, "py/object": "JavaParserVisitor.MethodInfo"}}, "possibleFather": "", "py/object": "JavaParserVisitor.ClassInfo", "span": 89}, "GraphFactory": {"className": "GraphFactory", "members": {"py/set": ["data", "y", "startTime", "sensor", "type", "TYPE_BAR", "TYPE_TIME", "title", "attackModule", "biggestTime", "list", "a", "listManager", "model", "module", "attackList", "x"]}, "methods": {"GraphFactory": {"memberReferences": {"py/set": ["y", "sensor", "list", "model", "x", "listManager", "biggestTime", "data", "startTime", "title", "module", "type"]}, "methodName": "GraphFactory", "methodReferences": {"py/set": []}, "py/object": "JavaParserVisitor.MethodInfo"}, "getChart": {"memberReferences": {"py/set": ["data", "y", "title", "x", "type"]}, "methodName": "getChart", "methodReferences": {"py/set": []}, "py/object": "JavaParserVisitor.MethodInfo"}, "updateData": {"memberReferences": {"py/set": ["sensor", "attackModule", "list", "module", "attackList", "biggestTime"]}, "methodName": "updateData", "methodReferences": {"py/set": []}, "py/object": "JavaParserVisitor.MethodInfo"}}, "possibleFather": "", "py/object": "JavaParserVisitor.ClassInfo", "span": 231}, "GraphOverall": {"className": "GraphOverall", "members": {"py/set": ["dataL2CAP", "dataRFCOMM", "startTime", "dataOBEX", "model", "listManager", "biggestTime"]}, "methods": {"GraphOverall": {"memberReferences": {"py/set": ["startTime", "model", "listManager", "biggestTime"]}, "methodName": "GraphOverall", "methodReferences": {"py/set": []}, "py/object": "JavaParserVisitor.MethodInfo"}, "getChart": {"memberReferences": {"py/set": []}, "methodName": "getChart", "methodReferences": {"py/set": []}, "py/object": "JavaParserVisitor.MethodInfo"}, "updateData": {"memberReferences": {"py/set": ["biggestTime"]}, "methodName": "updateData", "methodReferences": {"py/set": []}, "py/object": "JavaParserVisitor.MethodInfo"}}, "possibleFather": "", "py/object": "JavaParserVisitor.ClassInfo", "span": 208}, "GraphSensors": {"className": "GraphSensors", "members": {"py/set": ["startTime", "sensors", "model", "listManager", "biggestTime"]}, "methods": {"GraphSensors": {"memberReferences": {"py/set": ["startTime", "sensors", "biggestTime", "model", "listManager"]}, "methodName": "GraphSensors", "methodReferences": {"py/set": []}, "py/object": "JavaParserVisitor.MethodInfo"}, "getChart": {"memberReferences": {"py/set": []}, "methodName": "getChart", "methodReferences": {"py/set": []}, "py/object": "JavaParserVisitor.MethodInfo"}, "updateData": {"memberReferences": {"py/set": ["sensors", "biggestTime"]}, "methodName": "updateData", "methodReferences": {"py/set": []}, "py/object": "JavaParserVisitor.MethodInfo"}}, "possibleFather": "", "py/object": "JavaParserVisitor.ClassInfo", "span": 171}, "GraphUpdater": {"className": "GraphUpdater", "members": {"py/set": ["model", "view"]}, "methods": {"GraphUpdater": {"memberReferences": {"py/set": ["model", "view"]}, "methodName": "GraphUpdater", "methodReferences": {"py/set": []}, "py/object": "JavaParserVisitor.MethodInfo"}, "run": {"memberReferences": {"py/set": []}, "methodName": "run", "methodReferences": {"py/set": []}, "py/object": "JavaParserVisitor.MethodInfo"}}, "possibleFather": "", "py/object": "JavaParserVisitor.ClassInfo", "span": 19}, "JTableSensors": {"className": "JTableSensors", "members": {"py/set": ["rm", "view"]}, "methods": {"JTableSensors": {"memberReferences": {"py/set": ["rm", "view"]}, "methodName": "JTableSensors", "methodReferences": {"py/set": []}, "py/object": "JavaParserVisitor.MethodInfo"}, "getCellEditor": {"memberReferences": {"py/set": []}, "methodName": "getCellEditor", "methodReferences": {"py/set": []}, "py/object": "JavaParserVisitor.MethodInfo"}, "getRowEditorModel": {"memberReferences": {"py/set": ["rm"]}, "methodName": "getRowEditorModel", "methodReferences": {"py/set": []}, "py/object": "JavaParserVisitor.MethodInfo"}, "paint": {"memberReferences": {"py/set": []}, "methodName": "paint", "methodReferences": {"py/set": []}, "py/object": "JavaParserVisitor.MethodInfo"}, "prepareRenderer": {"memberReferences": {"py/set": []}, "methodName": "prepareRenderer", "methodReferences": {"py/set": []}, "py/object": "JavaParserVisitor.MethodInfo"}, "setRowEditorModel": {"memberReferences": {"py/set": ["rm"]}, "methodName": "setRowEditorModel", "methodReferences": {"py/set": []}, "py/object": "JavaParserVisitor.MethodInfo"}}, "possibleFather": "JTable", "py/object": "JavaParserVisitor.ClassInfo", "span": 54}, "L2CAPServer": {"className": "L2CAPServer", "members": {"py/set": ["dongleID", "attackModule", "failCount", "id", "isStopped", "model", "running"]}, "methods": {"L2CAPServer": {"memberReferences": {"py/set": ["dongleID", "attackModule", "id", "model"]}, "methodName": "L2CAPServer", "methodReferences": {"py/set": []}, "py/object": "JavaParserVisitor.MethodInfo"}, "isRunning": {"memberReferences": {"py/set": ["running"]}, "methodName": "isRunning", "methodReferences": {"py/set": []}, "py/object": "JavaParserVisitor.MethodInfo"}, "keepOpeningConnection": {"memberReferences": {"py/set": []}, "methodName": "keepOpeningConnection", "methodReferences": {"py/set": ["keepOpeningConnection"]}, "py/object": "JavaParserVisitor.MethodInfo"}, "run": {"memberReferences": {"py/set": ["id", "model", "running", "isStopped", "failCount", "attackModule"]}, "methodName": "run", "methodReferences": {"py/set": ["keepOpeningConnection"]}, "py/object": "JavaParserVisitor.MethodInfo"}}, "possibleFather": "Observable", "py/object": "JavaParserVisitor.ClassInfo", "span": 101}, "ListManager": {"className": "ListManager", "members": {"py/set": ["recentAttackers", "attackerInstances"]}, "methods": {"addAttack": {"memberReferences": {"py/set": ["recentAttackers", "attackerInstances"]}, "methodName": "addAttack", "methodReferences": {"py/set": []}, "py/object": "JavaParserVisitor.MethodInfo"}, "compare": {"memberReferences": {"py/set": []}, "methodName": "compare", "methodReferences": {"py/set": []}, "py/object": "JavaParserVisitor.MethodInfo"}, "getNoOfAttackers": {"memberReferences": {"py/set": []}, "methodName": "getNoOfAttackers", "methodReferences": {"py/set": []}, "py/object": "JavaParserVisitor.MethodInfo"}, "getNoOfAttacks": {"memberReferences": {"py/set": []}, "methodName": "getNoOfAttacks", "methodReferences": {"py/set": []}, "py/object": "JavaParserVisitor.MethodInfo"}, "getRecentAttackers": {"memberReferences": {"py/set": []}, "methodName": "getRecentAttackers", "methodReferences": {"py/set": []}, "py/object": "JavaParserVisitor.MethodInfo"}, "getTopVolumeAttackers": {"memberReferences": {"py/set": ["attackerInstances"]}, "methodName": "getTopVolumeAttackers", "methodReferences": {"py/set": ["sortByValue"]}, "py/object": "JavaParserVisitor.MethodInfo"}, "sortByValue": {"memberReferences": {"py/set": []}, "methodName": "sortByValue", "methodReferences": {"py/set": []}, "py/object": "JavaParserVisitor.MethodInfo"}}, "possibleFather": "", "py/object": "JavaParserVisitor.ClassInfo", "span": 155}, "ListManagerOBEX": {"className": "ListManagerOBEX", "members": {"py/set": ["recentFiles"]}, "methods": {"ListManagerOBEX": {"memberReferences": {"py/set": []}, "methodName": "ListManagerOBEX", "methodReferences": {"py/set": []}, "py/object": "JavaParserVisitor.MethodInfo"}, "addAttack": {"memberReferences": {"py/set": ["recentFiles"]}, "methodName": "addAttack", "methodReferences": {"py/set": []}, "py/object": "JavaParserVisitor.MethodInfo"}, "getNoOfFiles": {"memberReferences": {"py/set": []}, "methodName": "getNoOfFiles", "methodReferences": {"py/set": []}, "py/object": "JavaParserVisitor.MethodInfo"}, "getRecentFiles": {"memberReferences": {"py/set": []}, "methodName": "getRecentFiles", "methodReferences": {"py/set": []}, "py/object": "JavaParserVisitor.MethodInfo"}}, "possibleFather": "ListManager", "py/object": "JavaParserVisitor.ClassInfo", "span": 54}, "Main": {"className": "Main", "members": {"py/set": ["DEBUG", "PORT", "socket"]}, "methods": {"main": {"memberReferences": {"py/set": ["PORT", "socket"]}, "methodName": "main", "methodReferences": {"py/set": []}, "py/object": "JavaParserVisitor.MethodInfo"}, "run": {"memberReferences": {"py/set": []}, "methodName": "run", "methodReferences": {"py/set": []}, "py/object": "JavaParserVisitor.MethodInfo"}}, "possibleFather": "JFrame", "py/object": "JavaParserVisitor.ClassInfo", "span": 49}, "Model": {"className": "Model", "members": {"py/set": ["attackerList", "deviceClass", "sensorArray", "settings", "logger", "newAttacker", "sensorTable", "noOfDevices"]}, "methods": {"Model": {"memberReferences": {"py/set": ["deviceClass", "sensorArray", "settings", "logger", "sensorTable", "noOfDevices"]}, "methodName": "Model", "methodReferences": {"py/set": ["log", "loadTableData", "initializeSensors", "loadConfiguration", "startLogger"]}, "py/object": "JavaParserVisitor.MethodInfo"}, "addAttack": {"memberReferences": {"py/set": ["newAttacker"]}, "methodName": "addAttack", "methodReferences": {"py/set": []}, "py/object": "JavaParserVisitor.MethodInfo"}, "applyTableData": {"memberReferences": {"py/set": ["sensorArray", "sensorTable", "noOfDevices"]}, "methodName": "applyTableData", "methodReferences": {"py/set": ["log"]}, "py/object": "JavaParserVisitor.MethodInfo"}, "discoverableIntToString": {"memberReferences": {"py/set": []}, "methodName": "discoverableIntToString", "methodReferences": {"py/set": []}, "py/object": "JavaParserVisitor.MethodInfo"}, "discoverableStringToInt": {"memberReferences": {"py/set": []}, "methodName": "discoverableStringToInt", "methodReferences": {"py/set": []}, "py/object": "JavaParserVisitor.MethodInfo"}, "getAttackerList": {"memberReferences": {"py/set": ["attackerList"]}, "methodName": "getAttackerList", "methodReferences": {"py/set": []}, "py/object": "JavaParserVisitor.MethodInfo"}, "getDateTime": {"memberReferences": {"py/set": []}, "methodName": "getDateTime", "methodReferences": {"py/set": []}, "py/object": "JavaParserVisitor.MethodInfo"}, "getMajorClassInt": {"memberReferences": {"py/set": []}, "methodName": "getMajorClassInt", "methodReferences": {"py/set": []}, "py/object": "JavaParserVisitor.MethodInfo"}, "getMajorClassesList": {"memberReferences": {"py/set": []}, "methodName": "getMajorClassesList", "methodReferences": {"py/set": []}, "py/object": "JavaParserVisitor.MethodInfo"}, "getMinorClassInt": {"memberReferences": {"py/set": []}, "methodName": "getMinorClassInt", "methodReferences": {"py/set": []}, "py/object": "JavaParserVisitor.MethodInfo"}, "getMinorClassesList": {"memberReferences": {"py/set": []}, "methodName": "getMinorClassesList", "methodReferences": {"py/set": []}, "py/object": "JavaParserVisitor.MethodInfo"}, "getNewAttacker": {"memberReferences": {"py/set": ["newAttacker"]}, "methodName": "getNewAttacker", "methodReferences": {"py/set": []}, "py/object": "JavaParserVisitor.MethodInfo"}, "getNoOfDevices": {"memberReferences": {"py/set": ["noOfDevices"]}, "methodName": "getNoOfDevices", "methodReferences": {"py/set": []}, "py/object": "JavaParserVisitor.MethodInfo"}, "getSensor": {"memberReferences": {"py/set": ["sensorArray"]}, "methodName": "getSensor", "methodReferences": {"py/set": []}, "py/object": "JavaParserVisitor.MethodInfo"}, "getTableRow": {"memberReferences": {"py/set": ["sensorTable"]}, "methodName": "getTableRow", "methodReferences": {"py/set": []}, "py/object": "JavaParserVisitor.MethodInfo"}, "initializeSensors": {"memberReferences": {"py/set": ["sensorTable", "noOfDevices", "sensorArray"]}, "methodName": "initializeSensors", "methodReferences": {"py/set": ["log"]}, "py/object": "JavaParserVisitor.MethodInfo"}, "loadConfiguration": {"memberReferences": {"py/set": ["settings"]}, "methodName": "loadConfiguration", "methodReferences": {"py/set": []}, "py/object": "JavaParserVisitor.MethodInfo"}, "loadTableData": {"memberReferences": {"py/set": ["sensorArray", "sensorTable", "noOfDevices"]}, "methodName": "loadTableData", "methodReferences": {"py/set": []}, "py/object": "JavaParserVisitor.MethodInfo"}, "log": {"memberReferences": {"py/set": []}, "methodName": "log", "methodReferences": {"py/set": []}, "py/object": "JavaParserVisitor.MethodInfo"}, "logFolder": {"memberReferences": {"py/set": []}, "methodName": "logFolder", "methodReferences": {"py/set": ["log"]}, "py/object": "JavaParserVisitor.MethodInfo"}, "logPath": {"memberReferences": {"py/set": []}, "methodName": "logPath", "methodReferences": {"py/set": ["log"]}, "py/object": "JavaParserVisitor.MethodInfo"}, "majorIntToString": {"memberReferences": {"py/set": []}, "methodName": "majorIntToString", "methodReferences": {"py/set": []}, "py/object": "JavaParserVisitor.MethodInfo"}, "minorIntToString": {"memberReferences": {"py/set": []}, "methodName": "minorIntToString", "methodReferences": {"py/set": []}, "py/object": "JavaParserVisitor.MethodInfo"}, "readAttackData": {"memberReferences": {"py/set": ["sensorArray"]}, "methodName": "readAttackData", "methodReferences": {"py/set": []}, "py/object": "JavaParserVisitor.MethodInfo"}, "resetTableData": {"memberReferences": {"py/set": ["sensorTable", "noOfDevices", "sensorArray"]}, "methodName": "resetTableData", "methodReferences": {"py/set": []}, "py/object": "JavaParserVisitor.MethodInfo"}, "saveConfiguration": {"memberReferences": {"py/set": []}, "methodName": "saveConfiguration", "methodReferences": {"py/set": ["log"]}, "py/object": "JavaParserVisitor.MethodInfo"}, "setLocalDeviceClass": {"memberReferences": {"py/set": ["sensorArray"]}, "methodName": "setLocalDeviceClass", "methodReferences": {"py/set": []}, "py/object": "JavaParserVisitor.MethodInfo"}, "setLocalDeviceName": {"memberReferences": {"py/set": ["sensorArray"]}, "methodName": "setLocalDeviceName", "methodReferences": {"py/set": []}, "py/object": "JavaParserVisitor.MethodInfo"}, "setTableRow": {"memberReferences": {"py/set": ["sensorTable"]}, "methodName": "setTableRow", "methodReferences": {"py/set": []}, "py/object": "JavaParserVisitor.MethodInfo"}, "startLogger": {"memberReferences": {"py/set": ["logger"]}, "methodName": "startLogger", "methodReferences": {"py/set": ["logPath", "logFolder", "log"]}, "py/object": "JavaParserVisitor.MethodInfo"}, "startServers": {"memberReferences": {"py/set": ["noOfDevices", "sensorArray"]}, "methodName": "startServers", "methodReferences": {"py/set": ["getNoOfDevices"]}, "py/object": "JavaParserVisitor.MethodInfo"}, "updateTableRow": {"memberReferences": {"py/set": ["sensorTable", "sensorArray"]}, "methodName": "updateTableRow", "methodReferences": {"py/set": []}, "py/object": "JavaParserVisitor.MethodInfo"}}, "possibleFather": "Observable", "py/object": "JavaParserVisitor.ClassInfo", "span": 437}, "OBEXServer": {"className": "OBEXServer", "members": {"py/set": ["isRunning", "OBEX_OBJECT_PUSH", "SERVER_NAME", "dongleID", "serverConnection", "attackModule", "id", "localDevice", "isStopped", "model", "cal", "running"]}, "methods": {"OBEXServer": {"memberReferences": {"py/set": ["dongleID", "attackModule", "id", "model"]}, "methodName": "OBEXServer", "methodReferences": {"py/set": []}, "py/object": "JavaParserVisitor.MethodInfo"}, "isRunning": {"memberReferences": {"py/set": ["running"]}, "methodName": "isRunning", "methodReferences": {"py/set": []}, "py/object": "JavaParserVisitor.MethodInfo"}, "keepOpeningConnection": {"memberReferences": {"py/set": []}, "methodName": "keepOpeningConnection", "methodReferences": {"py/set": ["keepOpeningConnection"]}, "py/object": "JavaParserVisitor.MethodInfo"}, "keepUpdatingSDP": {"memberReferences": {"py/set": []}, "methodName": "keepUpdatingSDP", "methodReferences": {"py/set": ["keepUpdatingSDP"]}, "py/object": "JavaParserVisitor.MethodInfo"}, "run": {"memberReferences": {"py/set": ["SERVER_NAME", "id", "running", "isRunning", "OBEX_OBJECT_PUSH", "serverConnection", "isStopped", "localDevice"]}, "methodName": "run", "methodReferences": {"py/set": ["keepOpeningConnection", "keepUpdatingSDP"]}, "py/object": "JavaParserVisitor.MethodInfo"}}, "possibleFather": "Observable", "py/object": "JavaParserVisitor.ClassInfo", "span": 431}, "ObserverMessage": {"className": "ObserverMessage", "members": {"py/set": ["deviceId", "message"]}, "methods": {"ObserverMessage": {"memberReferences": {"py/set": ["deviceId", "message"]}, "methodName": "ObserverMessage", "methodReferences": {"py/set": []}, "py/object": "JavaParserVisitor.MethodInfo"}, "getID": {"memberReferences": {"py/set": ["deviceId"]}, "methodName": "getID", "methodReferences": {"py/set": []}, "py/object": "JavaParserVisitor.MethodInfo"}, "getMsg": {"memberReferences": {"py/set": ["message"]}, "methodName": "getMsg", "methodReferences": {"py/set": []}, "py/object": "JavaParserVisitor.MethodInfo"}}, "possibleFather": "", "py/object": "JavaParserVisitor.ClassInfo", "span": 17}, "OverviewConfig": {"className": "OverviewConfig", "members": {"py/set": ["tableModel", "view", "cmbMajorClass", "cmbVisibleList", "sensorId", "rowEditorModel", "model", "btnSave", "btnReset", "devicesTable"]}, "methods": {"OverviewConfig": {"memberReferences": {"py/set": ["tableModel", "sensorId", "rowEditorModel", "model", "devicesTable", "cmbVisibleList", "view", "cmbMajorClass"]}, "methodName": "OverviewConfig", "methodReferences": {"py/set": []}, "py/object": "JavaParserVisitor.MethodInfo"}, "getBtnReset": {"memberReferences": {"py/set": ["btnReset"]}, "methodName": "getBtnReset", "methodReferences": {"py/set": []}, "py/object": "JavaParserVisitor.MethodInfo"}, "getBtnSave": {"memberReferences": {"py/set": ["btnSave"]}, "methodName": "getBtnSave", "methodReferences": {"py/set": []}, "py/object": "JavaParserVisitor.MethodInfo"}, "getTableModel": {"memberReferences": {"py/set": ["tableModel"]}, "methodName": "getTableModel", "methodReferences": {"py/set": []}, "py/object": "JavaParserVisitor.MethodInfo"}, "setMinorClasses": {"memberReferences": {"py/set": []}, "methodName": "setMinorClasses", "methodReferences": {"py/set": []}, "py/object": "JavaParserVisitor.MethodInfo"}}, "possibleFather": "JPanel", "py/object": "JavaParserVisitor.ClassInfo", "span": 115}, "OverviewLog": {"className": "OverviewLog", "members": {"py/set": ["view", "txtLog", "scrollPane", "sensorId", "model"]}, "methods": {"OverviewLog": {"memberReferences": {"py/set": ["model", "view", "txtLog", "scrollPane", "sensorId"]}, "methodName": "OverviewLog", "methodReferences": {"py/set": []}, "py/object": "JavaParserVisitor.MethodInfo"}, "addLog": {"memberReferences": {"py/set": ["txtLog"]}, "methodName": "addLog", "methodReferences": {"py/set": []}, "py/object": "JavaParserVisitor.MethodInfo"}}, "possibleFather": "JPanel", "py/object": "JavaParserVisitor.ClassInfo", "span": 38}, "OverviewStatus": {"className": "OverviewStatus", "members": {"py/set": ["tableModel", "icnTick", "obexFilesRecievedGraph", "icnAttacker", "txtSensorsOnline", "sensorId", "sensorsOverallGraph", "panel2", "model", "top10Attackers", "txtRandomiserEnabled", "sensorsOverallManager", "txtConnsRcvd", "icnFiles", "allListManager", "last10Attackers", "icnConn", "view", "panel4", "panel1", "obexFilesRecievedListManager", "icnRandom", "last10Files", "txtUniqueAttackers", "txtFilesRcvd", "overallGraph"]}, "methods": {"OverviewStatus": {"memberReferences": {"py/set": ["tableModel", "icnTick", "obexFilesRecievedGraph", "icnAttacker", "txtSensorsOnline", "sensorId", "sensorsOverallGraph", "panel2", "model", "top10Attackers", "txtRandomiserEnabled", "sensorsOverallManager", "txtConnsRcvd", "icnFiles", "allListManager", "last10Attackers", "icnConn", "view", "panel4", "panel1", "obexFilesRecievedListManager", "icnRandom", "last10Files", "txtUniqueAttackers", "txtFilesRcvd", "overallGraph"]}, "methodName": "OverviewStatus", "methodReferences": {"py/set": []}, "py/object": "JavaParserVisitor.MethodInfo"}, "updateCharts": {"memberReferences": {"py/set": ["txtConnsRcvd", "txtFilesRcvd", "last10Files", "txtUniqueAttackers", "top10Attackers", "last10Attackers"]}, "methodName": "updateCharts", "methodReferences": {"py/set": []}, "py/object": "JavaParserVisitor.MethodInfo"}, "updateSmallTable": {"memberReferences": {"py/set": []}, "methodName": "updateSmallTable", "methodReferences": {"py/set": []}, "py/object": "JavaParserVisitor.MethodInfo"}}, "possibleFather": "JPanel", "py/object": "JavaParserVisitor.ClassInfo", "span": 217}, "RFCOMMServer": {"className": "RFCOMMServer", "members": {"py/set": ["SERVER_NAME", "dongleID", "serverConnection", "attackModule", "HEADSET_PROFILE", "id", "specialBluetoothDaemon", "isStopped", "model", "running"]}, "methods": {"RFCOMMServer": {"memberReferences": {"py/set": ["dongleID", "attackModule", "id", "model"]}, "methodName": "RFCOMMServer", "methodReferences": {"py/set": []}, "py/object": "JavaParserVisitor.MethodInfo"}, "isRunning": {"memberReferences": {"py/set": ["running"]}, "methodName": "isRunning", "methodReferences": {"py/set": []}, "py/object": "JavaParserVisitor.MethodInfo"}, "keepOpeningConnection": {"memberReferences": {"py/set": []}, "methodName": "keepOpeningConnection", "methodReferences": {"py/set": ["keepOpeningConnection"]}, "py/object": "JavaParserVisitor.MethodInfo"}, "run": {"memberReferences": {"py/set": ["id", "model", "running", "serverConnection", "isStopped", "attackModule", "HEADSET_PROFILE", "specialBluetoothDaemon"]}, "methodName": "run", "methodReferences": {"py/set": ["keepOpeningConnection"]}, "py/object": "JavaParserVisitor.MethodInfo"}}, "possibleFather": "Observable", "py/object": "JavaParserVisitor.ClassInfo", "span": 139}, "Randomiser": {"className": "Randomiser", "members": {"py/set": ["model", "names", "view"]}, "methods": {"Randomiser": {"memberReferences": {"py/set": ["names", "view", "model"]}, "methodName": "Randomiser", "methodReferences": {"py/set": ["loadNameList"]}, "py/object": "JavaParserVisitor.MethodInfo"}, "loadNameList": {"memberReferences": {"py/set": []}, "methodName": "loadNameList", "methodReferences": {"py/set": []}, "py/object": "JavaParserVisitor.MethodInfo"}, "randomDeviceClass": {"memberReferences": {"py/set": []}, "methodName": "randomDeviceClass", "methodReferences": {"py/set": []}, "py/object": "JavaParserVisitor.MethodInfo"}, "randomNames": {"memberReferences": {"py/set": []}, "methodName": "randomNames", "methodReferences": {"py/set": []}, "py/object": "JavaParserVisitor.MethodInfo"}, "run": {"memberReferences": {"py/set": ["model"]}, "methodName": "run", "methodReferences": {"py/set": ["randomNames", "randomDeviceClass", "loadNameList"]}, "py/object": "JavaParserVisitor.MethodInfo"}}, "possibleFather": "", "py/object": "JavaParserVisitor.ClassInfo", "span": 195}, "RequestHandler": {"className": "RequestHandler", "members": {"py/set": ["notConnectedTimer", "cconn", "isConnected", "receivedOk"]}, "methods": {"connectionAccepted": {"memberReferences": {"py/set": ["cconn", "isConnected"]}, "methodName": "connectionAccepted", "methodReferences": {"py/set": []}, "py/object": "JavaParserVisitor.MethodInfo"}, "notConnectedClose": {"memberReferences": {"py/set": ["isConnected", "receivedOk"]}, "methodName": "notConnectedClose", "methodReferences": {"py/set": []}, "py/object": "JavaParserVisitor.MethodInfo"}, "onAuthenticationFailure": {"memberReferences": {"py/set": []}, "methodName": "onAuthenticationFailure", "methodReferences": {"py/set": []}, "py/object": "JavaParserVisitor.MethodInfo"}, "onConnect": {"memberReferences": {"py/set": ["isConnected"]}, "methodName": "onConnect", "methodReferences": {"py/set": []}, "py/object": "JavaParserVisitor.MethodInfo"}, "onDelete": {"memberReferences": {"py/set": []}, "methodName": "onDelete", "methodReferences": {"py/set": []}, "py/object": "JavaParserVisitor.MethodInfo"}, "onDisconnect": {"memberReferences": {"py/set": ["receivedOk"]}, "methodName": "onDisconnect", "methodReferences": {"py/set": []}, "py/object": "JavaParserVisitor.MethodInfo"}, "onGet": {"memberReferences": {"py/set": []}, "methodName": "onGet", "methodReferences": {"py/set": []}, "py/object": "JavaParserVisitor.MethodInfo"}, "onPut": {"memberReferences": {"py/set": ["receivedOk"]}, "methodName": "onPut", "methodReferences": {"py/set": []}, "py/object": "JavaParserVisitor.MethodInfo"}, "onSetPath": {"memberReferences": {"py/set": []}, "methodName": "onSetPath", "methodReferences": {"py/set": []}, "py/object": "JavaParserVisitor.MethodInfo"}}, "possibleFather": "ServerRequestHandler", "py/object": "JavaParserVisitor.ClassInfo", "span": 261}, "ResetActionListener": {"className": "ResetActionListener", "members": {"py/set": []}, "methods": {"actionPerformed": {"memberReferences": {"py/set": []}, "methodName": "actionPerformed", "methodReferences": {"py/set": []}, "py/object": "JavaParserVisitor.MethodInfo"}}, "possibleFather": "", "py/object": "JavaParserVisitor.ClassInfo", "span": 4}, "RowEditorModel": {"className": "RowEditorModel", "members": {"py/set": ["model", "data"]}, "methods": {"RowEditorModel": {"memberReferences": {"py/set": ["model", "data"]}, "methodName": "RowEditorModel", "methodReferences": {"py/set": []}, "py/object": "JavaParserVisitor.MethodInfo"}, "addEditorForRow": {"memberReferences": {"py/set": []}, "methodName": "addEditorForRow", "methodReferences": {"py/set": []}, "py/object": "JavaParserVisitor.MethodInfo"}, "getEditor": {"memberReferences": {"py/set": []}, "methodName": "getEditor", "methodReferences": {"py/set": ["addEditorForRow"]}, "py/object": "JavaParserVisitor.MethodInfo"}, "removeEditorForRow": {"memberReferences": {"py/set": []}, "methodName": "removeEditorForRow", "methodReferences": {"py/set": []}, "py/object": "JavaParserVisitor.MethodInfo"}}, "possibleFather": "", "py/object": "JavaParserVisitor.ClassInfo", "span": 35}, "SMTPAuthenticator": {"className": "SMTPAuthenticator", "members": {"py/set": []}, "methods": {"getPasswordAuthentication": {"memberReferences": {"py/set": []}, "methodName": "getPasswordAuthentication", "methodReferences": {"py/set": []}, "py/object": "JavaParserVisitor.MethodInfo"}}, "possibleFather": "Authenticator", "py/object": "JavaParserVisitor.ClassInfo", "span": 8}, "SaveSettingsActionListener": {"className": "SaveSettingsActionListener", "members": {"py/set": []}, "methods": {"actionPerformed": {"memberReferences": {"py/set": []}, "methodName": "actionPerformed", "methodReferences": {"py/set": []}, "py/object": "JavaParserVisitor.MethodInfo"}}, "possibleFather": "", "py/object": "JavaParserVisitor.ClassInfo", "span": 5}, "Sensor": {"className": "Sensor", "members": {"py/set": ["address", "l2capThread", "id", "model", "running", "RFCOMM", "locked", "major", "friendlyName", "rfcommThread", "OBEX", "obexThread", "dongleID", "obexRunnable", "enabled", "L2CAP", "discoverable", "minor", "rfcommRunnable", "deviceName", "attackData", "l2capRunnable"]}, "methods": {"Sensor": {"memberReferences": {"py/set": ["dongleID", "deviceName", "id", "model"]}, "methodName": "Sensor", "methodReferences": {"py/set": ["constructor"]}, "py/object": "JavaParserVisitor.MethodInfo"}, "applySettings": {"memberReferences": {"py/set": ["friendlyName", "model", "OBEX", "RFCOMM", "deviceName", "id", "L2CAP", "discoverable", "major", "minor"]}, "methodName": "applySettings", "methodReferences": {"py/set": ["setDiscoverable", "setRFCOMM", "setOBEX", "setDeviceClass", "setL2CAP", "setFriendlyDeviceName"]}, "py/object": "JavaParserVisitor.MethodInfo"}, "constructor": {"memberReferences": {"py/set": []}, "methodName": "constructor", "methodReferences": {"py/set": []}, "py/object": "JavaParserVisitor.MethodInfo"}, "getAttackData": {"memberReferences": {"py/set": ["attackData"]}, "methodName": "getAttackData", "methodReferences": {"py/set": []}, "py/object": "JavaParserVisitor.MethodInfo"}, "getDeviceName": {"memberReferences": {"py/set": ["deviceName"]}, "methodName": "getDeviceName", "methodReferences": {"py/set": []}, "py/object": "JavaParserVisitor.MethodInfo"}, "getFriendlyName": {"memberReferences": {"py/set": ["friendlyName"]}, "methodName": "getFriendlyName", "methodReferences": {"py/set": []}, "py/object": "JavaParserVisitor.MethodInfo"}, "getIdNumber": {"memberReferences": {"py/set": ["id"]}, "methodName": "getIdNumber", "methodReferences": {"py/set": []}, "py/object": "JavaParserVisitor.MethodInfo"}, "getLocalDeviceID": {"memberReferences": {"py/set": []}, "methodName": "getLocalDeviceID", "methodReferences": {"py/set": []}, "py/object": "JavaParserVisitor.MethodInfo"}, "getLocalDeviceName": {"memberReferences": {"py/set": ["friendlyName"]}, "methodName": "getLocalDeviceName", "methodReferences": {"py/set": []}, "py/object": "JavaParserVisitor.MethodInfo"}, "getLocalDeviceVisibility": {"memberReferences": {"py/set": ["model"]}, "methodName": "getLocalDeviceVisibility", "methodReferences": {"py/set": []}, "py/object": "JavaParserVisitor.MethodInfo"}, "isEnabled": {"memberReferences": {"py/set": ["enabled"]}, "methodName": "isEnabled", "methodReferences": {"py/set": []}, "py/object": "JavaParserVisitor.MethodInfo"}, "isL2CAP": {"memberReferences": {"py/set": ["L2CAP"]}, "methodName": "isL2CAP", "methodReferences": {"py/set": []}, "py/object": "JavaParserVisitor.MethodInfo"}, "isLocked": {"memberReferences": {"py/set": ["locked"]}, "methodName": "isLocked", "methodReferences": {"py/set": []}, "py/object": "JavaParserVisitor.MethodInfo"}, "isOBEX": {"memberReferences": {"py/set": ["OBEX"]}, "methodName": "isOBEX", "methodReferences": {"py/set": []}, "py/object": "JavaParserVisitor.MethodInfo"}, "isRFCOMM": {"memberReferences": {"py/set": ["RFCOMM"]}, "methodName": "isRFCOMM", "methodReferences": {"py/set": []}, "py/object": "JavaParserVisitor.MethodInfo"}, "isRunning": {"memberReferences": {"py/set": ["running"]}, "methodName": "isRunning", "methodReferences": {"py/set": []}, "py/object": "JavaParserVisitor.MethodInfo"}, "run": {"memberReferences": {"py/set": ["address", "id", "model", "running", "major", "friendlyName", "dongleID", "discoverable", "minor", "deviceName"]}, "methodName": "run", "methodReferences": {"py/set": ["getFriendlyName"]}, "py/object": "JavaParserVisitor.MethodInfo"}, "setDeviceClass": {"memberReferences": {"py/set": ["deviceName", "id", "model"]}, "methodName": "setDeviceClass", "methodReferences": {"py/set": []}, "py/object": "JavaParserVisitor.MethodInfo"}, "setDiscoverable": {"memberReferences": {"py/set": ["discoverable"]}, "methodName": "setDiscoverable", "methodReferences": {"py/set": ["setDiscoverable"]}, "py/object": "JavaParserVisitor.MethodInfo"}, "setFriendlyDeviceName": {"memberReferences": {"py/set": ["friendlyName", "deviceName", "id", "model"]}, "methodName": "setFriendlyDeviceName", "methodReferences": {"py/set": []}, "py/object": "JavaParserVisitor.MethodInfo"}, "setL2CAP": {"memberReferences": {"py/set": ["L2CAP"]}, "methodName": "setL2CAP", "methodReferences": {"py/set": []}, "py/object": "JavaParserVisitor.MethodInfo"}, "setOBEX": {"memberReferences": {"py/set": ["OBEX"]}, "methodName": "setOBEX", "methodReferences": {"py/set": []}, "py/object": "JavaParserVisitor.MethodInfo"}, "setRFCOMM": {"memberReferences": {"py/set": ["RFCOMM"]}, "methodName": "setRFCOMM", "methodReferences": {"py/set": []}, "py/object": "JavaParserVisitor.MethodInfo"}, "startL2CAP": {"memberReferences": {"py/set": ["dongleID", "l2capThread", "id", "model", "l2capRunnable"]}, "methodName": "startL2CAP", "methodReferences": {"py/set": []}, "py/object": "JavaParserVisitor.MethodInfo"}, "startListeners": {"memberReferences": {"py/set": ["model", "rfcommThread", "OBEX", "rfcommRunnable", "RFCOMM", "dongleID", "obexThread", "obexRunnable", "l2capThread", "id", "L2CAP", "l2capRunnable"]}, "methodName": "startListeners", "methodReferences": {"py/set": ["startOBEXServer", "startRFCOMMServer", "startL2CAP"]}, "py/object": "JavaParserVisitor.MethodInfo"}, "startOBEXServer": {"memberReferences": {"py/set": ["obexThread", "dongleID", "obexRunnable", "id", "model"]}, "methodName": "startOBEXServer", "methodReferences": {"py/set": []}, "py/object": "JavaParserVisitor.MethodInfo"}, "startRFCOMMServer": {"memberReferences": {"py/set": ["rfcommThread", "rfcommRunnable", "dongleID", "id", "model"]}, "methodName": "startRFCOMMServer", "methodReferences": {"py/set": []}, "py/object": "JavaParserVisitor.MethodInfo"}, "updateSettings": {"memberReferences": {"py/set": ["friendlyName", "OBEX", "id", "L2CAP", "model", "discoverable", "minor", "RFCOMM", "locked", "deviceName", "major"]}, "methodName": "updateSettings", "methodReferences": {"py/set": ["setDiscoverable", "setDeviceClass", "setFriendlyDeviceName"]}, "py/object": "JavaParserVisitor.MethodInfo"}}, "possibleFather": "", "py/object": "JavaParserVisitor.ClassInfo", "span": 414}, "SensorTableRow": {"className": "SensorTableRow", "members": {"py/set": ["friendlyName", "OBEX", "L2CAP", "RFCOMM", "locked", "deviceName", "id", "enabled", "discoverable", "major", "minor"]}, "methods": {"SensorTableRow": {"memberReferences": {"py/set": ["friendlyName", "OBEX", "id", "L2CAP", "enabled", "discoverable", "minor", "RFCOMM", "locked", "deviceName", "major"]}, "methodName": "SensorTableRow", "methodReferences": {"py/set": []}, "py/object": "JavaParserVisitor.MethodInfo"}, "getDeviceName": {"memberReferences": {"py/set": ["deviceName"]}, "methodName": "getDeviceName", "methodReferences": {"py/set": []}, "py/object": "JavaParserVisitor.MethodInfo"}, "getFriendlyName": {"memberReferences": {"py/set": ["friendlyName"]}, "methodName": "getFriendlyName", "methodReferences": {"py/set": []}, "py/object": "JavaParserVisitor.MethodInfo"}, "isEnabled": {"memberReferences": {"py/set": ["enabled"]}, "methodName": "isEnabled", "methodReferences": {"py/set": []}, "py/object": "JavaParserVisitor.MethodInfo"}, "isL2CAP": {"memberReferences": {"py/set": ["L2CAP"]}, "methodName": "isL2CAP", "methodReferences": {"py/set": []}, "py/object": "JavaParserVisitor.MethodInfo"}, "isLocked": {"memberReferences": {"py/set": ["locked"]}, "methodName": "isLocked", "methodReferences": {"py/set": []}, "py/object": "JavaParserVisitor.MethodInfo"}, "isOBEX": {"memberReferences": {"py/set": ["OBEX"]}, "methodName": "isOBEX", "methodReferences": {"py/set": []}, "py/object": "JavaParserVisitor.MethodInfo"}, "isRFCOMM": {"memberReferences": {"py/set": ["RFCOMM"]}, "methodName": "isRFCOMM", "methodReferences": {"py/set": []}, "py/object": "JavaParserVisitor.MethodInfo"}, "setDeviceName": {"memberReferences": {"py/set": ["deviceName"]}, "methodName": "setDeviceName", "methodReferences": {"py/set": []}, "py/object": "JavaParserVisitor.MethodInfo"}, "setFriendlyName": {"memberReferences": {"py/set": ["friendlyName"]}, "methodName": "setFriendlyName", "methodReferences": {"py/set": []}, "py/object": "JavaParserVisitor.MethodInfo"}, "setL2CAP": {"memberReferences": {"py/set": ["L2CAP"]}, "methodName": "setL2CAP", "methodReferences": {"py/set": []}, "py/object": "JavaParserVisitor.MethodInfo"}, "setOBEX": {"memberReferences": {"py/set": ["OBEX"]}, "methodName": "setOBEX", "methodReferences": {"py/set": []}, "py/object": "JavaParserVisitor.MethodInfo"}, "setRFCOMM": {"memberReferences": {"py/set": ["RFCOMM"]}, "methodName": "setRFCOMM", "methodReferences": {"py/set": []}, "py/object": "JavaParserVisitor.MethodInfo"}}, "possibleFather": "", "py/object": "JavaParserVisitor.ClassInfo", "span": 115}, "Settings": {"className": "Settings", "members": {"py/set": ["respOBEXGet", "saveFolder", "respSMS", "respID", "randomEnabled", "emailEnabled", "emailTo", "emailSubject", "randomDeviceClass", "respPhone", "smtpPort", "smtpHost", "emailFrom", "randomMinutes", "smtpPassword", "randomNameFolder", "smtpUser"]}, "methods": {"getEmailFrom": {"memberReferences": {"py/set": ["emailFrom"]}, "methodName": "getEmailFrom", "methodReferences": {"py/set": []}, "py/object": "JavaParserVisitor.MethodInfo"}, "getEmailSubject": {"memberReferences": {"py/set": ["emailSubject"]}, "methodName": "getEmailSubject", "methodReferences": {"py/set": []}, "py/object": "JavaParserVisitor.MethodInfo"}, "getEmailTo": {"memberReferences": {"py/set": ["emailTo"]}, "methodName": "getEmailTo", "methodReferences": {"py/set": []}, "py/object": "JavaParserVisitor.MethodInfo"}, "getRandomMinutes": {"memberReferences": {"py/set": ["randomMinutes"]}, "methodName": "getRandomMinutes", "methodReferences": {"py/set": []}, "py/object": "JavaParserVisitor.MethodInfo"}, "getRandomNameFolder": {"memberReferences": {"py/set": ["randomNameFolder"]}, "methodName": "getRandomNameFolder", "methodReferences": {"py/set": []}, "py/object": "JavaParserVisitor.MethodInfo"}, "getRespID": {"memberReferences": {"py/set": ["respID"]}, "methodName": "getRespID", "methodReferences": {"py/set": []}, "py/object": "JavaParserVisitor.MethodInfo"}, "getRespOBEXGet": {"memberReferences": {"py/set": ["respOBEXGet"]}, "methodName": "getRespOBEXGet", "methodReferences": {"py/set": []}, "py/object": "JavaParserVisitor.MethodInfo"}, "getRespPhone": {"memberReferences": {"py/set": ["respPhone"]}, "methodName": "getRespPhone", "methodReferences": {"py/set": []}, "py/object": "JavaParserVisitor.MethodInfo"}, "getRespSMS": {"memberReferences": {"py/set": ["respSMS"]}, "methodName": "getRespSMS", "methodReferences": {"py/set": []}, "py/object": "JavaParserVisitor.MethodInfo"}, "getSaveFolder": {"memberReferences": {"py/set": ["saveFolder"]}, "methodName": "getSaveFolder", "methodReferences": {"py/set": []}, "py/object": "JavaParserVisitor.MethodInfo"}, "getSmtpHost": {"memberReferences": {"py/set": ["smtpHost"]}, "methodName": "getSmtpHost", "methodReferences": {"py/set": []}, "py/object": "JavaParserVisitor.MethodInfo"}, "getSmtpPassword": {"memberReferences": {"py/set": ["smtpPassword"]}, "methodName": "getSmtpPassword", "methodReferences": {"py/set": []}, "py/object": "JavaParserVisitor.MethodInfo"}, "getSmtpPort": {"memberReferences": {"py/set": ["smtpPort"]}, "methodName": "getSmtpPort", "methodReferences": {"py/set": []}, "py/object": "JavaParserVisitor.MethodInfo"}, "getSmtpUser": {"memberReferences": {"py/set": ["smtpUser"]}, "methodName": "getSmtpUser", "methodReferences": {"py/set": []}, "py/object": "JavaParserVisitor.MethodInfo"}, "isEmailEnabled": {"memberReferences": {"py/set": ["emailEnabled"]}, "methodName": "isEmailEnabled", "methodReferences": {"py/set": []}, "py/object": "JavaParserVisitor.MethodInfo"}, "isRandomDeviceClass": {"memberReferences": {"py/set": ["randomDeviceClass"]}, "methodName": "isRandomDeviceClass", "methodReferences": {"py/set": []}, "py/object": "JavaParserVisitor.MethodInfo"}, "isRandomEnabled": {"memberReferences": {"py/set": ["randomEnabled"]}, "methodName": "isRandomEnabled", "methodReferences": {"py/set": []}, "py/object": "JavaParserVisitor.MethodInfo"}, "setEmailEnabled": {"memberReferences": {"py/set": ["emailEnabled"]}, "methodName": "setEmailEnabled", "methodReferences": {"py/set": []}, "py/object": "JavaParserVisitor.MethodInfo"}, "setEmailFrom": {"memberReferences": {"py/set": ["emailFrom"]}, "methodName": "setEmailFrom", "methodReferences": {"py/set": []}, "py/object": "JavaParserVisitor.MethodInfo"}, "setEmailSubject": {"memberReferences": {"py/set": ["emailSubject"]}, "methodName": "setEmailSubject", "methodReferences": {"py/set": []}, "py/object": "JavaParserVisitor.MethodInfo"}, "setEmailTo": {"memberReferences": {"py/set": ["emailTo"]}, "methodName": "setEmailTo", "methodReferences": {"py/set": []}, "py/object": "JavaParserVisitor.MethodInfo"}, "setRandomDeviceClass": {"memberReferences": {"py/set": ["randomDeviceClass"]}, "methodName": "setRandomDeviceClass", "methodReferences": {"py/set": []}, "py/object": "JavaParserVisitor.MethodInfo"}, "setRandomEnabled": {"memberReferences": {"py/set": ["randomEnabled"]}, "methodName": "setRandomEnabled", "methodReferences": {"py/set": []}, "py/object": "JavaParserVisitor.MethodInfo"}, "setRandomMinutes": {"memberReferences": {"py/set": ["randomMinutes"]}, "methodName": "setRandomMinutes", "methodReferences": {"py/set": []}, "py/object": "JavaParserVisitor.MethodInfo"}, "setRandomNameFolder": {"memberReferences": {"py/set": ["randomNameFolder"]}, "methodName": "setRandomNameFolder", "methodReferences": {"py/set": []}, "py/object": "JavaParserVisitor.MethodInfo"}, "setRespID": {"memberReferences": {"py/set": ["respID"]}, "methodName": "setRespID", "methodReferences": {"py/set": []}, "py/object": "JavaParserVisitor.MethodInfo"}, "setRespOBEXGet": {"memberReferences": {"py/set": ["respOBEXGet"]}, "methodName": "setRespOBEXGet", "methodReferences": {"py/set": []}, "py/object": "JavaParserVisitor.MethodInfo"}, "setRespPhone": {"memberReferences": {"py/set": ["respPhone"]}, "methodName": "setRespPhone", "methodReferences": {"py/set": []}, "py/object": "JavaParserVisitor.MethodInfo"}, "setRespSMS": {"memberReferences": {"py/set": ["respSMS"]}, "methodName": "setRespSMS", "methodReferences": {"py/set": []}, "py/object": "JavaParserVisitor.MethodInfo"}, "setSaveFolder": {"memberReferences": {"py/set": ["saveFolder"]}, "methodName": "setSaveFolder", "methodReferences": {"py/set": []}, "py/object": "JavaParserVisitor.MethodInfo"}, "setSmtpHost": {"memberReferences": {"py/set": ["smtpHost"]}, "methodName": "setSmtpHost", "methodReferences": {"py/set": []}, "py/object": "JavaParserVisitor.MethodInfo"}, "setSmtpPassword": {"memberReferences": {"py/set": ["smtpPassword"]}, "methodName": "setSmtpPassword", "methodReferences": {"py/set": []}, "py/object": "JavaParserVisitor.MethodInfo"}, "setSmtpPort": {"memberReferences": {"py/set": ["smtpPort"]}, "methodName": "setSmtpPort", "methodReferences": {"py/set": []}, "py/object": "JavaParserVisitor.MethodInfo"}, "setSmtpUser": {"memberReferences": {"py/set": ["smtpUser"]}, "methodName": "setSmtpUser", "methodReferences": {"py/set": []}, "py/object": "JavaParserVisitor.MethodInfo"}}, "possibleFather": "", "py/object": "JavaParserVisitor.ClassInfo", "span": 159}, "SideTreeCellRenderer": {"className": "SideTreeCellRenderer", "members": {"py/set": []}, "methods": {"getTreeCellRendererComponent": {"memberReferences": {"py/set": []}, "methodName": "getTreeCellRendererComponent", "methodReferences": {"py/set": []}, "py/object": "JavaParserVisitor.MethodInfo"}}, "possibleFather": "DefaultTreeCellRenderer", "py/object": "JavaParserVisitor.ClassInfo", "span": 25}, "SideTreeSelectionListener": {"className": "SideTreeSelectionListener", "members": {"py/set": ["view"]}, "methods": {"SideTreeSelectionListener": {"memberReferences": {"py/set": ["view"]}, "methodName": "SideTreeSelectionListener", "methodReferences": {"py/set": []}, "py/object": "JavaParserVisitor.MethodInfo"}, "valueChanged": {"memberReferences": {"py/set": ["view"]}, "methodName": "valueChanged", "methodReferences": {"py/set": []}, "py/object": "JavaParserVisitor.MethodInfo"}}, "possibleFather": "", "py/object": "JavaParserVisitor.ClassInfo", "span": 23}, "SmallDevicesTableModel": {"className": "SmallDevicesTableModel", "members": {"py/set": ["TYPE", "NAME", "view", "model", "ID"]}, "methods": {"SmallDevicesTableModel": {"memberReferences": {"py/set": ["model", "view"]}, "methodName": "SmallDevicesTableModel", "methodReferences": {"py/set": []}, "py/object": "JavaParserVisitor.MethodInfo"}, "getColumnClass": {"memberReferences": {"py/set": []}, "methodName": "getColumnClass", "methodReferences": {"py/set": []}, "py/object": "JavaParserVisitor.MethodInfo"}, "getColumnCount": {"memberReferences": {"py/set": []}, "methodName": "getColumnCount", "methodReferences": {"py/set": []}, "py/object": "JavaParserVisitor.MethodInfo"}, "getColumnName": {"memberReferences": {"py/set": ["TYPE", "NAME", "ID"]}, "methodName": "getColumnName", "methodReferences": {"py/set": []}, "py/object": "JavaParserVisitor.MethodInfo"}, "getRowCount": {"memberReferences": {"py/set": []}, "methodName": "getRowCount", "methodReferences": {"py/set": []}, "py/object": "JavaParserVisitor.MethodInfo"}, "getValueAt": {"memberReferences": {"py/set": ["TYPE", "NAME", "model", "ID"]}, "methodName": "getValueAt", "methodReferences": {"py/set": []}, "py/object": "JavaParserVisitor.MethodInfo"}, "isCellEditable": {"memberReferences": {"py/set": []}, "methodName": "isCellEditable", "methodReferences": {"py/set": []}, "py/object": "JavaParserVisitor.MethodInfo"}}, "possibleFather": "AbstractTableModel", "py/object": "JavaParserVisitor.ClassInfo", "span": 81}, "Status": {"className": "Status", "members": {"py/set": ["icnTag", "graphCreator", "icnTick", "icnAttacker", "sensorId", "model", "icnDev", "icnZm", "txtConnsRcvd", "icnFiles", "icnConn", "view", "txtLog", "scrollPane", "txtDeviceName", "listManager", "txtDeviceAddress", "icnRandom", "panel", "txtUniqueAttackers", "txtDeviceVisibility", "txtDeviceClass", "icnPhone"]}, "methods": {"Status": {"memberReferences": {"py/set": ["icnTag", "graphCreator", "icnAttacker", "sensorId", "model", "icnDev", "icnZm", "txtConnsRcvd", "icnConn", "view", "txtLog", "scrollPane", "txtDeviceName", "listManager", "txtDeviceAddress", "panel", "txtDeviceVisibility", "txtUniqueAttackers", "txtDeviceClass", "icnPhone"]}, "methodName": "Status", "methodReferences": {"py/set": ["deviceChange"]}, "py/object": "JavaParserVisitor.MethodInfo"}, "addLog": {"memberReferences": {"py/set": ["txtLog"]}, "methodName": "addLog", "methodReferences": {"py/set": []}, "py/object": "JavaParserVisitor.MethodInfo"}, "deviceChange": {"memberReferences": {"py/set": ["txtDeviceAddress", "sensorId", "txtDeviceVisibility", "model", "txtDeviceName"]}, "methodName": "deviceChange", "methodReferences": {"py/set": []}, "py/object": "JavaParserVisitor.MethodInfo"}, "updateGraphs": {"memberReferences": {"py/set": ["txtUniqueAttackers", "txtConnsRcvd"]}, "methodName": "updateGraphs", "methodReferences": {"py/set": []}, "py/object": "JavaParserVisitor.MethodInfo"}}, "possibleFather": "JPanel", "py/object": "JavaParserVisitor.ClassInfo", "span": 155}, "ValueComparer": {"className": "ValueComparer", "members": {"py/set": ["_data"]}, "methods": {"ValueComparer": {"memberReferences": {"py/set": ["_data"]}, "methodName": "ValueComparer", "methodReferences": {"py/set": []}, "py/object": "JavaParserVisitor.MethodInfo"}, "compare": {"memberReferences": {"py/set": []}, "methodName": "compare", "methodReferences": {"py/set": []}, "py/object": "JavaParserVisitor.MethodInfo"}}, "possibleFather": "", "py/object": "JavaParserVisitor.ClassInfo", "span": 10}, "View": {"className": "View", "members": {"py/set": ["panelConfigureSensors", "icnSensors", "mainTabbedPane", "selectedDeviceRows", "icnDown", "icnCP", "icnAttacker", "icnMonitor", "panelAttackers", "model", "icnUp", "icnPhone", "configuration"]}, "methods": {"View": {"memberReferences": {"py/set": ["panelConfigureSensors", "mainTabbedPane", "selectedDeviceRows", "model", "configuration", "panelAttackers"]}, "methodName": "View", "methodReferences": {"py/set": []}, "py/object": "JavaParserVisitor.MethodInfo"}, "addLogToDevice": {"memberReferences": {"py/set": []}, "methodName": "addLogToDevice", "methodReferences": {"py/set": []}, "py/object": "JavaParserVisitor.MethodInfo"}, "fireMainTableDataChanged": {"memberReferences": {"py/set": []}, "methodName": "fireMainTableDataChanged", "methodReferences": {"py/set": []}, "py/object": "JavaParserVisitor.MethodInfo"}, "fireSmallTableDataChanged": {"memberReferences": {"py/set": []}, "methodName": "fireSmallTableDataChanged", "methodReferences": {"py/set": []}, "py/object": "JavaParserVisitor.MethodInfo"}, "getIcnDown": {"memberReferences": {"py/set": ["icnDown"]}, "methodName": "getIcnDown", "methodReferences": {"py/set": []}, "py/object": "JavaParserVisitor.MethodInfo"}, "getIcnMonitor": {"memberReferences": {"py/set": ["icnMonitor"]}, "methodName": "getIcnMonitor", "methodReferences": {"py/set": []}, "py/object": "JavaParserVisitor.MethodInfo"}, "getIcnPhone": {"memberReferences": {"py/set": ["icnPhone"]}, "methodName": "getIcnPhone", "methodReferences": {"py/set": []}, "py/object": "JavaParserVisitor.MethodInfo"}, "getIcnUp": {"memberReferences": {"py/set": ["icnUp"]}, "methodName": "getIcnUp", "methodReferences": {"py/set": []}, "py/object": "JavaParserVisitor.MethodInfo"}, "getLastSelectedPathComponent": {"memberReferences": {"py/set": []}, "methodName": "getLastSelectedPathComponent", "methodReferences": {"py/set": []}, "py/object": "JavaParserVisitor.MethodInfo"}, "getSelectedDeviceRows": {"memberReferences": {"py/set": ["selectedDeviceRows"]}, "methodName": "getSelectedDeviceRows", "methodReferences": {"py/set": []}, "py/object": "JavaParserVisitor.MethodInfo"}, "setBtnResetActionListener": {"memberReferences": {"py/set": []}, "methodName": "setBtnResetActionListener", "methodReferences": {"py/set": []}, "py/object": "JavaParserVisitor.MethodInfo"}, "setBtnSaveActionListener": {"memberReferences": {"py/set": []}, "methodName": "setBtnSaveActionListener", "methodReferences": {"py/set": []}, "py/object": "JavaParserVisitor.MethodInfo"}, "setCard": {"memberReferences": {"py/set": []}, "methodName": "setCard", "methodReferences": {"py/set": []}, "py/object": "JavaParserVisitor.MethodInfo"}, "setTabTitle": {"memberReferences": {"py/set": []}, "methodName": "setTabTitle", "methodReferences": {"py/set": []}, "py/object": "JavaParserVisitor.MethodInfo"}, "update": {"memberReferences": {"py/set": []}, "methodName": "update", "methodReferences": {"py/set": ["addLogToDevice"]}, "py/object": "JavaParserVisitor.MethodInfo"}, "updateOBEXChart": {"memberReferences": {"py/set": []}, "methodName": "updateOBEXChart", "methodReferences": {"py/set": []}, "py/object": "JavaParserVisitor.MethodInfo"}, "updateSensors": {"memberReferences": {"py/set": []}, "methodName": "updateSensors", "methodReferences": {"py/set": []}, "py/object": "JavaParserVisitor.MethodInfo"}}, "possibleFather": "JFrame", "py/object": "JavaParserVisitor.ClassInfo", "span": 168}, "chooseActionListener": {"className": "chooseActionListener", "members": {"py/set": []}, "methods": {"actionPerformed": {"memberReferences": {"py/set": []}, "methodName": "actionPerformed", "methodReferences": {"py/set": []}, "py/object": "JavaParserVisitor.MethodInfo"}}, "possibleFather": "", "py/object": "JavaParserVisitor.ClassInfo", "span": 8}, "loadActionListener": {"className": "loadActionListener", "members": {"py/set": []}, "methods": {"actionPerformed": {"memberReferences": {"py/set": []}, "methodName": "actionPerformed", "methodReferences": {"py/set": []}, "py/object": "JavaParserVisitor.MethodInfo"}}, "possibleFather": "", "py/object": "JavaParserVisitor.ClassInfo", "span": 9}, "saveActionListener": {"className": "saveActionListener", "members": {"py/set": []}, "methods": {"actionPerformed": {"memberReferences": {"py/set": []}, "methodName": "actionPerformed", "methodReferences": {"py/set": []}, "py/object": "JavaParserVisitor.MethodInfo"}}, "possibleFather": "", "py/object": "JavaParserVisitor.ClassInfo", "span": 25}}