{"id": 171991380, "node_id": "MDEwOlJlcG9zaXRvcnkxNzE5OTEzODA=", "name": "summerframework", "full_name": "spring-avengers/summerframework", "private": false, "owner": {"login": "spring-avengers", "id": 51771952, "node_id": "MDEyOk9yZ2FuaXphdGlvbjUxNzcxOTUy", "avatar_url": "https://avatars.githubusercontent.com/u/51771952?v=4", "gravatar_id": "", "url": "https://api.github.com/users/spring-avengers", "html_url": "https://github.com/spring-avengers", "followers_url": "https://api.github.com/users/spring-avengers/followers", "following_url": "https://api.github.com/users/spring-avengers/following{/other_user}", "gists_url": "https://api.github.com/users/spring-avengers/gists{/gist_id}", "starred_url": "https://api.github.com/users/spring-avengers/starred{/owner}{/repo}", "subscriptions_url": "https://api.github.com/users/spring-avengers/subscriptions", "organizations_url": "https://api.github.com/users/spring-avengers/orgs", "repos_url": "https://api.github.com/users/spring-avengers/repos", "events_url": "https://api.github.com/users/spring-avengers/events{/privacy}", "received_events_url": "https://api.github.com/users/spring-avengers/received_events", "type": "Organization", "site_admin": false}, "html_url": "https://github.com/spring-avengers/summerframework", "description": "Micro Service Framework base on Spring Cloud", "fork": false, "url": "https://api.github.com/repos/spring-avengers/summerframework", "forks_url": "https://api.github.com/repos/spring-avengers/summerframework/forks", "keys_url": "https://api.github.com/repos/spring-avengers/summerframework/keys{/key_id}", "collaborators_url": "https://api.github.com/repos/spring-avengers/summerframework/collaborators{/collaborator}", "teams_url": "https://api.github.com/repos/spring-avengers/summerframework/teams", "hooks_url": "https://api.github.com/repos/spring-avengers/summerframework/hooks", "issue_events_url": "https://api.github.com/repos/spring-avengers/summerframework/issues/events{/number}", "events_url": "https://api.github.com/repos/spring-avengers/summerframework/events", "assignees_url": "https://api.github.com/repos/spring-avengers/summerframework/assignees{/user}", "branches_url": "https://api.github.com/repos/spring-avengers/summerframework/branches{/branch}", "tags_url": "https://api.github.com/repos/spring-avengers/summerframework/tags", "blobs_url": "https://api.github.com/repos/spring-avengers/summerframework/git/blobs{/sha}", "git_tags_url": "https://api.github.com/repos/spring-avengers/summerframework/git/tags{/sha}", "git_refs_url": "https://api.github.com/repos/spring-avengers/summerframework/git/refs{/sha}", "trees_url": "https://api.github.com/repos/spring-avengers/summerframework/git/trees{/sha}", "statuses_url": "https://api.github.com/repos/spring-avengers/summerframework/statuses/{sha}", "languages_url": "https://api.github.com/repos/spring-avengers/summerframework/languages", "stargazers_url": "https://api.github.com/repos/spring-avengers/summerframework/stargazers", "contributors_url": "https://api.github.com/repos/spring-avengers/summerframework/contributors", "subscribers_url": "https://api.github.com/repos/spring-avengers/summerframework/subscribers", "subscription_url": "https://api.github.com/repos/spring-avengers/summerframework/subscription", "commits_url": "https://api.github.com/repos/spring-avengers/summerframework/commits{/sha}", "git_commits_url": "https://api.github.com/repos/spring-avengers/summerframework/git/commits{/sha}", "comments_url": "https://api.github.com/repos/spring-avengers/summerframework/comments{/number}", "issue_comment_url": "https://api.github.com/repos/spring-avengers/summerframework/issues/comments{/number}", "contents_url": "https://api.github.com/repos/spring-avengers/summerframework/contents/{+path}", "compare_url": "https://api.github.com/repos/spring-avengers/summerframework/compare/{base}...{head}", "merges_url": "https://api.github.com/repos/spring-avengers/summerframework/merges", "archive_url": "https://api.github.com/repos/spring-avengers/summerframework/{archive_format}{/ref}", "downloads_url": "https://api.github.com/repos/spring-avengers/summerframework/downloads", "issues_url": "https://api.github.com/repos/spring-avengers/summerframework/issues{/number}", "pulls_url": "https://api.github.com/repos/spring-avengers/summerframework/pulls{/number}", "milestones_url": "https://api.github.com/repos/spring-avengers/summerframework/milestones{/number}", "notifications_url": "https://api.github.com/repos/spring-avengers/summerframework/notifications{?since,all,participating}", "labels_url": "https://api.github.com/repos/spring-avengers/summerframework/labels{/name}", "releases_url": "https://api.github.com/repos/spring-avengers/summerframework/releases{/id}", "deployments_url": "https://api.github.com/repos/spring-avengers/summerframework/deployments", "created_at": "2019-02-22T03:55:53Z", "updated_at": "2022-01-05T16:05:02Z", "pushed_at": "2019-08-23T04:55:13Z", "git_url": "git://github.com/spring-avengers/summerframework.git", "ssh_url": "git@github.com:spring-avengers/summerframework.git", "clone_url": "https://github.com/spring-avengers/summerframework.git", "svn_url": "https://github.com/spring-avengers/summerframework", "homepage": "", "size": 15058, "stargazers_count": 124, "watchers_count": 124, "language": "Java", "has_issues": true, "has_projects": true, "has_downloads": true, "has_wiki": true, "has_pages": false, "forks_count": 58, "mirror_url": null, "archived": false, "disabled": false, "open_issues_count": 4, "license": {"key": "apache-2.0", "name": "Apache License 2.0", "spdx_id": "Apache-2.0", "url": "https://api.github.com/licenses/apache-2.0", "node_id": "MDc6TGljZW5zZTI="}, "allow_forking": true, "is_template": false, "topics": ["bluegreen-deployment", "microservice"], "visibility": "public", "forks": 58, "open_issues": 4, "watchers": 124, "default_branch": "master", "score": 1.0, "__project_size": 18513284, "__java_files_sizes": 922771, "__java_files_loc": 24841, "contributors_url_calculated": 2, "commits_url_calculated": 24}