{"id": 137835410, "node_id": "MDEwOlJlcG9zaXRvcnkxMzc4MzU0MTA=", "name": "javaFx-jfoenix-8.0.4-MaterialDesighn", "full_name": "alimjan02/javaFx-jfoenix-8.0.4-MaterialDesighn", "private": false, "owner": {"login": "alimjan02", "id": 16366669, "node_id": "MDQ6VXNlcjE2MzY2NjY5", "avatar_url": "https://avatars.githubusercontent.com/u/16366669?v=4", "gravatar_id": "", "url": "https://api.github.com/users/alimjan02", "html_url": "https://github.com/alimjan02", "followers_url": "https://api.github.com/users/alimjan02/followers", "following_url": "https://api.github.com/users/alimjan02/following{/other_user}", "gists_url": "https://api.github.com/users/alimjan02/gists{/gist_id}", "starred_url": "https://api.github.com/users/alimjan02/starred{/owner}{/repo}", "subscriptions_url": "https://api.github.com/users/alimjan02/subscriptions", "organizations_url": "https://api.github.com/users/alimjan02/orgs", "repos_url": "https://api.github.com/users/alimjan02/repos", "events_url": "https://api.github.com/users/alimjan02/events{/privacy}", "received_events_url": "https://api.github.com/users/alimjan02/received_events", "type": "User", "site_admin": false}, "html_url": "https://github.com/alimjan02/javaFx-jfoenix-8.0.4-MaterialDesighn", "description": "javaFx \u56fe\u4e66\u7ba1\u7406\u7cfb\u7edf\uff0c\u91c7\u7528 jfoenix-8.0.4 \u5f00\u6e90\u6846\u67b6\uff0c\u4f7f\u7528 MaterialDesighn \u98ce\u683c", "fork": false, "url": "https://api.github.com/repos/alimjan02/javaFx-jfoenix-8.0.4-MaterialDesighn", "forks_url": "https://api.github.com/repos/alimjan02/javaFx-jfoenix-8.0.4-MaterialDesighn/forks", "keys_url": "https://api.github.com/repos/alimjan02/javaFx-jfoenix-8.0.4-MaterialDesighn/keys{/key_id}", "collaborators_url": "https://api.github.com/repos/alimjan02/javaFx-jfoenix-8.0.4-MaterialDesighn/collaborators{/collaborator}", "teams_url": "https://api.github.com/repos/alimjan02/javaFx-jfoenix-8.0.4-MaterialDesighn/teams", "hooks_url": "https://api.github.com/repos/alimjan02/javaFx-jfoenix-8.0.4-MaterialDesighn/hooks", "issue_events_url": "https://api.github.com/repos/alimjan02/javaFx-jfoenix-8.0.4-MaterialDesighn/issues/events{/number}", "events_url": "https://api.github.com/repos/alimjan02/javaFx-jfoenix-8.0.4-MaterialDesighn/events", "assignees_url": "https://api.github.com/repos/alimjan02/javaFx-jfoenix-8.0.4-MaterialDesighn/assignees{/user}", "branches_url": "https://api.github.com/repos/alimjan02/javaFx-jfoenix-8.0.4-MaterialDesighn/branches{/branch}", "tags_url": "https://api.github.com/repos/alimjan02/javaFx-jfoenix-8.0.4-MaterialDesighn/tags", "blobs_url": "https://api.github.com/repos/alimjan02/javaFx-jfoenix-8.0.4-MaterialDesighn/git/blobs{/sha}", "git_tags_url": "https://api.github.com/repos/alimjan02/javaFx-jfoenix-8.0.4-MaterialDesighn/git/tags{/sha}", "git_refs_url": "https://api.github.com/repos/alimjan02/javaFx-jfoenix-8.0.4-MaterialDesighn/git/refs{/sha}", "trees_url": "https://api.github.com/repos/alimjan02/javaFx-jfoenix-8.0.4-MaterialDesighn/git/trees{/sha}", "statuses_url": "https://api.github.com/repos/alimjan02/javaFx-jfoenix-8.0.4-MaterialDesighn/statuses/{sha}", "languages_url": "https://api.github.com/repos/alimjan02/javaFx-jfoenix-8.0.4-MaterialDesighn/languages", "stargazers_url": "https://api.github.com/repos/alimjan02/javaFx-jfoenix-8.0.4-MaterialDesighn/stargazers", "contributors_url": "https://api.github.com/repos/alimjan02/javaFx-jfoenix-8.0.4-MaterialDesighn/contributors", "subscribers_url": "https://api.github.com/repos/alimjan02/javaFx-jfoenix-8.0.4-MaterialDesighn/subscribers", "subscription_url": "https://api.github.com/repos/alimjan02/javaFx-jfoenix-8.0.4-MaterialDesighn/subscription", "commits_url": "https://api.github.com/repos/alimjan02/javaFx-jfoenix-8.0.4-MaterialDesighn/commits{/sha}", "git_commits_url": "https://api.github.com/repos/alimjan02/javaFx-jfoenix-8.0.4-MaterialDesighn/git/commits{/sha}", "comments_url": "https://api.github.com/repos/alimjan02/javaFx-jfoenix-8.0.4-MaterialDesighn/comments{/number}", "issue_comment_url": "https://api.github.com/repos/alimjan02/javaFx-jfoenix-8.0.4-MaterialDesighn/issues/comments{/number}", "contents_url": "https://api.github.com/repos/alimjan02/javaFx-jfoenix-8.0.4-MaterialDesighn/contents/{+path}", "compare_url": "https://api.github.com/repos/alimjan02/javaFx-jfoenix-8.0.4-MaterialDesighn/compare/{base}...{head}", "merges_url": "https://api.github.com/repos/alimjan02/javaFx-jfoenix-8.0.4-MaterialDesighn/merges", "archive_url": "https://api.github.com/repos/alimjan02/javaFx-jfoenix-8.0.4-MaterialDesighn/{archive_format}{/ref}", "downloads_url": "https://api.github.com/repos/alimjan02/javaFx-jfoenix-8.0.4-MaterialDesighn/downloads", "issues_url": "https://api.github.com/repos/alimjan02/javaFx-jfoenix-8.0.4-MaterialDesighn/issues{/number}", "pulls_url": "https://api.github.com/repos/alimjan02/javaFx-jfoenix-8.0.4-MaterialDesighn/pulls{/number}", "milestones_url": "https://api.github.com/repos/alimjan02/javaFx-jfoenix-8.0.4-MaterialDesighn/milestones{/number}", "notifications_url": "https://api.github.com/repos/alimjan02/javaFx-jfoenix-8.0.4-MaterialDesighn/notifications{?since,all,participating}", "labels_url": "https://api.github.com/repos/alimjan02/javaFx-jfoenix-8.0.4-MaterialDesighn/labels{/name}", "releases_url": "https://api.github.com/repos/alimjan02/javaFx-jfoenix-8.0.4-MaterialDesighn/releases{/id}", "deployments_url": "https://api.github.com/repos/alimjan02/javaFx-jfoenix-8.0.4-MaterialDesighn/deployments", "created_at": "2018-06-19T03:26:36Z", "updated_at": "2022-02-09T03:37:12Z", "pushed_at": "2018-06-19T03:41:11Z", "git_url": "git://github.com/alimjan02/javaFx-jfoenix-8.0.4-MaterialDesighn.git", "ssh_url": "git@github.com:alimjan02/javaFx-jfoenix-8.0.4-MaterialDesighn.git", "clone_url": "https://github.com/alimjan02/javaFx-jfoenix-8.0.4-MaterialDesighn.git", "svn_url": "https://github.com/alimjan02/javaFx-jfoenix-8.0.4-MaterialDesighn", "homepage": null, "size": 7849, "stargazers_count": 62, "watchers_count": 62, "language": "Java", "has_issues": true, "has_projects": true, "has_downloads": true, "has_wiki": true, "has_pages": false, "forks_count": 34, "mirror_url": null, "archived": false, "disabled": false, "open_issues_count": 0, "license": null, "allow_forking": true, "is_template": false, "topics": [], "visibility": "public", "forks": 34, "open_issues": 0, "watchers": 62, "default_branch": "master", "score": 1.0, "__project_size": 16558163, "__java_files_sizes": 130921, "__java_files_loc": 3664, "contributors_url_calculated": 1, "commits_url_calculated": 8}