{"id": 1414705, "node_id": "MDEwOlJlcG9zaXRvcnkxNDE0NzA1", "name": "AndroidTwitter", "full_name": "lorensiuswlt/AndroidTwitter", "private": false, "owner": {"login": "lorensiuswlt", "id": 613078, "node_id": "MDQ6VXNlcjYxMzA3OA==", "avatar_url": "https://avatars.githubusercontent.com/u/613078?v=4", "gravatar_id": "", "url": "https://api.github.com/users/lorensiuswlt", "html_url": "https://github.com/lorensiuswlt", "followers_url": "https://api.github.com/users/lorensiuswlt/followers", "following_url": "https://api.github.com/users/lorensiuswlt/following{/other_user}", "gists_url": "https://api.github.com/users/lorensiuswlt/gists{/gist_id}", "starred_url": "https://api.github.com/users/lorensiuswlt/starred{/owner}{/repo}", "subscriptions_url": "https://api.github.com/users/lorensiuswlt/subscriptions", "organizations_url": "https://api.github.com/users/lorensiuswlt/orgs", "repos_url": "https://api.github.com/users/lorensiuswlt/repos", "events_url": "https://api.github.com/users/lorensiuswlt/events{/privacy}", "received_events_url": "https://api.github.com/users/lorensiuswlt/received_events", "type": "User", "site_admin": false}, "html_url": "https://github.com/lorensiuswlt/AndroidTwitter", "description": "Android Twitter Integration", "fork": false, "url": "https://api.github.com/repos/lorensiuswlt/AndroidTwitter", "forks_url": "https://api.github.com/repos/lorensiuswlt/AndroidTwitter/forks", "keys_url": "https://api.github.com/repos/lorensiuswlt/AndroidTwitter/keys{/key_id}", "collaborators_url": "https://api.github.com/repos/lorensiuswlt/AndroidTwitter/collaborators{/collaborator}", "teams_url": "https://api.github.com/repos/lorensiuswlt/AndroidTwitter/teams", "hooks_url": "https://api.github.com/repos/lorensiuswlt/AndroidTwitter/hooks", "issue_events_url": "https://api.github.com/repos/lorensiuswlt/AndroidTwitter/issues/events{/number}", "events_url": "https://api.github.com/repos/lorensiuswlt/AndroidTwitter/events", "assignees_url": "https://api.github.com/repos/lorensiuswlt/AndroidTwitter/assignees{/user}", "branches_url": "https://api.github.com/repos/lorensiuswlt/AndroidTwitter/branches{/branch}", "tags_url": "https://api.github.com/repos/lorensiuswlt/AndroidTwitter/tags", "blobs_url": "https://api.github.com/repos/lorensiuswlt/AndroidTwitter/git/blobs{/sha}", "git_tags_url": "https://api.github.com/repos/lorensiuswlt/AndroidTwitter/git/tags{/sha}", "git_refs_url": "https://api.github.com/repos/lorensiuswlt/AndroidTwitter/git/refs{/sha}", "trees_url": "https://api.github.com/repos/lorensiuswlt/AndroidTwitter/git/trees{/sha}", "statuses_url": "https://api.github.com/repos/lorensiuswlt/AndroidTwitter/statuses/{sha}", "languages_url": "https://api.github.com/repos/lorensiuswlt/AndroidTwitter/languages", "stargazers_url": "https://api.github.com/repos/lorensiuswlt/AndroidTwitter/stargazers", "contributors_url": "https://api.github.com/repos/lorensiuswlt/AndroidTwitter/contributors", "subscribers_url": "https://api.github.com/repos/lorensiuswlt/AndroidTwitter/subscribers", "subscription_url": "https://api.github.com/repos/lorensiuswlt/AndroidTwitter/subscription", "commits_url": "https://api.github.com/repos/lorensiuswlt/AndroidTwitter/commits{/sha}", "git_commits_url": "https://api.github.com/repos/lorensiuswlt/AndroidTwitter/git/commits{/sha}", "comments_url": "https://api.github.com/repos/lorensiuswlt/AndroidTwitter/comments{/number}", "issue_comment_url": "https://api.github.com/repos/lorensiuswlt/AndroidTwitter/issues/comments{/number}", "contents_url": "https://api.github.com/repos/lorensiuswlt/AndroidTwitter/contents/{+path}", "compare_url": "https://api.github.com/repos/lorensiuswlt/AndroidTwitter/compare/{base}...{head}", "merges_url": "https://api.github.com/repos/lorensiuswlt/AndroidTwitter/merges", "archive_url": "https://api.github.com/repos/lorensiuswlt/AndroidTwitter/{archive_format}{/ref}", "downloads_url": "https://api.github.com/repos/lorensiuswlt/AndroidTwitter/downloads", "issues_url": "https://api.github.com/repos/lorensiuswlt/AndroidTwitter/issues{/number}", "pulls_url": "https://api.github.com/repos/lorensiuswlt/AndroidTwitter/pulls{/number}", "milestones_url": "https://api.github.com/repos/lorensiuswlt/AndroidTwitter/milestones{/number}", "notifications_url": "https://api.github.com/repos/lorensiuswlt/AndroidTwitter/notifications{?since,all,participating}", "labels_url": "https://api.github.com/repos/lorensiuswlt/AndroidTwitter/labels{/name}", "releases_url": "https://api.github.com/repos/lorensiuswlt/AndroidTwitter/releases{/id}", "deployments_url": "https://api.github.com/repos/lorensiuswlt/AndroidTwitter/deployments", "created_at": "2011-02-26T14:00:44Z", "updated_at": "2020-06-06T14:01:16Z", "pushed_at": "2013-08-25T16:28:23Z", "git_url": "git://github.com/lorensiuswlt/AndroidTwitter.git", "ssh_url": "git@github.com:lorensiuswlt/AndroidTwitter.git", "clone_url": "https://github.com/lorensiuswlt/AndroidTwitter.git", "svn_url": "https://github.com/lorensiuswlt/AndroidTwitter", "homepage": "http://www.londatiga.net", "size": 1961, "stargazers_count": 102, "watchers_count": 102, "language": "Java", "has_issues": true, "has_projects": true, "has_downloads": true, "has_wiki": true, "has_pages": false, "forks_count": 50, "mirror_url": null, "archived": false, "disabled": false, "open_issues_count": 8, "license": {"key": "apache-2.0", "name": "Apache License 2.0", "spdx_id": "Apache-2.0", "url": "https://api.github.com/licenses/apache-2.0", "node_id": "MDc6TGljZW5zZTI="}, "allow_forking": true, "is_template": false, "topics": [], "visibility": "public", "forks": 50, "open_issues": 8, "watchers": 102, "default_branch": "master", "score": 1.0, "__project_size": 1324969, "__java_files_sizes": 21449, "__java_files_loc": 788, "contributors_url_calculated": 1, "commits_url_calculated": 8}