{"R": {"className": "R", "members": {"py/set": []}, "methods": {}, "possibleFather": "", "py/object": "JavaParserVisitor.ClassInfo", "span": 21}, "TestConnect": {"className": "TestConnect", "members": {"py/set": ["mTwitter", "twitter_consumer_key", "twitter_secret_key", "mTwitterBtn", "mTwLoginDialogListener"]}, "methods": {"onClick": {"memberReferences": {"py/set": []}, "methodName": "onClick", "methodReferences": {"py/set": []}, "py/object": "JavaParserVisitor.MethodInfo"}, "onComplete": {"memberReferences": {"py/set": ["mTwitterBtn"]}, "methodName": "onComplete", "methodReferences": {"py/set": []}, "py/object": "JavaParserVisitor.MethodInfo"}, "onCreate": {"memberReferences": {"py/set": ["mTwitter", "twitter_consumer_key", "twitter_secret_key", "mTwitterBtn"]}, "methodName": "onCreate", "methodReferences": {"py/set": []}, "py/object": "JavaParserVisitor.MethodInfo"}, "onError": {"memberReferences": {"py/set": []}, "methodName": "onError", "methodReferences": {"py/set": []}, "py/object": "JavaParserVisitor.MethodInfo"}, "onTwitterClick": {"memberReferences": {"py/set": []}, "methodName": "onTwitterClick", "methodReferences": {"py/set": []}, "py/object": "JavaParserVisitor.MethodInfo"}}, "possibleFather": "Activity", "py/object": "JavaParserVisitor.ClassInfo", "span": 95}, "TestPost": {"className": "TestPost", "members": {"py/set": ["mTwitter", "twitter_consumer_key", "mHandler", "twitter_secret_key", "postToTwitter", "mTwitterBtn", "username", "mTwLoginDialogListener"]}, "methods": {"handleMessage": {"memberReferences": {"py/set": []}, "methodName": "handleMessage", "methodReferences": {"py/set": []}, "py/object": "JavaParserVisitor.MethodInfo"}, "onClick": {"memberReferences": {"py/set": ["postToTwitter"]}, "methodName": "onClick", "methodReferences": {"py/set": []}, "py/object": "JavaParserVisitor.MethodInfo"}, "onComplete": {"memberReferences": {"py/set": ["postToTwitter", "username"]}, "methodName": "onComplete", "methodReferences": {"py/set": []}, "py/object": "JavaParserVisitor.MethodInfo"}, "onCreate": {"memberReferences": {"py/set": ["mTwitter", "twitter_consumer_key", "twitter_secret_key", "mTwitterBtn", "username"]}, "methodName": "onCreate", "methodReferences": {"py/set": []}, "py/object": "JavaParserVisitor.MethodInfo"}, "onError": {"memberReferences": {"py/set": []}, "methodName": "onError", "methodReferences": {"py/set": []}, "py/object": "JavaParserVisitor.MethodInfo"}, "postReview": {"memberReferences": {"py/set": []}, "methodName": "postReview", "methodReferences": {"py/set": []}, "py/object": "JavaParserVisitor.MethodInfo"}, "postToTwitter": {"memberReferences": {"py/set": []}, "methodName": "postToTwitter", "methodReferences": {"py/set": []}, "py/object": "JavaParserVisitor.MethodInfo"}, "run": {"memberReferences": {"py/set": ["mHandler"]}, "methodName": "run", "methodReferences": {"py/set": []}, "py/object": "JavaParserVisitor.MethodInfo"}}, "possibleFather": "Activity", "py/object": "JavaParserVisitor.ClassInfo", "span": 106}, "TwitterApp": {"className": "TwitterApp", "members": {"py/set": ["mTwitter", "mSession", "mProgressDlg", "CALLBACK_URL", "mAccessToken", "mHandler", "mConsumerKey", "mHttpOauthprovider", "mSecretKey", "context", "mInit", "TAG", "mListener", "mHttpOauthConsumer"]}, "methods": {"TwitterApp": {"memberReferences": {"py/set": ["mTwitter", "mSession", "mProgressDlg", "mAccessToken", "mInit", "mConsumerKey", "mHttpOauthprovider", "mSecretKey", "context", "mHttpOauthConsumer"]}, "methodName": "TwitterApp", "methodReferences": {"py/set": ["configureToken"]}, "py/object": "JavaParserVisitor.MethodInfo"}, "authorize": {"memberReferences": {"py/set": ["mProgressDlg"]}, "methodName": "authorize", "methodReferences": {"py/set": []}, "py/object": "JavaParserVisitor.MethodInfo"}, "configureToken": {"memberReferences": {"py/set": ["mAccessToken", "mInit"]}, "methodName": "configureToken", "methodReferences": {"py/set": []}, "py/object": "JavaParserVisitor.MethodInfo"}, "getUsername": {"memberReferences": {"py/set": []}, "methodName": "getUsername", "methodReferences": {"py/set": []}, "py/object": "JavaParserVisitor.MethodInfo"}, "getVerifier": {"memberReferences": {"py/set": []}, "methodName": "getVerifier", "methodReferences": {"py/set": []}, "py/object": "JavaParserVisitor.MethodInfo"}, "handleMessage": {"memberReferences": {"py/set": ["context"]}, "methodName": "handleMessage", "methodReferences": {"py/set": ["showLoginDialog"]}, "py/object": "JavaParserVisitor.MethodInfo"}, "hasAccessToken": {"memberReferences": {"py/set": ["mAccessToken"]}, "methodName": "hasAccessToken", "methodReferences": {"py/set": []}, "py/object": "JavaParserVisitor.MethodInfo"}, "onComplete": {"memberReferences": {"py/set": []}, "methodName": "onComplete", "methodReferences": {"py/set": []}, "py/object": "JavaParserVisitor.MethodInfo"}, "onError": {"memberReferences": {"py/set": []}, "methodName": "onError", "methodReferences": {"py/set": []}, "py/object": "JavaParserVisitor.MethodInfo"}, "processToken": {"memberReferences": {"py/set": ["mProgressDlg"]}, "methodName": "processToken", "methodReferences": {"py/set": ["getVerifier"]}, "py/object": "JavaParserVisitor.MethodInfo"}, "resetAccessToken": {"memberReferences": {"py/set": ["mAccessToken"]}, "methodName": "resetAccessToken", "methodReferences": {"py/set": []}, "py/object": "JavaParserVisitor.MethodInfo"}, "run": {"memberReferences": {"py/set": ["mSession", "mAccessToken", "mHandler", "mInit", "TAG"]}, "methodName": "run", "methodReferences": {"py/set": ["configureToken"]}, "py/object": "JavaParserVisitor.MethodInfo"}, "setListener": {"memberReferences": {"py/set": ["mListener"]}, "methodName": "setListener", "methodReferences": {"py/set": []}, "py/object": "JavaParserVisitor.MethodInfo"}, "showLoginDialog": {"memberReferences": {"py/set": ["context"]}, "methodName": "showLoginDialog", "methodReferences": {"py/set": []}, "py/object": "JavaParserVisitor.MethodInfo"}, "updateStatus": {"memberReferences": {"py/set": []}, "methodName": "updateStatus", "methodReferences": {"py/set": []}, "py/object": "JavaParserVisitor.MethodInfo"}}, "possibleFather": "", "py/object": "JavaParserVisitor.ClassInfo", "span": 205}, "TwitterDialog": {"className": "TwitterDialog", "members": {"py/set": ["PADDING", "MARGIN", "mWebView", "mUrl", "mTitle", "mContent", "TAG", "mListener", "mSpinner", "FILL"]}, "methods": {"TwitterDialog": {"memberReferences": {"py/set": ["mListener", "mUrl"]}, "methodName": "TwitterDialog", "methodReferences": {"py/set": []}, "py/object": "JavaParserVisitor.MethodInfo"}, "onCreate": {"memberReferences": {"py/set": ["mSpinner", "mWebView", "mTitle", "mContent"]}, "methodName": "onCreate", "methodReferences": {"py/set": ["setUpTitle", "setUpWebView"]}, "py/object": "JavaParserVisitor.MethodInfo"}, "setUpTitle": {"memberReferences": {"py/set": ["mTitle"]}, "methodName": "setUpTitle", "methodReferences": {"py/set": []}, "py/object": "JavaParserVisitor.MethodInfo"}, "setUpWebView": {"memberReferences": {"py/set": ["mWebView"]}, "methodName": "setUpWebView", "methodReferences": {"py/set": []}, "py/object": "JavaParserVisitor.MethodInfo"}}, "possibleFather": "Dialog", "py/object": "JavaParserVisitor.ClassInfo", "span": 148}, "TwitterSession": {"className": "TwitterSession", "members": {"py/set": ["TWEET_AUTH_SECRET_KEY", "TWEET_AUTH_KEY", "sharedPref", "SHARED", "editor", "TWEET_USER_NAME"]}, "methods": {"TwitterSession": {"memberReferences": {"py/set": ["editor", "sharedPref", "SHARED"]}, "methodName": "TwitterSession", "methodReferences": {"py/set": []}, "py/object": "JavaParserVisitor.MethodInfo"}, "getAccessToken": {"memberReferences": {"py/set": []}, "methodName": "getAccessToken", "methodReferences": {"py/set": []}, "py/object": "JavaParserVisitor.MethodInfo"}, "getUsername": {"memberReferences": {"py/set": []}, "methodName": "getUsername", "methodReferences": {"py/set": []}, "py/object": "JavaParserVisitor.MethodInfo"}, "resetAccessToken": {"memberReferences": {"py/set": []}, "methodName": "resetAccessToken", "methodReferences": {"py/set": []}, "py/object": "JavaParserVisitor.MethodInfo"}, "storeAccessToken": {"memberReferences": {"py/set": ["TWEET_AUTH_SECRET_KEY", "editor", "TWEET_AUTH_KEY"]}, "methodName": "storeAccessToken", "methodReferences": {"py/set": []}, "py/object": "JavaParserVisitor.MethodInfo"}}, "possibleFather": "", "py/object": "JavaParserVisitor.ClassInfo", "span": 42}, "TwitterWebViewClient": {"className": "TwitterWebViewClient", "members": {"py/set": []}, "methods": {"onPageFinished": {"memberReferences": {"py/set": []}, "methodName": "onPageFinished", "methodReferences": {"py/set": []}, "py/object": "JavaParserVisitor.MethodInfo"}, "onPageStarted": {"memberReferences": {"py/set": []}, "methodName": "onPageStarted", "methodReferences": {"py/set": []}, "py/object": "JavaParserVisitor.MethodInfo"}, "onReceivedError": {"memberReferences": {"py/set": []}, "methodName": "onReceivedError", "methodReferences": {"py/set": []}, "py/object": "JavaParserVisitor.MethodInfo"}, "shouldOverrideUrlLoading": {"memberReferences": {"py/set": []}, "methodName": "shouldOverrideUrlLoading", "methodReferences": {"py/set": []}, "py/object": "JavaParserVisitor.MethodInfo"}}, "possibleFather": "WebViewClient", "py/object": "JavaParserVisitor.ClassInfo", "span": 44}, "attr": {"className": "attr", "members": {"py/set": []}, "methods": {}, "possibleFather": "", "py/object": "JavaParserVisitor.ClassInfo", "span": 0}, "drawable": {"className": "drawable", "members": {"py/set": ["twitter_check_on", "icon", "twitter_check", "twitter_icon", "twitter_check_off"]}, "methods": {}, "possibleFather": "", "py/object": "JavaParserVisitor.ClassInfo", "span": 5}, "id": {"className": "id", "members": {"py/set": ["twitterCheck", "button1", "revieew"]}, "methods": {}, "possibleFather": "", "py/object": "JavaParserVisitor.ClassInfo", "span": 3}, "layout": {"className": "layout", "members": {"py/set": ["main", "post"]}, "methods": {}, "possibleFather": "", "py/object": "JavaParserVisitor.ClassInfo", "span": 2}, "string": {"className": "string", "members": {"py/set": ["hello", "app_name"]}, "methods": {}, "possibleFather": "", "py/object": "JavaParserVisitor.ClassInfo", "span": 2}}