{"id": 129183846, "node_id": "MDEwOlJlcG9zaXRvcnkxMjkxODM4NDY=", "name": "MeiBaseModule", "full_name": "HpWens/MeiBaseModule", "private": false, "owner": {"login": "HpWens", "id": 13116096, "node_id": "MDQ6VXNlcjEzMTE2MDk2", "avatar_url": "https://avatars.githubusercontent.com/u/13116096?v=4", "gravatar_id": "", "url": "https://api.github.com/users/HpWens", "html_url": "https://github.com/HpWens", "followers_url": "https://api.github.com/users/HpWens/followers", "following_url": "https://api.github.com/users/HpWens/following{/other_user}", "gists_url": "https://api.github.com/users/HpWens/gists{/gist_id}", "starred_url": "https://api.github.com/users/HpWens/starred{/owner}{/repo}", "subscriptions_url": "https://api.github.com/users/HpWens/subscriptions", "organizations_url": "https://api.github.com/users/HpWens/orgs", "repos_url": "https://api.github.com/users/HpWens/repos", "events_url": "https://api.github.com/users/HpWens/events{/privacy}", "received_events_url": "https://api.github.com/users/HpWens/received_events", "type": "User", "site_admin": false}, "html_url": "https://github.com/HpWens/MeiBaseModule", "description": "A powerful multi-function library that extended base activity for Android!", "fork": false, "url": "https://api.github.com/repos/HpWens/MeiBaseModule", "forks_url": "https://api.github.com/repos/HpWens/MeiBaseModule/forks", "keys_url": "https://api.github.com/repos/HpWens/MeiBaseModule/keys{/key_id}", "collaborators_url": "https://api.github.com/repos/HpWens/MeiBaseModule/collaborators{/collaborator}", "teams_url": "https://api.github.com/repos/HpWens/MeiBaseModule/teams", "hooks_url": "https://api.github.com/repos/HpWens/MeiBaseModule/hooks", "issue_events_url": "https://api.github.com/repos/HpWens/MeiBaseModule/issues/events{/number}", "events_url": "https://api.github.com/repos/HpWens/MeiBaseModule/events", "assignees_url": "https://api.github.com/repos/HpWens/MeiBaseModule/assignees{/user}", "branches_url": "https://api.github.com/repos/HpWens/MeiBaseModule/branches{/branch}", "tags_url": "https://api.github.com/repos/HpWens/MeiBaseModule/tags", "blobs_url": "https://api.github.com/repos/HpWens/MeiBaseModule/git/blobs{/sha}", "git_tags_url": "https://api.github.com/repos/HpWens/MeiBaseModule/git/tags{/sha}", "git_refs_url": "https://api.github.com/repos/HpWens/MeiBaseModule/git/refs{/sha}", "trees_url": "https://api.github.com/repos/HpWens/MeiBaseModule/git/trees{/sha}", "statuses_url": "https://api.github.com/repos/HpWens/MeiBaseModule/statuses/{sha}", "languages_url": "https://api.github.com/repos/HpWens/MeiBaseModule/languages", "stargazers_url": "https://api.github.com/repos/HpWens/MeiBaseModule/stargazers", "contributors_url": "https://api.github.com/repos/HpWens/MeiBaseModule/contributors", "subscribers_url": "https://api.github.com/repos/HpWens/MeiBaseModule/subscribers", "subscription_url": "https://api.github.com/repos/HpWens/MeiBaseModule/subscription", "commits_url": "https://api.github.com/repos/HpWens/MeiBaseModule/commits{/sha}", "git_commits_url": "https://api.github.com/repos/HpWens/MeiBaseModule/git/commits{/sha}", "comments_url": "https://api.github.com/repos/HpWens/MeiBaseModule/comments{/number}", "issue_comment_url": "https://api.github.com/repos/HpWens/MeiBaseModule/issues/comments{/number}", "contents_url": "https://api.github.com/repos/HpWens/MeiBaseModule/contents/{+path}", "compare_url": "https://api.github.com/repos/HpWens/MeiBaseModule/compare/{base}...{head}", "merges_url": "https://api.github.com/repos/HpWens/MeiBaseModule/merges", "archive_url": "https://api.github.com/repos/HpWens/MeiBaseModule/{archive_format}{/ref}", "downloads_url": "https://api.github.com/repos/HpWens/MeiBaseModule/downloads", "issues_url": "https://api.github.com/repos/HpWens/MeiBaseModule/issues{/number}", "pulls_url": "https://api.github.com/repos/HpWens/MeiBaseModule/pulls{/number}", "milestones_url": "https://api.github.com/repos/HpWens/MeiBaseModule/milestones{/number}", "notifications_url": "https://api.github.com/repos/HpWens/MeiBaseModule/notifications{?since,all,participating}", "labels_url": "https://api.github.com/repos/HpWens/MeiBaseModule/labels{/name}", "releases_url": "https://api.github.com/repos/HpWens/MeiBaseModule/releases{/id}", "deployments_url": "https://api.github.com/repos/HpWens/MeiBaseModule/deployments", "created_at": "2018-04-12T02:54:11Z", "updated_at": "2021-01-11T09:22:47Z", "pushed_at": "2019-03-08T02:57:23Z", "git_url": "git://github.com/HpWens/MeiBaseModule.git", "ssh_url": "git@github.com:HpWens/MeiBaseModule.git", "clone_url": "https://github.com/HpWens/MeiBaseModule.git", "svn_url": "https://github.com/HpWens/MeiBaseModule", "homepage": "", "size": 26570, "stargazers_count": 78, "watchers_count": 78, "language": "Java", "has_issues": true, "has_projects": true, "has_downloads": true, "has_wiki": true, "has_pages": false, "forks_count": 15, "mirror_url": null, "archived": false, "disabled": false, "open_issues_count": 0, "license": {"key": "apache-2.0", "name": "Apache License 2.0", "spdx_id": "Apache-2.0", "url": "https://api.github.com/licenses/apache-2.0", "node_id": "MDc6TGljZW5zZTI="}, "allow_forking": true, "is_template": false, "topics": ["android", "android-library", "baseactivity", "baseadapter", "basedialog", "basefragment", "refreshlayout"], "visibility": "public", "forks": 15, "open_issues": 0, "watchers": 78, "default_branch": "master", "score": 1.0, "__project_size": 56774688, "__java_files_sizes": 210210, "__java_files_loc": 7025, "contributors_url_calculated": 1, "commits_url_calculated": 36}