{"SCOM": {"py/object": "Statistics.InterestingStatistics", "classValues": [{"py/tuple": [0.08333333333333333, 66]}, {"py/tuple": [0.0, 290]}, {"py/tuple": [0.0, 27]}, {"py/tuple": [0.0, 458]}, {"py/tuple": [0.17316017316017315, 203]}, {"py/tuple": [0.15810276679841898, 178]}, {"py/tuple": [0.049953314659197015, 193]}, {"py/tuple": [0.6, 55]}, {"py/tuple": [0.0, 33]}, {"py/tuple": [0.20634920634920634, 56]}, {"py/tuple": [0.0, 9]}, {"py/tuple": [0.0, 9]}, {"py/tuple": [0.1, 40]}, {"py/tuple": [0.0, 23]}, {"py/tuple": [0.031172839506172844, 212]}, {"py/tuple": [1, 6]}, {"py/tuple": [1, 3]}, {"py/tuple": [0.0, 138]}, {"py/tuple": [0.1111111111111111, 272]}, {"py/tuple": [0.0, 198]}, {"py/tuple": [0.04, 47]}, {"py/tuple": [0.0, 16]}, {"py/tuple": [0.022222222222222223, 85]}, {"py/tuple": [0.06666666666666667, 27]}, {"py/tuple": [1, 2]}, {"py/tuple": [1.0, 20]}, {"py/tuple": [0.0, 17]}, {"py/tuple": [0.09523809523809523, 74]}, {"py/tuple": [0.4, 47]}, {"py/tuple": [0.036842105263157905, 196]}, {"py/tuple": [0.0, 264]}, {"py/tuple": [0.003121248499399759, 419]}, {"py/tuple": [0.0, 39]}, {"py/tuple": [0.07589285714285714, 62]}, {"py/tuple": [0.0, 266]}, {"py/tuple": [0.0012315270935960591, 273]}, {"py/tuple": [0.0, 9]}, {"py/tuple": [0.02666666666666667, 75]}, {"py/tuple": [0.0, 7]}, {"py/tuple": [0.0, 7]}, {"py/tuple": [0.0, 7]}, {"py/tuple": [0.0, 7]}, {"py/tuple": [1, 2]}, {"py/tuple": [1, 2]}, {"py/tuple": [1, 2]}, {"py/tuple": [1, 2]}, {"py/tuple": [0.0, 11]}, {"py/tuple": [0.022222222222222223, 81]}, {"py/tuple": [0.0, 33]}, {"py/tuple": [0.0, 84]}, {"py/tuple": [1, 4]}, {"py/tuple": [0.0, 25]}, {"py/tuple": [0.0, 74]}, {"py/tuple": [1, 7]}, {"py/tuple": [0.0, 63]}, {"py/tuple": [0.03131596249005154, 459]}, {"py/tuple": [0.16666666666666666, 24]}, {"py/tuple": [0.0, 10]}, {"py/tuple": [0.0, 44]}, {"py/tuple": [0.0, 25]}, {"py/tuple": [0.5, 20]}, {"py/tuple": [0.16666666666666666, 34]}, {"py/tuple": [0.0, 90]}]}, "LSCC": {"py/object": "Statistics.InterestingStatistics", "classValues": [{"py/tuple": [0.03571428571428571, 66]}, {"py/tuple": [0.0, 290]}, {"py/tuple": [0, 27]}, {"py/tuple": [0.0, 458]}, {"py/tuple": [0.12121212121212122, 203]}, {"py/tuple": [0.11067193675889328, 178]}, {"py/tuple": [0.03361344537815126, 193]}, {"py/tuple": [0.43333333333333335, 55]}, {"py/tuple": [0, 33]}, {"py/tuple": [0.07936507936507936, 56]}, {"py/tuple": [0, 9]}, {"py/tuple": [0, 9]}, {"py/tuple": [0.03333333333333333, 40]}, {"py/tuple": [0, 23]}, {"py/tuple": [0.014814814814814815, 212]}, {"py/tuple": [1, 6]}, {"py/tuple": [1, 3]}, {"py/tuple": [0, 138]}, {"py/tuple": [0.1111111111111111, 272]}, {"py/tuple": [0, 198]}, {"py/tuple": [0.04, 47]}, {"py/tuple": [0, 16]}, {"py/tuple": [0.022222222222222223, 85]}, {"py/tuple": [0.06666666666666667, 27]}, {"py/tuple": [1, 2]}, {"py/tuple": [1.0, 20]}, {"py/tuple": [0, 17]}, {"py/tuple": [0.015873015873015872, 74]}, {"py/tuple": [0.4, 47]}, {"py/tuple": [0.023391812865497075, 196]}, {"py/tuple": [0.0, 264]}, {"py/tuple": [0.0021608643457382954, 419]}, {"py/tuple": [0.0, 39]}, {"py/tuple": [0.044642857142857144, 62]}, {"py/tuple": [0.0, 266]}, {"py/tuple": [0.0012315270935960591, 273]}, {"py/tuple": [0, 9]}, {"py/tuple": [0.013333333333333334, 75]}, {"py/tuple": [0, 7]}, {"py/tuple": [0, 7]}, {"py/tuple": [0, 7]}, {"py/tuple": [0, 7]}, {"py/tuple": [1, 2]}, {"py/tuple": [1, 2]}, {"py/tuple": [1, 2]}, {"py/tuple": [1, 2]}, {"py/tuple": [0, 11]}, {"py/tuple": [0.011111111111111112, 81]}, {"py/tuple": [0.0, 33]}, {"py/tuple": [0, 84]}, {"py/tuple": [1, 4]}, {"py/tuple": [0.0, 25]}, {"py/tuple": [0.0, 74]}, {"py/tuple": [1, 7]}, {"py/tuple": [0, 63]}, {"py/tuple": [0.010069552579674037, 459]}, {"py/tuple": [0.16666666666666666, 24]}, {"py/tuple": [0.0, 10]}, {"py/tuple": [0, 44]}, {"py/tuple": [0, 25]}, {"py/tuple": [0.5, 20]}, {"py/tuple": [0.16666666666666666, 34]}, {"py/tuple": [0, 90]}]}, "CC": {"py/object": "Statistics.InterestingStatistics", "classValues": [{"py/tuple": [0.07936507936507936, 66]}, {"py/tuple": [0.0, 290]}, {"py/tuple": [1, 27]}, {"py/tuple": [0.0, 458]}, {"py/tuple": [0.12554112554112554, 203]}, {"py/tuple": [0.11462450592885376, 178]}, {"py/tuple": [0.09368191721132899, 193]}, {"py/tuple": [0.5333333333333334, 55]}, {"py/tuple": [1, 33]}, {"py/tuple": [0.13333333333333336, 56]}, {"py/tuple": [1, 9]}, {"py/tuple": [1, 9]}, {"py/tuple": [0.03333333333333333, 40]}, {"py/tuple": [1, 23]}, {"py/tuple": [0.06555555555555556, 212]}, {"py/tuple": [1, 6]}, {"py/tuple": [1, 3]}, {"py/tuple": [1, 138]}, {"py/tuple": [0.2222222222222222, 272]}, {"py/tuple": [1, 198]}, {"py/tuple": [0.06666666666666667, 47]}, {"py/tuple": [1, 16]}, {"py/tuple": [0.022222222222222223, 85]}, {"py/tuple": [0.06666666666666667, 27]}, {"py/tuple": [1, 2]}, {"py/tuple": [1.0, 20]}, {"py/tuple": [1, 17]}, {"py/tuple": [0.015873015873015872, 74]}, {"py/tuple": [0.4, 47]}, {"py/tuple": [0.06530214424951267, 196]}, {"py/tuple": [0.0, 264]}, {"py/tuple": [0.010364145658263305, 419]}, {"py/tuple": [0.0, 39]}, {"py/tuple": [0.10119047619047618, 62]}, {"py/tuple": [0.0, 266]}, {"py/tuple": [0.007389162561576354, 273]}, {"py/tuple": [1, 9]}, {"py/tuple": [0.016666666666666666, 75]}, {"py/tuple": [1, 7]}, {"py/tuple": [1, 7]}, {"py/tuple": [1, 7]}, {"py/tuple": [1, 7]}, {"py/tuple": [1, 2]}, {"py/tuple": [1, 2]}, {"py/tuple": [1, 2]}, {"py/tuple": [1, 2]}, {"py/tuple": [1, 11]}, {"py/tuple": [0.011111111111111112, 81]}, {"py/tuple": [0.0, 33]}, {"py/tuple": [1, 84]}, {"py/tuple": [1, 4]}, {"py/tuple": [0.0, 25]}, {"py/tuple": [0.0, 74]}, {"py/tuple": [1, 7]}, {"py/tuple": [1, 63]}, {"py/tuple": [0.082208726945569, 459]}, {"py/tuple": [0.16666666666666666, 24]}, {"py/tuple": [0.0, 10]}, {"py/tuple": [1, 44]}, {"py/tuple": [1, 25]}, {"py/tuple": [0.5, 20]}, {"py/tuple": [0.16666666666666666, 34]}, {"py/tuple": [1, 90]}]}, "LCOM5": {"py/object": "Statistics.InterestingStatistics", "classValues": [{"py/tuple": [0.8214285714285714, 66]}, {"py/tuple": [0.9655172413793104, 290]}, {"py/tuple": [0, 27]}, {"py/tuple": [0.9807692307692307, 458]}, {"py/tuple": [0.6363636363636364, 203]}, {"py/tuple": [0.6521739130434783, 178]}, {"py/tuple": [0.8015873015873016, 193]}, {"py/tuple": [0.33333333333333337, 55]}, {"py/tuple": [0, 33]}, {"py/tuple": [0.7142857142857143, 56]}, {"py/tuple": [0, 9]}, {"py/tuple": [0, 9]}, {"py/tuple": [0.7333333333333334, 40]}, {"py/tuple": [0, 23]}, {"py/tuple": [0.9097222222222222, 212]}, {"py/tuple": [0, 6]}, {"py/tuple": [0, 3]}, {"py/tuple": [0, 138]}, {"py/tuple": [0.75, 272]}, {"py/tuple": [0, 198]}, {"py/tuple": [0.7333333333333334, 47]}, {"py/tuple": [0, 16]}, {"py/tuple": [0.8, 85]}, {"py/tuple": [0.6666666666666667, 27]}, {"py/tuple": [0, 2]}, {"py/tuple": [0.0, 20]}, {"py/tuple": [0, 17]}, {"py/tuple": [0.8095238095238095, 74]}, {"py/tuple": [0.33333333333333337, 47]}, {"py/tuple": [0.8526315789473684, 196]}, {"py/tuple": [1.0, 264]}, {"py/tuple": [0.9428571428571428, 419]}, {"py/tuple": [0.8571428571428572, 39]}, {"py/tuple": [0.75, 62]}, {"py/tuple": [1.0, 266]}, {"py/tuple": [0.9482758620689655, 273]}, {"py/tuple": [0, 9]}, {"py/tuple": [0.8333333333333334, 75]}, {"py/tuple": [0, 7]}, {"py/tuple": [0, 7]}, {"py/tuple": [0, 7]}, {"py/tuple": [0, 7]}, {"py/tuple": [0, 2]}, {"py/tuple": [0, 2]}, {"py/tuple": [0, 2]}, {"py/tuple": [0, 2]}, {"py/tuple": [0, 11]}, {"py/tuple": [0.85, 81]}, {"py/tuple": [0.875, 33]}, {"py/tuple": [0, 84]}, {"py/tuple": [0, 4]}, {"py/tuple": [0.875, 25]}, {"py/tuple": [0.9090909090909091, 74]}, {"py/tuple": [0, 7]}, {"py/tuple": [0, 63]}, {"py/tuple": [0.9072978303747534, 459]}, {"py/tuple": [0.5, 24]}, {"py/tuple": [0.5, 10]}, {"py/tuple": [0, 44]}, {"py/tuple": [0, 25]}, {"py/tuple": [0.25, 20]}, {"py/tuple": [0.5, 34]}, {"py/tuple": [0, 90]}]}, "CBAMU": {"py/object": "Statistics.InterestingStatistics", "classValues": [{"py/tuple": [0.08928571428571429, 66]}, {"py/tuple": [0.019088669950738917, 290]}, {"py/tuple": [0.03333333333333333, 27]}, {"py/tuple": [0.010180995475113122, 458]}, {"py/tuple": [0.20454545454545456, 203]}, {"py/tuple": [0.19466403162055335, 178]}, {"py/tuple": [0.1057422969187675, 193]}, {"py/tuple": [0.3833333333333333, 55]}, {"py/tuple": [0.0, 33]}, {"py/tuple": [0.14285714285714285, 56]}, {"py/tuple": [0.0, 9]}, {"py/tuple": [0.0, 9]}, {"py/tuple": [0.13333333333333333, 40]}, {"py/tuple": [0.0, 23]}, {"py/tuple": [0.05763888888888889, 212]}, {"py/tuple": [0.0, 6]}, {"py/tuple": [0.0, 3]}, {"py/tuple": [0.020833333333333332, 138]}, {"py/tuple": [0.19722222222222222, 272]}, {"py/tuple": [0.11666666666666667, 198]}, {"py/tuple": [0.13333333333333333, 47]}, {"py/tuple": [0.0, 16]}, {"py/tuple": [0.11111111111111112, 85]}, {"py/tuple": [0.16666666666666666, 27]}, {"py/tuple": [0.0, 2]}, {"py/tuple": [0.5, 20]}, {"py/tuple": [0.0, 17]}, {"py/tuple": [0.09523809523809523, 74]}, {"py/tuple": [0.3333333333333333, 47]}, {"py/tuple": [0.08830409356725145, 196]}, {"py/tuple": [0.0004201680672268908, 264]}, {"py/tuple": [0.03277310924369748, 419]}, {"py/tuple": [0.07142857142857142, 39]}, {"py/tuple": [0.125, 62]}, {"py/tuple": [0.0004201680672268908, 266]}, {"py/tuple": [0.02832512315270936, 273]}, {"py/tuple": [0.0, 9]}, {"py/tuple": [0.08333333333333333, 75]}, {"py/tuple": [0.0, 7]}, {"py/tuple": [0.0, 7]}, {"py/tuple": [0.0, 7]}, {"py/tuple": [0.0, 7]}, {"py/tuple": [0.0, 2]}, {"py/tuple": [0.0, 2]}, {"py/tuple": [0.0, 2]}, {"py/tuple": [0.0, 2]}, {"py/tuple": [0.0, 11]}, {"py/tuple": [0.08055555555555555, 81]}, {"py/tuple": [0.0625, 33]}, {"py/tuple": [0.0, 84]}, {"py/tuple": [0.0, 4]}, {"py/tuple": [0.0625, 25]}, {"py/tuple": [0.05, 74]}, {"py/tuple": [0.0, 7]}, {"py/tuple": [0.0, 63]}, {"py/tuple": [0.061195889131111805, 459]}, {"py/tuple": [0.25, 24]}, {"py/tuple": [0.25, 10]}, {"py/tuple": [0.0, 44]}, {"py/tuple": [0.0, 25]}, {"py/tuple": [0.375, 20]}, {"py/tuple": [0.25, 34]}, {"py/tuple": [0.00641025641025641, 90]}]}}