{"id": 18966647, "node_id": "MDEwOlJlcG9zaXRvcnkxODk2NjY0Nw==", "name": "mmpt", "full_name": "manniwood/mmpt", "private": false, "owner": {"login": "manniwood", "id": 91690, "node_id": "MDQ6VXNlcjkxNjkw", "avatar_url": "https://avatars.githubusercontent.com/u/91690?v=4", "gravatar_id": "", "url": "https://api.github.com/users/manniwood", "html_url": "https://github.com/manniwood", "followers_url": "https://api.github.com/users/manniwood/followers", "following_url": "https://api.github.com/users/manniwood/following{/other_user}", "gists_url": "https://api.github.com/users/manniwood/gists{/gist_id}", "starred_url": "https://api.github.com/users/manniwood/starred{/owner}{/repo}", "subscriptions_url": "https://api.github.com/users/manniwood/subscriptions", "organizations_url": "https://api.github.com/users/manniwood/orgs", "repos_url": "https://api.github.com/users/manniwood/repos", "events_url": "https://api.github.com/users/manniwood/events{/privacy}", "received_events_url": "https://api.github.com/users/manniwood/received_events", "type": "User", "site_admin": false}, "html_url": "https://github.com/manniwood/mmpt", "description": "Manni's MyBatis PostgreSQL Types", "fork": false, "url": "https://api.github.com/repos/manniwood/mmpt", "forks_url": "https://api.github.com/repos/manniwood/mmpt/forks", "keys_url": "https://api.github.com/repos/manniwood/mmpt/keys{/key_id}", "collaborators_url": "https://api.github.com/repos/manniwood/mmpt/collaborators{/collaborator}", "teams_url": "https://api.github.com/repos/manniwood/mmpt/teams", "hooks_url": "https://api.github.com/repos/manniwood/mmpt/hooks", "issue_events_url": "https://api.github.com/repos/manniwood/mmpt/issues/events{/number}", "events_url": "https://api.github.com/repos/manniwood/mmpt/events", "assignees_url": "https://api.github.com/repos/manniwood/mmpt/assignees{/user}", "branches_url": "https://api.github.com/repos/manniwood/mmpt/branches{/branch}", "tags_url": "https://api.github.com/repos/manniwood/mmpt/tags", "blobs_url": "https://api.github.com/repos/manniwood/mmpt/git/blobs{/sha}", "git_tags_url": "https://api.github.com/repos/manniwood/mmpt/git/tags{/sha}", "git_refs_url": "https://api.github.com/repos/manniwood/mmpt/git/refs{/sha}", "trees_url": "https://api.github.com/repos/manniwood/mmpt/git/trees{/sha}", "statuses_url": "https://api.github.com/repos/manniwood/mmpt/statuses/{sha}", "languages_url": "https://api.github.com/repos/manniwood/mmpt/languages", "stargazers_url": "https://api.github.com/repos/manniwood/mmpt/stargazers", "contributors_url": "https://api.github.com/repos/manniwood/mmpt/contributors", "subscribers_url": "https://api.github.com/repos/manniwood/mmpt/subscribers", "subscription_url": "https://api.github.com/repos/manniwood/mmpt/subscription", "commits_url": "https://api.github.com/repos/manniwood/mmpt/commits{/sha}", "git_commits_url": "https://api.github.com/repos/manniwood/mmpt/git/commits{/sha}", "comments_url": "https://api.github.com/repos/manniwood/mmpt/comments{/number}", "issue_comment_url": "https://api.github.com/repos/manniwood/mmpt/issues/comments{/number}", "contents_url": "https://api.github.com/repos/manniwood/mmpt/contents/{+path}", "compare_url": "https://api.github.com/repos/manniwood/mmpt/compare/{base}...{head}", "merges_url": "https://api.github.com/repos/manniwood/mmpt/merges", "archive_url": "https://api.github.com/repos/manniwood/mmpt/{archive_format}{/ref}", "downloads_url": "https://api.github.com/repos/manniwood/mmpt/downloads", "issues_url": "https://api.github.com/repos/manniwood/mmpt/issues{/number}", "pulls_url": "https://api.github.com/repos/manniwood/mmpt/pulls{/number}", "milestones_url": "https://api.github.com/repos/manniwood/mmpt/milestones{/number}", "notifications_url": "https://api.github.com/repos/manniwood/mmpt/notifications{?since,all,participating}", "labels_url": "https://api.github.com/repos/manniwood/mmpt/labels{/name}", "releases_url": "https://api.github.com/repos/manniwood/mmpt/releases{/id}", "deployments_url": "https://api.github.com/repos/manniwood/mmpt/deployments", "created_at": "2014-04-20T15:01:51Z", "updated_at": "2022-02-11T23:13:59Z", "pushed_at": "2021-04-16T13:36:31Z", "git_url": "git://github.com/manniwood/mmpt.git", "ssh_url": "git@github.com:manniwood/mmpt.git", "clone_url": "https://github.com/manniwood/mmpt.git", "svn_url": "https://github.com/manniwood/mmpt", "homepage": null, "size": 122, "stargazers_count": 40, "watchers_count": 40, "language": "Java", "has_issues": true, "has_projects": true, "has_downloads": true, "has_wiki": true, "has_pages": false, "forks_count": 19, "mirror_url": null, "archived": false, "disabled": false, "open_issues_count": 0, "license": {"key": "mit", "name": "MIT License", "spdx_id": "MIT", "url": "https://api.github.com/licenses/mit", "node_id": "MDc6TGljZW5zZTEz"}, "allow_forking": true, "is_template": false, "topics": [], "visibility": "public", "forks": 19, "open_issues": 0, "watchers": 40, "default_branch": "master", "score": 1.0, "__project_size": 333441, "__java_files_sizes": 66495, "__java_files_loc": 1873, "contributors_url_calculated": 1, "commits_url_calculated": 51}