{"AppDatabase": {"className": "AppDatabase", "members": {"py/set": ["LOCK", "DATABASE_NAME", "sInstance", "LOG_TAG"]}, "methods": {"getInstance": {"memberReferences": {"py/set": ["LOCK", "sInstance"]}, "methodName": "getInstance", "methodReferences": {"py/set": []}, "py/object": "JavaParserVisitor.MethodInfo"}, "personDao": {"memberReferences": {"py/set": []}, "methodName": "personDao", "methodReferences": {"py/set": []}, "py/object": "JavaParserVisitor.MethodInfo"}}, "possibleFather": "RoomDatabase", "py/object": "JavaParserVisitor.ClassInfo", "span": 19}, "AppExecutors": {"className": "AppExecutors", "members": {"py/set": ["networkIO", "diskIO", "LOCK", "sInstance", "mainThread"]}, "methods": {"AppExecutors": {"memberReferences": {"py/set": ["networkIO", "diskIO", "mainThread"]}, "methodName": "AppExecutors", "methodReferences": {"py/set": []}, "py/object": "JavaParserVisitor.MethodInfo"}, "diskIO": {"memberReferences": {"py/set": ["diskIO"]}, "methodName": "diskIO", "methodReferences": {"py/set": []}, "py/object": "JavaParserVisitor.MethodInfo"}, "getInstance": {"memberReferences": {"py/set": ["LOCK", "sInstance"]}, "methodName": "getInstance", "methodReferences": {"py/set": []}, "py/object": "JavaParserVisitor.MethodInfo"}, "mainThread": {"memberReferences": {"py/set": ["mainThread"]}, "methodName": "mainThread", "methodReferences": {"py/set": []}, "py/object": "JavaParserVisitor.MethodInfo"}, "networkIO": {"memberReferences": {"py/set": ["networkIO"]}, "methodName": "networkIO", "methodReferences": {"py/set": []}, "py/object": "JavaParserVisitor.MethodInfo"}}, "possibleFather": "", "py/object": "JavaParserVisitor.ClassInfo", "span": 43}, "Constants": {"className": "Constants", "members": {"py/set": ["UPDATE_Person_Id"]}, "methods": {}, "possibleFather": "", "py/object": "JavaParserVisitor.ClassInfo", "span": 1}, "EditActivity": {"className": "EditActivity", "members": {"py/set": ["intent", "mDb", "email", "name", "city", "mPersonId", "pincode", "phoneNumber", "button"]}, "methods": {"initViews": {"memberReferences": {"py/set": ["email", "name", "city", "pincode", "phoneNumber", "button"]}, "methodName": "initViews", "methodReferences": {"py/set": []}, "py/object": "JavaParserVisitor.MethodInfo"}, "onClick": {"memberReferences": {"py/set": []}, "methodName": "onClick", "methodReferences": {"py/set": ["onSaveButtonClicked"]}, "py/object": "JavaParserVisitor.MethodInfo"}, "onCreate": {"memberReferences": {"py/set": ["mDb", "intent", "email", "name", "city", "mPersonId", "pincode", "phoneNumber", "button"]}, "methodName": "onCreate", "methodReferences": {"py/set": ["initViews"]}, "py/object": "JavaParserVisitor.MethodInfo"}, "onOptionsItemSelected": {"memberReferences": {"py/set": []}, "methodName": "onOptionsItemSelected", "methodReferences": {"py/set": []}, "py/object": "JavaParserVisitor.MethodInfo"}, "onSaveButtonClicked": {"memberReferences": {"py/set": []}, "methodName": "onSaveButtonClicked", "methodReferences": {"py/set": []}, "py/object": "JavaParserVisitor.MethodInfo"}, "populateUI": {"memberReferences": {"py/set": ["email", "name", "city", "pincode", "phoneNumber"]}, "methodName": "populateUI", "methodReferences": {"py/set": []}, "py/object": "JavaParserVisitor.MethodInfo"}, "run": {"memberReferences": {"py/set": ["intent"]}, "methodName": "run", "methodReferences": {"py/set": []}, "py/object": "JavaParserVisitor.MethodInfo"}}, "possibleFather": "AppCompatActivity", "py/object": "JavaParserVisitor.ClassInfo", "span": 94}, "ExampleInstrumentedTest": {"className": "ExampleInstrumentedTest", "members": {"py/set": []}, "methods": {"useAppContext": {"memberReferences": {"py/set": []}, "methodName": "useAppContext", "methodReferences": {"py/set": []}, "py/object": "JavaParserVisitor.MethodInfo"}}, "possibleFather": "", "py/object": "JavaParserVisitor.ClassInfo", "span": 6}, "ExampleUnitTest": {"className": "ExampleUnitTest", "members": {"py/set": []}, "methods": {"addition_isCorrect": {"memberReferences": {"py/set": []}, "methodName": "addition_isCorrect", "methodReferences": {"py/set": []}, "py/object": "JavaParserVisitor.MethodInfo"}}, "possibleFather": "", "py/object": "JavaParserVisitor.ClassInfo", "span": 3}, "MainActivity": {"className": "MainActivity", "members": {"py/set": ["mDb", "floatingActionButton", "mRecyclerView", "mAdapter"]}, "methods": {"onClick": {"memberReferences": {"py/set": []}, "methodName": "onClick", "methodReferences": {"py/set": []}, "py/object": "JavaParserVisitor.MethodInfo"}, "onCreate": {"memberReferences": {"py/set": ["mRecyclerView", "mDb", "floatingActionButton", "mAdapter"]}, "methodName": "onCreate", "methodReferences": {"py/set": []}, "py/object": "JavaParserVisitor.MethodInfo"}, "onMove": {"memberReferences": {"py/set": []}, "methodName": "onMove", "methodReferences": {"py/set": []}, "py/object": "JavaParserVisitor.MethodInfo"}, "onResume": {"memberReferences": {"py/set": []}, "methodName": "onResume", "methodReferences": {"py/set": ["retrieveTasks"]}, "py/object": "JavaParserVisitor.MethodInfo"}, "onSwiped": {"memberReferences": {"py/set": []}, "methodName": "onSwiped", "methodReferences": {"py/set": []}, "py/object": "JavaParserVisitor.MethodInfo"}, "retrieveTasks": {"memberReferences": {"py/set": []}, "methodName": "retrieveTasks", "methodReferences": {"py/set": []}, "py/object": "JavaParserVisitor.MethodInfo"}, "run": {"memberReferences": {"py/set": []}, "methodName": "run", "methodReferences": {"py/set": []}, "py/object": "JavaParserVisitor.MethodInfo"}}, "possibleFather": "AppCompatActivity", "py/object": "JavaParserVisitor.ClassInfo", "span": 67}, "MainThreadExecutor": {"className": "MainThreadExecutor", "members": {"py/set": ["mainThreadHandler"]}, "methods": {"execute": {"memberReferences": {"py/set": []}, "methodName": "execute", "methodReferences": {"py/set": []}, "py/object": "JavaParserVisitor.MethodInfo"}}, "possibleFather": "", "py/object": "JavaParserVisitor.ClassInfo", "span": 5}, "MyViewHolder": {"className": "MyViewHolder", "members": {"py/set": ["mDb", "email", "name", "number", "city", "editImage", "pincode"]}, "methods": {"MyViewHolder": {"memberReferences": {"py/set": ["mDb", "email", "name", "number", "city", "editImage", "pincode"]}, "methodName": "MyViewHolder", "methodReferences": {"py/set": []}, "py/object": "JavaParserVisitor.MethodInfo"}, "onClick": {"memberReferences": {"py/set": []}, "methodName": "onClick", "methodReferences": {"py/set": []}, "py/object": "JavaParserVisitor.MethodInfo"}}, "possibleFather": "RecyclerView.ViewHolder", "py/object": "JavaParserVisitor.ClassInfo", "span": 20}, "Person": {"className": "Person", "members": {"py/set": ["email", "name", "number", "city", "pincode", "id"]}, "methods": {"Person": {"memberReferences": {"py/set": ["email", "name", "number", "city", "pincode", "id"]}, "methodName": "Person", "methodReferences": {"py/set": []}, "py/object": "JavaParserVisitor.MethodInfo"}}, "possibleFather": "", "py/object": "JavaParserVisitor.ClassInfo", "span": 72}, "PersonAdaptor": {"className": "PersonAdaptor", "members": {"py/set": ["context", "mPersonList"]}, "methods": {"PersonAdaptor": {"memberReferences": {"py/set": ["context"]}, "methodName": "PersonAdaptor", "methodReferences": {"py/set": []}, "py/object": "JavaParserVisitor.MethodInfo"}, "getItemCount": {"memberReferences": {"py/set": ["mPersonList"]}, "methodName": "getItemCount", "methodReferences": {"py/set": []}, "py/object": "JavaParserVisitor.MethodInfo"}, "getTasks": {"memberReferences": {"py/set": ["mPersonList"]}, "methodName": "getTasks", "methodReferences": {"py/set": []}, "py/object": "JavaParserVisitor.MethodInfo"}, "onBindViewHolder": {"memberReferences": {"py/set": []}, "methodName": "onBindViewHolder", "methodReferences": {"py/set": []}, "py/object": "JavaParserVisitor.MethodInfo"}, "onCreateViewHolder": {"memberReferences": {"py/set": []}, "methodName": "onCreateViewHolder", "methodReferences": {"py/set": []}, "py/object": "JavaParserVisitor.MethodInfo"}, "setTasks": {"memberReferences": {"py/set": ["mPersonList"]}, "methodName": "setTasks", "methodReferences": {"py/set": []}, "py/object": "JavaParserVisitor.MethodInfo"}}, "possibleFather": "RecyclerView.Adapter<PersonAdaptor.MyViewHolder>", "py/object": "JavaParserVisitor.ClassInfo", "span": 63}}