{"SCOM": {"py/object": "Statistics.InterestingStatistics", "classValues": [{"py/tuple": [0.0, 44]}, {"py/tuple": [0.08928571428571429, 167]}, {"py/tuple": [0.0, 147]}, {"py/tuple": [0.0, 88]}, {"py/tuple": [0.0, 114]}, {"py/tuple": [1, 21]}, {"py/tuple": [1, 4]}, {"py/tuple": [0.0, 26]}, {"py/tuple": [0.0, 188]}, {"py/tuple": [0.0, 8]}, {"py/tuple": [1, 7]}, {"py/tuple": [0.2884615384615384, 390]}, {"py/tuple": [0.15, 37]}, {"py/tuple": [0.005291005291005292, 233]}, {"py/tuple": [0.011904761904761904, 129]}, {"py/tuple": [1, 80]}, {"py/tuple": [1, 22]}, {"py/tuple": [0.1, 102]}, {"py/tuple": [0.11904761904761905, 288]}, {"py/tuple": [0.0, 68]}, {"py/tuple": [0.0, 486]}, {"py/tuple": [0.6666666666666666, 67]}, {"py/tuple": [0.0, 57]}, {"py/tuple": [0.0, 26]}, {"py/tuple": [1, 9]}, {"py/tuple": [1, 27]}, {"py/tuple": [1, 1]}, {"py/tuple": [1, 3]}, {"py/tuple": [1, 8]}, {"py/tuple": [1, 1]}, {"py/tuple": [0.0, 224]}, {"py/tuple": [0.3350340136054421, 188]}, {"py/tuple": [0.0, 14]}, {"py/tuple": [1, 6]}, {"py/tuple": [1, 16]}, {"py/tuple": [0.30113636363636365, 546]}, {"py/tuple": [0.0, 137]}, {"py/tuple": [1, 18]}, {"py/tuple": [0.3274436090225566, 576]}, {"py/tuple": [0.0, 127]}, {"py/tuple": [1, 84]}, {"py/tuple": [1, 331]}, {"py/tuple": [0.0, 114]}, {"py/tuple": [0.0, 44]}, {"py/tuple": [0.03571428571428571, 158]}, {"py/tuple": [0.0, 118]}, {"py/tuple": [0.0, 36]}, {"py/tuple": [0.03571428571428571, 79]}, {"py/tuple": [0.0, 126]}, {"py/tuple": [0.011111111111111112, 205]}, {"py/tuple": [0.14285714285714285, 157]}, {"py/tuple": [0.23941798941798945, 155]}, {"py/tuple": [1, 3]}, {"py/tuple": [1, 14]}, {"py/tuple": [1, 34]}, {"py/tuple": [1, 79]}, {"py/tuple": [1, 80]}, {"py/tuple": [1, 18]}, {"py/tuple": [1.0, 151]}, {"py/tuple": [1, 9]}, {"py/tuple": [1, 20]}, {"py/tuple": [1, 7]}, {"py/tuple": [1, 8]}, {"py/tuple": [1, 13]}, {"py/tuple": [0.0, 70]}, {"py/tuple": [1, 31]}, {"py/tuple": [1, 34]}, {"py/tuple": [1, 19]}, {"py/tuple": [1, 6]}, {"py/tuple": [0.0, 238]}, {"py/tuple": [0.09183673469387756, 130]}, {"py/tuple": [1, 7]}, {"py/tuple": [0.0, 36]}, {"py/tuple": [1, 11]}, {"py/tuple": [0.0, 37]}, {"py/tuple": [0.0, 37]}, {"py/tuple": [1, 26]}, {"py/tuple": [0.15079365079365076, 79]}, {"py/tuple": [1, 9]}, {"py/tuple": [0.0, 19]}, {"py/tuple": [0.0, 29]}, {"py/tuple": [0.0, 50]}, {"py/tuple": [1, 13]}, {"py/tuple": [0.0, 20]}, {"py/tuple": [0.013333333333333334, 147]}, {"py/tuple": [1, 35]}, {"py/tuple": [0.0, 30]}, {"py/tuple": [0.15, 71]}, {"py/tuple": [0.0, 156]}, {"py/tuple": [0.000896358543417367, 574]}, {"py/tuple": [1, 111]}, {"py/tuple": [1, 11]}, {"py/tuple": [1, 29]}, {"py/tuple": [0.5555555555555556, 162]}, {"py/tuple": [0.21708333333333332, 213]}, {"py/tuple": [0.5, 27]}, {"py/tuple": [0.0, 137]}, {"py/tuple": [0.3320864991233245, 2223]}, {"py/tuple": [0.06666666666666667, 107]}, {"py/tuple": [0.011538461538461539, 925]}, {"py/tuple": [0.4666666666666666, 233]}, {"py/tuple": [0.0, 117]}, {"py/tuple": [0.0, 35]}, {"py/tuple": [1, 103]}, {"py/tuple": [0.016483516483516487, 368]}, {"py/tuple": [1, 53]}, {"py/tuple": [1, 20]}, {"py/tuple": [1, 13]}, {"py/tuple": [0.03333333333333333, 250]}, {"py/tuple": [0.1, 114]}, {"py/tuple": [0.16666666666666666, 90]}, {"py/tuple": [0.5, 33]}, {"py/tuple": [0.0, 212]}, {"py/tuple": [1, 36]}, {"py/tuple": [1, 91]}, {"py/tuple": [0.0, 120]}, {"py/tuple": [1, 7]}, {"py/tuple": [0.00510204081632653, 225]}, {"py/tuple": [0.06060606060606061, 75]}, {"py/tuple": [0.002339181286549707, 220]}, {"py/tuple": [1, 3]}, {"py/tuple": [0.0, 146]}, {"py/tuple": [0.0013793103448275865, 404]}, {"py/tuple": [0.04707792207792208, 290]}, {"py/tuple": [0.20391414141414113, 425]}, {"py/tuple": [1, 5]}, {"py/tuple": [0.0025252525252525255, 534]}, {"py/tuple": [1, 21]}, {"py/tuple": [1, 16]}, {"py/tuple": [1, 16]}, {"py/tuple": [1, 16]}, {"py/tuple": [0.022580985543948506, 455]}, {"py/tuple": [0.011671335200746964, 235]}, {"py/tuple": [1, 16]}, {"py/tuple": [0.11904761904761904, 169]}, {"py/tuple": [0.09136752136752142, 722]}, {"py/tuple": [1, 11]}, {"py/tuple": [0.0, 50]}, {"py/tuple": [1, 11]}, {"py/tuple": [1, 10]}, {"py/tuple": [1, 11]}, {"py/tuple": [1, 6]}, {"py/tuple": [1, 10]}, {"py/tuple": [1, 11]}, {"py/tuple": [1, 6]}, {"py/tuple": [1, 11]}, {"py/tuple": [1, 78]}, {"py/tuple": [1, 11]}, {"py/tuple": [0.0505050505050505, 116]}, {"py/tuple": [0.0, 162]}, {"py/tuple": [0.0, 13]}, {"py/tuple": [0.0, 83]}, {"py/tuple": [0.5, 44]}, {"py/tuple": [0.0, 88]}, {"py/tuple": [0.0, 23]}, {"py/tuple": [1, 16]}, {"py/tuple": [0.24761904761904768, 162]}, {"py/tuple": [1, 19]}, {"py/tuple": [1, 13]}, {"py/tuple": [0.0, 65]}, {"py/tuple": [0.26666666666666666, 272]}, {"py/tuple": [0.42857142857142855, 121]}, {"py/tuple": [0.0, 67]}, {"py/tuple": [0.0, 53]}, {"py/tuple": [0.15, 653]}, {"py/tuple": [0.0, 89]}, {"py/tuple": [1, 9]}, {"py/tuple": [0.08333333333333333, 66]}, {"py/tuple": [1, 9]}, {"py/tuple": [0.0, 1492]}, {"py/tuple": [0.0, 331]}, {"py/tuple": [0.0, 334]}, {"py/tuple": [0.06972789115646258, 231]}, {"py/tuple": [0.0, 90]}, {"py/tuple": [1, 6]}, {"py/tuple": [0.0020925366193908393, 381]}, {"py/tuple": [0.0026455026455026462, 185]}, {"py/tuple": [1, 6]}, {"py/tuple": [1, 3]}, {"py/tuple": [0.05, 43]}, {"py/tuple": [0.0, 23]}, {"py/tuple": [1, 20]}, {"py/tuple": [0.0, 139]}, {"py/tuple": [0.01666666666666667, 98]}, {"py/tuple": [0.0, 74]}, {"py/tuple": [0.0, 27]}, {"py/tuple": [1, 5]}, {"py/tuple": [1, 5]}, {"py/tuple": [1, 12]}, {"py/tuple": [1, 21]}, {"py/tuple": [0.09795918367346941, 368]}, {"py/tuple": [0.13333333333333333, 100]}, {"py/tuple": [1, 5]}, {"py/tuple": [0.0, 11]}, {"py/tuple": [1, 4]}, {"py/tuple": [1, 5]}, {"py/tuple": [1, 10]}, {"py/tuple": [1, 21]}, {"py/tuple": [0.0, 13]}, {"py/tuple": [0.0, 87]}, {"py/tuple": [0.1636904761904762, 83]}, {"py/tuple": [0.0009444754835448423, 718]}, {"py/tuple": [1, 30]}, {"py/tuple": [1, 7]}, {"py/tuple": [1, 44]}, {"py/tuple": [0.017857142857142856, 53]}, {"py/tuple": [0.2, 46]}, {"py/tuple": [0.010101010101010102, 89]}, {"py/tuple": [0.18382374469331, 535]}, {"py/tuple": [0.0, 306]}, {"py/tuple": [1, 64]}, {"py/tuple": [0.041666666666666664, 84]}, {"py/tuple": [1, 54]}, {"py/tuple": [0.003472222222222222, 233]}, {"py/tuple": [0.007575757575757575, 133]}, {"py/tuple": [1, 14]}, {"py/tuple": [1, 8]}, {"py/tuple": [1.0, 59]}, {"py/tuple": [0.013888888888888888, 126]}, {"py/tuple": [0.03636363636363636, 205]}, {"py/tuple": [0.0, 140]}, {"py/tuple": [1, 4]}, {"py/tuple": [0.0, 33]}, {"py/tuple": [0.2222222222222222, 44]}, {"py/tuple": [0.26666666666666666, 122]}, {"py/tuple": [0.36111111111111094, 423]}, {"py/tuple": [0.27777777777777773, 68]}, {"py/tuple": [0.0, 98]}, {"py/tuple": [0.16666666666666666, 74]}, {"py/tuple": [0.011904761904761904, 166]}, {"py/tuple": [0.0, 171]}, {"py/tuple": [1, 61]}, {"py/tuple": [1, 4]}, {"py/tuple": [1, 5]}, {"py/tuple": [0.0, 35]}, {"py/tuple": [0.0, 61]}, {"py/tuple": [0.5, 24]}, {"py/tuple": [0.3333333333333333, 17]}, {"py/tuple": [0.0, 933]}, {"py/tuple": [0.0015151515151515152, 483]}, {"py/tuple": [0.06666666666666667, 284]}, {"py/tuple": [1, 23]}, {"py/tuple": [0.1586940836940837, 249]}, {"py/tuple": [0.0, 22]}, {"py/tuple": [0.0, 213]}, {"py/tuple": [1, 18]}, {"py/tuple": [0.0, 12]}, {"py/tuple": [0.2777777777777778, 101]}, {"py/tuple": [1, 15]}, {"py/tuple": [0.0, 63]}, {"py/tuple": [0.0, 18]}, {"py/tuple": [0.09999999999999999, 62]}, {"py/tuple": [1, 17]}, {"py/tuple": [1, 16]}, {"py/tuple": [1, 17]}, {"py/tuple": [1, 18]}, {"py/tuple": [1, 13]}, {"py/tuple": [1, 66]}, {"py/tuple": [0.16666666666666666, 60]}, {"py/tuple": [1, 6]}, {"py/tuple": [0.0, 233]}, {"py/tuple": [0.0016289592760180996, 355]}, {"py/tuple": [1, 21]}, {"py/tuple": [1, 4]}, {"py/tuple": [0.0, 12]}, {"py/tuple": [0.047619047619047616, 51]}, {"py/tuple": [0.0, 14]}, {"py/tuple": [1, 3]}, {"py/tuple": [1, 24]}, {"py/tuple": [0.013888888888888888, 104]}, {"py/tuple": [1, 6]}, {"py/tuple": [1, 6]}, {"py/tuple": [1, 17]}, {"py/tuple": [1, 19]}, {"py/tuple": [1, 7]}, {"py/tuple": [0.0, 18]}, {"py/tuple": [0.0, 38]}, {"py/tuple": [0.0, 285]}, {"py/tuple": [0.0, 213]}, {"py/tuple": [0.0, 374]}, {"py/tuple": [0.0, 139]}, {"py/tuple": [0.0, 79]}, {"py/tuple": [0.0, 409]}, {"py/tuple": [0.0, 52]}]}, "LSCC": {"py/object": "Statistics.InterestingStatistics", "classValues": [{"py/tuple": [0.0, 44]}, {"py/tuple": [0.01488095238095238, 167]}, {"py/tuple": [0.0, 147]}, {"py/tuple": [0, 88]}, {"py/tuple": [0, 114]}, {"py/tuple": [1, 21]}, {"py/tuple": [1, 4]}, {"py/tuple": [0, 26]}, {"py/tuple": [0.0, 188]}, {"py/tuple": [0, 8]}, {"py/tuple": [1, 7]}, {"py/tuple": [0.09049773755656108, 390]}, {"py/tuple": [0.15, 37]}, {"py/tuple": [0.005291005291005291, 233]}, {"py/tuple": [0.011904761904761904, 129]}, {"py/tuple": [1, 80]}, {"py/tuple": [1, 22]}, {"py/tuple": [0.05, 102]}, {"py/tuple": [0.03571428571428571, 288]}, {"py/tuple": [0, 68]}, {"py/tuple": [0, 486]}, {"py/tuple": [0.6666666666666666, 67]}, {"py/tuple": [0, 57]}, {"py/tuple": [0.0, 26]}, {"py/tuple": [1, 9]}, {"py/tuple": [1, 27]}, {"py/tuple": [1, 1]}, {"py/tuple": [1, 3]}, {"py/tuple": [1, 8]}, {"py/tuple": [1, 1]}, {"py/tuple": [0.0, 224]}, {"py/tuple": [0.19047619047619047, 188]}, {"py/tuple": [0.0, 14]}, {"py/tuple": [1, 6]}, {"py/tuple": [1, 16]}, {"py/tuple": [0.08636363636363636, 546]}, {"py/tuple": [0.0, 137]}, {"py/tuple": [1, 18]}, {"py/tuple": [0.1593984962406015, 576]}, {"py/tuple": [0, 127]}, {"py/tuple": [1, 84]}, {"py/tuple": [1, 331]}, {"py/tuple": [0, 114]}, {"py/tuple": [0, 44]}, {"py/tuple": [0.017857142857142856, 158]}, {"py/tuple": [0, 118]}, {"py/tuple": [0, 36]}, {"py/tuple": [0.03571428571428571, 79]}, {"py/tuple": [0, 126]}, {"py/tuple": [0.011111111111111112, 205]}, {"py/tuple": [0.0380952380952381, 157]}, {"py/tuple": [0.11904761904761904, 155]}, {"py/tuple": [1, 3]}, {"py/tuple": [1, 14]}, {"py/tuple": [1, 34]}, {"py/tuple": [1, 79]}, {"py/tuple": [1, 80]}, {"py/tuple": [1, 18]}, {"py/tuple": [0.5, 151]}, {"py/tuple": [1, 9]}, {"py/tuple": [1, 20]}, {"py/tuple": [1, 7]}, {"py/tuple": [1, 8]}, {"py/tuple": [1, 13]}, {"py/tuple": [0, 70]}, {"py/tuple": [1, 31]}, {"py/tuple": [1, 34]}, {"py/tuple": [1, 19]}, {"py/tuple": [1, 6]}, {"py/tuple": [0, 238]}, {"py/tuple": [0.04081632653061224, 130]}, {"py/tuple": [1, 7]}, {"py/tuple": [0, 36]}, {"py/tuple": [1, 11]}, {"py/tuple": [0, 37]}, {"py/tuple": [0.0, 37]}, {"py/tuple": [1, 26]}, {"py/tuple": [0.05555555555555555, 79]}, {"py/tuple": [1, 9]}, {"py/tuple": [0.0, 19]}, {"py/tuple": [0, 29]}, {"py/tuple": [0, 50]}, {"py/tuple": [1, 13]}, {"py/tuple": [0, 20]}, {"py/tuple": [0.013333333333333334, 147]}, {"py/tuple": [1, 35]}, {"py/tuple": [0, 30]}, {"py/tuple": [0.15, 71]}, {"py/tuple": [0, 156]}, {"py/tuple": [0.000896358543417367, 574]}, {"py/tuple": [1, 111]}, {"py/tuple": [1, 11]}, {"py/tuple": [1, 29]}, {"py/tuple": [0.19444444444444445, 162]}, {"py/tuple": [0.07, 213]}, {"py/tuple": [0.5, 27]}, {"py/tuple": [0, 137]}, {"py/tuple": [0.2586791350087668, 2223]}, {"py/tuple": [0.06666666666666667, 107]}, {"py/tuple": [0.007371794871794872, 925]}, {"py/tuple": [0.16666666666666666, 233]}, {"py/tuple": [0, 117]}, {"py/tuple": [0.0, 35]}, {"py/tuple": [1, 103]}, {"py/tuple": [0.008791208791208791, 368]}, {"py/tuple": [1, 53]}, {"py/tuple": [1, 20]}, {"py/tuple": [1, 13]}, {"py/tuple": [0.02, 250]}, {"py/tuple": [0.1, 114]}, {"py/tuple": [0.16666666666666666, 90]}, {"py/tuple": [0.5, 33]}, {"py/tuple": [0, 212]}, {"py/tuple": [1, 36]}, {"py/tuple": [1, 91]}, {"py/tuple": [0.0, 120]}, {"py/tuple": [1, 7]}, {"py/tuple": [0.00510204081632653, 225]}, {"py/tuple": [0.03636363636363636, 75]}, {"py/tuple": [0.0023391812865497076, 220]}, {"py/tuple": [1, 3]}, {"py/tuple": [0.0, 146]}, {"py/tuple": [0.001379310344827586, 404]}, {"py/tuple": [0.025974025974025976, 290]}, {"py/tuple": [0.16161616161616163, 425]}, {"py/tuple": [1, 5]}, {"py/tuple": [0.0016835016835016834, 534]}, {"py/tuple": [1, 21]}, {"py/tuple": [1, 16]}, {"py/tuple": [1, 16]}, {"py/tuple": [1, 16]}, {"py/tuple": [0.01202912314023425, 455]}, {"py/tuple": [0.006535947712418301, 235]}, {"py/tuple": [1, 16]}, {"py/tuple": [0.05952380952380952, 169]}, {"py/tuple": [0.01978021978021978, 722]}, {"py/tuple": [1, 11]}, {"py/tuple": [0, 50]}, {"py/tuple": [1, 11]}, {"py/tuple": [1, 10]}, {"py/tuple": [1, 11]}, {"py/tuple": [1, 6]}, {"py/tuple": [1, 10]}, {"py/tuple": [1, 11]}, {"py/tuple": [1, 6]}, {"py/tuple": [1, 11]}, {"py/tuple": [1, 78]}, {"py/tuple": [1, 11]}, {"py/tuple": [0.008417508417508417, 116]}, {"py/tuple": [0.0, 162]}, {"py/tuple": [0.0, 13]}, {"py/tuple": [0.0, 83]}, {"py/tuple": [0.5, 44]}, {"py/tuple": [0, 88]}, {"py/tuple": [0, 23]}, {"py/tuple": [1, 16]}, {"py/tuple": [0.09523809523809523, 162]}, {"py/tuple": [1, 19]}, {"py/tuple": [1, 13]}, {"py/tuple": [0, 65]}, {"py/tuple": [0.2, 272]}, {"py/tuple": [0.2857142857142857, 121]}, {"py/tuple": [0.0, 67]}, {"py/tuple": [0, 53]}, {"py/tuple": [0.10263157894736842, 653]}, {"py/tuple": [0, 89]}, {"py/tuple": [1, 9]}, {"py/tuple": [0.08333333333333333, 66]}, {"py/tuple": [1, 9]}, {"py/tuple": [0.0, 1492]}, {"py/tuple": [0, 331]}, {"py/tuple": [0, 334]}, {"py/tuple": [0.04591836734693878, 231]}, {"py/tuple": [0, 90]}, {"py/tuple": [1, 6]}, {"py/tuple": [0.0020925366193908393, 381]}, {"py/tuple": [0.0026455026455026454, 185]}, {"py/tuple": [1, 6]}, {"py/tuple": [1, 3]}, {"py/tuple": [0.05, 43]}, {"py/tuple": [0.0, 23]}, {"py/tuple": [1, 20]}, {"py/tuple": [0.0, 139]}, {"py/tuple": [0.016666666666666666, 98]}, {"py/tuple": [0, 74]}, {"py/tuple": [0, 27]}, {"py/tuple": [1, 5]}, {"py/tuple": [1, 5]}, {"py/tuple": [1, 12]}, {"py/tuple": [1, 21]}, {"py/tuple": [0.04217687074829932, 368]}, {"py/tuple": [0.13333333333333333, 100]}, {"py/tuple": [1, 5]}, {"py/tuple": [0, 11]}, {"py/tuple": [1, 4]}, {"py/tuple": [1, 5]}, {"py/tuple": [1, 10]}, {"py/tuple": [1, 21]}, {"py/tuple": [0, 13]}, {"py/tuple": [0, 87]}, {"py/tuple": [0.06547619047619048, 83]}, {"py/tuple": [0.0005587038071673717, 718]}, {"py/tuple": [1, 30]}, {"py/tuple": [1, 7]}, {"py/tuple": [1, 44]}, {"py/tuple": [0.017857142857142856, 53]}, {"py/tuple": [0.2, 46]}, {"py/tuple": [0.010101010101010102, 89]}, {"py/tuple": [0.037988581466842336, 535]}, {"py/tuple": [0, 306]}, {"py/tuple": [1, 64]}, {"py/tuple": [0.041666666666666664, 84]}, {"py/tuple": [1, 54]}, {"py/tuple": [0.003472222222222222, 233]}, {"py/tuple": [0.007575757575757576, 133]}, {"py/tuple": [1, 14]}, {"py/tuple": [1, 8]}, {"py/tuple": [1.0, 59]}, {"py/tuple": [0.013888888888888888, 126]}, {"py/tuple": [0.012121212121212121, 205]}, {"py/tuple": [0.0, 140]}, {"py/tuple": [1, 4]}, {"py/tuple": [0, 33]}, {"py/tuple": [0.1111111111111111, 44]}, {"py/tuple": [0.19047619047619047, 122]}, {"py/tuple": [0.11699346405228758, 423]}, {"py/tuple": [0.16666666666666666, 68]}, {"py/tuple": [0.0, 98]}, {"py/tuple": [0.16666666666666666, 74]}, {"py/tuple": [0.011904761904761904, 166]}, {"py/tuple": [0, 171]}, {"py/tuple": [1, 61]}, {"py/tuple": [1, 4]}, {"py/tuple": [1, 5]}, {"py/tuple": [0, 35]}, {"py/tuple": [0.0, 61]}, {"py/tuple": [0.5, 24]}, {"py/tuple": [0.3333333333333333, 17]}, {"py/tuple": [0, 933]}, {"py/tuple": [0.0015151515151515152, 483]}, {"py/tuple": [0.044444444444444446, 284]}, {"py/tuple": [1, 23]}, {"py/tuple": [0.06233766233766234, 249]}, {"py/tuple": [0, 22]}, {"py/tuple": [0, 213]}, {"py/tuple": [1, 18]}, {"py/tuple": [0.0, 12]}, {"py/tuple": [0.2222222222222222, 101]}, {"py/tuple": [1, 15]}, {"py/tuple": [0, 63]}, {"py/tuple": [0.0, 18]}, {"py/tuple": [0.1, 62]}, {"py/tuple": [1, 17]}, {"py/tuple": [1, 16]}, {"py/tuple": [1, 17]}, {"py/tuple": [1, 18]}, {"py/tuple": [1, 13]}, {"py/tuple": [1, 66]}, {"py/tuple": [0.16666666666666666, 60]}, {"py/tuple": [1, 6]}, {"py/tuple": [0.0, 233]}, {"py/tuple": [0.0016289592760180996, 355]}, {"py/tuple": [1, 21]}, {"py/tuple": [1, 4]}, {"py/tuple": [0.0, 12]}, {"py/tuple": [0.047619047619047616, 51]}, {"py/tuple": [0.0, 14]}, {"py/tuple": [1, 3]}, {"py/tuple": [1, 24]}, {"py/tuple": [0.013888888888888888, 104]}, {"py/tuple": [1, 6]}, {"py/tuple": [1, 6]}, {"py/tuple": [1, 17]}, {"py/tuple": [1, 19]}, {"py/tuple": [1, 7]}, {"py/tuple": [0, 18]}, {"py/tuple": [0.0, 38]}, {"py/tuple": [0.0, 285]}, {"py/tuple": [0, 213]}, {"py/tuple": [0.0, 374]}, {"py/tuple": [0, 139]}, {"py/tuple": [0.0, 79]}, {"py/tuple": [0, 409]}, {"py/tuple": [0, 52]}]}, "CC": {"py/object": "Statistics.InterestingStatistics", "classValues": [{"py/tuple": [0.0, 44]}, {"py/tuple": [0.023809523809523808, 167]}, {"py/tuple": [0.0, 147]}, {"py/tuple": [1, 88]}, {"py/tuple": [1, 114]}, {"py/tuple": [1, 21]}, {"py/tuple": [1, 4]}, {"py/tuple": [1, 26]}, {"py/tuple": [0.0, 188]}, {"py/tuple": [1, 8]}, {"py/tuple": [1, 7]}, {"py/tuple": [0.11907105240438567, 390]}, {"py/tuple": [0.3, 37]}, {"py/tuple": [0.047619047619047616, 233]}, {"py/tuple": [0.07142857142857142, 129]}, {"py/tuple": [1, 80]}, {"py/tuple": [1, 22]}, {"py/tuple": [0.05, 102]}, {"py/tuple": [0.07121598639455783, 288]}, {"py/tuple": [1, 68]}, {"py/tuple": [1, 486]}, {"py/tuple": [1.0, 67]}, {"py/tuple": [1, 57]}, {"py/tuple": [0.0, 26]}, {"py/tuple": [1, 9]}, {"py/tuple": [1, 27]}, {"py/tuple": [1, 1]}, {"py/tuple": [1, 3]}, {"py/tuple": [1, 8]}, {"py/tuple": [1, 1]}, {"py/tuple": [0.0, 224]}, {"py/tuple": [0.30317460317460315, 188]}, {"py/tuple": [0.0, 14]}, {"py/tuple": [1, 6]}, {"py/tuple": [1, 16]}, {"py/tuple": [0.12798701298701298, 546]}, {"py/tuple": [0.0, 137]}, {"py/tuple": [1, 18]}, {"py/tuple": [0.25472431077694224, 576]}, {"py/tuple": [1, 127]}, {"py/tuple": [1, 84]}, {"py/tuple": [1, 331]}, {"py/tuple": [1, 114]}, {"py/tuple": [1, 44]}, {"py/tuple": [0.017857142857142856, 158]}, {"py/tuple": [1, 118]}, {"py/tuple": [1, 36]}, {"py/tuple": [0.14285714285714285, 79]}, {"py/tuple": [1, 126]}, {"py/tuple": [0.08888888888888889, 205]}, {"py/tuple": [0.05333333333333334, 157]}, {"py/tuple": [0.16746031746031745, 155]}, {"py/tuple": [1, 3]}, {"py/tuple": [1, 14]}, {"py/tuple": [1, 34]}, {"py/tuple": [1, 79]}, {"py/tuple": [1, 80]}, {"py/tuple": [1, 18]}, {"py/tuple": [0.5, 151]}, {"py/tuple": [1, 9]}, {"py/tuple": [1, 20]}, {"py/tuple": [1, 7]}, {"py/tuple": [1, 8]}, {"py/tuple": [1, 13]}, {"py/tuple": [1, 70]}, {"py/tuple": [1, 31]}, {"py/tuple": [1, 34]}, {"py/tuple": [1, 19]}, {"py/tuple": [1, 6]}, {"py/tuple": [1, 238]}, {"py/tuple": [0.0611111111111111, 130]}, {"py/tuple": [1, 7]}, {"py/tuple": [1, 36]}, {"py/tuple": [1, 11]}, {"py/tuple": [1, 37]}, {"py/tuple": [0.0, 37]}, {"py/tuple": [1, 26]}, {"py/tuple": [0.19047619047619047, 79]}, {"py/tuple": [1, 9]}, {"py/tuple": [0.0, 19]}, {"py/tuple": [1, 29]}, {"py/tuple": [1, 50]}, {"py/tuple": [1, 13]}, {"py/tuple": [1, 20]}, {"py/tuple": [0.06666666666666667, 147]}, {"py/tuple": [1, 35]}, {"py/tuple": [1, 30]}, {"py/tuple": [0.3, 71]}, {"py/tuple": [1, 156]}, {"py/tuple": [0.02689075630252101, 574]}, {"py/tuple": [1, 111]}, {"py/tuple": [1, 11]}, {"py/tuple": [1, 29]}, {"py/tuple": [0.24999999999999997, 162]}, {"py/tuple": [0.3751289682539684, 213]}, {"py/tuple": [0.5, 27]}, {"py/tuple": [1, 137]}, {"py/tuple": [0.39586986167933, 2223]}, {"py/tuple": [0.06666666666666667, 107]}, {"py/tuple": [0.022649572649572645, 925]}, {"py/tuple": [0.25, 233]}, {"py/tuple": [1, 117]}, {"py/tuple": [0.0, 35]}, {"py/tuple": [1, 103]}, {"py/tuple": [0.020146520146520144, 368]}, {"py/tuple": [1, 53]}, {"py/tuple": [1, 20]}, {"py/tuple": [1, 13]}, {"py/tuple": [0.13333333333333333, 250]}, {"py/tuple": [1.0, 114]}, {"py/tuple": [1.0, 90]}, {"py/tuple": [1.0, 33]}, {"py/tuple": [1, 212]}, {"py/tuple": [1, 36]}, {"py/tuple": [1, 91]}, {"py/tuple": [0.0, 120]}, {"py/tuple": [1, 7]}, {"py/tuple": [0.07142857142857142, 225]}, {"py/tuple": [0.07272727272727272, 75]}, {"py/tuple": [0.04678362573099415, 220]}, {"py/tuple": [1, 3]}, {"py/tuple": [0.0, 146]}, {"py/tuple": [0.04, 404]}, {"py/tuple": [0.10497835497835498, 290]}, {"py/tuple": [0.4116161616161617, 425]}, {"py/tuple": [1, 5]}, {"py/tuple": [0.02525252525252525, 534]}, {"py/tuple": [1, 21]}, {"py/tuple": [1, 16]}, {"py/tuple": [1, 16]}, {"py/tuple": [1, 16]}, {"py/tuple": [0.02806267806267806, 455]}, {"py/tuple": [0.025054466230936816, 235]}, {"py/tuple": [1, 16]}, {"py/tuple": [0.11111111111111109, 169]}, {"py/tuple": [0.10260401991171217, 722]}, {"py/tuple": [1, 11]}, {"py/tuple": [1, 50]}, {"py/tuple": [1, 11]}, {"py/tuple": [1, 10]}, {"py/tuple": [1, 11]}, {"py/tuple": [1, 6]}, {"py/tuple": [1, 10]}, {"py/tuple": [1, 11]}, {"py/tuple": [1, 6]}, {"py/tuple": [1, 11]}, {"py/tuple": [1, 78]}, {"py/tuple": [1, 11]}, {"py/tuple": [0.012626262626262624, 116]}, {"py/tuple": [0.0, 162]}, {"py/tuple": [0.0, 13]}, {"py/tuple": [0.0, 83]}, {"py/tuple": [0.5, 44]}, {"py/tuple": [1, 88]}, {"py/tuple": [1, 23]}, {"py/tuple": [1, 16]}, {"py/tuple": [0.3238095238095238, 162]}, {"py/tuple": [1, 19]}, {"py/tuple": [1, 13]}, {"py/tuple": [1, 65]}, {"py/tuple": [0.3, 272]}, {"py/tuple": [0.3333333333333333, 121]}, {"py/tuple": [0.0, 67]}, {"py/tuple": [1, 53]}, {"py/tuple": [0.14210526315789473, 653]}, {"py/tuple": [1, 89]}, {"py/tuple": [1, 9]}, {"py/tuple": [0.3333333333333333, 66]}, {"py/tuple": [1, 9]}, {"py/tuple": [0.0, 1492]}, {"py/tuple": [1, 331]}, {"py/tuple": [1, 334]}, {"py/tuple": [0.10833333333333332, 231]}, {"py/tuple": [1, 90]}, {"py/tuple": [1, 6]}, {"py/tuple": [0.03557312252964427, 381]}, {"py/tuple": [0.047619047619047616, 185]}, {"py/tuple": [1, 6]}, {"py/tuple": [1, 3]}, {"py/tuple": [0.2, 43]}, {"py/tuple": [0.0, 23]}, {"py/tuple": [1, 20]}, {"py/tuple": [0.0, 139]}, {"py/tuple": [0.08333333333333333, 98]}, {"py/tuple": [1, 74]}, {"py/tuple": [1, 27]}, {"py/tuple": [1, 5]}, {"py/tuple": [1, 5]}, {"py/tuple": [1, 12]}, {"py/tuple": [1, 21]}, {"py/tuple": [0.10301587301587303, 368]}, {"py/tuple": [0.2, 100]}, {"py/tuple": [1, 5]}, {"py/tuple": [1, 11]}, {"py/tuple": [1, 4]}, {"py/tuple": [1, 5]}, {"py/tuple": [1, 10]}, {"py/tuple": [1, 21]}, {"py/tuple": [1, 13]}, {"py/tuple": [1, 87]}, {"py/tuple": [0.09909297052154194, 83]}, {"py/tuple": [0.014812302125734962, 718]}, {"py/tuple": [1, 30]}, {"py/tuple": [1, 7]}, {"py/tuple": [1, 44]}, {"py/tuple": [0.03571428571428571, 53]}, {"py/tuple": [1.0, 46]}, {"py/tuple": [0.09090909090909091, 89]}, {"py/tuple": [0.08097379447646824, 535]}, {"py/tuple": [1, 306]}, {"py/tuple": [1, 64]}, {"py/tuple": [0.16666666666666666, 84]}, {"py/tuple": [1, 54]}, {"py/tuple": [0.041666666666666664, 233]}, {"py/tuple": [0.09090909090909091, 133]}, {"py/tuple": [1, 14]}, {"py/tuple": [1, 8]}, {"py/tuple": [1.0, 59]}, {"py/tuple": [0.1111111111111111, 126]}, {"py/tuple": [0.012121212121212121, 205]}, {"py/tuple": [0.0, 140]}, {"py/tuple": [1, 4]}, {"py/tuple": [1, 33]}, {"py/tuple": [0.16666666666666666, 44]}, {"py/tuple": [0.19047619047619047, 122]}, {"py/tuple": [0.20359477124182998, 423]}, {"py/tuple": [0.3333333333333333, 68]}, {"py/tuple": [0.0, 98]}, {"py/tuple": [1.0, 74]}, {"py/tuple": [0.08333333333333333, 166]}, {"py/tuple": [1, 171]}, {"py/tuple": [1, 61]}, {"py/tuple": [1, 4]}, {"py/tuple": [1, 5]}, {"py/tuple": [1, 35]}, {"py/tuple": [0.0, 61]}, {"py/tuple": [1.0, 24]}, {"py/tuple": [0.3333333333333333, 17]}, {"py/tuple": [1, 933]}, {"py/tuple": [0.0030303030303030303, 483]}, {"py/tuple": [0.16666666666666666, 284]}, {"py/tuple": [1, 23]}, {"py/tuple": [0.4103342953342954, 249]}, {"py/tuple": [1, 22]}, {"py/tuple": [1, 213]}, {"py/tuple": [1, 18]}, {"py/tuple": [0.0, 12]}, {"py/tuple": [0.26666666666666666, 101]}, {"py/tuple": [1, 15]}, {"py/tuple": [1, 63]}, {"py/tuple": [0.0, 18]}, {"py/tuple": [0.16666666666666666, 62]}, {"py/tuple": [1, 17]}, {"py/tuple": [1, 16]}, {"py/tuple": [1, 17]}, {"py/tuple": [1, 18]}, {"py/tuple": [1, 13]}, {"py/tuple": [1, 66]}, {"py/tuple": [0.5, 60]}, {"py/tuple": [1, 6]}, {"py/tuple": [0.0, 233]}, {"py/tuple": [0.027692307692307693, 355]}, {"py/tuple": [1, 21]}, {"py/tuple": [1, 4]}, {"py/tuple": [0.0, 12]}, {"py/tuple": [0.047619047619047616, 51]}, {"py/tuple": [0.0, 14]}, {"py/tuple": [1, 3]}, {"py/tuple": [1, 24]}, {"py/tuple": [0.027777777777777776, 104]}, {"py/tuple": [1, 6]}, {"py/tuple": [1, 6]}, {"py/tuple": [1, 17]}, {"py/tuple": [1, 19]}, {"py/tuple": [1, 7]}, {"py/tuple": [1, 18]}, {"py/tuple": [0.0, 38]}, {"py/tuple": [0.0, 285]}, {"py/tuple": [1, 213]}, {"py/tuple": [0.0, 374]}, {"py/tuple": [1, 139]}, {"py/tuple": [0.0, 79]}, {"py/tuple": [1, 409]}, {"py/tuple": [1, 52]}]}, "LCOM5": {"py/object": "Statistics.InterestingStatistics", "classValues": [{"py/tuple": [1.0, 44]}, {"py/tuple": [0.8660714285714286, 167]}, {"py/tuple": [0.85, 147]}, {"py/tuple": [0, 88]}, {"py/tuple": [0, 114]}, {"py/tuple": [1.0, 21]}, {"py/tuple": [0, 4]}, {"py/tuple": [0, 26]}, {"py/tuple": [1.0, 188]}, {"py/tuple": [0, 8]}, {"py/tuple": [1.0, 7]}, {"py/tuple": [0.688034188034188, 390]}, {"py/tuple": [0.7, 37]}, {"py/tuple": [0.9185185185185185, 233]}, {"py/tuple": [0.8958333333333334, 129]}, {"py/tuple": [1.0, 80]}, {"py/tuple": [0, 22]}, {"py/tuple": [0.7, 102]}, {"py/tuple": [0.7875, 288]}, {"py/tuple": [0, 68]}, {"py/tuple": [0, 486]}, {"py/tuple": [0.33333333333333337, 67]}, {"py/tuple": [0, 57]}, {"py/tuple": [0.5, 26]}, {"py/tuple": [0, 9]}, {"py/tuple": [0.0, 27]}, {"py/tuple": [0, 1]}, {"py/tuple": [0, 3]}, {"py/tuple": [1.0, 8]}, {"py/tuple": [0, 1]}, {"py/tuple": [1.0, 224]}, {"py/tuple": [0.5918367346938775, 188]}, {"py/tuple": [1.0, 14]}, {"py/tuple": [0, 6]}, {"py/tuple": [1.0, 16]}, {"py/tuple": [0.6931818181818181, 546]}, {"py/tuple": [0.925, 137]}, {"py/tuple": [0, 18]}, {"py/tuple": [0.6285714285714286, 576]}, {"py/tuple": [0, 127]}, {"py/tuple": [1.0, 84]}, {"py/tuple": [0, 331]}, {"py/tuple": [0, 114]}, {"py/tuple": [0, 44]}, {"py/tuple": [0.8125, 158]}, {"py/tuple": [0, 118]}, {"py/tuple": [0, 36]}, {"py/tuple": [0.7857142857142857, 79]}, {"py/tuple": [0, 126]}, {"py/tuple": [0.9, 205]}, {"py/tuple": [0.7380952380952381, 157]}, {"py/tuple": [0.6190476190476191, 155]}, {"py/tuple": [0, 3]}, {"py/tuple": [1.0, 14]}, {"py/tuple": [0.0, 34]}, {"py/tuple": [0.0, 79]}, {"py/tuple": [0.0, 80]}, {"py/tuple": [1.0, 18]}, {"py/tuple": [0.25, 151]}, {"py/tuple": [1.0, 9]}, {"py/tuple": [1.0, 20]}, {"py/tuple": [0.0, 7]}, {"py/tuple": [1.0, 8]}, {"py/tuple": [1.0, 13]}, {"py/tuple": [0, 70]}, {"py/tuple": [1.0, 31]}, {"py/tuple": [0.0, 34]}, {"py/tuple": [1.0, 19]}, {"py/tuple": [0, 6]}, {"py/tuple": [0, 238]}, {"py/tuple": [0.7755102040816326, 130]}, {"py/tuple": [0, 7]}, {"py/tuple": [0, 36]}, {"py/tuple": [0, 11]}, {"py/tuple": [0, 37]}, {"py/tuple": [1.0, 37]}, {"py/tuple": [0, 26]}, {"py/tuple": [0.7619047619047619, 79]}, {"py/tuple": [0, 9]}, {"py/tuple": [0.5, 19]}, {"py/tuple": [0, 29]}, {"py/tuple": [0, 50]}, {"py/tuple": [0, 13]}, {"py/tuple": [0, 20]}, {"py/tuple": [0.9333333333333333, 147]}, {"py/tuple": [0, 35]}, {"py/tuple": [0, 30]}, {"py/tuple": [0.7, 71]}, {"py/tuple": [0, 156]}, {"py/tuple": [0.9676190476190476, 574]}, {"py/tuple": [0.0, 111]}, {"py/tuple": [0, 11]}, {"py/tuple": [0, 29]}, {"py/tuple": [0.5, 162]}, {"py/tuple": [0.8, 213]}, {"py/tuple": [0.25, 27]}, {"py/tuple": [0, 137]}, {"py/tuple": [0.5796610169491525, 2223]}, {"py/tuple": [0.6666666666666667, 107]}, {"py/tuple": [0.93125, 925]}, {"py/tuple": [0.6, 233]}, {"py/tuple": [0, 117]}, {"py/tuple": [0.5, 35]}, {"py/tuple": [0, 103]}, {"py/tuple": [0.8714285714285714, 368]}, {"py/tuple": [0, 53]}, {"py/tuple": [0, 20]}, {"py/tuple": [0, 13]}, {"py/tuple": [0.9333333333333333, 250]}, {"py/tuple": [0.9, 114]}, {"py/tuple": [0.8333333333333334, 90]}, {"py/tuple": [0.5, 33]}, {"py/tuple": [0, 212]}, {"py/tuple": [0.0, 36]}, {"py/tuple": [0.0, 91]}, {"py/tuple": [1.0, 120]}, {"py/tuple": [0, 7]}, {"py/tuple": [0.9285714285714286, 225]}, {"py/tuple": [0.8181818181818181, 75]}, {"py/tuple": [0.95, 220]}, {"py/tuple": [0, 3]}, {"py/tuple": [1.0, 146]}, {"py/tuple": [0.9655172413793104, 404]}, {"py/tuple": [0.8636363636363636, 290]}, {"py/tuple": [0.6666666666666667, 425]}, {"py/tuple": [0, 5]}, {"py/tuple": [0.9511784511784511, 534]}, {"py/tuple": [1.0, 21]}, {"py/tuple": [1.0, 16]}, {"py/tuple": [1.0, 16]}, {"py/tuple": [1.0, 16]}, {"py/tuple": [0.9053497942386831, 455]}, {"py/tuple": [0.9285714285714286, 235]}, {"py/tuple": [1.0, 16]}, {"py/tuple": [0.75, 169]}, {"py/tuple": [0.8791208791208791, 722]}, {"py/tuple": [1.0, 11]}, {"py/tuple": [0, 50]}, {"py/tuple": [1.0, 11]}, {"py/tuple": [0, 10]}, {"py/tuple": [1.0, 11]}, {"py/tuple": [1.0, 6]}, {"py/tuple": [0, 10]}, {"py/tuple": [1.0, 11]}, {"py/tuple": [1.0, 6]}, {"py/tuple": [1.0, 11]}, {"py/tuple": [0, 78]}, {"py/tuple": [1.0, 11]}, {"py/tuple": [0.8703703703703703, 116]}, {"py/tuple": [0.6666666666666667, 162]}, {"py/tuple": [0.5, 13]}, {"py/tuple": [0.8, 83]}, {"py/tuple": [0.25, 44]}, {"py/tuple": [0, 88]}, {"py/tuple": [0, 23]}, {"py/tuple": [1.0, 16]}, {"py/tuple": [0.7428571428571429, 162]}, {"py/tuple": [1.0, 19]}, {"py/tuple": [0, 13]}, {"py/tuple": [0, 65]}, {"py/tuple": [0.5555555555555556, 272]}, {"py/tuple": [0.4642857142857143, 121]}, {"py/tuple": [0.6666666666666667, 67]}, {"py/tuple": [0, 53]}, {"py/tuple": [0.7, 653]}, {"py/tuple": [0, 89]}, {"py/tuple": [0, 9]}, {"py/tuple": [0.8333333333333334, 66]}, {"py/tuple": [0.0, 9]}, {"py/tuple": [1.0, 1492]}, {"py/tuple": [0, 331]}, {"py/tuple": [0, 334]}, {"py/tuple": [0.8214285714285714, 231]}, {"py/tuple": [0, 90]}, {"py/tuple": [1.0, 6]}, {"py/tuple": [0.9514066496163683, 381]}, {"py/tuple": [0.9444444444444444, 185]}, {"py/tuple": [1.0, 6]}, {"py/tuple": [0, 3]}, {"py/tuple": [0.75, 43]}, {"py/tuple": [1.0, 23]}, {"py/tuple": [1.0, 20]}, {"py/tuple": [1.0, 139]}, {"py/tuple": [0.8666666666666667, 98]}, {"py/tuple": [0, 74]}, {"py/tuple": [0, 27]}, {"py/tuple": [0, 5]}, {"py/tuple": [0, 5]}, {"py/tuple": [1.0, 12]}, {"py/tuple": [0, 21]}, {"py/tuple": [0.7904761904761904, 368]}, {"py/tuple": [0.6111111111111112, 100]}, {"py/tuple": [0, 5]}, {"py/tuple": [0, 11]}, {"py/tuple": [0, 4]}, {"py/tuple": [0, 5]}, {"py/tuple": [0, 10]}, {"py/tuple": [1.0, 21]}, {"py/tuple": [0, 13]}, {"py/tuple": [0, 87]}, {"py/tuple": [0.6964285714285714, 83]}, {"py/tuple": [0.9688323090430202, 718]}, {"py/tuple": [0.8, 30]}, {"py/tuple": [0.5, 7]}, {"py/tuple": [0, 44]}, {"py/tuple": [0.875, 53]}, {"py/tuple": [0.8, 46]}, {"py/tuple": [0.8888888888888888, 89]}, {"py/tuple": [0.7995169082125604, 535]}, {"py/tuple": [0, 306]}, {"py/tuple": [1.0, 64]}, {"py/tuple": [0.875, 84]}, {"py/tuple": [1.0, 54]}, {"py/tuple": [0.9427083333333334, 233]}, {"py/tuple": [0.9166666666666666, 133]}, {"py/tuple": [0, 14]}, {"py/tuple": [0.0, 8]}, {"py/tuple": [0.0, 59]}, {"py/tuple": [0.875, 126]}, {"py/tuple": [0.8484848484848485, 205]}, {"py/tuple": [0.75, 140]}, {"py/tuple": [0, 4]}, {"py/tuple": [0, 33]}, {"py/tuple": [0.6666666666666667, 44]}, {"py/tuple": [0.47619047619047616, 122]}, {"py/tuple": [0.6833333333333333, 423]}, {"py/tuple": [0.6666666666666667, 68]}, {"py/tuple": [1.0, 98]}, {"py/tuple": [0.8333333333333334, 74]}, {"py/tuple": [0.873015873015873, 166]}, {"py/tuple": [0, 171]}, {"py/tuple": [1.0, 61]}, {"py/tuple": [0, 4]}, {"py/tuple": [0, 5]}, {"py/tuple": [0, 35]}, {"py/tuple": [1.0, 61]}, {"py/tuple": [0.5, 24]}, {"py/tuple": [0.33333333333333337, 17]}, {"py/tuple": [0, 933]}, {"py/tuple": [0.9666666666666667, 483]}, {"py/tuple": [0.8200000000000001, 284]}, {"py/tuple": [0, 23]}, {"py/tuple": [0.793939393939394, 249]}, {"py/tuple": [0, 22]}, {"py/tuple": [0, 213]}, {"py/tuple": [0, 18]}, {"py/tuple": [0.5, 12]}, {"py/tuple": [0.5, 101]}, {"py/tuple": [0.0, 15]}, {"py/tuple": [0, 63]}, {"py/tuple": [0.6666666666666667, 18]}, {"py/tuple": [0.7, 62]}, {"py/tuple": [0, 17]}, {"py/tuple": [1.0, 16]}, {"py/tuple": [0, 17]}, {"py/tuple": [0.0, 18]}, {"py/tuple": [0, 13]}, {"py/tuple": [0, 66]}, {"py/tuple": [0.5833333333333333, 60]}, {"py/tuple": [0, 6]}, {"py/tuple": [1.0, 233]}, {"py/tuple": [0.9479638009049773, 355]}, {"py/tuple": [0, 21]}, {"py/tuple": [0, 4]}, {"py/tuple": [0.75, 12]}, {"py/tuple": [0.7142857142857143, 51]}, {"py/tuple": [0.5, 14]}, {"py/tuple": [0, 3]}, {"py/tuple": [0, 24]}, {"py/tuple": [0.8333333333333334, 104]}, {"py/tuple": [0, 6]}, {"py/tuple": [1.0, 6]}, {"py/tuple": [1.0, 17]}, {"py/tuple": [1.0, 19]}, {"py/tuple": [1.0, 7]}, {"py/tuple": [0, 18]}, {"py/tuple": [0.5, 38]}, {"py/tuple": [1.0, 285]}, {"py/tuple": [0, 213]}, {"py/tuple": [0.5, 374]}, {"py/tuple": [0, 139]}, {"py/tuple": [1.0, 79]}, {"py/tuple": [0, 409]}, {"py/tuple": [0, 52]}]}, "CBAMU": {"py/object": "Statistics.InterestingStatistics", "classValues": [{"py/tuple": [0.0, 44]}, {"py/tuple": [0.07886904761904762, 167]}, {"py/tuple": [0.075, 147]}, {"py/tuple": [0.0, 88]}, {"py/tuple": [0.0, 114]}, {"py/tuple": [0.0, 21]}, {"py/tuple": [0.0, 4]}, {"py/tuple": [0.0, 26]}, {"py/tuple": [0.0, 188]}, {"py/tuple": [0.0, 8]}, {"py/tuple": [0.0, 7]}, {"py/tuple": [0.2017345399698341, 390]}, {"py/tuple": [0.15, 37]}, {"py/tuple": [0.05264550264550265, 233]}, {"py/tuple": [0.06101190476190477, 129]}, {"py/tuple": [0.0, 80]}, {"py/tuple": [0.0, 22]}, {"py/tuple": [0.175, 102]}, {"py/tuple": [0.13303571428571428, 288]}, {"py/tuple": [0.0, 68]}, {"py/tuple": [0.0, 486]}, {"py/tuple": [0.3333333333333333, 67]}, {"py/tuple": [0.0, 57]}, {"py/tuple": [0.25, 26]}, {"py/tuple": [0.0, 9]}, {"py/tuple": [0.5, 27]}, {"py/tuple": [0.0, 1]}, {"py/tuple": [0.0, 3]}, {"py/tuple": [0.0, 8]}, {"py/tuple": [0.0, 1]}, {"py/tuple": [0.0, 224]}, {"py/tuple": [0.26360544217687076, 188]}, {"py/tuple": [0.0, 14]}, {"py/tuple": [0.0, 6]}, {"py/tuple": [0.0, 16]}, {"py/tuple": [0.22613636363636364, 546]}, {"py/tuple": [0.043055555555555555, 137]}, {"py/tuple": [0.0, 18]}, {"py/tuple": [0.2212406015037594, 576]}, {"py/tuple": [0.0, 127]}, {"py/tuple": [0.0, 84]}, {"py/tuple": [0.0, 331]}, {"py/tuple": [0.016666666666666666, 114]}, {"py/tuple": [0.0, 44]}, {"py/tuple": [0.10267857142857142, 158]}, {"py/tuple": [0.0, 118]}, {"py/tuple": [0.0, 36]}, {"py/tuple": [0.10714285714285714, 79]}, {"py/tuple": [0.0, 126]}, {"py/tuple": [0.05, 205]}, {"py/tuple": [0.18095238095238098, 157]}, {"py/tuple": [0.20238095238095238, 155]}, {"py/tuple": [0.0, 3]}, {"py/tuple": [0.0, 14]}, {"py/tuple": [0.5, 34]}, {"py/tuple": [0.5, 79]}, {"py/tuple": [0.5, 80]}, {"py/tuple": [0.0, 18]}, {"py/tuple": [0.375, 151]}, {"py/tuple": [0.0, 9]}, {"py/tuple": [0.0, 20]}, {"py/tuple": [0.5, 7]}, {"py/tuple": [0.0, 8]}, {"py/tuple": [0.0, 13]}, {"py/tuple": [0.0, 70]}, {"py/tuple": [0.0, 31]}, {"py/tuple": [0.5, 34]}, {"py/tuple": [0.0, 19]}, {"py/tuple": [0.0, 6]}, {"py/tuple": [0.06060606060606061, 238]}, {"py/tuple": [0.11224489795918367, 130]}, {"py/tuple": [0.0, 7]}, {"py/tuple": [0.0, 36]}, {"py/tuple": [0.0, 11]}, {"py/tuple": [0.0, 37]}, {"py/tuple": [0.0, 37]}, {"py/tuple": [0.0, 26]}, {"py/tuple": [0.11904761904761904, 79]}, {"py/tuple": [0.0, 9]}, {"py/tuple": [0.25, 19]}, {"py/tuple": [0.0, 29]}, {"py/tuple": [0.0, 50]}, {"py/tuple": [0.0, 13]}, {"py/tuple": [0.0, 20]}, {"py/tuple": [0.05, 147]}, {"py/tuple": [0.0, 35]}, {"py/tuple": [0.0, 30]}, {"py/tuple": [0.15, 71]}, {"py/tuple": [0.0, 156]}, {"py/tuple": [0.01619047619047619, 574]}, {"py/tuple": [0.5, 111]}, {"py/tuple": [0.0, 11]}, {"py/tuple": [0.0, 29]}, {"py/tuple": [0.375, 162]}, {"py/tuple": [0.1, 213]}, {"py/tuple": [0.375, 27]}, {"py/tuple": [0.08333333333333333, 137]}, {"py/tuple": [0.2315020455873758, 2223]}, {"py/tuple": [0.19999999999999998, 107]}, {"py/tuple": [0.036298076923076926, 925]}, {"py/tuple": [0.325, 233]}, {"py/tuple": [0.0, 117]}, {"py/tuple": [0.25, 35]}, {"py/tuple": [0.0, 103]}, {"py/tuple": [0.06428571428571428, 368]}, {"py/tuple": [0.0, 53]}, {"py/tuple": [0.0, 20]}, {"py/tuple": [0.0, 13]}, {"py/tuple": [0.06666666666666667, 250]}, {"py/tuple": [0.05, 114]}, {"py/tuple": [0.08333333333333333, 90]}, {"py/tuple": [0.25, 33]}, {"py/tuple": [0.0, 212]}, {"py/tuple": [0.5, 36]}, {"py/tuple": [0.5, 91]}, {"py/tuple": [0.0, 120]}, {"py/tuple": [0.0, 7]}, {"py/tuple": [0.03571428571428571, 225]}, {"py/tuple": [0.09090909090909091, 75]}, {"py/tuple": [0.025, 220]}, {"py/tuple": [0.0, 3]}, {"py/tuple": [0.0, 146]}, {"py/tuple": [0.017241379310344827, 404]}, {"py/tuple": [0.06818181818181818, 290]}, {"py/tuple": [0.1747159090909091, 425]}, {"py/tuple": [0.0, 5]}, {"py/tuple": [0.025831228956228955, 534]}, {"py/tuple": [0.0, 21]}, {"py/tuple": [0.0, 16]}, {"py/tuple": [0.0, 16]}, {"py/tuple": [0.0, 16]}, {"py/tuple": [0.0629946185501741, 455]}, {"py/tuple": [0.05042016806722689, 235]}, {"py/tuple": [0.0, 16]}, {"py/tuple": [0.1607142857142857, 169]}, {"py/tuple": [0.0789010989010989, 722]}, {"py/tuple": [0.0, 11]}, {"py/tuple": [0.0, 50]}, {"py/tuple": [0.0, 11]}, {"py/tuple": [0.0, 10]}, {"py/tuple": [0.0, 11]}, {"py/tuple": [0.0, 6]}, {"py/tuple": [0.0, 10]}, {"py/tuple": [0.0, 11]}, {"py/tuple": [0.0, 6]}, {"py/tuple": [0.0, 11]}, {"py/tuple": [0.0, 78]}, {"py/tuple": [0.0, 11]}, {"py/tuple": [0.06481481481481481, 116]}, {"py/tuple": [0.16666666666666666, 162]}, {"py/tuple": [0.25, 13]}, {"py/tuple": [0.15000000000000002, 83]}, {"py/tuple": [0.375, 44]}, {"py/tuple": [0.0, 88]}, {"py/tuple": [0.0, 23]}, {"py/tuple": [0.0, 16]}, {"py/tuple": [0.2595238095238095, 162]}, {"py/tuple": [0.0, 19]}, {"py/tuple": [0.0, 13]}, {"py/tuple": [0.0, 65]}, {"py/tuple": [0.3222222222222222, 272]}, {"py/tuple": [0.35119047619047616, 121]}, {"py/tuple": [0.16666666666666666, 67]}, {"py/tuple": [0.08333333333333333, 53]}, {"py/tuple": [0.19342105263157894, 653]}, {"py/tuple": [0.05, 89]}, {"py/tuple": [0.0, 9]}, {"py/tuple": [0.08333333333333333, 66]}, {"py/tuple": [0.5, 9]}, {"py/tuple": [0.008889695210449928, 1492]}, {"py/tuple": [0.0, 331]}, {"py/tuple": [0.0, 334]}, {"py/tuple": [0.13392857142857142, 231]}, {"py/tuple": [0.0, 90]}, {"py/tuple": [0.0, 6]}, {"py/tuple": [0.025284817484305975, 381]}, {"py/tuple": [0.027777777777777776, 185]}, {"py/tuple": [0.0, 6]}, {"py/tuple": [0.0, 3]}, {"py/tuple": [0.125, 43]}, {"py/tuple": [0.0, 23]}, {"py/tuple": [0.0, 20]}, {"py/tuple": [0.08333333333333333, 139]}, {"py/tuple": [0.07361111111111111, 98]}, {"py/tuple": [0.0, 74]}, {"py/tuple": [0.0, 27]}, {"py/tuple": [0.0, 5]}, {"py/tuple": [0.0, 5]}, {"py/tuple": [0.0, 12]}, {"py/tuple": [0.0, 21]}, {"py/tuple": [0.11666666666666667, 368]}, {"py/tuple": [0.2111111111111111, 100]}, {"py/tuple": [0.0, 5]}, {"py/tuple": [0.25, 11]}, {"py/tuple": [0.0, 4]}, {"py/tuple": [0.0, 5]}, {"py/tuple": [0.0, 10]}, {"py/tuple": [0.0, 21]}, {"py/tuple": [0.0, 13]}, {"py/tuple": [0.0, 87]}, {"py/tuple": [0.15178571428571427, 83]}, {"py/tuple": [0.0156969164870833, 718]}, {"py/tuple": [0.1, 30]}, {"py/tuple": [0.25, 7]}, {"py/tuple": [0.0, 44]}, {"py/tuple": [0.07142857142857142, 53]}, {"py/tuple": [0.1, 46]}, {"py/tuple": [0.05555555555555555, 89]}, {"py/tuple": [0.11012296881862099, 535]}, {"py/tuple": [0.0, 306]}, {"py/tuple": [0.0, 64]}, {"py/tuple": [0.14583333333333331, 84]}, {"py/tuple": [0.0, 54]}, {"py/tuple": [0.034895833333333334, 233]}, {"py/tuple": [0.041666666666666664, 133]}, {"py/tuple": [0.0, 14]}, {"py/tuple": [0.5, 8]}, {"py/tuple": [0.5, 59]}, {"py/tuple": [0.0625, 126]}, {"py/tuple": [0.0893939393939394, 205]}, {"py/tuple": [0.20833333333333331, 140]}, {"py/tuple": [0.0, 4]}, {"py/tuple": [0.0, 33]}, {"py/tuple": [0.16666666666666666, 44]}, {"py/tuple": [0.34523809523809523, 122]}, {"py/tuple": [0.1991830065359477, 423]}, {"py/tuple": [0.20833333333333331, 68]}, {"py/tuple": [0.0, 98]}, {"py/tuple": [0.08333333333333333, 74]}, {"py/tuple": [0.06349206349206349, 166]}, {"py/tuple": [0.0, 171]}, {"py/tuple": [0.0, 61]}, {"py/tuple": [0.0, 4]}, {"py/tuple": [0.0, 5]}, {"py/tuple": [0.0, 35]}, {"py/tuple": [0.0, 61]}, {"py/tuple": [0.25, 24]}, {"py/tuple": [0.3333333333333333, 17]}, {"py/tuple": [0.0, 933]}, {"py/tuple": [0.01792929292929293, 483]}, {"py/tuple": [0.10666666666666666, 284]}, {"py/tuple": [0.0, 23]}, {"py/tuple": [0.12207792207792208, 249]}, {"py/tuple": [0.0, 22]}, {"py/tuple": [0.0, 213]}, {"py/tuple": [0.0, 18]}, {"py/tuple": [0.25, 12]}, {"py/tuple": [0.25, 101]}, {"py/tuple": [0.5, 15]}, {"py/tuple": [0.0, 63]}, {"py/tuple": [0.16666666666666666, 18]}, {"py/tuple": [0.15, 62]}, {"py/tuple": [0.0, 17]}, {"py/tuple": [0.0, 16]}, {"py/tuple": [0.0, 17]}, {"py/tuple": [0.5, 18]}, {"py/tuple": [0.0, 13]}, {"py/tuple": [0.0, 66]}, {"py/tuple": [0.20833333333333334, 60]}, {"py/tuple": [0.0, 6]}, {"py/tuple": [0.015151515151515152, 233]}, {"py/tuple": [0.026018099547511313, 355]}, {"py/tuple": [0.0, 21]}, {"py/tuple": [0.0, 4]}, {"py/tuple": [0.125, 12]}, {"py/tuple": [0.15476190476190477, 51]}, {"py/tuple": [0.25, 14]}, {"py/tuple": [0.0, 3]}, {"py/tuple": [0.0, 24]}, {"py/tuple": [0.08333333333333333, 104]}, {"py/tuple": [0.0, 6]}, {"py/tuple": [0.0, 6]}, {"py/tuple": [0.0, 17]}, {"py/tuple": [0.0, 19]}, {"py/tuple": [0.0, 7]}, {"py/tuple": [0.0, 18]}, {"py/tuple": [0.25, 38]}, {"py/tuple": [0.0, 285]}, {"py/tuple": [0.06666666666666667, 213]}, {"py/tuple": [0.25, 374]}, {"py/tuple": [0.08333333333333333, 139]}, {"py/tuple": [0.0, 79]}, {"py/tuple": [0.0, 409]}, {"py/tuple": [0.0, 52]}]}}