{"id": 165639778, "node_id": "MDEwOlJlcG9zaXRvcnkxNjU2Mzk3Nzg=", "name": "algorithm", "full_name": "hollischuang/algorithm", "private": false, "owner": {"login": "hollischuang", "id": 7971539, "node_id": "MDQ6VXNlcjc5NzE1Mzk=", "avatar_url": "https://avatars.githubusercontent.com/u/7971539?v=4", "gravatar_id": "", "url": "https://api.github.com/users/hollischuang", "html_url": "https://github.com/hollischuang", "followers_url": "https://api.github.com/users/hollischuang/followers", "following_url": "https://api.github.com/users/hollischuang/following{/other_user}", "gists_url": "https://api.github.com/users/hollischuang/gists{/gist_id}", "starred_url": "https://api.github.com/users/hollischuang/starred{/owner}{/repo}", "subscriptions_url": "https://api.github.com/users/hollischuang/subscriptions", "organizations_url": "https://api.github.com/users/hollischuang/orgs", "repos_url": "https://api.github.com/users/hollischuang/repos", "events_url": "https://api.github.com/users/hollischuang/events{/privacy}", "received_events_url": "https://api.github.com/users/hollischuang/received_events", "type": "User", "site_admin": false}, "html_url": "https://github.com/hollischuang/algorithm", "description": null, "fork": false, "url": "https://api.github.com/repos/hollischuang/algorithm", "forks_url": "https://api.github.com/repos/hollischuang/algorithm/forks", "keys_url": "https://api.github.com/repos/hollischuang/algorithm/keys{/key_id}", "collaborators_url": "https://api.github.com/repos/hollischuang/algorithm/collaborators{/collaborator}", "teams_url": "https://api.github.com/repos/hollischuang/algorithm/teams", "hooks_url": "https://api.github.com/repos/hollischuang/algorithm/hooks", "issue_events_url": "https://api.github.com/repos/hollischuang/algorithm/issues/events{/number}", "events_url": "https://api.github.com/repos/hollischuang/algorithm/events", "assignees_url": "https://api.github.com/repos/hollischuang/algorithm/assignees{/user}", "branches_url": "https://api.github.com/repos/hollischuang/algorithm/branches{/branch}", "tags_url": "https://api.github.com/repos/hollischuang/algorithm/tags", "blobs_url": "https://api.github.com/repos/hollischuang/algorithm/git/blobs{/sha}", "git_tags_url": "https://api.github.com/repos/hollischuang/algorithm/git/tags{/sha}", "git_refs_url": "https://api.github.com/repos/hollischuang/algorithm/git/refs{/sha}", "trees_url": "https://api.github.com/repos/hollischuang/algorithm/git/trees{/sha}", "statuses_url": "https://api.github.com/repos/hollischuang/algorithm/statuses/{sha}", "languages_url": "https://api.github.com/repos/hollischuang/algorithm/languages", "stargazers_url": "https://api.github.com/repos/hollischuang/algorithm/stargazers", "contributors_url": "https://api.github.com/repos/hollischuang/algorithm/contributors", "subscribers_url": "https://api.github.com/repos/hollischuang/algorithm/subscribers", "subscription_url": "https://api.github.com/repos/hollischuang/algorithm/subscription", "commits_url": "https://api.github.com/repos/hollischuang/algorithm/commits{/sha}", "git_commits_url": "https://api.github.com/repos/hollischuang/algorithm/git/commits{/sha}", "comments_url": "https://api.github.com/repos/hollischuang/algorithm/comments{/number}", "issue_comment_url": "https://api.github.com/repos/hollischuang/algorithm/issues/comments{/number}", "contents_url": "https://api.github.com/repos/hollischuang/algorithm/contents/{+path}", "compare_url": "https://api.github.com/repos/hollischuang/algorithm/compare/{base}...{head}", "merges_url": "https://api.github.com/repos/hollischuang/algorithm/merges", "archive_url": "https://api.github.com/repos/hollischuang/algorithm/{archive_format}{/ref}", "downloads_url": "https://api.github.com/repos/hollischuang/algorithm/downloads", "issues_url": "https://api.github.com/repos/hollischuang/algorithm/issues{/number}", "pulls_url": "https://api.github.com/repos/hollischuang/algorithm/pulls{/number}", "milestones_url": "https://api.github.com/repos/hollischuang/algorithm/milestones{/number}", "notifications_url": "https://api.github.com/repos/hollischuang/algorithm/notifications{?since,all,participating}", "labels_url": "https://api.github.com/repos/hollischuang/algorithm/labels{/name}", "releases_url": "https://api.github.com/repos/hollischuang/algorithm/releases{/id}", "deployments_url": "https://api.github.com/repos/hollischuang/algorithm/deployments", "created_at": "2019-01-14T10:12:33Z", "updated_at": "2021-08-09T10:14:23Z", "pushed_at": "2021-03-15T14:47:08Z", "git_url": "git://github.com/hollischuang/algorithm.git", "ssh_url": "git@github.com:hollischuang/algorithm.git", "clone_url": "https://github.com/hollischuang/algorithm.git", "svn_url": "https://github.com/hollischuang/algorithm", "homepage": null, "size": 1420, "stargazers_count": 104, "watchers_count": 104, "language": "Java", "has_issues": true, "has_projects": true, "has_downloads": true, "has_wiki": true, "has_pages": false, "forks_count": 38, "mirror_url": null, "archived": false, "disabled": false, "open_issues_count": 1, "license": null, "allow_forking": true, "is_template": false, "topics": [], "visibility": "public", "forks": 38, "open_issues": 1, "watchers": 104, "default_branch": "master", "score": 1.0, "__project_size": 4055083, "__java_files_sizes": 132259, "__java_files_loc": 4576, "contributors_url_calculated": 15, "commits_url_calculated": 566}