{"AddOneToHundred": {"className": "AddOneToHundred", "members": {"py/set": []}, "methods": {"main": {"memberReferences": {"py/set": []}, "methodName": "main", "methodReferences": {"py/set": []}, "py/object": "JavaParserVisitor.MethodInfo"}}, "possibleFather": "", "py/object": "JavaParserVisitor.ClassInfo", "span": 22}, "ArrayBinaryTree": {"className": "ArrayBinaryTree", "members": {"py/set": ["data"]}, "methods": {"ArrayBinaryTree": {"memberReferences": {"py/set": ["data"]}, "methodName": "ArrayBinaryTree", "methodReferences": {"py/set": []}, "py/object": "JavaParserVisitor.MethodInfo"}, "frontShow": {"memberReferences": {"py/set": ["data"]}, "methodName": "frontShow", "methodReferences": {"py/set": ["frontShow"]}, "py/object": "JavaParserVisitor.MethodInfo"}}, "possibleFather": "", "py/object": "JavaParserVisitor.ClassInfo", "span": 47}, "BinarySortTree": {"className": "BinarySortTree", "members": {"py/set": ["root"]}, "methods": {"add": {"memberReferences": {"py/set": ["root"]}, "methodName": "add", "methodReferences": {"py/set": []}, "py/object": "JavaParserVisitor.MethodInfo"}, "delete": {"memberReferences": {"py/set": ["root"]}, "methodName": "delete", "methodReferences": {"py/set": ["findSuccessor"]}, "py/object": "JavaParserVisitor.MethodInfo"}, "deleteMin": {"memberReferences": {"py/set": []}, "methodName": "deleteMin", "methodReferences": {"py/set": []}, "py/object": "JavaParserVisitor.MethodInfo"}, "findSuccessor": {"memberReferences": {"py/set": []}, "methodName": "findSuccessor", "methodReferences": {"py/set": ["deleteMin"]}, "py/object": "JavaParserVisitor.MethodInfo"}, "midShow": {"memberReferences": {"py/set": ["root"]}, "methodName": "midShow", "methodReferences": {"py/set": []}, "py/object": "JavaParserVisitor.MethodInfo"}, "search": {"memberReferences": {"py/set": ["root"]}, "methodName": "search", "methodReferences": {"py/set": []}, "py/object": "JavaParserVisitor.MethodInfo"}}, "possibleFather": "", "py/object": "JavaParserVisitor.ClassInfo", "span": 140}, "BinaryTree": {"className": "BinaryTree", "members": {"py/set": ["root"]}, "methods": {"afterShow": {"memberReferences": {"py/set": ["root"]}, "methodName": "afterShow", "methodReferences": {"py/set": []}, "py/object": "JavaParserVisitor.MethodInfo"}, "delete": {"memberReferences": {"py/set": ["root"]}, "methodName": "delete", "methodReferences": {"py/set": []}, "py/object": "JavaParserVisitor.MethodInfo"}, "frontSearch": {"memberReferences": {"py/set": []}, "methodName": "frontSearch", "methodReferences": {"py/set": []}, "py/object": "JavaParserVisitor.MethodInfo"}, "frontShow": {"memberReferences": {"py/set": ["root"]}, "methodName": "frontShow", "methodReferences": {"py/set": []}, "py/object": "JavaParserVisitor.MethodInfo"}, "midShow": {"memberReferences": {"py/set": ["root"]}, "methodName": "midShow", "methodReferences": {"py/set": []}, "py/object": "JavaParserVisitor.MethodInfo"}, "setRoot": {"memberReferences": {"py/set": ["root"]}, "methodName": "setRoot", "methodReferences": {"py/set": []}, "py/object": "JavaParserVisitor.MethodInfo"}}, "possibleFather": "", "py/object": "JavaParserVisitor.ClassInfo", "span": 72}, "BubbleSort": {"className": "BubbleSort", "members": {"py/set": []}, "methods": {"bubbleSort": {"memberReferences": {"py/set": []}, "methodName": "bubbleSort", "methodReferences": {"py/set": []}, "py/object": "JavaParserVisitor.MethodInfo"}, "main": {"memberReferences": {"py/set": []}, "methodName": "main", "methodReferences": {"py/set": ["bubbleSort"]}, "py/object": "JavaParserVisitor.MethodInfo"}}, "possibleFather": "", "py/object": "JavaParserVisitor.ClassInfo", "span": 40}, "DoubleNode": {"className": "DoubleNode", "members": {"py/set": ["next", "data", "pre"]}, "methods": {"DoubleNode": {"memberReferences": {"py/set": ["data"]}, "methodName": "DoubleNode", "methodReferences": {"py/set": []}, "py/object": "JavaParserVisitor.MethodInfo"}, "after": {"memberReferences": {"py/set": ["next"]}, "methodName": "after", "methodReferences": {"py/set": []}, "py/object": "JavaParserVisitor.MethodInfo"}, "getData": {"memberReferences": {"py/set": ["data"]}, "methodName": "getData", "methodReferences": {"py/set": []}, "py/object": "JavaParserVisitor.MethodInfo"}, "next": {"memberReferences": {"py/set": ["next"]}, "methodName": "next", "methodReferences": {"py/set": []}, "py/object": "JavaParserVisitor.MethodInfo"}, "pre": {"memberReferences": {"py/set": ["pre"]}, "methodName": "pre", "methodReferences": {"py/set": []}, "py/object": "JavaParserVisitor.MethodInfo"}}, "possibleFather": "", "py/object": "JavaParserVisitor.ClassInfo", "span": 68}, "Graph": {"className": "Graph", "members": {"py/set": ["currentSize", "currentIndex", "stack", "vertex", "adjMat"]}, "methods": {"Graph": {"memberReferences": {"py/set": ["adjMat", "vertex"]}, "methodName": "Graph", "methodReferences": {"py/set": []}, "py/object": "JavaParserVisitor.MethodInfo"}, "addEdge": {"memberReferences": {"py/set": ["vertex", "adjMat"]}, "methodName": "addEdge", "methodReferences": {"py/set": []}, "py/object": "JavaParserVisitor.MethodInfo"}, "addVertex": {"memberReferences": {"py/set": ["currentSize", "vertex"]}, "methodName": "addVertex", "methodReferences": {"py/set": []}, "py/object": "JavaParserVisitor.MethodInfo"}, "dfs": {"memberReferences": {"py/set": ["currentIndex", "vertex", "adjMat"]}, "methodName": "dfs", "methodReferences": {"py/set": []}, "py/object": "JavaParserVisitor.MethodInfo"}}, "possibleFather": "", "py/object": "JavaParserVisitor.ClassInfo", "span": 126}, "HashTable": {"className": "HashTable", "members": {"py/set": ["data"]}, "methods": {"get": {"memberReferences": {"py/set": ["data"]}, "methodName": "get", "methodReferences": {"py/set": []}, "py/object": "JavaParserVisitor.MethodInfo"}, "put": {"memberReferences": {"py/set": ["data"]}, "methodName": "put", "methodReferences": {"py/set": []}, "py/object": "JavaParserVisitor.MethodInfo"}, "toString": {"memberReferences": {"py/set": []}, "methodName": "toString", "methodReferences": {"py/set": []}, "py/object": "JavaParserVisitor.MethodInfo"}}, "possibleFather": "", "py/object": "JavaParserVisitor.ClassInfo", "span": 32}, "HeapSort": {"className": "HeapSort", "members": {"py/set": []}, "methods": {"heapSort": {"memberReferences": {"py/set": []}, "methodName": "heapSort", "methodReferences": {"py/set": ["maxHeap"]}, "py/object": "JavaParserVisitor.MethodInfo"}, "main": {"memberReferences": {"py/set": []}, "methodName": "main", "methodReferences": {"py/set": ["heapSort"]}, "py/object": "JavaParserVisitor.MethodInfo"}, "maxHeap": {"memberReferences": {"py/set": []}, "methodName": "maxHeap", "methodReferences": {"py/set": ["maxHeap"]}, "py/object": "JavaParserVisitor.MethodInfo"}}, "possibleFather": "", "py/object": "JavaParserVisitor.ClassInfo", "span": 75}, "InsertSort": {"className": "InsertSort", "members": {"py/set": []}, "methods": {"insertSort": {"memberReferences": {"py/set": []}, "methodName": "insertSort", "methodReferences": {"py/set": []}, "py/object": "JavaParserVisitor.MethodInfo"}, "main": {"memberReferences": {"py/set": []}, "methodName": "main", "methodReferences": {"py/set": ["insertSort"]}, "py/object": "JavaParserVisitor.MethodInfo"}}, "possibleFather": "", "py/object": "JavaParserVisitor.ClassInfo", "span": 48}, "LoopNode": {"className": "LoopNode", "members": {"py/set": ["data", "next"]}, "methods": {"LoopNode": {"memberReferences": {"py/set": ["data"]}, "methodName": "LoopNode", "methodReferences": {"py/set": []}, "py/object": "JavaParserVisitor.MethodInfo"}, "after": {"memberReferences": {"py/set": ["next"]}, "methodName": "after", "methodReferences": {"py/set": []}, "py/object": "JavaParserVisitor.MethodInfo"}, "getData": {"memberReferences": {"py/set": ["data"]}, "methodName": "getData", "methodReferences": {"py/set": []}, "py/object": "JavaParserVisitor.MethodInfo"}, "next": {"memberReferences": {"py/set": ["next"]}, "methodName": "next", "methodReferences": {"py/set": []}, "py/object": "JavaParserVisitor.MethodInfo"}, "removeNext": {"memberReferences": {"py/set": ["next"]}, "methodName": "removeNext", "methodReferences": {"py/set": []}, "py/object": "JavaParserVisitor.MethodInfo"}}, "possibleFather": "", "py/object": "JavaParserVisitor.ClassInfo", "span": 63}, "MergeSort": {"className": "MergeSort", "members": {"py/set": []}, "methods": {"main": {"memberReferences": {"py/set": []}, "methodName": "main", "methodReferences": {"py/set": ["mergeSort"]}, "py/object": "JavaParserVisitor.MethodInfo"}, "merge": {"memberReferences": {"py/set": []}, "methodName": "merge", "methodReferences": {"py/set": []}, "py/object": "JavaParserVisitor.MethodInfo"}, "mergeSort": {"memberReferences": {"py/set": []}, "methodName": "mergeSort", "methodReferences": {"py/set": ["mergeSort", "merge"]}, "py/object": "JavaParserVisitor.MethodInfo"}}, "possibleFather": "", "py/object": "JavaParserVisitor.ClassInfo", "span": 97}, "MyArray": {"className": "MyArray", "members": {"py/set": ["elements"]}, "methods": {"MyArray": {"memberReferences": {"py/set": ["elements"]}, "methodName": "MyArray", "methodReferences": {"py/set": []}, "py/object": "JavaParserVisitor.MethodInfo"}, "add": {"memberReferences": {"py/set": ["elements"]}, "methodName": "add", "methodReferences": {"py/set": []}, "py/object": "JavaParserVisitor.MethodInfo"}, "binarySearch": {"memberReferences": {"py/set": ["elements"]}, "methodName": "binarySearch", "methodReferences": {"py/set": []}, "py/object": "JavaParserVisitor.MethodInfo"}, "delete": {"memberReferences": {"py/set": ["elements"]}, "methodName": "delete", "methodReferences": {"py/set": []}, "py/object": "JavaParserVisitor.MethodInfo"}, "get": {"memberReferences": {"py/set": ["elements"]}, "methodName": "get", "methodReferences": {"py/set": []}, "py/object": "JavaParserVisitor.MethodInfo"}, "insert": {"memberReferences": {"py/set": ["elements"]}, "methodName": "insert", "methodReferences": {"py/set": []}, "py/object": "JavaParserVisitor.MethodInfo"}, "search": {"memberReferences": {"py/set": ["elements"]}, "methodName": "search", "methodReferences": {"py/set": []}, "py/object": "JavaParserVisitor.MethodInfo"}, "set": {"memberReferences": {"py/set": ["elements"]}, "methodName": "set", "methodReferences": {"py/set": []}, "py/object": "JavaParserVisitor.MethodInfo"}, "show": {"memberReferences": {"py/set": []}, "methodName": "show", "methodReferences": {"py/set": []}, "py/object": "JavaParserVisitor.MethodInfo"}, "size": {"memberReferences": {"py/set": ["elements"]}, "methodName": "size", "methodReferences": {"py/set": []}, "py/object": "JavaParserVisitor.MethodInfo"}}, "possibleFather": "", "py/object": "JavaParserVisitor.ClassInfo", "span": 192}, "MyQueue": {"className": "MyQueue", "members": {"py/set": ["elements"]}, "methods": {"MyQueue": {"memberReferences": {"py/set": ["elements"]}, "methodName": "MyQueue", "methodReferences": {"py/set": []}, "py/object": "JavaParserVisitor.MethodInfo"}, "add": {"memberReferences": {"py/set": ["elements"]}, "methodName": "add", "methodReferences": {"py/set": []}, "py/object": "JavaParserVisitor.MethodInfo"}, "isEmpty": {"memberReferences": {"py/set": ["elements"]}, "methodName": "isEmpty", "methodReferences": {"py/set": []}, "py/object": "JavaParserVisitor.MethodInfo"}, "poll": {"memberReferences": {"py/set": ["elements"]}, "methodName": "poll", "methodReferences": {"py/set": []}, "py/object": "JavaParserVisitor.MethodInfo"}}, "possibleFather": "", "py/object": "JavaParserVisitor.ClassInfo", "span": 66}, "MyStack": {"className": "MyStack", "members": {"py/set": ["elements"]}, "methods": {"MyStack": {"memberReferences": {"py/set": ["elements"]}, "methodName": "MyStack", "methodReferences": {"py/set": []}, "py/object": "JavaParserVisitor.MethodInfo"}, "isEmpty": {"memberReferences": {"py/set": ["elements"]}, "methodName": "isEmpty", "methodReferences": {"py/set": []}, "py/object": "JavaParserVisitor.MethodInfo"}, "peek": {"memberReferences": {"py/set": ["elements"]}, "methodName": "peek", "methodReferences": {"py/set": []}, "py/object": "JavaParserVisitor.MethodInfo"}, "pop": {"memberReferences": {"py/set": ["elements"]}, "methodName": "pop", "methodReferences": {"py/set": []}, "py/object": "JavaParserVisitor.MethodInfo"}, "push": {"memberReferences": {"py/set": ["elements"]}, "methodName": "push", "methodReferences": {"py/set": []}, "py/object": "JavaParserVisitor.MethodInfo"}}, "possibleFather": "", "py/object": "JavaParserVisitor.ClassInfo", "span": 83}, "Node": {"className": "Node", "members": {"py/set": ["data", "next"]}, "methods": {"Node": {"memberReferences": {"py/set": ["data"]}, "methodName": "Node", "methodReferences": {"py/set": []}, "py/object": "JavaParserVisitor.MethodInfo"}, "after": {"memberReferences": {"py/set": ["next"]}, "methodName": "after", "methodReferences": {"py/set": []}, "py/object": "JavaParserVisitor.MethodInfo"}, "append": {"memberReferences": {"py/set": []}, "methodName": "append", "methodReferences": {"py/set": []}, "py/object": "JavaParserVisitor.MethodInfo"}, "getData": {"memberReferences": {"py/set": ["data"]}, "methodName": "getData", "methodReferences": {"py/set": []}, "py/object": "JavaParserVisitor.MethodInfo"}, "isLast": {"memberReferences": {"py/set": ["next"]}, "methodName": "isLast", "methodReferences": {"py/set": []}, "py/object": "JavaParserVisitor.MethodInfo"}, "next": {"memberReferences": {"py/set": ["next"]}, "methodName": "next", "methodReferences": {"py/set": []}, "py/object": "JavaParserVisitor.MethodInfo"}, "removeNext": {"memberReferences": {"py/set": ["next"]}, "methodName": "removeNext", "methodReferences": {"py/set": []}, "py/object": "JavaParserVisitor.MethodInfo"}, "show": {"memberReferences": {"py/set": []}, "methodName": "show", "methodReferences": {"py/set": []}, "py/object": "JavaParserVisitor.MethodInfo"}}, "possibleFather": "", "py/object": "JavaParserVisitor.ClassInfo", "span": 110}, "QuickSort": {"className": "QuickSort", "members": {"py/set": []}, "methods": {"main": {"memberReferences": {"py/set": []}, "methodName": "main", "methodReferences": {"py/set": ["quickSort"]}, "py/object": "JavaParserVisitor.MethodInfo"}, "quickSort": {"memberReferences": {"py/set": []}, "methodName": "quickSort", "methodReferences": {"py/set": ["quickSort"]}, "py/object": "JavaParserVisitor.MethodInfo"}}, "possibleFather": "", "py/object": "JavaParserVisitor.ClassInfo", "span": 70}, "RadixQueueSort": {"className": "RadixQueueSort", "members": {"py/set": []}, "methods": {"main": {"memberReferences": {"py/set": []}, "methodName": "main", "methodReferences": {"py/set": ["radixSort"]}, "py/object": "JavaParserVisitor.MethodInfo"}, "radixSort": {"memberReferences": {"py/set": []}, "methodName": "radixSort", "methodReferences": {"py/set": []}, "py/object": "JavaParserVisitor.MethodInfo"}}, "possibleFather": "", "py/object": "JavaParserVisitor.ClassInfo", "span": 80}, "RadixSort": {"className": "RadixSort", "members": {"py/set": []}, "methods": {"main": {"memberReferences": {"py/set": []}, "methodName": "main", "methodReferences": {"py/set": ["radixSort"]}, "py/object": "JavaParserVisitor.MethodInfo"}, "radixSort": {"memberReferences": {"py/set": []}, "methodName": "radixSort", "methodReferences": {"py/set": []}, "py/object": "JavaParserVisitor.MethodInfo"}}, "possibleFather": "", "py/object": "JavaParserVisitor.ClassInfo", "span": 86}, "SelectionSort": {"className": "SelectionSort", "members": {"py/set": []}, "methods": {"main": {"memberReferences": {"py/set": []}, "methodName": "main", "methodReferences": {"py/set": ["selectionSort"]}, "py/object": "JavaParserVisitor.MethodInfo"}, "selectionSort": {"memberReferences": {"py/set": []}, "methodName": "selectionSort", "methodReferences": {"py/set": []}, "py/object": "JavaParserVisitor.MethodInfo"}}, "possibleFather": "", "py/object": "JavaParserVisitor.ClassInfo", "span": 42}, "ShellSort": {"className": "ShellSort", "members": {"py/set": []}, "methods": {"main": {"memberReferences": {"py/set": []}, "methodName": "main", "methodReferences": {"py/set": ["shellSort"]}, "py/object": "JavaParserVisitor.MethodInfo"}, "shellSort": {"memberReferences": {"py/set": []}, "methodName": "shellSort", "methodReferences": {"py/set": []}, "py/object": "JavaParserVisitor.MethodInfo"}}, "possibleFather": "", "py/object": "JavaParserVisitor.ClassInfo", "span": 38}, "StuInfo": {"className": "StuInfo", "members": {"py/set": ["count", "age"]}, "methods": {"StuInfo": {"memberReferences": {"py/set": ["age"]}, "methodName": "StuInfo", "methodReferences": {"py/set": []}, "py/object": "JavaParserVisitor.MethodInfo"}, "getAge": {"memberReferences": {"py/set": ["age"]}, "methodName": "getAge", "methodReferences": {"py/set": []}, "py/object": "JavaParserVisitor.MethodInfo"}, "getCount": {"memberReferences": {"py/set": ["count"]}, "methodName": "getCount", "methodReferences": {"py/set": []}, "py/object": "JavaParserVisitor.MethodInfo"}, "hashCode": {"memberReferences": {"py/set": ["age"]}, "methodName": "hashCode", "methodReferences": {"py/set": []}, "py/object": "JavaParserVisitor.MethodInfo"}, "setAge": {"memberReferences": {"py/set": ["age"]}, "methodName": "setAge", "methodReferences": {"py/set": []}, "py/object": "JavaParserVisitor.MethodInfo"}, "setCount": {"memberReferences": {"py/set": ["count"]}, "methodName": "setCount", "methodReferences": {"py/set": []}, "py/object": "JavaParserVisitor.MethodInfo"}, "toString": {"memberReferences": {"py/set": ["age", "count"]}, "methodName": "toString", "methodReferences": {"py/set": []}, "py/object": "JavaParserVisitor.MethodInfo"}}, "possibleFather": "", "py/object": "JavaParserVisitor.ClassInfo", "span": 49}, "TestArray": {"className": "TestArray", "members": {"py/set": []}, "methods": {"main": {"memberReferences": {"py/set": []}, "methodName": "main", "methodReferences": {"py/set": []}, "py/object": "JavaParserVisitor.MethodInfo"}}, "possibleFather": "", "py/object": "JavaParserVisitor.ClassInfo", "span": 36}, "TestArrayBinaryTree": {"className": "TestArrayBinaryTree", "members": {"py/set": []}, "methods": {"main": {"memberReferences": {"py/set": []}, "methodName": "main", "methodReferences": {"py/set": []}, "py/object": "JavaParserVisitor.MethodInfo"}}, "possibleFather": "", "py/object": "JavaParserVisitor.ClassInfo", "span": 9}, "TestBinarySearch": {"className": "TestBinarySearch", "members": {"py/set": []}, "methods": {"main": {"memberReferences": {"py/set": []}, "methodName": "main", "methodReferences": {"py/set": []}, "py/object": "JavaParserVisitor.MethodInfo"}}, "possibleFather": "", "py/object": "JavaParserVisitor.ClassInfo", "span": 39}, "TestBinarySortTree": {"className": "TestBinarySortTree", "members": {"py/set": []}, "methods": {"main": {"memberReferences": {"py/set": []}, "methodName": "main", "methodReferences": {"py/set": []}, "py/object": "JavaParserVisitor.MethodInfo"}}, "possibleFather": "", "py/object": "JavaParserVisitor.ClassInfo", "span": 29}, "TestBinaryTree": {"className": "TestBinaryTree", "members": {"py/set": []}, "methods": {"main": {"memberReferences": {"py/set": []}, "methodName": "main", "methodReferences": {"py/set": []}, "py/object": "JavaParserVisitor.MethodInfo"}}, "possibleFather": "", "py/object": "JavaParserVisitor.ClassInfo", "span": 49}, "TestDoubleNode": {"className": "TestDoubleNode", "members": {"py/set": []}, "methods": {"main": {"memberReferences": {"py/set": []}, "methodName": "main", "methodReferences": {"py/set": []}, "py/object": "JavaParserVisitor.MethodInfo"}}, "possibleFather": "", "py/object": "JavaParserVisitor.ClassInfo", "span": 28}, "TestFibonacci": {"className": "TestFibonacci", "members": {"py/set": []}, "methods": {"fibonacci": {"memberReferences": {"py/set": []}, "methodName": "fibonacci", "methodReferences": {"py/set": ["fibonacci"]}, "py/object": "JavaParserVisitor.MethodInfo"}, "main": {"memberReferences": {"py/set": []}, "methodName": "main", "methodReferences": {"py/set": ["fibonacci"]}, "py/object": "JavaParserVisitor.MethodInfo"}}, "possibleFather": "", "py/object": "JavaParserVisitor.ClassInfo", "span": 24}, "TestGraph": {"className": "TestGraph", "members": {"py/set": []}, "methods": {"main": {"memberReferences": {"py/set": []}, "methodName": "main", "methodReferences": {"py/set": []}, "py/object": "JavaParserVisitor.MethodInfo"}}, "possibleFather": "", "py/object": "JavaParserVisitor.ClassInfo", "span": 38}, "TestHanoi": {"className": "TestHanoi", "members": {"py/set": []}, "methods": {"hanoi": {"memberReferences": {"py/set": []}, "methodName": "hanoi", "methodReferences": {"py/set": ["hanoi"]}, "py/object": "JavaParserVisitor.MethodInfo"}, "main": {"memberReferences": {"py/set": []}, "methodName": "main", "methodReferences": {"py/set": ["hanoi"]}, "py/object": "JavaParserVisitor.MethodInfo"}}, "possibleFather": "", "py/object": "JavaParserVisitor.ClassInfo", "span": 43}, "TestHashTable": {"className": "TestHashTable", "members": {"py/set": []}, "methods": {"main": {"memberReferences": {"py/set": []}, "methodName": "main", "methodReferences": {"py/set": []}, "py/object": "JavaParserVisitor.MethodInfo"}}, "possibleFather": "", "py/object": "JavaParserVisitor.ClassInfo", "span": 20}, "TestHuffmanCode": {"className": "TestHuffmanCode", "members": {"py/set": ["sb", "huffCodes"]}, "methods": {"byteToBitStr": {"memberReferences": {"py/set": []}, "methodName": "byteToBitStr", "methodReferences": {"py/set": []}, "py/object": "JavaParserVisitor.MethodInfo"}, "createHuffmanTree": {"memberReferences": {"py/set": []}, "methodName": "createHuffmanTree", "methodReferences": {"py/set": []}, "py/object": "JavaParserVisitor.MethodInfo"}, "decode": {"memberReferences": {"py/set": []}, "methodName": "decode", "methodReferences": {"py/set": ["byteToBitStr"]}, "py/object": "JavaParserVisitor.MethodInfo"}, "getCodes": {"memberReferences": {"py/set": ["huffCodes"]}, "methodName": "getCodes", "methodReferences": {"py/set": ["getCodes"]}, "py/object": "JavaParserVisitor.MethodInfo"}, "getNodes": {"memberReferences": {"py/set": []}, "methodName": "getNodes", "methodReferences": {"py/set": []}, "py/object": "JavaParserVisitor.MethodInfo"}, "huffmanZip": {"memberReferences": {"py/set": ["huffCodes"]}, "methodName": "huffmanZip", "methodReferences": {"py/set": ["getCodes", "getNodes", "zip", "createHuffmanTree"]}, "py/object": "JavaParserVisitor.MethodInfo"}, "main": {"memberReferences": {"py/set": ["huffCodes"]}, "methodName": "main", "methodReferences": {"py/set": ["huffmanZip", "decode", "zipFile", "unzip"]}, "py/object": "JavaParserVisitor.MethodInfo"}, "unzip": {"memberReferences": {"py/set": []}, "methodName": "unzip", "methodReferences": {"py/set": ["decode"]}, "py/object": "JavaParserVisitor.MethodInfo"}, "zip": {"memberReferences": {"py/set": []}, "methodName": "zip", "methodReferences": {"py/set": []}, "py/object": "JavaParserVisitor.MethodInfo"}, "zipFile": {"memberReferences": {"py/set": ["huffCodes"]}, "methodName": "zipFile", "methodReferences": {"py/set": ["huffmanZip"]}, "py/object": "JavaParserVisitor.MethodInfo"}}, "possibleFather": "", "py/object": "JavaParserVisitor.ClassInfo", "span": 412}, "TestHuffmanTree": {"className": "TestHuffmanTree", "members": {"py/set": []}, "methods": {"createHuffmanTree": {"memberReferences": {"py/set": []}, "methodName": "createHuffmanTree", "methodReferences": {"py/set": []}, "py/object": "JavaParserVisitor.MethodInfo"}, "main": {"memberReferences": {"py/set": []}, "methodName": "main", "methodReferences": {"py/set": ["createHuffmanTree"]}, "py/object": "JavaParserVisitor.MethodInfo"}}, "possibleFather": "", "py/object": "JavaParserVisitor.ClassInfo", "span": 50}, "TestLoopNode": {"className": "TestLoopNode", "members": {"py/set": []}, "methods": {"main": {"memberReferences": {"py/set": []}, "methodName": "main", "methodReferences": {"py/set": []}, "py/object": "JavaParserVisitor.MethodInfo"}}, "possibleFather": "", "py/object": "JavaParserVisitor.ClassInfo", "span": 19}, "TestMyArray": {"className": "TestMyArray", "members": {"py/set": []}, "methods": {"main": {"memberReferences": {"py/set": []}, "methodName": "main", "methodReferences": {"py/set": []}, "py/object": "JavaParserVisitor.MethodInfo"}}, "possibleFather": "", "py/object": "JavaParserVisitor.ClassInfo", "span": 46}, "TestMyArraySearch": {"className": "TestMyArraySearch", "members": {"py/set": []}, "methods": {"main": {"memberReferences": {"py/set": []}, "methodName": "main", "methodReferences": {"py/set": []}, "py/object": "JavaParserVisitor.MethodInfo"}}, "possibleFather": "", "py/object": "JavaParserVisitor.ClassInfo", "span": 14}, "TestMyQueue": {"className": "TestMyQueue", "members": {"py/set": []}, "methods": {"main": {"memberReferences": {"py/set": []}, "methodName": "main", "methodReferences": {"py/set": []}, "py/object": "JavaParserVisitor.MethodInfo"}}, "possibleFather": "", "py/object": "JavaParserVisitor.ClassInfo", "span": 20}, "TestMyStack": {"className": "TestMyStack", "members": {"py/set": []}, "methods": {"main": {"memberReferences": {"py/set": []}, "methodName": "main", "methodReferences": {"py/set": []}, "py/object": "JavaParserVisitor.MethodInfo"}}, "possibleFather": "", "py/object": "JavaParserVisitor.ClassInfo", "span": 33}, "TestNode": {"className": "TestNode", "members": {"py/set": []}, "methods": {"main": {"memberReferences": {"py/set": []}, "methodName": "main", "methodReferences": {"py/set": []}, "py/object": "JavaParserVisitor.MethodInfo"}}, "possibleFather": "", "py/object": "JavaParserVisitor.ClassInfo", "span": 35}, "TestOpArray": {"className": "TestOpArray", "members": {"py/set": []}, "methods": {"main": {"memberReferences": {"py/set": []}, "methodName": "main", "methodReferences": {"py/set": []}, "py/object": "JavaParserVisitor.MethodInfo"}}, "possibleFather": "", "py/object": "JavaParserVisitor.ClassInfo", "span": 27}, "TestOpArray2": {"className": "TestOpArray2", "members": {"py/set": []}, "methods": {"main": {"memberReferences": {"py/set": []}, "methodName": "main", "methodReferences": {"py/set": []}, "py/object": "JavaParserVisitor.MethodInfo"}}, "possibleFather": "", "py/object": "JavaParserVisitor.ClassInfo", "span": 40}, "TestRecursive": {"className": "TestRecursive", "members": {"py/set": []}, "methods": {"main": {"memberReferences": {"py/set": []}, "methodName": "main", "methodReferences": {"py/set": ["print"]}, "py/object": "JavaParserVisitor.MethodInfo"}, "print": {"memberReferences": {"py/set": []}, "methodName": "print", "methodReferences": {"py/set": ["print"]}, "py/object": "JavaParserVisitor.MethodInfo"}}, "possibleFather": "", "py/object": "JavaParserVisitor.ClassInfo", "span": 13}, "TestSearch": {"className": "TestSearch", "members": {"py/set": []}, "methods": {"main": {"memberReferences": {"py/set": []}, "methodName": "main", "methodReferences": {"py/set": []}, "py/object": "JavaParserVisitor.MethodInfo"}}, "possibleFather": "", "py/object": "JavaParserVisitor.ClassInfo", "span": 18}, "TestThreadedBinaryTree": {"className": "TestThreadedBinaryTree", "members": {"py/set": []}, "methods": {"main": {"memberReferences": {"py/set": []}, "methodName": "main", "methodReferences": {"py/set": []}, "py/object": "JavaParserVisitor.MethodInfo"}}, "possibleFather": "", "py/object": "JavaParserVisitor.ClassInfo", "span": 46}, "ThreadedBinaryTree": {"className": "ThreadedBinaryTree", "members": {"py/set": ["root", "pre"]}, "methods": {"afterShow": {"memberReferences": {"py/set": ["root"]}, "methodName": "afterShow", "methodReferences": {"py/set": []}, "py/object": "JavaParserVisitor.MethodInfo"}, "delete": {"memberReferences": {"py/set": ["root"]}, "methodName": "delete", "methodReferences": {"py/set": []}, "py/object": "JavaParserVisitor.MethodInfo"}, "frontSearch": {"memberReferences": {"py/set": []}, "methodName": "frontSearch", "methodReferences": {"py/set": []}, "py/object": "JavaParserVisitor.MethodInfo"}, "frontShow": {"memberReferences": {"py/set": ["root"]}, "methodName": "frontShow", "methodReferences": {"py/set": []}, "py/object": "JavaParserVisitor.MethodInfo"}, "midShow": {"memberReferences": {"py/set": ["root"]}, "methodName": "midShow", "methodReferences": {"py/set": []}, "py/object": "JavaParserVisitor.MethodInfo"}, "setRoot": {"memberReferences": {"py/set": ["root"]}, "methodName": "setRoot", "methodReferences": {"py/set": []}, "py/object": "JavaParserVisitor.MethodInfo"}, "threadIterate": {"memberReferences": {"py/set": ["root"]}, "methodName": "threadIterate", "methodReferences": {"py/set": []}, "py/object": "JavaParserVisitor.MethodInfo"}, "threadNodes": {"memberReferences": {"py/set": ["pre"]}, "methodName": "threadNodes", "methodReferences": {"py/set": ["threadNodes"]}, "py/object": "JavaParserVisitor.MethodInfo"}}, "possibleFather": "", "py/object": "JavaParserVisitor.ClassInfo", "span": 160}, "ThreadedNode": {"className": "ThreadedNode", "members": {"py/set": ["leftType", "rightType", "value", "rightNode", "leftNode"]}, "methods": {"ThreadedNode": {"memberReferences": {"py/set": ["value"]}, "methodName": "ThreadedNode", "methodReferences": {"py/set": []}, "py/object": "JavaParserVisitor.MethodInfo"}, "afterShow": {"memberReferences": {"py/set": ["value", "rightNode", "leftNode"]}, "methodName": "afterShow", "methodReferences": {"py/set": []}, "py/object": "JavaParserVisitor.MethodInfo"}, "delete": {"memberReferences": {"py/set": ["rightNode", "leftNode"]}, "methodName": "delete", "methodReferences": {"py/set": []}, "py/object": "JavaParserVisitor.MethodInfo"}, "frontSearch": {"memberReferences": {"py/set": ["value", "rightNode", "leftNode"]}, "methodName": "frontSearch", "methodReferences": {"py/set": []}, "py/object": "JavaParserVisitor.MethodInfo"}, "frontShow": {"memberReferences": {"py/set": ["value", "rightNode", "leftNode"]}, "methodName": "frontShow", "methodReferences": {"py/set": []}, "py/object": "JavaParserVisitor.MethodInfo"}, "midShow": {"memberReferences": {"py/set": ["value", "rightNode", "leftNode"]}, "methodName": "midShow", "methodReferences": {"py/set": []}, "py/object": "JavaParserVisitor.MethodInfo"}, "setLeftNode": {"memberReferences": {"py/set": ["leftNode"]}, "methodName": "setLeftNode", "methodReferences": {"py/set": []}, "py/object": "JavaParserVisitor.MethodInfo"}, "setRightNode": {"memberReferences": {"py/set": ["rightNode"]}, "methodName": "setRightNode", "methodReferences": {"py/set": []}, "py/object": "JavaParserVisitor.MethodInfo"}}, "possibleFather": "", "py/object": "JavaParserVisitor.ClassInfo", "span": 164}, "TreeNode": {"className": "TreeNode", "members": {"py/set": ["leftNode", "value", "rightNode"]}, "methods": {"TreeNode": {"memberReferences": {"py/set": ["value"]}, "methodName": "TreeNode", "methodReferences": {"py/set": []}, "py/object": "JavaParserVisitor.MethodInfo"}, "afterShow": {"memberReferences": {"py/set": ["value", "rightNode", "leftNode"]}, "methodName": "afterShow", "methodReferences": {"py/set": []}, "py/object": "JavaParserVisitor.MethodInfo"}, "delete": {"memberReferences": {"py/set": ["rightNode", "leftNode"]}, "methodName": "delete", "methodReferences": {"py/set": []}, "py/object": "JavaParserVisitor.MethodInfo"}, "frontSearch": {"memberReferences": {"py/set": ["value", "rightNode", "leftNode"]}, "methodName": "frontSearch", "methodReferences": {"py/set": []}, "py/object": "JavaParserVisitor.MethodInfo"}, "frontShow": {"memberReferences": {"py/set": ["value", "rightNode", "leftNode"]}, "methodName": "frontShow", "methodReferences": {"py/set": []}, "py/object": "JavaParserVisitor.MethodInfo"}, "midShow": {"memberReferences": {"py/set": ["value", "rightNode", "leftNode"]}, "methodName": "midShow", "methodReferences": {"py/set": []}, "py/object": "JavaParserVisitor.MethodInfo"}, "setLeftNode": {"memberReferences": {"py/set": ["leftNode"]}, "methodName": "setLeftNode", "methodReferences": {"py/set": []}, "py/object": "JavaParserVisitor.MethodInfo"}, "setRightNode": {"memberReferences": {"py/set": ["rightNode"]}, "methodName": "setRightNode", "methodReferences": {"py/set": []}, "py/object": "JavaParserVisitor.MethodInfo"}}, "possibleFather": "", "py/object": "JavaParserVisitor.ClassInfo", "span": 152}, "Vertex": {"className": "Vertex", "members": {"py/set": ["visited", "value"]}, "methods": {"Vertex": {"memberReferences": {"py/set": ["value"]}, "methodName": "Vertex", "methodReferences": {"py/set": []}, "py/object": "JavaParserVisitor.MethodInfo"}, "getValue": {"memberReferences": {"py/set": ["value"]}, "methodName": "getValue", "methodReferences": {"py/set": []}, "py/object": "JavaParserVisitor.MethodInfo"}, "setValue": {"memberReferences": {"py/set": ["value"]}, "methodName": "setValue", "methodReferences": {"py/set": []}, "py/object": "JavaParserVisitor.MethodInfo"}, "toString": {"memberReferences": {"py/set": ["value"]}, "methodName": "toString", "methodReferences": {"py/set": []}, "py/object": "JavaParserVisitor.MethodInfo"}}, "possibleFather": "", "py/object": "JavaParserVisitor.ClassInfo", "span": 24}}