{"SCOM": {"py/object": "Statistics.InterestingStatistics", "classValues": [{"py/tuple": [0.08, 103]}, {"py/tuple": [1, 19]}, {"py/tuple": [1.0, 96]}, {"py/tuple": [0.0, 140]}, {"py/tuple": [0.4999999999999999, 81]}, {"py/tuple": [1, 75]}, {"py/tuple": [0.03076923076923077, 205]}, {"py/tuple": [0.0, 278]}, {"py/tuple": [0.0, 72]}, {"py/tuple": [1.0, 429]}]}, "LSCC": {"py/object": "Statistics.InterestingStatistics", "classValues": [{"py/tuple": [0.04, 103]}, {"py/tuple": [1, 19]}, {"py/tuple": [0.25, 96]}, {"py/tuple": [0.0, 140]}, {"py/tuple": [0.23333333333333334, 81]}, {"py/tuple": [1, 75]}, {"py/tuple": [0.020512820512820513, 205]}, {"py/tuple": [0.0, 278]}, {"py/tuple": [0.0, 72]}, {"py/tuple": [0.058823529411764705, 429]}]}, "CC": {"py/object": "Statistics.InterestingStatistics", "classValues": [{"py/tuple": [0.1, 103]}, {"py/tuple": [1, 19]}, {"py/tuple": [0.25, 96]}, {"py/tuple": [0.0, 140]}, {"py/tuple": [0.4333333333333333, 81]}, {"py/tuple": [1, 75]}, {"py/tuple": [0.13333333333333333, 205]}, {"py/tuple": [0.0, 278]}, {"py/tuple": [0.0, 72]}, {"py/tuple": [0.058823529411764705, 429]}]}, "LCOM5": {"py/object": "Statistics.InterestingStatistics", "classValues": [{"py/tuple": [0.84, 103]}, {"py/tuple": [0, 19]}, {"py/tuple": [0.375, 96]}, {"py/tuple": [0.85, 140]}, {"py/tuple": [0.5333333333333333, 81]}, {"py/tuple": [0.33333333333333337, 75]}, {"py/tuple": [0.9102564102564102, 205]}, {"py/tuple": [0.9848484848484849, 278]}, {"py/tuple": [0.8333333333333334, 72]}, {"py/tuple": [0.47058823529411764, 429]}]}, "CBAMU": {"py/object": "Statistics.InterestingStatistics", "classValues": [{"py/tuple": [0.08, 103]}, {"py/tuple": [0.0, 19]}, {"py/tuple": [0.3125, 96]}, {"py/tuple": [0.075, 140]}, {"py/tuple": [0.30833333333333335, 81]}, {"py/tuple": [0.3333333333333333, 75]}, {"py/tuple": [0.06153846153846154, 205]}, {"py/tuple": [0.01893939393939394, 278]}, {"py/tuple": [0.16666666666666666, 72]}, {"py/tuple": [0.2647058823529412, 429]}]}}