{"id": 15315519, "node_id": "MDEwOlJlcG9zaXRvcnkxNTMxNTUxOQ==", "name": "StartApp_InApp_SDK_Example", "full_name": "StartApp-SDK/StartApp_InApp_SDK_Example", "private": false, "owner": {"login": "StartApp-SDK", "id": 5746568, "node_id": "MDQ6VXNlcjU3NDY1Njg=", "avatar_url": "https://avatars.githubusercontent.com/u/5746568?v=4", "gravatar_id": "", "url": "https://api.github.com/users/StartApp-SDK", "html_url": "https://github.com/StartApp-SDK", "followers_url": "https://api.github.com/users/StartApp-SDK/followers", "following_url": "https://api.github.com/users/StartApp-SDK/following{/other_user}", "gists_url": "https://api.github.com/users/StartApp-SDK/gists{/gist_id}", "starred_url": "https://api.github.com/users/StartApp-SDK/starred{/owner}{/repo}", "subscriptions_url": "https://api.github.com/users/StartApp-SDK/subscriptions", "organizations_url": "https://api.github.com/users/StartApp-SDK/orgs", "repos_url": "https://api.github.com/users/StartApp-SDK/repos", "events_url": "https://api.github.com/users/StartApp-SDK/events{/privacy}", "received_events_url": "https://api.github.com/users/StartApp-SDK/received_events", "type": "User", "site_admin": false}, "html_url": "https://github.com/StartApp-SDK/StartApp_InApp_SDK_Example", "description": "StartApp InApp Android SDK Example Project", "fork": false, "url": "https://api.github.com/repos/StartApp-SDK/StartApp_InApp_SDK_Example", "forks_url": "https://api.github.com/repos/StartApp-SDK/StartApp_InApp_SDK_Example/forks", "keys_url": "https://api.github.com/repos/StartApp-SDK/StartApp_InApp_SDK_Example/keys{/key_id}", "collaborators_url": "https://api.github.com/repos/StartApp-SDK/StartApp_InApp_SDK_Example/collaborators{/collaborator}", "teams_url": "https://api.github.com/repos/StartApp-SDK/StartApp_InApp_SDK_Example/teams", "hooks_url": "https://api.github.com/repos/StartApp-SDK/StartApp_InApp_SDK_Example/hooks", "issue_events_url": "https://api.github.com/repos/StartApp-SDK/StartApp_InApp_SDK_Example/issues/events{/number}", "events_url": "https://api.github.com/repos/StartApp-SDK/StartApp_InApp_SDK_Example/events", "assignees_url": "https://api.github.com/repos/StartApp-SDK/StartApp_InApp_SDK_Example/assignees{/user}", "branches_url": "https://api.github.com/repos/StartApp-SDK/StartApp_InApp_SDK_Example/branches{/branch}", "tags_url": "https://api.github.com/repos/StartApp-SDK/StartApp_InApp_SDK_Example/tags", "blobs_url": "https://api.github.com/repos/StartApp-SDK/StartApp_InApp_SDK_Example/git/blobs{/sha}", "git_tags_url": "https://api.github.com/repos/StartApp-SDK/StartApp_InApp_SDK_Example/git/tags{/sha}", "git_refs_url": "https://api.github.com/repos/StartApp-SDK/StartApp_InApp_SDK_Example/git/refs{/sha}", "trees_url": "https://api.github.com/repos/StartApp-SDK/StartApp_InApp_SDK_Example/git/trees{/sha}", "statuses_url": "https://api.github.com/repos/StartApp-SDK/StartApp_InApp_SDK_Example/statuses/{sha}", "languages_url": "https://api.github.com/repos/StartApp-SDK/StartApp_InApp_SDK_Example/languages", "stargazers_url": "https://api.github.com/repos/StartApp-SDK/StartApp_InApp_SDK_Example/stargazers", "contributors_url": "https://api.github.com/repos/StartApp-SDK/StartApp_InApp_SDK_Example/contributors", "subscribers_url": "https://api.github.com/repos/StartApp-SDK/StartApp_InApp_SDK_Example/subscribers", "subscription_url": "https://api.github.com/repos/StartApp-SDK/StartApp_InApp_SDK_Example/subscription", "commits_url": "https://api.github.com/repos/StartApp-SDK/StartApp_InApp_SDK_Example/commits{/sha}", "git_commits_url": "https://api.github.com/repos/StartApp-SDK/StartApp_InApp_SDK_Example/git/commits{/sha}", "comments_url": "https://api.github.com/repos/StartApp-SDK/StartApp_InApp_SDK_Example/comments{/number}", "issue_comment_url": "https://api.github.com/repos/StartApp-SDK/StartApp_InApp_SDK_Example/issues/comments{/number}", "contents_url": "https://api.github.com/repos/StartApp-SDK/StartApp_InApp_SDK_Example/contents/{+path}", "compare_url": "https://api.github.com/repos/StartApp-SDK/StartApp_InApp_SDK_Example/compare/{base}...{head}", "merges_url": "https://api.github.com/repos/StartApp-SDK/StartApp_InApp_SDK_Example/merges", "archive_url": "https://api.github.com/repos/StartApp-SDK/StartApp_InApp_SDK_Example/{archive_format}{/ref}", "downloads_url": "https://api.github.com/repos/StartApp-SDK/StartApp_InApp_SDK_Example/downloads", "issues_url": "https://api.github.com/repos/StartApp-SDK/StartApp_InApp_SDK_Example/issues{/number}", "pulls_url": "https://api.github.com/repos/StartApp-SDK/StartApp_InApp_SDK_Example/pulls{/number}", "milestones_url": "https://api.github.com/repos/StartApp-SDK/StartApp_InApp_SDK_Example/milestones{/number}", "notifications_url": "https://api.github.com/repos/StartApp-SDK/StartApp_InApp_SDK_Example/notifications{?since,all,participating}", "labels_url": "https://api.github.com/repos/StartApp-SDK/StartApp_InApp_SDK_Example/labels{/name}", "releases_url": "https://api.github.com/repos/StartApp-SDK/StartApp_InApp_SDK_Example/releases{/id}", "deployments_url": "https://api.github.com/repos/StartApp-SDK/StartApp_InApp_SDK_Example/deployments", "created_at": "2013-12-19T15:39:15Z", "updated_at": "2021-12-12T17:26:56Z", "pushed_at": "2021-05-31T10:32:17Z", "git_url": "git://github.com/StartApp-SDK/StartApp_InApp_SDK_Example.git", "ssh_url": "git@github.com:StartApp-SDK/StartApp_InApp_SDK_Example.git", "clone_url": "https://github.com/StartApp-SDK/StartApp_InApp_SDK_Example.git", "svn_url": "https://github.com/StartApp-SDK/StartApp_InApp_SDK_Example", "homepage": "www.startapp.com", "size": 7326, "stargazers_count": 103, "watchers_count": 103, "language": "Java", "has_issues": false, "has_projects": true, "has_downloads": true, "has_wiki": true, "has_pages": false, "forks_count": 119, "mirror_url": null, "archived": false, "disabled": false, "open_issues_count": 1, "license": {"key": "other", "name": "Other", "spdx_id": "NOASSERTION", "url": null, "node_id": "MDc6TGljZW5zZTA="}, "allow_forking": true, "is_template": false, "topics": [], "visibility": "public", "forks": 119, "open_issues": 1, "watchers": 103, "default_branch": "master", "score": 1.0, "__project_size": 7664106, "__java_files_sizes": 19181, "__java_files_loc": 654, "contributors_url_calculated": 5, "commits_url_calculated": 65}