{"AdapterWithBanner": {"className": "AdapterWithBanner", "members": {"py/set": ["MIN_ITEMS_FOR_AD", "TYPE_DATA", "TYPE_BANNER", "LOG_TAG", "data", "context"]}, "methods": {"AdapterWithBanner": {"memberReferences": {"py/set": ["context"]}, "methodName": "AdapterWithBanner", "methodReferences": {"py/set": []}, "py/object": "JavaParserVisitor.MethodInfo"}, "getItem": {"memberReferences": {"py/set": ["MIN_ITEMS_FOR_AD", "data"]}, "methodName": "getItem", "methodReferences": {"py/set": []}, "py/object": "JavaParserVisitor.MethodInfo"}, "getItemCount": {"memberReferences": {"py/set": ["MIN_ITEMS_FOR_AD", "data"]}, "methodName": "getItemCount", "methodReferences": {"py/set": []}, "py/object": "JavaParserVisitor.MethodInfo"}, "getItemViewType": {"memberReferences": {"py/set": ["MIN_ITEMS_FOR_AD", "TYPE_DATA", "TYPE_BANNER", "data"]}, "methodName": "getItemViewType", "methodReferences": {"py/set": []}, "py/object": "JavaParserVisitor.MethodInfo"}, "onBindViewHolder": {"memberReferences": {"py/set": []}, "methodName": "onBindViewHolder", "methodReferences": {"py/set": []}, "py/object": "JavaParserVisitor.MethodInfo"}, "onCreateViewHolder": {"memberReferences": {"py/set": ["TYPE_DATA", "TYPE_BANNER", "context"]}, "methodName": "onCreateViewHolder", "methodReferences": {"py/set": []}, "py/object": "JavaParserVisitor.MethodInfo"}, "setData": {"memberReferences": {"py/set": ["data"]}, "methodName": "setData", "methodReferences": {"py/set": []}, "py/object": "JavaParserVisitor.MethodInfo"}}, "possibleFather": "RecyclerView.Adapter<AdapterWithBanner.BaseViewHolder>", "py/object": "JavaParserVisitor.ClassInfo", "span": 142}, "AdapterWithNativeAd": {"className": "AdapterWithNativeAd", "members": {"py/set": ["TYPE_NATIVE_AD", "TYPE_DATA", "nativeAd", "data", "context"]}, "methods": {"AdapterWithNativeAd": {"memberReferences": {"py/set": ["context"]}, "methodName": "AdapterWithNativeAd", "methodReferences": {"py/set": []}, "py/object": "JavaParserVisitor.MethodInfo"}, "getItem": {"memberReferences": {"py/set": ["nativeAd", "data"]}, "methodName": "getItem", "methodReferences": {"py/set": []}, "py/object": "JavaParserVisitor.MethodInfo"}, "getItemCount": {"memberReferences": {"py/set": ["nativeAd", "data"]}, "methodName": "getItemCount", "methodReferences": {"py/set": []}, "py/object": "JavaParserVisitor.MethodInfo"}, "getItemViewType": {"memberReferences": {"py/set": ["nativeAd", "TYPE_NATIVE_AD", "TYPE_DATA"]}, "methodName": "getItemViewType", "methodReferences": {"py/set": []}, "py/object": "JavaParserVisitor.MethodInfo"}, "onBindViewHolder": {"memberReferences": {"py/set": []}, "methodName": "onBindViewHolder", "methodReferences": {"py/set": []}, "py/object": "JavaParserVisitor.MethodInfo"}, "onCreateViewHolder": {"memberReferences": {"py/set": ["TYPE_NATIVE_AD", "TYPE_DATA", "context"]}, "methodName": "onCreateViewHolder", "methodReferences": {"py/set": []}, "py/object": "JavaParserVisitor.MethodInfo"}, "setData": {"memberReferences": {"py/set": ["data"]}, "methodName": "setData", "methodReferences": {"py/set": []}, "py/object": "JavaParserVisitor.MethodInfo"}, "setNativeAd": {"memberReferences": {"py/set": ["nativeAd"]}, "methodName": "setNativeAd", "methodReferences": {"py/set": []}, "py/object": "JavaParserVisitor.MethodInfo"}}, "possibleFather": "RecyclerView.Adapter<AdapterWithNativeAd.BaseViewHolder>", "py/object": "JavaParserVisitor.ClassInfo", "span": 151}, "BannerViewHolder": {"className": "BannerViewHolder", "members": {"py/set": []}, "methods": {"BannerViewHolder": {"memberReferences": {"py/set": []}, "methodName": "BannerViewHolder", "methodReferences": {"py/set": []}, "py/object": "JavaParserVisitor.MethodInfo"}, "onClick": {"memberReferences": {"py/set": []}, "methodName": "onClick", "methodReferences": {"py/set": []}, "py/object": "JavaParserVisitor.MethodInfo"}, "onFailedToReceiveAd": {"memberReferences": {"py/set": []}, "methodName": "onFailedToReceiveAd", "methodReferences": {"py/set": []}, "py/object": "JavaParserVisitor.MethodInfo"}, "onImpression": {"memberReferences": {"py/set": []}, "methodName": "onImpression", "methodReferences": {"py/set": []}, "py/object": "JavaParserVisitor.MethodInfo"}, "onReceiveAd": {"memberReferences": {"py/set": []}, "methodName": "onReceiveAd", "methodReferences": {"py/set": []}, "py/object": "JavaParserVisitor.MethodInfo"}}, "possibleFather": "BaseViewHolder", "py/object": "JavaParserVisitor.ClassInfo", "span": 29}, "BaseViewHolder": {"className": "BaseViewHolder", "members": {"py/set": []}, "methods": {"BaseViewHolder": {"memberReferences": {"py/set": []}, "methodName": "BaseViewHolder", "methodReferences": {"py/set": []}, "py/object": "JavaParserVisitor.MethodInfo"}, "onBind": {"memberReferences": {"py/set": []}, "methodName": "onBind", "methodReferences": {"py/set": []}, "py/object": "JavaParserVisitor.MethodInfo"}}, "possibleFather": "RecyclerView.ViewHolder", "py/object": "JavaParserVisitor.ClassInfo", "span": 5}, "DataViewHolder": {"className": "DataViewHolder", "members": {"py/set": ["textView"]}, "methods": {"DataViewHolder": {"memberReferences": {"py/set": ["textView"]}, "methodName": "DataViewHolder", "methodReferences": {"py/set": []}, "py/object": "JavaParserVisitor.MethodInfo"}, "onBind": {"memberReferences": {"py/set": []}, "methodName": "onBind", "methodReferences": {"py/set": []}, "py/object": "JavaParserVisitor.MethodInfo"}}, "possibleFather": "BaseViewHolder", "py/object": "JavaParserVisitor.ClassInfo", "span": 11}, "MainActivity": {"className": "MainActivity", "members": {"py/set": []}, "methods": {"onCreate": {"memberReferences": {"py/set": []}, "methodName": "onCreate", "methodReferences": {"py/set": []}, "py/object": "JavaParserVisitor.MethodInfo"}, "onFailedToReceiveAd": {"memberReferences": {"py/set": []}, "methodName": "onFailedToReceiveAd", "methodReferences": {"py/set": []}, "py/object": "JavaParserVisitor.MethodInfo"}, "onReceiveAd": {"memberReferences": {"py/set": []}, "methodName": "onReceiveAd", "methodReferences": {"py/set": []}, "py/object": "JavaParserVisitor.MethodInfo"}, "onVideoCompleted": {"memberReferences": {"py/set": []}, "methodName": "onVideoCompleted", "methodReferences": {"py/set": []}, "py/object": "JavaParserVisitor.MethodInfo"}, "showInterstitial": {"memberReferences": {"py/set": []}, "methodName": "showInterstitial", "methodReferences": {"py/set": []}, "py/object": "JavaParserVisitor.MethodInfo"}, "showRecyclerViewWithBanner": {"memberReferences": {"py/set": []}, "methodName": "showRecyclerViewWithBanner", "methodReferences": {"py/set": []}, "py/object": "JavaParserVisitor.MethodInfo"}, "showRecyclerViewWithNativeAd": {"memberReferences": {"py/set": []}, "methodName": "showRecyclerViewWithNativeAd", "methodReferences": {"py/set": []}, "py/object": "JavaParserVisitor.MethodInfo"}, "showRewardedVideo": {"memberReferences": {"py/set": []}, "methodName": "showRewardedVideo", "methodReferences": {"py/set": []}, "py/object": "JavaParserVisitor.MethodInfo"}}, "possibleFather": "AppCompatActivity", "py/object": "JavaParserVisitor.ClassInfo", "span": 45}, "NativeAdHolder": {"className": "NativeAdHolder", "members": {"py/set": ["title", "description", "button", "icon"]}, "methods": {"NativeAdHolder": {"memberReferences": {"py/set": ["icon", "button", "title", "description"]}, "methodName": "NativeAdHolder", "methodReferences": {"py/set": []}, "py/object": "JavaParserVisitor.MethodInfo"}, "onBind": {"memberReferences": {"py/set": ["button", "icon", "title", "description"]}, "methodName": "onBind", "methodReferences": {"py/set": []}, "py/object": "JavaParserVisitor.MethodInfo"}, "onClick": {"memberReferences": {"py/set": []}, "methodName": "onClick", "methodReferences": {"py/set": []}, "py/object": "JavaParserVisitor.MethodInfo"}}, "possibleFather": "BaseViewHolder", "py/object": "JavaParserVisitor.ClassInfo", "span": 31}, "OtherActivity": {"className": "OtherActivity", "members": {"py/set": []}, "methods": {"onClick": {"memberReferences": {"py/set": []}, "methodName": "onClick", "methodReferences": {"py/set": []}, "py/object": "JavaParserVisitor.MethodInfo"}, "onCreate": {"memberReferences": {"py/set": []}, "methodName": "onCreate", "methodReferences": {"py/set": []}, "py/object": "JavaParserVisitor.MethodInfo"}}, "possibleFather": "AppCompatActivity", "py/object": "JavaParserVisitor.ClassInfo", "span": 25}, "RecyclerViewWithBannerActivity": {"className": "RecyclerViewWithBannerActivity", "members": {"py/set": ["adapter"]}, "methods": {"loadData": {"memberReferences": {"py/set": ["adapter"]}, "methodName": "loadData", "methodReferences": {"py/set": []}, "py/object": "JavaParserVisitor.MethodInfo"}, "onCreate": {"memberReferences": {"py/set": ["adapter"]}, "methodName": "onCreate", "methodReferences": {"py/set": ["loadData"]}, "py/object": "JavaParserVisitor.MethodInfo"}, "run": {"memberReferences": {"py/set": ["adapter"]}, "methodName": "run", "methodReferences": {"py/set": []}, "py/object": "JavaParserVisitor.MethodInfo"}}, "possibleFather": "AppCompatActivity", "py/object": "JavaParserVisitor.ClassInfo", "span": 54}, "RecyclerViewWithNativeAdActivity": {"className": "RecyclerViewWithNativeAdActivity", "members": {"py/set": ["adapter", "LOG_TAG"]}, "methods": {"loadData": {"memberReferences": {"py/set": ["adapter"]}, "methodName": "loadData", "methodReferences": {"py/set": []}, "py/object": "JavaParserVisitor.MethodInfo"}, "loadNativeAd": {"memberReferences": {"py/set": []}, "methodName": "loadNativeAd", "methodReferences": {"py/set": []}, "py/object": "JavaParserVisitor.MethodInfo"}, "onCreate": {"memberReferences": {"py/set": ["adapter"]}, "methodName": "onCreate", "methodReferences": {"py/set": ["loadData", "loadNativeAd"]}, "py/object": "JavaParserVisitor.MethodInfo"}, "onFailedToReceiveAd": {"memberReferences": {"py/set": ["LOG_TAG"]}, "methodName": "onFailedToReceiveAd", "methodReferences": {"py/set": []}, "py/object": "JavaParserVisitor.MethodInfo"}, "onReceiveAd": {"memberReferences": {"py/set": ["adapter"]}, "methodName": "onReceiveAd", "methodReferences": {"py/set": []}, "py/object": "JavaParserVisitor.MethodInfo"}, "run": {"memberReferences": {"py/set": ["adapter"]}, "methodName": "run", "methodReferences": {"py/set": []}, "py/object": "JavaParserVisitor.MethodInfo"}}, "possibleFather": "AppCompatActivity", "py/object": "JavaParserVisitor.ClassInfo", "span": 80}}