{"SCOM": {"py/object": "Statistics.InterestingStatistics", "classValues": [{"py/tuple": [0.19312169312169317, 142]}, {"py/tuple": [0.16190476190476186, 151]}, {"py/tuple": [0.0, 29]}, {"py/tuple": [0.0, 5]}, {"py/tuple": [0.0, 11]}, {"py/tuple": [0.0, 45]}, {"py/tuple": [0.3333333333333333, 31]}, {"py/tuple": [0.0, 25]}, {"py/tuple": [1.0, 54]}, {"py/tuple": [0.2, 80]}]}, "LSCC": {"py/object": "Statistics.InterestingStatistics", "classValues": [{"py/tuple": [0.09523809523809523, 142]}, {"py/tuple": [0.08571428571428572, 151]}, {"py/tuple": [0, 29]}, {"py/tuple": [0, 5]}, {"py/tuple": [0.0, 11]}, {"py/tuple": [0, 45]}, {"py/tuple": [0.3333333333333333, 31]}, {"py/tuple": [0, 25]}, {"py/tuple": [1.0, 54]}, {"py/tuple": [0.2, 80]}]}, "CC": {"py/object": "Statistics.InterestingStatistics", "classValues": [{"py/tuple": [0.18968253968253967, 142]}, {"py/tuple": [0.16666666666666666, 151]}, {"py/tuple": [1, 29]}, {"py/tuple": [1, 5]}, {"py/tuple": [0.0, 11]}, {"py/tuple": [1, 45]}, {"py/tuple": [0.3333333333333333, 31]}, {"py/tuple": [1, 25]}, {"py/tuple": [1.0, 54]}, {"py/tuple": [0.4, 80]}]}, "LCOM5": {"py/object": "Statistics.InterestingStatistics", "classValues": [{"py/tuple": [0.6904761904761905, 142]}, {"py/tuple": [0.675, 151]}, {"py/tuple": [0, 29]}, {"py/tuple": [0, 5]}, {"py/tuple": [0.5, 11]}, {"py/tuple": [0, 45]}, {"py/tuple": [0.33333333333333337, 31]}, {"py/tuple": [0, 25]}, {"py/tuple": [0.0, 54]}, {"py/tuple": [0.5833333333333333, 80]}]}, "CBAMU": {"py/object": "Statistics.InterestingStatistics", "classValues": [{"py/tuple": [0.15476190476190477, 142]}, {"py/tuple": [0.1625, 151]}, {"py/tuple": [0.0, 29]}, {"py/tuple": [0.0, 5]}, {"py/tuple": [0.25, 11]}, {"py/tuple": [0.0, 45]}, {"py/tuple": [0.3333333333333333, 31]}, {"py/tuple": [0.0, 25]}, {"py/tuple": [0.5833333333333334, 54]}, {"py/tuple": [0.24166666666666667, 80]}]}}