{"AccountManager": {"className": "AccountManager", "members": {"py/set": ["mPortal", "sAccountManager", "mPortalInfo", "mPortalUser", "mAGOLPortal", "AGOL_PORTAL_URL"]}, "methods": {"AccountManager": {"memberReferences": {"py/set": []}, "methodName": "AccountManager", "methodReferences": {"py/set": []}, "py/object": "JavaParserVisitor.MethodInfo"}, "getAGOLPortal": {"memberReferences": {"py/set": ["mAGOLPortal", "AGOL_PORTAL_URL"]}, "methodName": "getAGOLPortal", "methodReferences": {"py/set": []}, "py/object": "JavaParserVisitor.MethodInfo"}, "getInstance": {"memberReferences": {"py/set": ["sAccountManager"]}, "methodName": "getInstance", "methodReferences": {"py/set": []}, "py/object": "JavaParserVisitor.MethodInfo"}, "getPortal": {"memberReferences": {"py/set": ["mPortal"]}, "methodName": "getPortal", "methodReferences": {"py/set": []}, "py/object": "JavaParserVisitor.MethodInfo"}, "getPortalInfo": {"memberReferences": {"py/set": ["mPortalInfo"]}, "methodName": "getPortalInfo", "methodReferences": {"py/set": []}, "py/object": "JavaParserVisitor.MethodInfo"}, "getPortalUser": {"memberReferences": {"py/set": ["mPortalUser"]}, "methodName": "getPortalUser", "methodReferences": {"py/set": []}, "py/object": "JavaParserVisitor.MethodInfo"}, "isSignedIn": {"memberReferences": {"py/set": ["mPortal"]}, "methodName": "isSignedIn", "methodReferences": {"py/set": []}, "py/object": "JavaParserVisitor.MethodInfo"}, "setPortal": {"memberReferences": {"py/set": ["mPortalInfo", "mPortalUser", "mPortal"]}, "methodName": "setPortal", "methodReferences": {"py/set": []}, "py/object": "JavaParserVisitor.MethodInfo"}}, "possibleFather": "", "py/object": "JavaParserVisitor.ClassInfo", "span": 70}, "BasemapItem": {"className": "BasemapItem", "members": {"py/set": ["item", "itemThumbnail"]}, "methods": {"BasemapItem": {"memberReferences": {"py/set": ["item", "itemThumbnail"]}, "methodName": "BasemapItem", "methodReferences": {"py/set": []}, "py/object": "JavaParserVisitor.MethodInfo"}}, "possibleFather": "", "py/object": "JavaParserVisitor.ClassInfo", "span": 8}, "BasemapsAdapter": {"className": "BasemapsAdapter", "members": {"py/set": ["mItems", "mOnClickListener", "mContext"]}, "methods": {"BasemapsAdapter": {"memberReferences": {"py/set": ["mItems", "mOnClickListener", "mContext"]}, "methodName": "BasemapsAdapter", "methodReferences": {"py/set": []}, "py/object": "JavaParserVisitor.MethodInfo"}, "getCount": {"memberReferences": {"py/set": ["mItems"]}, "methodName": "getCount", "methodReferences": {"py/set": []}, "py/object": "JavaParserVisitor.MethodInfo"}, "getItem": {"memberReferences": {"py/set": []}, "methodName": "getItem", "methodReferences": {"py/set": []}, "py/object": "JavaParserVisitor.MethodInfo"}, "getItemId": {"memberReferences": {"py/set": []}, "methodName": "getItemId", "methodReferences": {"py/set": []}, "py/object": "JavaParserVisitor.MethodInfo"}, "getView": {"memberReferences": {"py/set": ["mContext"]}, "methodName": "getView", "methodReferences": {"py/set": []}, "py/object": "JavaParserVisitor.MethodInfo"}, "onBasemapItemClicked": {"memberReferences": {"py/set": []}, "methodName": "onBasemapItemClicked", "methodReferences": {"py/set": []}, "py/object": "JavaParserVisitor.MethodInfo"}, "onClick": {"memberReferences": {"py/set": []}, "methodName": "onClick", "methodReferences": {"py/set": []}, "py/object": "JavaParserVisitor.MethodInfo"}}, "possibleFather": "BaseAdapter", "py/object": "JavaParserVisitor.ClassInfo", "span": 68}, "BasemapsDialogFragment": {"className": "BasemapsDialogFragment", "members": {"py/set": ["mProgressDialog", "TAG_BASEMAP_SEARCH_PROGRESS_DIALOG", "mBasemapItemList", "PUBLIC_BASEMAPS", "PRIVATE_BASEMAPS", "mBasemapsAdapter", "TAG", "mPortalItems", "REQUEST_CODE_PROGRESS_DIALOG", "mBasemapsDialogListener"]}, "methods": {"BasemapsDialogFragment": {"memberReferences": {"py/set": []}, "methodName": "BasemapsDialogFragment", "methodReferences": {"py/set": []}, "py/object": "JavaParserVisitor.MethodInfo"}, "fetchBasemapItems": {"memberReferences": {"py/set": ["mProgressDialog", "TAG_BASEMAP_SEARCH_PROGRESS_DIALOG", "PUBLIC_BASEMAPS", "PRIVATE_BASEMAPS", "TAG"]}, "methodName": "fetchBasemapItems", "methodReferences": {"py/set": ["getBasemapsFromUserPortal", "itemsLoadedFromCache", "loadBasemapsFromAGOL"]}, "py/object": "JavaParserVisitor.MethodInfo"}, "getBasemapThumbnails": {"memberReferences": {"py/set": ["mPortalItems"]}, "methodName": "getBasemapThumbnails", "methodReferences": {"py/set": []}, "py/object": "JavaParserVisitor.MethodInfo"}, "getBasemapsFromUserPortal": {"memberReferences": {"py/set": []}, "methodName": "getBasemapsFromUserPortal", "methodReferences": {"py/set": []}, "py/object": "JavaParserVisitor.MethodInfo"}, "itemsLoadedFromCache": {"memberReferences": {"py/set": ["TAG"]}, "methodName": "itemsLoadedFromCache", "methodReferences": {"py/set": []}, "py/object": "JavaParserVisitor.MethodInfo"}, "loadBasemapsFromAGOL": {"memberReferences": {"py/set": []}, "methodName": "loadBasemapsFromAGOL", "methodReferences": {"py/set": []}, "py/object": "JavaParserVisitor.MethodInfo"}, "onBasemapChanged": {"memberReferences": {"py/set": []}, "methodName": "onBasemapChanged", "methodReferences": {"py/set": []}, "py/object": "JavaParserVisitor.MethodInfo"}, "onBasemapItemClicked": {"memberReferences": {"py/set": []}, "methodName": "onBasemapItemClicked", "methodReferences": {"py/set": []}, "py/object": "JavaParserVisitor.MethodInfo"}, "onCreate": {"memberReferences": {"py/set": []}, "methodName": "onCreate", "methodReferences": {"py/set": []}, "py/object": "JavaParserVisitor.MethodInfo"}, "onCreateView": {"memberReferences": {"py/set": ["mBasemapItemList", "mProgressDialog", "TAG_BASEMAP_SEARCH_PROGRESS_DIALOG", "PUBLIC_BASEMAPS", "PRIVATE_BASEMAPS", "mBasemapsAdapter", "TAG"]}, "methodName": "onCreateView", "methodReferences": {"py/set": ["fetchBasemapItems"]}, "py/object": "JavaParserVisitor.MethodInfo"}, "run": {"memberReferences": {"py/set": []}, "methodName": "run", "methodReferences": {"py/set": []}, "py/object": "JavaParserVisitor.MethodInfo"}, "setBasemapsDialogListener": {"memberReferences": {"py/set": ["mBasemapsDialogListener"]}, "methodName": "setBasemapsDialogListener", "methodReferences": {"py/set": []}, "py/object": "JavaParserVisitor.MethodInfo"}}, "possibleFather": "DialogFragment", "py/object": "JavaParserVisitor.ClassInfo", "span": 272}, "Compass": {"className": "Compass", "members": {"py/set": ["mMatrix", "mAngle", "mBitmap", "mPaint"]}, "methods": {"Compass": {"memberReferences": {"py/set": ["mMatrix", "mPaint", "mBitmap"]}, "methodName": "Compass", "methodReferences": {"py/set": []}, "py/object": "JavaParserVisitor.MethodInfo"}, "onDraw": {"memberReferences": {"py/set": ["mMatrix", "mAngle"]}, "methodName": "onDraw", "methodReferences": {"py/set": []}, "py/object": "JavaParserVisitor.MethodInfo"}, "setRotationAngle": {"memberReferences": {"py/set": ["mAngle"]}, "methodName": "setRotationAngle", "methodReferences": {"py/set": []}, "py/object": "JavaParserVisitor.MethodInfo"}}, "possibleFather": "View", "py/object": "JavaParserVisitor.ClassInfo", "span": 43}, "ContentBrowserFragment": {"className": "ContentBrowserFragment", "members": {"py/set": ["mProgressDialog", "TAG_FETCH_MAPS_PROGRESS_DIALOG", "mMapGrid", "mMaps", "mNoMapsInfo", "TAG"]}, "methods": {"dismiss": {"memberReferences": {"py/set": []}, "methodName": "dismiss", "methodReferences": {"py/set": []}, "py/object": "JavaParserVisitor.MethodInfo"}, "fetchMyMaps": {"memberReferences": {"py/set": ["mProgressDialog", "TAG_FETCH_MAPS_PROGRESS_DIALOG"]}, "methodName": "fetchMyMaps", "methodReferences": {"py/set": []}, "py/object": "JavaParserVisitor.MethodInfo"}, "onClick": {"memberReferences": {"py/set": ["mProgressDialog", "TAG_FETCH_MAPS_PROGRESS_DIALOG"]}, "methodName": "onClick", "methodReferences": {"py/set": ["fetchMyMaps"]}, "py/object": "JavaParserVisitor.MethodInfo"}, "onCreateView": {"memberReferences": {"py/set": ["mProgressDialog", "TAG_FETCH_MAPS_PROGRESS_DIALOG", "mMapGrid", "mMaps", "mNoMapsInfo"]}, "methodName": "onCreateView", "methodReferences": {"py/set": ["refreshView", "fetchMyMaps"]}, "py/object": "JavaParserVisitor.MethodInfo"}, "onKey": {"memberReferences": {"py/set": []}, "methodName": "onKey", "methodReferences": {"py/set": ["dismiss"]}, "py/object": "JavaParserVisitor.MethodInfo"}, "onResume": {"memberReferences": {"py/set": []}, "methodName": "onResume", "methodReferences": {"py/set": []}, "py/object": "JavaParserVisitor.MethodInfo"}, "refreshView": {"memberReferences": {"py/set": ["mMapGrid", "mMaps", "mNoMapsInfo"]}, "methodName": "refreshView", "methodReferences": {"py/set": []}, "py/object": "JavaParserVisitor.MethodInfo"}, "run": {"memberReferences": {"py/set": ["mNoMapsInfo", "mMapGrid", "mMaps"]}, "methodName": "run", "methodReferences": {"py/set": ["refreshView"]}, "py/object": "JavaParserVisitor.MethodInfo"}}, "possibleFather": "Fragment", "py/object": "JavaParserVisitor.ClassInfo", "span": 263}, "DirectionsDialogFragment": {"className": "DirectionsDialogFragment", "members": {"py/set": ["mDirectionsDialogListener", "mRoutingDirections", "TAG"]}, "methods": {"DirectionsDialogFragment": {"memberReferences": {"py/set": []}, "methodName": "DirectionsDialogFragment", "methodReferences": {"py/set": []}, "py/object": "JavaParserVisitor.MethodInfo"}, "onAttach": {"memberReferences": {"py/set": []}, "methodName": "onAttach", "methodReferences": {"py/set": []}, "py/object": "JavaParserVisitor.MethodInfo"}, "onCreate": {"memberReferences": {"py/set": []}, "methodName": "onCreate", "methodReferences": {"py/set": []}, "py/object": "JavaParserVisitor.MethodInfo"}, "onCreateView": {"memberReferences": {"py/set": []}, "methodName": "onCreateView", "methodReferences": {"py/set": []}, "py/object": "JavaParserVisitor.MethodInfo"}, "onDetach": {"memberReferences": {"py/set": []}, "methodName": "onDetach", "methodReferences": {"py/set": []}, "py/object": "JavaParserVisitor.MethodInfo"}, "onDirectionSelected": {"memberReferences": {"py/set": []}, "methodName": "onDirectionSelected", "methodReferences": {"py/set": []}, "py/object": "JavaParserVisitor.MethodInfo"}, "onItemClick": {"memberReferences": {"py/set": []}, "methodName": "onItemClick", "methodReferences": {"py/set": []}, "py/object": "JavaParserVisitor.MethodInfo"}, "onViewCreated": {"memberReferences": {"py/set": []}, "methodName": "onViewCreated", "methodReferences": {"py/set": []}, "py/object": "JavaParserVisitor.MethodInfo"}, "setRoutingDirections": {"memberReferences": {"py/set": ["mDirectionsDialogListener", "mRoutingDirections"]}, "methodName": "setRoutingDirections", "methodReferences": {"py/set": []}, "py/object": "JavaParserVisitor.MethodInfo"}}, "possibleFather": "DialogFragment", "py/object": "JavaParserVisitor.ClassInfo", "span": 195}, "DirectionsListAdapter": {"className": "DirectionsListAdapter", "members": {"py/set": []}, "methods": {"DirectionsListAdapter": {"memberReferences": {"py/set": []}, "methodName": "DirectionsListAdapter", "methodReferences": {"py/set": []}, "py/object": "JavaParserVisitor.MethodInfo"}, "getRoutingIcon": {"memberReferences": {"py/set": []}, "methodName": "getRoutingIcon", "methodReferences": {"py/set": []}, "py/object": "JavaParserVisitor.MethodInfo"}, "getView": {"memberReferences": {"py/set": []}, "methodName": "getView", "methodReferences": {"py/set": ["getRoutingIcon"]}, "py/object": "JavaParserVisitor.MethodInfo"}}, "possibleFather": "ArrayAdapter<DirectionManeuver>", "py/object": "JavaParserVisitor.ClassInfo", "span": 117}, "DrawerItem": {"className": "DrawerItem", "members": {"py/set": ["mListener", "mView"]}, "methods": {"DrawerItem": {"memberReferences": {"py/set": ["mListener", "mView"]}, "methodName": "DrawerItem", "methodReferences": {"py/set": []}, "py/object": "JavaParserVisitor.MethodInfo"}, "getView": {"memberReferences": {"py/set": ["mView"]}, "methodName": "getView", "methodReferences": {"py/set": []}, "py/object": "JavaParserVisitor.MethodInfo"}, "onClick": {"memberReferences": {"py/set": []}, "methodName": "onClick", "methodReferences": {"py/set": []}, "py/object": "JavaParserVisitor.MethodInfo"}, "onClicked": {"memberReferences": {"py/set": ["mListener"]}, "methodName": "onClicked", "methodReferences": {"py/set": []}, "py/object": "JavaParserVisitor.MethodInfo"}}, "possibleFather": "", "py/object": "JavaParserVisitor.ClassInfo", "span": 23}, "DrawerItemClickListener": {"className": "DrawerItemClickListener", "members": {"py/set": []}, "methods": {"onItemClick": {"memberReferences": {"py/set": []}, "methodName": "onItemClick", "methodReferences": {"py/set": []}, "py/object": "JavaParserVisitor.MethodInfo"}}, "possibleFather": "", "py/object": "JavaParserVisitor.ClassInfo", "span": 4}, "DrawerItemListAdapter": {"className": "DrawerItemListAdapter", "members": {"py/set": []}, "methods": {"getCount": {"memberReferences": {"py/set": []}, "methodName": "getCount", "methodReferences": {"py/set": []}, "py/object": "JavaParserVisitor.MethodInfo"}, "getItem": {"memberReferences": {"py/set": []}, "methodName": "getItem", "methodReferences": {"py/set": []}, "py/object": "JavaParserVisitor.MethodInfo"}, "getItemId": {"memberReferences": {"py/set": []}, "methodName": "getItemId", "methodReferences": {"py/set": []}, "py/object": "JavaParserVisitor.MethodInfo"}, "getView": {"memberReferences": {"py/set": []}, "methodName": "getView", "methodReferences": {"py/set": ["getItem"]}, "py/object": "JavaParserVisitor.MethodInfo"}}, "possibleFather": "BaseAdapter", "py/object": "JavaParserVisitor.ClassInfo", "span": 20}, "FetchPortalItemThumbnailTask": {"className": "FetchPortalItemThumbnailTask", "members": {"py/set": ["mViewHolder"]}, "methods": {"FetchPortalItemThumbnailTask": {"memberReferences": {"py/set": ["mViewHolder"]}, "methodName": "FetchPortalItemThumbnailTask", "methodReferences": {"py/set": []}, "py/object": "JavaParserVisitor.MethodInfo"}, "call": {"memberReferences": {"py/set": ["mViewHolder"]}, "methodName": "call", "methodReferences": {"py/set": []}, "py/object": "JavaParserVisitor.MethodInfo"}, "run": {"memberReferences": {"py/set": ["mViewHolder"]}, "methodName": "run", "methodReferences": {"py/set": []}, "py/object": "JavaParserVisitor.MethodInfo"}}, "possibleFather": "", "py/object": "JavaParserVisitor.ClassInfo", "span": 40}, "LocationListener": {"className": "LocationListener", "members": {"py/set": []}, "methods": {"onLocationChanged": {"memberReferences": {"py/set": []}, "methodName": "onLocationChanged", "methodReferences": {"py/set": []}, "py/object": "JavaParserVisitor.MethodInfo"}}, "possibleFather": "", "py/object": "JavaParserVisitor.ClassInfo", "span": 5}, "MapFragment": {"className": "MapFragment", "members": {"py/set": ["mSuggestionsList", "mLocationDisplay", "COLUMN_NAME_X", "mRouteLayer", "mLocator", "mLocationLayerPointString", "ROUTE", "mSearchBox", "SUGGEST_PLACE", "COLUMN_NAME_Y", "mLongPressEvent", "mProgressDialog", "mRouteTask", "mNavButton", "mBasemapPortalItemId", "COLUMN_NAME_ADDRESS", "TAG", "mFoundLocation", "mSearchResult", "mCompass", "mStartLocationName", "mSuggestionCursor", "mLocation", "mRoutingDirections", "mDrawerList", "mBasemap", "suggestParams", "KEY_IS_LOCATION_TRACKING", "FIND_PLACE", "mMapView", "mDrawerLayout", "SEARCH_HINT", "mCompassFrameParams", "mMapContainer", "REQUEST_CODE_PROGRESS_DIALOG", "TAG_ROUTE_SEARCH_PROGRESS_DIALOG", "REVERSE_GEOCODE", "mInflater", "mEndLocationName", "mMap", "TAG_REVERSE_GEOCODING_PROGRESS_DIALOG", "KEY_PORTAL_ITEM_ID", "mGeocodeParams", "mReverseGeocodeParams", "mLocationLayer", "mlayoutParams", "TOP_MARGIN_SEARCH", "mIsInCompassMode", "mPortalItemId", "mGeocodedLocation", "KEY_BASEMAP_ITEM_ID", "mSearchview"]}, "methods": {"MapFragment": {"memberReferences": {"py/set": []}, "methodName": "MapFragment", "methodReferences": {"py/set": []}, "py/object": "JavaParserVisitor.MethodInfo"}, "addCompass": {"memberReferences": {"py/set": ["TOP_MARGIN_SEARCH", "mCompassFrameParams", "mCompass"]}, "methodName": "addCompass", "methodReferences": {"py/set": []}, "py/object": "JavaParserVisitor.MethodInfo"}, "addGraphicLayers": {"memberReferences": {"py/set": ["mLocationLayer", "mRouteLayer"]}, "methodName": "addGraphicLayers", "methodReferences": {"py/set": []}, "py/object": "JavaParserVisitor.MethodInfo"}, "applySuggestionCursor": {"memberReferences": {"py/set": ["COLUMN_NAME_ADDRESS", "mSuggestionCursor"]}, "methodName": "applySuggestionCursor", "methodReferences": {"py/set": []}, "py/object": "JavaParserVisitor.MethodInfo"}, "calculateSearchArea": {"memberReferences": {"py/set": ["mMapView"]}, "methodName": "calculateSearchArea", "methodReferences": {"py/set": []}, "py/object": "JavaParserVisitor.MethodInfo"}, "call": {"memberReferences": {"py/set": []}, "methodName": "call", "methodReferences": {"py/set": []}, "py/object": "JavaParserVisitor.MethodInfo"}, "convertPixelsToDp": {"memberReferences": {"py/set": []}, "methodName": "convertPixelsToDp", "methodReferences": {"py/set": []}, "py/object": "JavaParserVisitor.MethodInfo"}, "createMarkerGraphic": {"memberReferences": {"py/set": ["TAG"]}, "methodName": "createMarkerGraphic", "methodReferences": {"py/set": ["convertPixelsToDp"]}, "py/object": "JavaParserVisitor.MethodInfo"}, "displaySearchResult": {"memberReferences": {"py/set": ["mInflater", "mFoundLocation", "mLocationLayerPointString", "TAG", "mSearchResult"]}, "methodName": "displaySearchResult", "methodReferences": {"py/set": ["showSearchResultLayout"]}, "py/object": "JavaParserVisitor.MethodInfo"}, "geoCodeSuggestedLocation": {"memberReferences": {"py/set": ["mSuggestionsList", "suggestParams", "FIND_PLACE", "mGeocodeParams", "mReverseGeocodeParams", "mGeocodedLocation"]}, "methodName": "geoCodeSuggestedLocation", "methodReferences": {"py/set": ["locatorParams", "newInstance"]}, "py/object": "JavaParserVisitor.MethodInfo"}, "geoCodeTypedAddress": {"memberReferences": {"py/set": ["mLocation", "mGeocodedLocation", "mLocator"]}, "methodName": "geoCodeTypedAddress", "methodReferences": {"py/set": []}, "py/object": "JavaParserVisitor.MethodInfo"}, "getRoute": {"memberReferences": {"py/set": ["suggestParams", "ROUTE", "TAG_ROUTE_SEARCH_PROGRESS_DIALOG", "mProgressDialog", "mEndLocationName", "mRouteTask", "mReverseGeocodeParams", "mGeocodeParams", "mGeocodedLocation", "TAG", "mStartLocationName"]}, "methodName": "getRoute", "methodReferences": {"py/set": ["locatorParams", "showProgressDialog"]}, "py/object": "JavaParserVisitor.MethodInfo"}, "getSuggestions": {"memberReferences": {"py/set": ["SUGGEST_PLACE", "mLocator", "suggestParams", "mReverseGeocodeParams", "mGeocodeParams"]}, "methodName": "getSuggestions", "methodReferences": {"py/set": ["locatorParams"]}, "py/object": "JavaParserVisitor.MethodInfo"}, "initSuggestionCursor": {"memberReferences": {"py/set": ["COLUMN_NAME_X", "COLUMN_NAME_ADDRESS", "COLUMN_NAME_Y", "mSuggestionCursor"]}, "methodName": "initSuggestionCursor", "methodReferences": {"py/set": []}, "py/object": "JavaParserVisitor.MethodInfo"}, "loadWebMapIntoMapView": {"memberReferences": {"py/set": []}, "methodName": "loadWebMapIntoMapView", "methodReferences": {"py/set": []}, "py/object": "JavaParserVisitor.MethodInfo"}, "locatorParams": {"memberReferences": {"py/set": ["suggestParams", "mReverseGeocodeParams", "mGeocodeParams"]}, "methodName": "locatorParams", "methodReferences": {"py/set": []}, "py/object": "JavaParserVisitor.MethodInfo"}, "newInstance": {"memberReferences": {"py/set": []}, "methodName": "newInstance", "methodReferences": {"py/set": []}, "py/object": "JavaParserVisitor.MethodInfo"}, "onBasemapChanged": {"memberReferences": {"py/set": ["mPortalItemId"]}, "methodName": "onBasemapChanged", "methodReferences": {"py/set": []}, "py/object": "JavaParserVisitor.MethodInfo"}, "onCancel": {"memberReferences": {"py/set": []}, "methodName": "onCancel", "methodReferences": {"py/set": []}, "py/object": "JavaParserVisitor.MethodInfo"}, "onClick": {"memberReferences": {"py/set": ["mInflater", "mRoutingDirections", "mDrawerList", "mNavButton", "mLocationLayerPointString", "mSearchBox", "COLUMN_NAME_ADDRESS", "mDrawerLayout", "mFoundLocation", "mSearchview", "mSuggestionCursor"]}, "methodName": "onClick", "methodReferences": {"py/set": ["resetGraphicsLayers", "showSearchBoxLayout"]}, "py/object": "JavaParserVisitor.MethodInfo"}, "onCreate": {"memberReferences": {"py/set": ["mBasemapPortalItemId", "mIsInCompassMode", "mPortalItemId", "TAG"]}, "methodName": "onCreate", "methodReferences": {"py/set": []}, "py/object": "JavaParserVisitor.MethodInfo"}, "onCreateView": {"memberReferences": {"py/set": ["mLocationDisplay", "mBasemap", "mDrawerList", "mLocator", "mRouteLayer", "mMapView", "mSearchBox", "mDrawerLayout", "mMapContainer", "mLongPressEvent", "mInflater", "mMap", "mNavButton", "mBasemapPortalItemId", "COLUMN_NAME_ADDRESS", "mLocationLayer", "mlayoutParams", "mPortalItemId", "mSearchview", "mSuggestionCursor"]}, "methodName": "onCreateView", "methodReferences": {"py/set": ["setMapView", "setClickListenerForFloatingActionButton", "loadWebMapIntoMapView", "addGraphicLayers"]}, "py/object": "JavaParserVisitor.MethodInfo"}, "onDestroyView": {"memberReferences": {"py/set": ["mMapView"]}, "methodName": "onDestroyView", "methodReferences": {"py/set": []}, "py/object": "JavaParserVisitor.MethodInfo"}, "onDirectionSelected": {"memberReferences": {"py/set": []}, "methodName": "onDirectionSelected", "methodReferences": {"py/set": []}, "py/object": "JavaParserVisitor.MethodInfo"}, "onGetRoute": {"memberReferences": {"py/set": ["mLocation", "mRoutingDirections", "suggestParams", "mLocationLayerPointString", "ROUTE", "TAG_ROUTE_SEARCH_PROGRESS_DIALOG", "mProgressDialog", "mEndLocationName", "mRouteTask", "mReverseGeocodeParams", "mGeocodeParams", "mGeocodedLocation", "TAG", "mFoundLocation", "mStartLocationName"]}, "methodName": "onGetRoute", "methodReferences": {"py/set": ["getRoute", "resetGraphicsLayers"]}, "py/object": "JavaParserVisitor.MethodInfo"}, "onGlobalLayout": {"memberReferences": {"py/set": ["TOP_MARGIN_SEARCH", "mCompassFrameParams", "mCompass"]}, "methodName": "onGlobalLayout", "methodReferences": {"py/set": ["addCompass"]}, "py/object": "JavaParserVisitor.MethodInfo"}, "onPause": {"memberReferences": {"py/set": ["mIsInCompassMode", "mMapView"]}, "methodName": "onPause", "methodReferences": {"py/set": []}, "py/object": "JavaParserVisitor.MethodInfo"}, "onQueryTextChange": {"memberReferences": {"py/set": ["SUGGEST_PLACE", "mLocator", "suggestParams", "mReverseGeocodeParams", "mGeocodeParams"]}, "methodName": "onQueryTextChange", "methodReferences": {"py/set": ["getSuggestions"]}, "py/object": "JavaParserVisitor.MethodInfo"}, "onQueryTextSubmit": {"memberReferences": {"py/set": ["mLocation", "mRoutingDirections", "mGeocodedLocation", "mLocator", "mFoundLocation", "mLocationLayerPointString"]}, "methodName": "onQueryTextSubmit", "methodReferences": {"py/set": ["onSearchButtonClicked"]}, "py/object": "JavaParserVisitor.MethodInfo"}, "onResume": {"memberReferences": {"py/set": ["mIsInCompassMode", "mMapView"]}, "methodName": "onResume", "methodReferences": {"py/set": []}, "py/object": "JavaParserVisitor.MethodInfo"}, "onSaveInstanceState": {"memberReferences": {"py/set": []}, "methodName": "onSaveInstanceState", "methodReferences": {"py/set": []}, "py/object": "JavaParserVisitor.MethodInfo"}, "onSearchButtonClicked": {"memberReferences": {"py/set": ["mLocation", "mRoutingDirections", "mGeocodedLocation", "mLocator", "mFoundLocation", "mLocationLayerPointString"]}, "methodName": "onSearchButtonClicked", "methodReferences": {"py/set": ["resetGraphicsLayers", "geoCodeTypedAddress"]}, "py/object": "JavaParserVisitor.MethodInfo"}, "onSuggestionClick": {"memberReferences": {"py/set": ["mSuggestionsList", "mGeocodedLocation", "suggestParams", "FIND_PLACE", "mGeocodeParams", "mReverseGeocodeParams"]}, "methodName": "onSuggestionClick", "methodReferences": {"py/set": ["geoCodeSuggestedLocation"]}, "py/object": "JavaParserVisitor.MethodInfo"}, "onSuggestionSelect": {"memberReferences": {"py/set": []}, "methodName": "onSuggestionSelect", "methodReferences": {"py/set": []}, "py/object": "JavaParserVisitor.MethodInfo"}, "resetGraphicsLayers": {"memberReferences": {"py/set": ["mRoutingDirections", "mFoundLocation", "mLocationLayerPointString"]}, "methodName": "resetGraphicsLayers", "methodReferences": {"py/set": []}, "py/object": "JavaParserVisitor.MethodInfo"}, "reverseGeocode": {"memberReferences": {"py/set": ["mProgressDialog", "REVERSE_GEOCODE", "TAG_REVERSE_GEOCODING_PROGRESS_DIALOG", "suggestParams", "mReverseGeocodeParams", "mGeocodeParams"]}, "methodName": "reverseGeocode", "methodReferences": {"py/set": ["locatorParams", "showProgressDialog"]}, "py/object": "JavaParserVisitor.MethodInfo"}, "run": {"memberReferences": {"py/set": ["mProgressDialog", "mInflater", "TAG", "mFoundLocation", "mSearchResult", "mLocationLayerPointString"]}, "methodName": "run", "methodReferences": {"py/set": ["showReverseGeocodeResult"]}, "py/object": "JavaParserVisitor.MethodInfo"}, "setClickListenerForFloatingActionButton": {"memberReferences": {"py/set": ["mMapContainer"]}, "methodName": "setClickListenerForFloatingActionButton", "methodReferences": {"py/set": []}, "py/object": "JavaParserVisitor.MethodInfo"}, "setMapView": {"memberReferences": {"py/set": ["mLocationDisplay", "mDrawerList", "mLocator", "mMapView", "mSearchBox", "mDrawerLayout", "mLongPressEvent", "mInflater", "mNavButton", "COLUMN_NAME_ADDRESS", "mlayoutParams", "mSearchview", "mSuggestionCursor"]}, "methodName": "setMapView", "methodReferences": {"py/set": ["showSearchBoxLayout"]}, "py/object": "JavaParserVisitor.MethodInfo"}, "showDirectionsDialogFragment": {"memberReferences": {"py/set": ["mRoutingDirections"]}, "methodName": "showDirectionsDialogFragment", "methodReferences": {"py/set": []}, "py/object": "JavaParserVisitor.MethodInfo"}, "showProgressDialog": {"memberReferences": {"py/set": ["mProgressDialog"]}, "methodName": "showProgressDialog", "methodReferences": {"py/set": []}, "py/object": "JavaParserVisitor.MethodInfo"}, "showReverseGeocodeResult": {"memberReferences": {"py/set": ["mInflater", "mLocationLayerPointString", "TAG", "mFoundLocation", "mSearchResult"]}, "methodName": "showReverseGeocodeResult", "methodReferences": {"py/set": ["showSearchResultLayout"]}, "py/object": "JavaParserVisitor.MethodInfo"}, "showRoute": {"memberReferences": {"py/set": ["mInflater", "mEndLocationName", "mRoutingDirections", "TAG", "mSearchResult", "mStartLocationName"]}, "methodName": "showRoute", "methodReferences": {"py/set": ["showRoutingResultLayout", "createMarkerGraphic"]}, "py/object": "JavaParserVisitor.MethodInfo"}, "showRoutingDialogFragment": {"memberReferences": {"py/set": ["mLocationLayerPointString", "mFoundLocation"]}, "methodName": "showRoutingDialogFragment", "methodReferences": {"py/set": []}, "py/object": "JavaParserVisitor.MethodInfo"}, "showRoutingResultLayout": {"memberReferences": {"py/set": ["mInflater", "mEndLocationName", "mSearchResult", "mStartLocationName"]}, "methodName": "showRoutingResultLayout", "methodReferences": {"py/set": []}, "py/object": "JavaParserVisitor.MethodInfo"}, "showSearchBoxLayout": {"memberReferences": {"py/set": ["mInflater", "mDrawerList", "mNavButton", "mSearchBox", "COLUMN_NAME_ADDRESS", "mDrawerLayout", "mSearchview", "mSuggestionCursor"]}, "methodName": "showSearchBoxLayout", "methodReferences": {"py/set": ["applySuggestionCursor"]}, "py/object": "JavaParserVisitor.MethodInfo"}, "showSearchResultLayout": {"memberReferences": {"py/set": ["mInflater", "mSearchResult"]}, "methodName": "showSearchResultLayout", "methodReferences": {"py/set": []}, "py/object": "JavaParserVisitor.MethodInfo"}, "showSuggestedPlace": {"memberReferences": {"py/set": ["mInflater", "mLocationLayerPointString", "mGeocodedLocation", "TAG", "mFoundLocation", "mSearchResult"]}, "methodName": "showSuggestedPlace", "methodReferences": {"py/set": ["displaySearchResult"]}, "py/object": "JavaParserVisitor.MethodInfo"}, "showSuggestedPlaceNames": {"memberReferences": {"py/set": ["COLUMN_NAME_ADDRESS", "COLUMN_NAME_Y", "COLUMN_NAME_X", "mSuggestionCursor"]}, "methodName": "showSuggestedPlaceNames", "methodReferences": {"py/set": ["applySuggestionCursor", "initSuggestionCursor"]}, "py/object": "JavaParserVisitor.MethodInfo"}, "viewpointChanged": {"memberReferences": {"py/set": ["mCompass"]}, "methodName": "viewpointChanged", "methodReferences": {"py/set": []}, "py/object": "JavaParserVisitor.MethodInfo"}}, "possibleFather": "Fragment", "py/object": "JavaParserVisitor.ClassInfo", "span": 1574}, "MapGridAdapter": {"className": "MapGridAdapter", "members": {"py/set": []}, "methods": {"getCount": {"memberReferences": {"py/set": []}, "methodName": "getCount", "methodReferences": {"py/set": []}, "py/object": "JavaParserVisitor.MethodInfo"}, "getItem": {"memberReferences": {"py/set": []}, "methodName": "getItem", "methodReferences": {"py/set": []}, "py/object": "JavaParserVisitor.MethodInfo"}, "getItemId": {"memberReferences": {"py/set": []}, "methodName": "getItemId", "methodReferences": {"py/set": []}, "py/object": "JavaParserVisitor.MethodInfo"}, "getView": {"memberReferences": {"py/set": []}, "methodName": "getView", "methodReferences": {"py/set": []}, "py/object": "JavaParserVisitor.MethodInfo"}}, "possibleFather": "BaseAdapter", "py/object": "JavaParserVisitor.ClassInfo", "span": 43}, "MapTouchListener": {"className": "MapTouchListener", "members": {"py/set": []}, "methods": {"MapTouchListener": {"memberReferences": {"py/set": []}, "methodName": "MapTouchListener", "methodReferences": {"py/set": []}, "py/object": "JavaParserVisitor.MethodInfo"}, "onLongPress": {"memberReferences": {"py/set": []}, "methodName": "onLongPress", "methodReferences": {"py/set": []}, "py/object": "JavaParserVisitor.MethodInfo"}, "onRotate": {"memberReferences": {"py/set": []}, "methodName": "onRotate", "methodReferences": {"py/set": []}, "py/object": "JavaParserVisitor.MethodInfo"}, "onUp": {"memberReferences": {"py/set": []}, "methodName": "onUp", "methodReferences": {"py/set": []}, "py/object": "JavaParserVisitor.MethodInfo"}}, "possibleFather": "DefaultMapViewOnTouchListener", "py/object": "JavaParserVisitor.ClassInfo", "span": 53}, "MapsAppActivity": {"className": "MapsAppActivity", "members": {"py/set": ["PERMISSION_REQUEST_LOCATION", "mDrawerItems", "mDrawerList", "mLayout", "mDrawerLayout", "REQUEST_LOCATION_SETTINGS", "REQUEST_WIFI_SETTINGS", "REQUEST_ARCGIS_CRED", "TAG"]}, "methods": {"checkSettings": {"memberReferences": {"py/set": ["REQUEST_LOCATION_SETTINGS", "REQUEST_WIFI_SETTINGS"]}, "methodName": "checkSettings", "methodReferences": {"py/set": ["showDialog", "locationTrackingEnabled", "setView", "internetConnectivity"]}, "py/object": "JavaParserVisitor.MethodInfo"}, "internetConnectivity": {"memberReferences": {"py/set": []}, "methodName": "internetConnectivity", "methodReferences": {"py/set": []}, "py/object": "JavaParserVisitor.MethodInfo"}, "locationTrackingEnabled": {"memberReferences": {"py/set": []}, "methodName": "locationTrackingEnabled", "methodReferences": {"py/set": []}, "py/object": "JavaParserVisitor.MethodInfo"}, "onActivityResult": {"memberReferences": {"py/set": ["REQUEST_LOCATION_SETTINGS", "REQUEST_WIFI_SETTINGS", "REQUEST_ARCGIS_CRED", "TAG"]}, "methodName": "onActivityResult", "methodReferences": {"py/set": ["checkSettings"]}, "py/object": "JavaParserVisitor.MethodInfo"}, "onBasemapChanged": {"memberReferences": {"py/set": []}, "methodName": "onBasemapChanged", "methodReferences": {"py/set": ["showMap"]}, "py/object": "JavaParserVisitor.MethodInfo"}, "onClick": {"memberReferences": {"py/set": []}, "methodName": "onClick", "methodReferences": {"py/set": []}, "py/object": "JavaParserVisitor.MethodInfo"}, "onCreate": {"memberReferences": {"py/set": ["mDrawerLayout", "PERMISSION_REQUEST_LOCATION", "mLayout"]}, "methodName": "onCreate", "methodReferences": {"py/set": ["setupDrawer", "requestLocationPermission"]}, "py/object": "JavaParserVisitor.MethodInfo"}, "onRequestPermissionsResult": {"memberReferences": {"py/set": ["PERMISSION_REQUEST_LOCATION", "mLayout", "REQUEST_LOCATION_SETTINGS", "REQUEST_WIFI_SETTINGS"]}, "methodName": "onRequestPermissionsResult", "methodReferences": {"py/set": ["checkSettings"]}, "py/object": "JavaParserVisitor.MethodInfo"}, "onResume": {"memberReferences": {"py/set": []}, "methodName": "onResume", "methodReferences": {"py/set": ["updateDrawer"]}, "py/object": "JavaParserVisitor.MethodInfo"}, "requestLocationPermission": {"memberReferences": {"py/set": ["PERMISSION_REQUEST_LOCATION", "mLayout"]}, "methodName": "requestLocationPermission", "methodReferences": {"py/set": []}, "py/object": "JavaParserVisitor.MethodInfo"}, "setView": {"memberReferences": {"py/set": []}, "methodName": "setView", "methodReferences": {"py/set": ["showContentBrowser", "showMap"]}, "py/object": "JavaParserVisitor.MethodInfo"}, "setupDrawer": {"memberReferences": {"py/set": ["mDrawerLayout"]}, "methodName": "setupDrawer", "methodReferences": {"py/set": ["updateDrawer"]}, "py/object": "JavaParserVisitor.MethodInfo"}, "showContentBrowser": {"memberReferences": {"py/set": []}, "methodName": "showContentBrowser", "methodReferences": {"py/set": []}, "py/object": "JavaParserVisitor.MethodInfo"}, "showDialog": {"memberReferences": {"py/set": []}, "methodName": "showDialog", "methodReferences": {"py/set": []}, "py/object": "JavaParserVisitor.MethodInfo"}, "showMap": {"memberReferences": {"py/set": []}, "methodName": "showMap", "methodReferences": {"py/set": []}, "py/object": "JavaParserVisitor.MethodInfo"}, "showSignInActivity": {"memberReferences": {"py/set": []}, "methodName": "showSignInActivity", "methodReferences": {"py/set": []}, "py/object": "JavaParserVisitor.MethodInfo"}, "signOut": {"memberReferences": {"py/set": []}, "methodName": "signOut", "methodReferences": {"py/set": ["setView", "updateDrawer"]}, "py/object": "JavaParserVisitor.MethodInfo"}, "updateDrawer": {"memberReferences": {"py/set": []}, "methodName": "updateDrawer", "methodReferences": {"py/set": []}, "py/object": "JavaParserVisitor.MethodInfo"}}, "possibleFather": "AppCompatActivity", "py/object": "JavaParserVisitor.ClassInfo", "span": 437}, "PersistBasemaps": {"className": "PersistBasemaps", "members": {"py/set": ["storage", "ourInstance"]}, "methods": {"PersistBasemaps": {"memberReferences": {"py/set": []}, "methodName": "PersistBasemaps", "methodReferences": {"py/set": []}, "py/object": "JavaParserVisitor.MethodInfo"}, "getInstance": {"memberReferences": {"py/set": ["ourInstance"]}, "methodName": "getInstance", "methodReferences": {"py/set": []}, "py/object": "JavaParserVisitor.MethodInfo"}}, "possibleFather": "", "py/object": "JavaParserVisitor.ClassInfo", "span": 10}, "ProgressDialogFragment": {"className": "ProgressDialogFragment", "members": {"py/set": ["mOnCancelListener", "KEY_PROGRESS_MESSAGE"]}, "methods": {"ProgressDialogFragment": {"memberReferences": {"py/set": []}, "methodName": "ProgressDialogFragment", "methodReferences": {"py/set": []}, "py/object": "JavaParserVisitor.MethodInfo"}, "newInstance": {"memberReferences": {"py/set": []}, "methodName": "newInstance", "methodReferences": {"py/set": []}, "py/object": "JavaParserVisitor.MethodInfo"}, "onAttach": {"memberReferences": {"py/set": ["mOnCancelListener"]}, "methodName": "onAttach", "methodReferences": {"py/set": []}, "py/object": "JavaParserVisitor.MethodInfo"}, "onCancel": {"memberReferences": {"py/set": ["mOnCancelListener"]}, "methodName": "onCancel", "methodReferences": {"py/set": []}, "py/object": "JavaParserVisitor.MethodInfo"}, "onCreateDialog": {"memberReferences": {"py/set": []}, "methodName": "onCreateDialog", "methodReferences": {"py/set": []}, "py/object": "JavaParserVisitor.MethodInfo"}}, "possibleFather": "DialogFragment", "py/object": "JavaParserVisitor.ClassInfo", "span": 58}, "RouteSolver": {"className": "RouteSolver", "members": {"py/set": ["destination", "origin"]}, "methods": {"RouteSolver": {"memberReferences": {"py/set": ["destination", "origin"]}, "methodName": "RouteSolver", "methodReferences": {"py/set": []}, "py/object": "JavaParserVisitor.MethodInfo"}, "run": {"memberReferences": {"py/set": []}, "methodName": "run", "methodReferences": {"py/set": []}, "py/object": "JavaParserVisitor.MethodInfo"}}, "possibleFather": "", "py/object": "JavaParserVisitor.ClassInfo", "span": 74}, "RoutingDialogFragment": {"className": "RoutingDialogFragment", "members": {"py/set": ["MY_LOCATION", "mStartText", "ARG_END_POINT_DEFAULT", "mEndText", "SEARCH_FROM", "mRoutingDialogListener", "mEndPointDefault", "SEARCH_TO"]}, "methods": {"RoutingDialogFragment": {"memberReferences": {"py/set": []}, "methodName": "RoutingDialogFragment", "methodReferences": {"py/set": []}, "py/object": "JavaParserVisitor.MethodInfo"}, "onClick": {"memberReferences": {"py/set": ["mStartText"]}, "methodName": "onClick", "methodReferences": {"py/set": []}, "py/object": "JavaParserVisitor.MethodInfo"}, "onCreate": {"memberReferences": {"py/set": ["ARG_END_POINT_DEFAULT", "mEndPointDefault"]}, "methodName": "onCreate", "methodReferences": {"py/set": []}, "py/object": "JavaParserVisitor.MethodInfo"}, "onCreateView": {"memberReferences": {"py/set": ["mStartText", "mEndText", "mEndPointDefault"]}, "methodName": "onCreateView", "methodReferences": {"py/set": []}, "py/object": "JavaParserVisitor.MethodInfo"}, "onGetRoute": {"memberReferences": {"py/set": []}, "methodName": "onGetRoute", "methodReferences": {"py/set": []}, "py/object": "JavaParserVisitor.MethodInfo"}, "onQueryTextChange": {"memberReferences": {"py/set": []}, "methodName": "onQueryTextChange", "methodReferences": {"py/set": []}, "py/object": "JavaParserVisitor.MethodInfo"}, "onQueryTextSubmit": {"memberReferences": {"py/set": []}, "methodName": "onQueryTextSubmit", "methodReferences": {"py/set": []}, "py/object": "JavaParserVisitor.MethodInfo"}, "setRoutingDialogListener": {"memberReferences": {"py/set": ["mRoutingDialogListener"]}, "methodName": "setRoutingDialogListener", "methodReferences": {"py/set": []}, "py/object": "JavaParserVisitor.MethodInfo"}}, "possibleFather": "DialogFragment", "py/object": "JavaParserVisitor.ClassInfo", "span": 173}, "SignInActivity": {"className": "SignInActivity", "members": {"py/set": ["MSG_OBTAIN_CLIENT_ID", "mPortalUrlEditText", "mPortalUrl", "TAG_PROGRESS_DIALOG", "mContinueButton", "TAG", "HTTPS", "HTTP"]}, "methods": {"afterTextChanged": {"memberReferences": {"py/set": ["mContinueButton"]}, "methodName": "afterTextChanged", "methodReferences": {"py/set": []}, "py/object": "JavaParserVisitor.MethodInfo"}, "beforeTextChanged": {"memberReferences": {"py/set": []}, "methodName": "beforeTextChanged", "methodReferences": {"py/set": []}, "py/object": "JavaParserVisitor.MethodInfo"}, "getErrorCode": {"memberReferences": {"py/set": []}, "methodName": "getErrorCode", "methodReferences": {"py/set": []}, "py/object": "JavaParserVisitor.MethodInfo"}, "onClick": {"memberReferences": {"py/set": ["mPortalUrl", "HTTPS"]}, "methodName": "onClick", "methodReferences": {"py/set": []}, "py/object": "JavaParserVisitor.MethodInfo"}, "onCreate": {"memberReferences": {"py/set": ["mPortalUrlEditText", "mPortalUrl", "mContinueButton", "TAG"]}, "methodName": "onCreate", "methodReferences": {"py/set": []}, "py/object": "JavaParserVisitor.MethodInfo"}, "onTextChanged": {"memberReferences": {"py/set": []}, "methodName": "onTextChanged", "methodReferences": {"py/set": []}, "py/object": "JavaParserVisitor.MethodInfo"}, "run": {"memberReferences": {"py/set": []}, "methodName": "run", "methodReferences": {"py/set": ["getErrorCode"]}, "py/object": "JavaParserVisitor.MethodInfo"}, "signInWithOAuth": {"memberReferences": {"py/set": ["MSG_OBTAIN_CLIENT_ID", "mPortalUrl", "TAG"]}, "methodName": "signInWithOAuth", "methodReferences": {"py/set": []}, "py/object": "JavaParserVisitor.MethodInfo"}}, "possibleFather": "Activity", "py/object": "JavaParserVisitor.ClassInfo", "span": 178}, "StringUtils": {"className": "StringUtils", "members": {"py/set": []}, "methods": {"isEmpty": {"memberReferences": {"py/set": []}, "methodName": "isEmpty", "methodReferences": {"py/set": []}, "py/object": "JavaParserVisitor.MethodInfo"}, "isNotEmpty": {"memberReferences": {"py/set": []}, "methodName": "isNotEmpty", "methodReferences": {"py/set": ["isEmpty"]}, "py/object": "JavaParserVisitor.MethodInfo"}}, "possibleFather": "", "py/object": "JavaParserVisitor.ClassInfo", "span": 22}, "TaskExecutor": {"className": "TaskExecutor", "members": {"py/set": ["POOL_SIZE", "mPool", "sInstance"]}, "methods": {"TaskExecutor": {"memberReferences": {"py/set": []}, "methodName": "TaskExecutor", "methodReferences": {"py/set": []}, "py/object": "JavaParserVisitor.MethodInfo"}, "getInstance": {"memberReferences": {"py/set": ["sInstance"]}, "methodName": "getInstance", "methodReferences": {"py/set": []}, "py/object": "JavaParserVisitor.MethodInfo"}, "getThreadPool": {"memberReferences": {"py/set": ["mPool"]}, "methodName": "getThreadPool", "methodReferences": {"py/set": []}, "py/object": "JavaParserVisitor.MethodInfo"}}, "possibleFather": "", "py/object": "JavaParserVisitor.ClassInfo", "span": 19}, "ViewHolder": {"className": "ViewHolder", "members": {"py/set": ["title", "portalItem", "thumbnailImageView", "thumbnailFetchTask"]}, "methods": {"fetchTumbnail": {"memberReferences": {"py/set": ["thumbnailFetchTask"]}, "methodName": "fetchTumbnail", "methodReferences": {"py/set": []}, "py/object": "JavaParserVisitor.MethodInfo"}}, "possibleFather": "", "py/object": "JavaParserVisitor.ClassInfo", "span": 20}}