{"CanaryTest": {"className": "CanaryTest", "members": {"py/set": []}, "methods": {"should_be_able_to_run_a_trivial_test_case": {"memberReferences": {"py/set": []}, "methodName": "should_be_able_to_run_a_trivial_test_case", "methodReferences": {"py/set": []}, "py/object": "JavaParserVisitor.MethodInfo"}, "should_be_able_to_use_guava_capabilities": {"memberReferences": {"py/set": []}, "methodName": "should_be_able_to_use_guava_capabilities", "methodReferences": {"py/set": []}, "py/object": "JavaParserVisitor.MethodInfo"}}, "possibleFather": "", "py/object": "JavaParserVisitor.ClassInfo", "span": 13}}