{"SCOM": {"py/object": "Statistics.InterestingStatistics", "classValues": [{"py/tuple": [0.047619047619047616, 69]}, {"py/tuple": [0.2222222222222222, 62]}, {"py/tuple": [0.16666666666666666, 25]}, {"py/tuple": [0.0, 28]}, {"py/tuple": [1, 47]}, {"py/tuple": [0.0, 49]}, {"py/tuple": [0.0, 7]}, {"py/tuple": [0.0, 47]}, {"py/tuple": [1, 29]}, {"py/tuple": [0.4066666666666666, 134]}, {"py/tuple": [0.0, 94]}, {"py/tuple": [0.20740740740740743, 319]}, {"py/tuple": [0.0, 38]}, {"py/tuple": [0.16666666666666666, 85]}]}, "LSCC": {"py/object": "Statistics.InterestingStatistics", "classValues": [{"py/tuple": [0.023809523809523808, 69]}, {"py/tuple": [0.1111111111111111, 62]}, {"py/tuple": [0.16666666666666666, 25]}, {"py/tuple": [0, 28]}, {"py/tuple": [1, 47]}, {"py/tuple": [0.0, 49]}, {"py/tuple": [0.0, 7]}, {"py/tuple": [0.0, 47]}, {"py/tuple": [1, 29]}, {"py/tuple": [0.23333333333333334, 134]}, {"py/tuple": [0, 94]}, {"py/tuple": [0.1, 319]}, {"py/tuple": [0.0, 38]}, {"py/tuple": [0.16666666666666666, 85]}]}, "CC": {"py/object": "Statistics.InterestingStatistics", "classValues": [{"py/tuple": [0.08333333333333333, 69]}, {"py/tuple": [0.16666666666666666, 62]}, {"py/tuple": [0.3333333333333333, 25]}, {"py/tuple": [1, 28]}, {"py/tuple": [1, 47]}, {"py/tuple": [0.0, 49]}, {"py/tuple": [0.0, 7]}, {"py/tuple": [0.0, 47]}, {"py/tuple": [1, 29]}, {"py/tuple": [0.3688888888888889, 134]}, {"py/tuple": [1, 94]}, {"py/tuple": [0.22962962962962966, 319]}, {"py/tuple": [0.0, 38]}, {"py/tuple": [0.3333333333333333, 85]}]}, "LCOM5": {"py/object": "Statistics.InterestingStatistics", "classValues": [{"py/tuple": [0.8928571428571429, 69]}, {"py/tuple": [0.6666666666666667, 62]}, {"py/tuple": [0.5, 25]}, {"py/tuple": [0, 28]}, {"py/tuple": [1.0, 47]}, {"py/tuple": [0.5, 49]}, {"py/tuple": [0.5, 7]}, {"py/tuple": [0.6666666666666667, 47]}, {"py/tuple": [0.5, 29]}, {"py/tuple": [0.5625, 134]}, {"py/tuple": [0, 94]}, {"py/tuple": [0.7333333333333334, 319]}, {"py/tuple": [0.875, 38]}, {"py/tuple": [0.6666666666666667, 85]}]}, "CBAMU": {"py/object": "Statistics.InterestingStatistics", "classValues": [{"py/tuple": [0.09523809523809523, 69]}, {"py/tuple": [0.41666666666666663, 62]}, {"py/tuple": [0.25, 25]}, {"py/tuple": [0.25, 28]}, {"py/tuple": [0.0, 47]}, {"py/tuple": [0.5, 49]}, {"py/tuple": [0.25, 7]}, {"py/tuple": [0.16666666666666666, 47]}, {"py/tuple": [0.25, 29]}, {"py/tuple": [0.3020833333333333, 134]}, {"py/tuple": [0.016666666666666666, 94]}, {"py/tuple": [0.2222222222222222, 319]}, {"py/tuple": [0.0625, 38]}, {"py/tuple": [0.41666666666666663, 85]}]}}