{"SCOM": {"py/object": "Statistics.InterestingStatistics", "classValues": [{"py/tuple": [0.0, 13]}, {"py/tuple": [0.0, 16]}, {"py/tuple": [0.06666666666666667, 27]}, {"py/tuple": [0.00588235294117647, 90]}, {"py/tuple": [0.02857142857142857, 63]}, {"py/tuple": [1, 8]}, {"py/tuple": [0.06666666666666667, 143]}, {"py/tuple": [0.05, 35]}, {"py/tuple": [0.0, 52]}, {"py/tuple": [0.0, 32]}, {"py/tuple": [0.25, 35]}, {"py/tuple": [0.0, 25]}, {"py/tuple": [0.0, 29]}, {"py/tuple": [1, 10]}, {"py/tuple": [0.5, 18]}, {"py/tuple": [0.16666666666666666, 17]}, {"py/tuple": [0.16666666666666666, 17]}, {"py/tuple": [0.0, 17]}, {"py/tuple": [0.0, 42]}, {"py/tuple": [0.0, 19]}, {"py/tuple": [0.0, 24]}, {"py/tuple": [0.05, 46]}, {"py/tuple": [1, 50]}, {"py/tuple": [0.0, 38]}, {"py/tuple": [0.0, 24]}, {"py/tuple": [0.023809523809523808, 53]}, {"py/tuple": [0.0, 174]}, {"py/tuple": [0.047619047619047616, 61]}, {"py/tuple": [0.007575757575757575, 107]}, {"py/tuple": [0.5, 17]}, {"py/tuple": [0.2222222222222222, 29]}, {"py/tuple": [0.15555555555555553, 123]}, {"py/tuple": [0.0, 72]}, {"py/tuple": [0.05555555555555555, 53]}, {"py/tuple": [0.18888888888888888, 119]}, {"py/tuple": [0.0, 50]}, {"py/tuple": [0.0, 34]}, {"py/tuple": [0.05, 35]}, {"py/tuple": [0.0, 43]}, {"py/tuple": [0.0, 44]}, {"py/tuple": [0.5, 17]}, {"py/tuple": [0.04000000000000001, 44]}, {"py/tuple": [0.0, 29]}, {"py/tuple": [0.0, 40]}, {"py/tuple": [0.16666666666666666, 17]}, {"py/tuple": [0.007692307692307692, 89]}, {"py/tuple": [0.0, 55]}, {"py/tuple": [0.0, 38]}, {"py/tuple": [1, 9]}, {"py/tuple": [1, 9]}, {"py/tuple": [0.1111111111111111, 26]}, {"py/tuple": [1, 3]}, {"py/tuple": [1, 17]}, {"py/tuple": [0.2619047619047619, 67]}, {"py/tuple": [0.2, 44]}, {"py/tuple": [0.031746031746031744, 88]}, {"py/tuple": [0.005555555555555556, 117]}, {"py/tuple": [0.0, 49]}, {"py/tuple": [0.0, 37]}, {"py/tuple": [1.0, 10]}]}, "LSCC": {"py/object": "Statistics.InterestingStatistics", "classValues": [{"py/tuple": [0.0, 13]}, {"py/tuple": [0.0, 16]}, {"py/tuple": [0.06666666666666667, 27]}, {"py/tuple": [0.0058823529411764705, 90]}, {"py/tuple": [0.02857142857142857, 63]}, {"py/tuple": [1, 8]}, {"py/tuple": [0.06666666666666667, 143]}, {"py/tuple": [0.05, 35]}, {"py/tuple": [0.0, 52]}, {"py/tuple": [0.0, 32]}, {"py/tuple": [0.25, 35]}, {"py/tuple": [0.0, 25]}, {"py/tuple": [0.0, 29]}, {"py/tuple": [1, 10]}, {"py/tuple": [0.5, 18]}, {"py/tuple": [0.16666666666666666, 17]}, {"py/tuple": [0.16666666666666666, 17]}, {"py/tuple": [0.0, 17]}, {"py/tuple": [0.0, 42]}, {"py/tuple": [0.0, 19]}, {"py/tuple": [0.0, 24]}, {"py/tuple": [0.05, 46]}, {"py/tuple": [1, 50]}, {"py/tuple": [0, 38]}, {"py/tuple": [0, 24]}, {"py/tuple": [0.023809523809523808, 53]}, {"py/tuple": [0.0, 174]}, {"py/tuple": [0.047619047619047616, 61]}, {"py/tuple": [0.007575757575757576, 107]}, {"py/tuple": [0.5, 17]}, {"py/tuple": [0.1111111111111111, 29]}, {"py/tuple": [0.037037037037037035, 123]}, {"py/tuple": [0.0, 72]}, {"py/tuple": [0.05555555555555555, 53]}, {"py/tuple": [0.07777777777777778, 119]}, {"py/tuple": [0.0, 50]}, {"py/tuple": [0.0, 34]}, {"py/tuple": [0.05, 35]}, {"py/tuple": [0.0, 43]}, {"py/tuple": [0.0, 44]}, {"py/tuple": [0.5, 17]}, {"py/tuple": [0.04, 44]}, {"py/tuple": [0.0, 29]}, {"py/tuple": [0.0, 40]}, {"py/tuple": [0.16666666666666666, 17]}, {"py/tuple": [0.007692307692307693, 89]}, {"py/tuple": [0.0, 55]}, {"py/tuple": [0.0, 38]}, {"py/tuple": [1, 9]}, {"py/tuple": [1, 9]}, {"py/tuple": [0.1111111111111111, 26]}, {"py/tuple": [1, 3]}, {"py/tuple": [1, 17]}, {"py/tuple": [0.11904761904761904, 67]}, {"py/tuple": [0.2, 44]}, {"py/tuple": [0.031746031746031744, 88]}, {"py/tuple": [0.005555555555555556, 117]}, {"py/tuple": [0.0, 49]}, {"py/tuple": [0.0, 37]}, {"py/tuple": [1.0, 10]}]}, "CC": {"py/object": "Statistics.InterestingStatistics", "classValues": [{"py/tuple": [0.0, 13]}, {"py/tuple": [0.0, 16]}, {"py/tuple": [0.2, 27]}, {"py/tuple": [0.058823529411764705, 90]}, {"py/tuple": [0.2, 63]}, {"py/tuple": [1, 8]}, {"py/tuple": [0.2, 143]}, {"py/tuple": [0.2, 35]}, {"py/tuple": [0.0, 52]}, {"py/tuple": [0.0, 32]}, {"py/tuple": [1.0, 35]}, {"py/tuple": [0.0, 25]}, {"py/tuple": [0.0, 29]}, {"py/tuple": [1, 10]}, {"py/tuple": [1.0, 18]}, {"py/tuple": [0.3333333333333333, 17]}, {"py/tuple": [0.3333333333333333, 17]}, {"py/tuple": [0.0, 17]}, {"py/tuple": [0.0, 42]}, {"py/tuple": [0.0, 19]}, {"py/tuple": [0.0, 24]}, {"py/tuple": [0.1, 46]}, {"py/tuple": [1, 50]}, {"py/tuple": [1, 38]}, {"py/tuple": [1, 24]}, {"py/tuple": [0.14285714285714285, 53]}, {"py/tuple": [0.0, 174]}, {"py/tuple": [0.047619047619047616, 61]}, {"py/tuple": [0.09090909090909091, 107]}, {"py/tuple": [1.0, 17]}, {"py/tuple": [0.16666666666666666, 29]}, {"py/tuple": [0.18095238095238098, 123]}, {"py/tuple": [0.0, 72]}, {"py/tuple": [0.3333333333333333, 53]}, {"py/tuple": [0.2048148148148148, 119]}, {"py/tuple": [0.0, 50]}, {"py/tuple": [0.0, 34]}, {"py/tuple": [0.2, 35]}, {"py/tuple": [0.0, 43]}, {"py/tuple": [0.0, 44]}, {"py/tuple": [1.0, 17]}, {"py/tuple": [0.2, 44]}, {"py/tuple": [0.0, 29]}, {"py/tuple": [0.0, 40]}, {"py/tuple": [0.3333333333333333, 17]}, {"py/tuple": [0.07692307692307693, 89]}, {"py/tuple": [0.0, 55]}, {"py/tuple": [0.0, 38]}, {"py/tuple": [1, 9]}, {"py/tuple": [1, 9]}, {"py/tuple": [0.3333333333333333, 26]}, {"py/tuple": [1, 3]}, {"py/tuple": [1, 17]}, {"py/tuple": [0.2222222222222222, 67]}, {"py/tuple": [1.0, 44]}, {"py/tuple": [0.19047619047619047, 88]}, {"py/tuple": [0.027777777777777776, 117]}, {"py/tuple": [0.0, 49]}, {"py/tuple": [0.0, 37]}, {"py/tuple": [1.0, 10]}]}, "LCOM5": {"py/object": "Statistics.InterestingStatistics", "classValues": [{"py/tuple": [1.0, 13]}, {"py/tuple": [1.0, 16]}, {"py/tuple": [0.6666666666666667, 27]}, {"py/tuple": [0.9, 90]}, {"py/tuple": [0.8571428571428572, 63]}, {"py/tuple": [0, 8]}, {"py/tuple": [0.6666666666666667, 143]}, {"py/tuple": [0.75, 35]}, {"py/tuple": [1.0, 52]}, {"py/tuple": [1.0, 32]}, {"py/tuple": [0.75, 35]}, {"py/tuple": [1.0, 25]}, {"py/tuple": [1.0, 29]}, {"py/tuple": [0, 10]}, {"py/tuple": [0.5, 18]}, {"py/tuple": [0.5, 17]}, {"py/tuple": [0.5, 17]}, {"py/tuple": [1.0, 17]}, {"py/tuple": [1.0, 42]}, {"py/tuple": [1.0, 19]}, {"py/tuple": [1.0, 24]}, {"py/tuple": [0.8, 46]}, {"py/tuple": [1.0, 50]}, {"py/tuple": [0, 38]}, {"py/tuple": [0, 24]}, {"py/tuple": [0.8333333333333334, 53]}, {"py/tuple": [0.9666666666666667, 174]}, {"py/tuple": [0.7142857142857143, 61]}, {"py/tuple": [0.9166666666666666, 107]}, {"py/tuple": [0.5, 17]}, {"py/tuple": [0.5833333333333333, 29]}, {"py/tuple": [0.8222222222222222, 123]}, {"py/tuple": [1.0, 72]}, {"py/tuple": [0.8333333333333334, 53]}, {"py/tuple": [0.7, 119]}, {"py/tuple": [1.0, 50]}, {"py/tuple": [1.0, 34]}, {"py/tuple": [0.75, 35]}, {"py/tuple": [1.0, 43]}, {"py/tuple": [1.0, 44]}, {"py/tuple": [0.5, 17]}, {"py/tuple": [0.8, 44]}, {"py/tuple": [1.0, 29]}, {"py/tuple": [1.0, 40]}, {"py/tuple": [0.5, 17]}, {"py/tuple": [0.9, 89]}, {"py/tuple": [1.0, 55]}, {"py/tuple": [1.0, 38]}, {"py/tuple": [1.0, 9]}, {"py/tuple": [1.0, 9]}, {"py/tuple": [0.6666666666666667, 26]}, {"py/tuple": [0, 3]}, {"py/tuple": [0, 17]}, {"py/tuple": [0.7142857142857143, 67]}, {"py/tuple": [0.8, 44]}, {"py/tuple": [0.8333333333333334, 88]}, {"py/tuple": [0.9333333333333333, 117]}, {"py/tuple": [1.0, 49]}, {"py/tuple": [1.0, 37]}, {"py/tuple": [0.0, 10]}]}, "CBAMU": {"py/object": "Statistics.InterestingStatistics", "classValues": [{"py/tuple": [0.0, 13]}, {"py/tuple": [0.0, 16]}, {"py/tuple": [0.16666666666666666, 27]}, {"py/tuple": [0.05, 90]}, {"py/tuple": [0.07142857142857142, 63]}, {"py/tuple": [0.0, 8]}, {"py/tuple": [0.16666666666666666, 143]}, {"py/tuple": [0.125, 35]}, {"py/tuple": [0.0, 52]}, {"py/tuple": [0.0, 32]}, {"py/tuple": [0.125, 35]}, {"py/tuple": [0.0, 25]}, {"py/tuple": [0.0, 29]}, {"py/tuple": [0.0, 10]}, {"py/tuple": [0.25, 18]}, {"py/tuple": [0.25, 17]}, {"py/tuple": [0.25, 17]}, {"py/tuple": [0.0, 17]}, {"py/tuple": [0.0, 42]}, {"py/tuple": [0.0, 19]}, {"py/tuple": [0.0, 24]}, {"py/tuple": [0.15000000000000002, 46]}, {"py/tuple": [0.0, 50]}, {"py/tuple": [0.0, 38]}, {"py/tuple": [0.0, 24]}, {"py/tuple": [0.08333333333333333, 53]}, {"py/tuple": [0.016666666666666666, 174]}, {"py/tuple": [0.14285714285714285, 61]}, {"py/tuple": [0.041666666666666664, 107]}, {"py/tuple": [0.25, 17]}, {"py/tuple": [0.20833333333333334, 29]}, {"py/tuple": [0.09444444444444444, 123]}, {"py/tuple": [0.026785714285714284, 72]}, {"py/tuple": [0.08333333333333333, 53]}, {"py/tuple": [0.1611111111111111, 119]}, {"py/tuple": [0.023809523809523808, 50]}, {"py/tuple": [0.0, 34]}, {"py/tuple": [0.125, 35]}, {"py/tuple": [0.0, 43]}, {"py/tuple": [0.0, 44]}, {"py/tuple": [0.25, 17]}, {"py/tuple": [0.1, 44]}, {"py/tuple": [0.0, 29]}, {"py/tuple": [0.0, 40]}, {"py/tuple": [0.25, 17]}, {"py/tuple": [0.05, 89]}, {"py/tuple": [0.0, 55]}, {"py/tuple": [0.0, 38]}, {"py/tuple": [0.0, 9]}, {"py/tuple": [0.0, 9]}, {"py/tuple": [0.16666666666666666, 26]}, {"py/tuple": [0.0, 3]}, {"py/tuple": [0.0, 17]}, {"py/tuple": [0.1845238095238095, 67]}, {"py/tuple": [0.1, 44]}, {"py/tuple": [0.08333333333333333, 88]}, {"py/tuple": [0.04722222222222222, 117]}, {"py/tuple": [0.0, 49]}, {"py/tuple": [0.0, 37]}, {"py/tuple": [0.5, 10]}]}}