{"Application": {"className": "Application", "members": {"py/set": []}, "methods": {"main": {"memberReferences": {"py/set": []}, "methodName": "main", "methodReferences": {"py/set": []}, "py/object": "JavaParserVisitor.MethodInfo"}}, "possibleFather": "", "py/object": "JavaParserVisitor.ClassInfo", "span": 3}, "Main": {"className": "Main", "members": {"py/set": []}, "methods": {"start": {"memberReferences": {"py/set": []}, "methodName": "start", "methodReferences": {"py/set": []}, "py/object": "JavaParserVisitor.MethodInfo"}}, "possibleFather": "AbstractVerticle", "py/object": "JavaParserVisitor.ClassInfo", "span": 16}, "PingController": {"className": "PingController", "members": {"py/set": ["statistics"]}, "methods": {"hello": {"memberReferences": {"py/set": []}, "methodName": "hello", "methodReferences": {"py/set": []}, "py/object": "JavaParserVisitor.MethodInfo"}}, "possibleFather": "", "py/object": "JavaParserVisitor.ClassInfo", "span": 7}, "PingPerfApplication": {"className": "PingPerfApplication", "members": {"py/set": []}, "methods": {"getName": {"memberReferences": {"py/set": []}, "methodName": "getName", "methodReferences": {"py/set": []}, "py/object": "JavaParserVisitor.MethodInfo"}, "initialize": {"memberReferences": {"py/set": []}, "methodName": "initialize", "methodReferences": {"py/set": []}, "py/object": "JavaParserVisitor.MethodInfo"}, "main": {"memberReferences": {"py/set": []}, "methodName": "main", "methodReferences": {"py/set": ["run"]}, "py/object": "JavaParserVisitor.MethodInfo"}, "run": {"memberReferences": {"py/set": []}, "methodName": "run", "methodReferences": {"py/set": []}, "py/object": "JavaParserVisitor.MethodInfo"}}, "possibleFather": "Application<PingPerfConfiguration>", "py/object": "JavaParserVisitor.ClassInfo", "span": 16}, "PingPerfConfiguration": {"className": "PingPerfConfiguration", "members": {"py/set": []}, "methods": {}, "possibleFather": "Configuration", "py/object": "JavaParserVisitor.ClassInfo", "span": 0}, "PingResource": {"className": "PingResource", "members": {"py/set": ["statistics"]}, "methods": {"getSimple": {"memberReferences": {"py/set": []}, "methodName": "getSimple", "methodReferences": {"py/set": []}, "py/object": "JavaParserVisitor.MethodInfo"}}, "possibleFather": "", "py/object": "JavaParserVisitor.ClassInfo", "span": 10}, "RESTConfiguration": {"className": "RESTConfiguration", "members": {"py/set": []}, "methods": {}, "possibleFather": "Application", "py/object": "JavaParserVisitor.ClassInfo", "span": 0}, "Statistics": {"className": "Statistics", "members": {"py/set": []}, "methods": {"test": {"memberReferences": {"py/set": []}, "methodName": "test", "methodReferences": {"py/set": []}, "py/object": "JavaParserVisitor.MethodInfo"}}, "possibleFather": "", "py/object": "JavaParserVisitor.ClassInfo", "span": 1}}