{"id": 113889550, "node_id": "MDEwOlJlcG9zaXRvcnkxMTM4ODk1NTA=", "name": "cadence-java-client", "full_name": "uber/cadence-java-client", "private": false, "owner": {"login": "uber", "id": 538264, "node_id": "MDEyOk9yZ2FuaXphdGlvbjUzODI2NA==", "avatar_url": "https://avatars.githubusercontent.com/u/538264?v=4", "gravatar_id": "", "url": "https://api.github.com/users/uber", "html_url": "https://github.com/uber", "followers_url": "https://api.github.com/users/uber/followers", "following_url": "https://api.github.com/users/uber/following{/other_user}", "gists_url": "https://api.github.com/users/uber/gists{/gist_id}", "starred_url": "https://api.github.com/users/uber/starred{/owner}{/repo}", "subscriptions_url": "https://api.github.com/users/uber/subscriptions", "organizations_url": "https://api.github.com/users/uber/orgs", "repos_url": "https://api.github.com/users/uber/repos", "events_url": "https://api.github.com/users/uber/events{/privacy}", "received_events_url": "https://api.github.com/users/uber/received_events", "type": "Organization", "site_admin": false}, "html_url": "https://github.com/uber/cadence-java-client", "description": "Java framework for Cadence Workflow Service", "fork": false, "url": "https://api.github.com/repos/uber/cadence-java-client", "forks_url": "https://api.github.com/repos/uber/cadence-java-client/forks", "keys_url": "https://api.github.com/repos/uber/cadence-java-client/keys{/key_id}", "collaborators_url": "https://api.github.com/repos/uber/cadence-java-client/collaborators{/collaborator}", "teams_url": "https://api.github.com/repos/uber/cadence-java-client/teams", "hooks_url": "https://api.github.com/repos/uber/cadence-java-client/hooks", "issue_events_url": "https://api.github.com/repos/uber/cadence-java-client/issues/events{/number}", "events_url": "https://api.github.com/repos/uber/cadence-java-client/events", "assignees_url": "https://api.github.com/repos/uber/cadence-java-client/assignees{/user}", "branches_url": "https://api.github.com/repos/uber/cadence-java-client/branches{/branch}", "tags_url": "https://api.github.com/repos/uber/cadence-java-client/tags", "blobs_url": "https://api.github.com/repos/uber/cadence-java-client/git/blobs{/sha}", "git_tags_url": "https://api.github.com/repos/uber/cadence-java-client/git/tags{/sha}", "git_refs_url": "https://api.github.com/repos/uber/cadence-java-client/git/refs{/sha}", "trees_url": "https://api.github.com/repos/uber/cadence-java-client/git/trees{/sha}", "statuses_url": "https://api.github.com/repos/uber/cadence-java-client/statuses/{sha}", "languages_url": "https://api.github.com/repos/uber/cadence-java-client/languages", "stargazers_url": "https://api.github.com/repos/uber/cadence-java-client/stargazers", "contributors_url": "https://api.github.com/repos/uber/cadence-java-client/contributors", "subscribers_url": "https://api.github.com/repos/uber/cadence-java-client/subscribers", "subscription_url": "https://api.github.com/repos/uber/cadence-java-client/subscription", "commits_url": "https://api.github.com/repos/uber/cadence-java-client/commits{/sha}", "git_commits_url": "https://api.github.com/repos/uber/cadence-java-client/git/commits{/sha}", "comments_url": "https://api.github.com/repos/uber/cadence-java-client/comments{/number}", "issue_comment_url": "https://api.github.com/repos/uber/cadence-java-client/issues/comments{/number}", "contents_url": "https://api.github.com/repos/uber/cadence-java-client/contents/{+path}", "compare_url": "https://api.github.com/repos/uber/cadence-java-client/compare/{base}...{head}", "merges_url": "https://api.github.com/repos/uber/cadence-java-client/merges", "archive_url": "https://api.github.com/repos/uber/cadence-java-client/{archive_format}{/ref}", "downloads_url": "https://api.github.com/repos/uber/cadence-java-client/downloads", "issues_url": "https://api.github.com/repos/uber/cadence-java-client/issues{/number}", "pulls_url": "https://api.github.com/repos/uber/cadence-java-client/pulls{/number}", "milestones_url": "https://api.github.com/repos/uber/cadence-java-client/milestones{/number}", "notifications_url": "https://api.github.com/repos/uber/cadence-java-client/notifications{?since,all,participating}", "labels_url": "https://api.github.com/repos/uber/cadence-java-client/labels{/name}", "releases_url": "https://api.github.com/repos/uber/cadence-java-client/releases{/id}", "deployments_url": "https://api.github.com/repos/uber/cadence-java-client/deployments", "created_at": "2017-12-11T17:42:08Z", "updated_at": "2022-03-01T03:21:09Z", "pushed_at": "2022-01-19T19:15:03Z", "git_url": "git://github.com/uber/cadence-java-client.git", "ssh_url": "git@github.com:uber/cadence-java-client.git", "clone_url": "https://github.com/uber/cadence-java-client.git", "svn_url": "https://github.com/uber/cadence-java-client", "homepage": "https://cadenceworkflow.io", "size": 3482, "stargazers_count": 100, "watchers_count": 100, "language": "Java", "has_issues": true, "has_projects": true, "has_downloads": true, "has_wiki": true, "has_pages": false, "forks_count": 89, "mirror_url": null, "archived": false, "disabled": false, "open_issues_count": 127, "license": {"key": "other", "name": "Other", "spdx_id": "NOASSERTION", "url": null, "node_id": "MDc6TGljZW5zZTA="}, "allow_forking": true, "is_template": false, "topics": ["aws-swf", "cadence", "cadence-client", "task-management", "task-management-system", "task-queue", "task-scheduler", "uber", "workflow-engine", "workflow-management-system", "workflow-scheduler"], "visibility": "public", "forks": 89, "open_issues": 127, "watchers": 100, "default_branch": "master", "score": 1.0, "__project_size": 6369608, "__java_files_sizes": 2330690, "__java_files_loc": 64916, "contributors_url_calculated": 42, "commits_url_calculated": 419}