{"id": 141705493, "node_id": "MDEwOlJlcG9zaXRvcnkxNDE3MDU0OTM=", "name": "sample-spring-blockchain-contract", "full_name": "piomin/sample-spring-blockchain-contract", "private": false, "owner": {"login": "piomin", "id": 2892502, "node_id": "MDQ6VXNlcjI4OTI1MDI=", "avatar_url": "https://avatars.githubusercontent.com/u/2892502?v=4", "gravatar_id": "", "url": "https://api.github.com/users/piomin", "html_url": "https://github.com/piomin", "followers_url": "https://api.github.com/users/piomin/followers", "following_url": "https://api.github.com/users/piomin/following{/other_user}", "gists_url": "https://api.github.com/users/piomin/gists{/gist_id}", "starred_url": "https://api.github.com/users/piomin/starred{/owner}{/repo}", "subscriptions_url": "https://api.github.com/users/piomin/subscriptions", "organizations_url": "https://api.github.com/users/piomin/orgs", "repos_url": "https://api.github.com/users/piomin/repos", "events_url": "https://api.github.com/users/piomin/events{/privacy}", "received_events_url": "https://api.github.com/users/piomin/received_events", "type": "User", "site_admin": false}, "html_url": "https://github.com/piomin/sample-spring-blockchain-contract", "description": "sample project that illustrates how to create and deploy smart contracts, smart wallets, send transactions and observe processed transactions in ethereum using web3j, blockchain, solidity and spring boot ", "fork": false, "url": "https://api.github.com/repos/piomin/sample-spring-blockchain-contract", "forks_url": "https://api.github.com/repos/piomin/sample-spring-blockchain-contract/forks", "keys_url": "https://api.github.com/repos/piomin/sample-spring-blockchain-contract/keys{/key_id}", "collaborators_url": "https://api.github.com/repos/piomin/sample-spring-blockchain-contract/collaborators{/collaborator}", "teams_url": "https://api.github.com/repos/piomin/sample-spring-blockchain-contract/teams", "hooks_url": "https://api.github.com/repos/piomin/sample-spring-blockchain-contract/hooks", "issue_events_url": "https://api.github.com/repos/piomin/sample-spring-blockchain-contract/issues/events{/number}", "events_url": "https://api.github.com/repos/piomin/sample-spring-blockchain-contract/events", "assignees_url": "https://api.github.com/repos/piomin/sample-spring-blockchain-contract/assignees{/user}", "branches_url": "https://api.github.com/repos/piomin/sample-spring-blockchain-contract/branches{/branch}", "tags_url": "https://api.github.com/repos/piomin/sample-spring-blockchain-contract/tags", "blobs_url": "https://api.github.com/repos/piomin/sample-spring-blockchain-contract/git/blobs{/sha}", "git_tags_url": "https://api.github.com/repos/piomin/sample-spring-blockchain-contract/git/tags{/sha}", "git_refs_url": "https://api.github.com/repos/piomin/sample-spring-blockchain-contract/git/refs{/sha}", "trees_url": "https://api.github.com/repos/piomin/sample-spring-blockchain-contract/git/trees{/sha}", "statuses_url": "https://api.github.com/repos/piomin/sample-spring-blockchain-contract/statuses/{sha}", "languages_url": "https://api.github.com/repos/piomin/sample-spring-blockchain-contract/languages", "stargazers_url": "https://api.github.com/repos/piomin/sample-spring-blockchain-contract/stargazers", "contributors_url": "https://api.github.com/repos/piomin/sample-spring-blockchain-contract/contributors", "subscribers_url": "https://api.github.com/repos/piomin/sample-spring-blockchain-contract/subscribers", "subscription_url": "https://api.github.com/repos/piomin/sample-spring-blockchain-contract/subscription", "commits_url": "https://api.github.com/repos/piomin/sample-spring-blockchain-contract/commits{/sha}", "git_commits_url": "https://api.github.com/repos/piomin/sample-spring-blockchain-contract/git/commits{/sha}", "comments_url": "https://api.github.com/repos/piomin/sample-spring-blockchain-contract/comments{/number}", "issue_comment_url": "https://api.github.com/repos/piomin/sample-spring-blockchain-contract/issues/comments{/number}", "contents_url": "https://api.github.com/repos/piomin/sample-spring-blockchain-contract/contents/{+path}", "compare_url": "https://api.github.com/repos/piomin/sample-spring-blockchain-contract/compare/{base}...{head}", "merges_url": "https://api.github.com/repos/piomin/sample-spring-blockchain-contract/merges", "archive_url": "https://api.github.com/repos/piomin/sample-spring-blockchain-contract/{archive_format}{/ref}", "downloads_url": "https://api.github.com/repos/piomin/sample-spring-blockchain-contract/downloads", "issues_url": "https://api.github.com/repos/piomin/sample-spring-blockchain-contract/issues{/number}", "pulls_url": "https://api.github.com/repos/piomin/sample-spring-blockchain-contract/pulls{/number}", "milestones_url": "https://api.github.com/repos/piomin/sample-spring-blockchain-contract/milestones{/number}", "notifications_url": "https://api.github.com/repos/piomin/sample-spring-blockchain-contract/notifications{?since,all,participating}", "labels_url": "https://api.github.com/repos/piomin/sample-spring-blockchain-contract/labels{/name}", "releases_url": "https://api.github.com/repos/piomin/sample-spring-blockchain-contract/releases{/id}", "deployments_url": "https://api.github.com/repos/piomin/sample-spring-blockchain-contract/deployments", "created_at": "2018-07-20T11:44:44Z", "updated_at": "2022-01-25T10:38:03Z", "pushed_at": "2020-01-26T21:59:12Z", "git_url": "git://github.com/piomin/sample-spring-blockchain-contract.git", "ssh_url": "git@github.com:piomin/sample-spring-blockchain-contract.git", "clone_url": "https://github.com/piomin/sample-spring-blockchain-contract.git", "svn_url": "https://github.com/piomin/sample-spring-blockchain-contract", "homepage": "https://piotrminkowski.com", "size": 21, "stargazers_count": 38, "watchers_count": 38, "language": "Java", "has_issues": true, "has_projects": true, "has_downloads": true, "has_wiki": true, "has_pages": false, "forks_count": 32, "mirror_url": null, "archived": false, "disabled": false, "open_issues_count": 0, "license": null, "allow_forking": true, "is_template": false, "topics": ["blockchain", "ethereum", "ethereum-contract", "smart-contracts", "solidity", "solidity-contracts", "spring-boot", "web3j"], "visibility": "public", "forks": 32, "open_issues": 0, "watchers": 38, "default_branch": "master", "score": 1.0, "__project_size": 84035, "__java_files_sizes": 28610, "__java_files_loc": 614, "contributors_url_calculated": 1, "commits_url_calculated": 8}