{"id": 125977047, "node_id": "MDEwOlJlcG9zaXRvcnkxMjU5NzcwNDc=", "name": "BaseProject", "full_name": "fly803/BaseProject", "private": false, "owner": {"login": "fly803", "id": 16131168, "node_id": "MDQ6VXNlcjE2MTMxMTY4", "avatar_url": "https://avatars.githubusercontent.com/u/16131168?v=4", "gravatar_id": "", "url": "https://api.github.com/users/fly803", "html_url": "https://github.com/fly803", "followers_url": "https://api.github.com/users/fly803/followers", "following_url": "https://api.github.com/users/fly803/following{/other_user}", "gists_url": "https://api.github.com/users/fly803/gists{/gist_id}", "starred_url": "https://api.github.com/users/fly803/starred{/owner}{/repo}", "subscriptions_url": "https://api.github.com/users/fly803/subscriptions", "organizations_url": "https://api.github.com/users/fly803/orgs", "repos_url": "https://api.github.com/users/fly803/repos", "events_url": "https://api.github.com/users/fly803/events{/privacy}", "received_events_url": "https://api.github.com/users/fly803/received_events", "type": "User", "site_admin": false}, "html_url": "https://github.com/fly803/BaseProject", "description": "BaseProject \u662f\u4e00\u4e2aAndroid\u57fa\u7840\u7a0b\u5e8f\u67b6\u6784\u5e93\uff08\u5b89\u5353\u5c4f\u5e55\u9002\u914dResolutionAdaption\uff0c\u5b89\u5353\u5206\u8fa8\u7387\u9002\u914d\uff0candroid\u5404\u7248\u672c\u5206\u8fa8\u7387\u9002\u914d\uff0c\u7f51\u7edc\u901a\u4fe1\uff0c\u516c\u7528\u65b9\u6cd5\u7b49\uff0c Android\u5f00\u53d1\u57fa\u7840\u5e93 \uff0cAndroid\u57fa\u7840\u6846\u67b6\u5e93\uff0c\u4f5c\u4e3aAndroid\u67b6\u6784\u975e\u5e38\u5b9e\u7528\uff09\uff0c\u4f7f\u7528\u5b83\u53ef\u4ee5\u5feb\u901f\u7a33\u5b9a\u9ad8\u6548\u7684\u5efa\u7acb\u4e00\u4e2aAndroid\u5de5\u7a0b\uff0c \u5b83\u96c6\u6210\u4e86\u4e00\u4e2a\u9879\u76ee\u6700\u57fa\u672c\uff0c\u53ef\u4ee5\u8bf4\u6bcf\u4e2a\u9879\u76ee\u5fc5\u5907\u7684\u4e00\u4e9b\u5e93\u3002 \u7701\u7684\u81ea\u5df1\u5bfc\u5165BaseActivity\uff0cBaseFragment\uff0c\u96c6\u6210\u597d\u5206\u8fa8\u7387\u9002\u914d\uff08\u5c4f\u5e55\u9002\u914d\uff09\uff0c\u4f7f\u5f00\u53d1\u8005\u53ef\u4ee5 \u7528\u4fb5\u5165\u6027\u6700\u5c0f\u7684\u4ee3\u4ef7\u5b8c\u6210Android\u5c4f\u5e55\u9002\u914d\uff08\u5b89\u5353\u5206\u8fa8\u7387\u9002\u914d\uff09\uff0c\u7f51\u7edc\u8bf7\u6c42\uff08RxJava2+Retrofit2\uff09\uff0c \u6709\u5927\u91cf\u5e38\u7528\u7684\u5de5\u5177\u7c7b\u3002\u8ba9\u4f60\u66f4\u52a0\u4e13\u6ce8\u53bb\u5b9e\u73b0\u81ea\u5df1\u4ea7\u54c1\u9700\u6c42\uff0c \u4e1a\u52a1\u903b\u8f91\uff0c\u800c\u4e0d\u662f\u6d6a\u8d39\u65f6\u95f4\u5728\u91cd\u590d\u7684\u5de5\u4f5c\u4e0a\uff01\uff0c\u5305\u542b\u56db\u5927\u90e8\u5206\uff1a\u4e00\u3001\u5206\u8fa8\u7387\u9002\u914d \u4e8c\u3001\u7f51\u7edc\u8bf7\u6c42\u6846\u67b6Retrofit2\u5c01\u88c5  \u4e09\u3001Android\u57fa\u7c7b\u5c01\u88c5\u548c\u9879\u76ee\u5e38\u7528Utils \u65b9\u6cd5 \u56db\u3001\u57fa\u4e8eRxJava\u3001RxAndroid\u7684\u4e8b\u4ef6\u603b\u7ebfRxBus\u3002  For the English readme\uff1a## [English](https://github.com/fly803/BaseProject/README_EN.md) |", "fork": false, "url": "https://api.github.com/repos/fly803/BaseProject", "forks_url": "https://api.github.com/repos/fly803/BaseProject/forks", "keys_url": "https://api.github.com/repos/fly803/BaseProject/keys{/key_id}", "collaborators_url": "https://api.github.com/repos/fly803/BaseProject/collaborators{/collaborator}", "teams_url": "https://api.github.com/repos/fly803/BaseProject/teams", "hooks_url": "https://api.github.com/repos/fly803/BaseProject/hooks", "issue_events_url": "https://api.github.com/repos/fly803/BaseProject/issues/events{/number}", "events_url": "https://api.github.com/repos/fly803/BaseProject/events", "assignees_url": "https://api.github.com/repos/fly803/BaseProject/assignees{/user}", "branches_url": "https://api.github.com/repos/fly803/BaseProject/branches{/branch}", "tags_url": "https://api.github.com/repos/fly803/BaseProject/tags", "blobs_url": "https://api.github.com/repos/fly803/BaseProject/git/blobs{/sha}", "git_tags_url": "https://api.github.com/repos/fly803/BaseProject/git/tags{/sha}", "git_refs_url": "https://api.github.com/repos/fly803/BaseProject/git/refs{/sha}", "trees_url": "https://api.github.com/repos/fly803/BaseProject/git/trees{/sha}", "statuses_url": "https://api.github.com/repos/fly803/BaseProject/statuses/{sha}", "languages_url": "https://api.github.com/repos/fly803/BaseProject/languages", "stargazers_url": "https://api.github.com/repos/fly803/BaseProject/stargazers", "contributors_url": "https://api.github.com/repos/fly803/BaseProject/contributors", "subscribers_url": "https://api.github.com/repos/fly803/BaseProject/subscribers", "subscription_url": "https://api.github.com/repos/fly803/BaseProject/subscription", "commits_url": "https://api.github.com/repos/fly803/BaseProject/commits{/sha}", "git_commits_url": "https://api.github.com/repos/fly803/BaseProject/git/commits{/sha}", "comments_url": "https://api.github.com/repos/fly803/BaseProject/comments{/number}", "issue_comment_url": "https://api.github.com/repos/fly803/BaseProject/issues/comments{/number}", "contents_url": "https://api.github.com/repos/fly803/BaseProject/contents/{+path}", "compare_url": "https://api.github.com/repos/fly803/BaseProject/compare/{base}...{head}", "merges_url": "https://api.github.com/repos/fly803/BaseProject/merges", "archive_url": "https://api.github.com/repos/fly803/BaseProject/{archive_format}{/ref}", "downloads_url": "https://api.github.com/repos/fly803/BaseProject/downloads", "issues_url": "https://api.github.com/repos/fly803/BaseProject/issues{/number}", "pulls_url": "https://api.github.com/repos/fly803/BaseProject/pulls{/number}", "milestones_url": "https://api.github.com/repos/fly803/BaseProject/milestones{/number}", "notifications_url": "https://api.github.com/repos/fly803/BaseProject/notifications{?since,all,participating}", "labels_url": "https://api.github.com/repos/fly803/BaseProject/labels{/name}", "releases_url": "https://api.github.com/repos/fly803/BaseProject/releases{/id}", "deployments_url": "https://api.github.com/repos/fly803/BaseProject/deployments", "created_at": "2018-03-20T07:22:28Z", "updated_at": "2022-03-08T02:35:12Z", "pushed_at": "2022-03-10T03:22:04Z", "git_url": "git://github.com/fly803/BaseProject.git", "ssh_url": "git@github.com:fly803/BaseProject.git", "clone_url": "https://github.com/fly803/BaseProject.git", "svn_url": "https://github.com/fly803/BaseProject", "homepage": "", "size": 29460, "stargazers_count": 1028, "watchers_count": 1028, "language": "Java", "has_issues": true, "has_projects": true, "has_downloads": true, "has_wiki": true, "has_pages": false, "forks_count": 201, "mirror_url": null, "archived": false, "disabled": false, "open_issues_count": 0, "license": null, "allow_forking": true, "is_template": false, "topics": [], "visibility": "public", "forks": 201, "open_issues": 0, "watchers": 1028, "default_branch": "master", "score": 1.0, "__project_size": 61249855, "__java_files_sizes": 1529717, "__java_files_loc": 45925, "contributors_url_calculated": 3, "commits_url_calculated": 235}