{"SCOM": {"py/object": "Statistics.InterestingStatistics", "classValues": [{"py/tuple": [0.12962962962962965, 130]}, {"py/tuple": [0.0, 86]}, {"py/tuple": [0.1, 28]}, {"py/tuple": [1, 35]}, {"py/tuple": [0.007575757575757576, 129]}, {"py/tuple": [0.26785714285714285, 96]}, {"py/tuple": [0.14285714285714285, 114]}, {"py/tuple": [1, 17]}, {"py/tuple": [1, 52]}, {"py/tuple": [0.0, 72]}, {"py/tuple": [0.0, 105]}, {"py/tuple": [0.36666666666666664, 37]}, {"py/tuple": [0.0, 113]}, {"py/tuple": [0.0, 45]}, {"py/tuple": [1, 32]}, {"py/tuple": [0.011904761904761904, 108]}, {"py/tuple": [0.0, 25]}, {"py/tuple": [0.0, 78]}, {"py/tuple": [0.0, 872]}, {"py/tuple": [0.13333333333333333, 112]}, {"py/tuple": [0.0, 115]}, {"py/tuple": [1, 3]}, {"py/tuple": [0.023809523809523808, 124]}, {"py/tuple": [0.0, 122]}, {"py/tuple": [1, 117]}, {"py/tuple": [0.6666666666666666, 121]}, {"py/tuple": [0.0, 156]}, {"py/tuple": [1, 128]}, {"py/tuple": [0.0, 689]}, {"py/tuple": [0.0, 641]}, {"py/tuple": [0.02266666666666668, 245]}, {"py/tuple": [0.0, 58]}, {"py/tuple": [1, 8]}, {"py/tuple": [0.0, 93]}, {"py/tuple": [0.0672268907563025, 433]}, {"py/tuple": [1, 26]}, {"py/tuple": [0.1, 534]}, {"py/tuple": [0.0, 95]}, {"py/tuple": [0.0010101010101010099, 399]}, {"py/tuple": [0.0010091665965856528, 401]}, {"py/tuple": [0.044642857142857144, 69]}, {"py/tuple": [0.00514069264069264, 325]}, {"py/tuple": [0.0, 96]}, {"py/tuple": [0.0, 23]}, {"py/tuple": [0.0, 106]}, {"py/tuple": [0.0, 62]}, {"py/tuple": [0.8666666666666667, 73]}, {"py/tuple": [0.0, 13]}, {"py/tuple": [0.0, 44]}, {"py/tuple": [0.0015789473684210526, 153]}, {"py/tuple": [0.0049970605526161085, 299]}, {"py/tuple": [0.0, 20]}, {"py/tuple": [1, 40]}, {"py/tuple": [1, 44]}, {"py/tuple": [0.0, 60]}, {"py/tuple": [1, 22]}, {"py/tuple": [0.0, 47]}, {"py/tuple": [0.0, 31]}, {"py/tuple": [0.0, 60]}, {"py/tuple": [0.25, 436]}, {"py/tuple": [1, 391]}, {"py/tuple": [1, 21]}, {"py/tuple": [0.025123895712131004, 197]}, {"py/tuple": [0.0, 60]}, {"py/tuple": [0.1921594982078853, 664]}, {"py/tuple": [1, 1]}, {"py/tuple": [0.0, 10]}, {"py/tuple": [0.2222222222222222, 199]}, {"py/tuple": [0.5416666666666666, 46]}, {"py/tuple": [1, 29]}, {"py/tuple": [0.0, 192]}, {"py/tuple": [0.0, 106]}, {"py/tuple": [0.031746031746031744, 143]}, {"py/tuple": [1, 40]}, {"py/tuple": [0.0, 30]}, {"py/tuple": [0.0, 75]}, {"py/tuple": [1, 13]}, {"py/tuple": [0.5000000000000001, 64]}, {"py/tuple": [1, 9]}, {"py/tuple": [0.13333333333333333, 125]}, {"py/tuple": [0.2666666666666667, 159]}, {"py/tuple": [0.0, 471]}, {"py/tuple": [1, 0]}, {"py/tuple": [0.10052910052910054, 150]}, {"py/tuple": [0.0, 75]}, {"py/tuple": [0.05952380952380952, 165]}, {"py/tuple": [0.5416666666666666, 42]}, {"py/tuple": [0.4166666666666667, 85]}, {"py/tuple": [0.0, 65]}, {"py/tuple": [0.6666666666666666, 30]}, {"py/tuple": [0.20238095238095236, 70]}, {"py/tuple": [0.5, 37]}, {"py/tuple": [0.0, 37]}, {"py/tuple": [1, 77]}, {"py/tuple": [1, 0]}, {"py/tuple": [0.0, 198]}, {"py/tuple": [1.0, 13]}, {"py/tuple": [0.0024122219244170455, 723]}, {"py/tuple": [0.0, 51]}, {"py/tuple": [0.0, 45]}, {"py/tuple": [0.75, 26]}, {"py/tuple": [1, 22]}, {"py/tuple": [1, 22]}, {"py/tuple": [0.0, 86]}, {"py/tuple": [0.0, 311]}, {"py/tuple": [0.0, 109]}, {"py/tuple": [0.38888888888888884, 52]}, {"py/tuple": [0.0, 108]}, {"py/tuple": [0.3333333333333333, 47]}, {"py/tuple": [0.0, 35]}, {"py/tuple": [0.047619047619047616, 60]}, {"py/tuple": [0.0, 50]}, {"py/tuple": [1, 21]}, {"py/tuple": [0.0, 102]}, {"py/tuple": [0.16666666666666666, 44]}, {"py/tuple": [1.0, 101]}, {"py/tuple": [1, 13]}, {"py/tuple": [0.0, 131]}, {"py/tuple": [1, 112]}, {"py/tuple": [1, 32]}, {"py/tuple": [1, 1]}, {"py/tuple": [1, 6]}, {"py/tuple": [1, 3]}, {"py/tuple": [1, 71]}, {"py/tuple": [0.05578512396694213, 180]}, {"py/tuple": [0.0, 19]}, {"py/tuple": [1, 5]}, {"py/tuple": [0.0, 15]}, {"py/tuple": [0.0, 15]}, {"py/tuple": [0.0003083564600678384, 1164]}, {"py/tuple": [0.0, 16]}, {"py/tuple": [0.0, 71]}, {"py/tuple": [1.0, 13]}, {"py/tuple": [0.09243697478991618, 1193]}, {"py/tuple": [1, 7]}, {"py/tuple": [0.16666666666666666, 36]}, {"py/tuple": [1, 10]}, {"py/tuple": [1, 0]}, {"py/tuple": [1, 2]}, {"py/tuple": [1, 11]}, {"py/tuple": [0.2, 68]}, {"py/tuple": [1, 123]}, {"py/tuple": [0.1836734693877551, 127]}, {"py/tuple": [0.0, 20]}, {"py/tuple": [1, 10]}, {"py/tuple": [0.5694444444444444, 161]}, {"py/tuple": [0.0, 61]}, {"py/tuple": [0.1, 48]}, {"py/tuple": [1, 18]}, {"py/tuple": [0.0, 25]}, {"py/tuple": [0.0, 64]}, {"py/tuple": [1, 60]}, {"py/tuple": [0.0, 11]}, {"py/tuple": [0.0, 162]}, {"py/tuple": [0.06842105263157897, 564]}, {"py/tuple": [0.0, 1829]}, {"py/tuple": [1, 32]}, {"py/tuple": [0.0, 53]}, {"py/tuple": [1, 136]}, {"py/tuple": [1, 52]}, {"py/tuple": [0.16666666666666666, 69]}, {"py/tuple": [0.21428571428571427, 154]}, {"py/tuple": [1, 41]}, {"py/tuple": [0.0, 349]}, {"py/tuple": [0.1, 117]}, {"py/tuple": [0.0, 26]}, {"py/tuple": [1, 11]}, {"py/tuple": [0.0, 45]}, {"py/tuple": [0.11047758284600391, 432]}, {"py/tuple": [0.0, 65]}, {"py/tuple": [0.20476190476190478, 79]}, {"py/tuple": [1, 57]}, {"py/tuple": [0.30424562493528107, 671]}, {"py/tuple": [1, 28]}, {"py/tuple": [1, 44]}, {"py/tuple": [0.0, 56]}, {"py/tuple": [0.0, 42]}, {"py/tuple": [0.022644927536231884, 398]}, {"py/tuple": [1, 4]}, {"py/tuple": [0.3333333333333333, 29]}, {"py/tuple": [0.0, 8]}, {"py/tuple": [0.3333333333333333, 16]}, {"py/tuple": [0.5, 49]}, {"py/tuple": [1, 9]}, {"py/tuple": [0.0, 90]}, {"py/tuple": [0.0029239766081871343, 389]}, {"py/tuple": [1, 19]}, {"py/tuple": [0.16666666666666666, 39]}, {"py/tuple": [1, 3]}, {"py/tuple": [1, 10]}, {"py/tuple": [1, 3]}, {"py/tuple": [0.3, 56]}, {"py/tuple": [1, 5]}, {"py/tuple": [1, 5]}, {"py/tuple": [0.5, 27]}, {"py/tuple": [0.0, 18]}, {"py/tuple": [0.0, 47]}, {"py/tuple": [1, 3]}, {"py/tuple": [1, 62]}, {"py/tuple": [1, 37]}, {"py/tuple": [0.0, 17]}, {"py/tuple": [1, 10]}, {"py/tuple": [1, 7]}, {"py/tuple": [0.0, 29]}, {"py/tuple": [1, 8]}, {"py/tuple": [0.0, 24]}, {"py/tuple": [0.004761904761904762, 441]}, {"py/tuple": [0.2, 52]}, {"py/tuple": [0.06407467876039287, 365]}, {"py/tuple": [0.0, 23]}, {"py/tuple": [0.0, 19]}, {"py/tuple": [0.03571428571428571, 59]}, {"py/tuple": [0.0, 87]}, {"py/tuple": [1, 32]}, {"py/tuple": [0.0, 95]}, {"py/tuple": [0.0, 35]}, {"py/tuple": [0.0, 230]}, {"py/tuple": [0.0, 158]}, {"py/tuple": [0.0, 20]}, {"py/tuple": [1, 69]}, {"py/tuple": [0.05815508021390374, 320]}, {"py/tuple": [0.0, 185]}, {"py/tuple": [0.0, 60]}, {"py/tuple": [0.0, 41]}, {"py/tuple": [0.075, 28]}, {"py/tuple": [0.32777777777777783, 55]}, {"py/tuple": [0.3333333333333333, 21]}, {"py/tuple": [0.29910714285714285, 72]}, {"py/tuple": [1, 11]}, {"py/tuple": [0.0, 82]}, {"py/tuple": [0.1, 51]}, {"py/tuple": [0.0, 43]}, {"py/tuple": [0.0, 59]}, {"py/tuple": [0.0, 437]}, {"py/tuple": [0.0, 193]}, {"py/tuple": [1, 4]}, {"py/tuple": [0.25, 42]}, {"py/tuple": [0.0, 16]}, {"py/tuple": [0.0, 156]}, {"py/tuple": [1, 102]}, {"py/tuple": [0.0, 30]}, {"py/tuple": [0.0, 25]}, {"py/tuple": [0.010752688172043012, 472]}, {"py/tuple": [1, 5]}, {"py/tuple": [0.0, 62]}, {"py/tuple": [0.0, 85]}, {"py/tuple": [1, 6]}, {"py/tuple": [1, 8]}, {"py/tuple": [1.0, 10]}, {"py/tuple": [1, 3]}, {"py/tuple": [0.05, 78]}, {"py/tuple": [0.0, 38]}, {"py/tuple": [0.05, 110]}, {"py/tuple": [1, 2]}, {"py/tuple": [0.16666666666666666, 19]}, {"py/tuple": [1, 23]}, {"py/tuple": [0.0, 205]}, {"py/tuple": [0.0, 29]}, {"py/tuple": [1, 2]}, {"py/tuple": [0.0, 72]}, {"py/tuple": [0.0, 56]}, {"py/tuple": [0.00974025974025974, 137]}, {"py/tuple": [0.0, 61]}, {"py/tuple": [0.0, 34]}, {"py/tuple": [0.0, 34]}, {"py/tuple": [0.11851851851851851, 88]}, {"py/tuple": [0.75, 60]}, {"py/tuple": [0.0, 50]}, {"py/tuple": [0.0, 50]}, {"py/tuple": [0.0, 50]}, {"py/tuple": [0.0, 81]}, {"py/tuple": [1, 112]}, {"py/tuple": [0.0, 18]}, {"py/tuple": [0.09588541666666667, 315]}, {"py/tuple": [0.0, 63]}, {"py/tuple": [0.0, 60]}, {"py/tuple": [1, 22]}, {"py/tuple": [1, 14]}, {"py/tuple": [0.03333333333333333, 34]}, {"py/tuple": [0.0, 34]}, {"py/tuple": [0.05448717948717949, 328]}, {"py/tuple": [0.0, 59]}, {"py/tuple": [0.5, 120]}, {"py/tuple": [1, 87]}, {"py/tuple": [1, 3]}, {"py/tuple": [0.0, 9]}, {"py/tuple": [0.0, 14]}, {"py/tuple": [0.0, 72]}, {"py/tuple": [1, 986]}, {"py/tuple": [0.0, 27]}, {"py/tuple": [1, 6]}, {"py/tuple": [0.0, 577]}, {"py/tuple": [1, 162]}, {"py/tuple": [1, 104]}, {"py/tuple": [0.0, 277]}, {"py/tuple": [0.0, 277]}, {"py/tuple": [0.0, 915]}, {"py/tuple": [1, 8]}, {"py/tuple": [1, 32]}, {"py/tuple": [0.023809523809523808, 68]}, {"py/tuple": [0.0, 68]}, {"py/tuple": [0.0, 48]}, {"py/tuple": [0.2941176470588234, 1084]}, {"py/tuple": [1, 10]}, {"py/tuple": [0.0, 42]}, {"py/tuple": [0.04249999999999997, 374]}, {"py/tuple": [0.0, 37]}, {"py/tuple": [0.0, 60]}, {"py/tuple": [0.0, 20]}, {"py/tuple": [0.06666666666666667, 48]}, {"py/tuple": [1, 3]}, {"py/tuple": [0.0, 13]}, {"py/tuple": [0.3333333333333333, 26]}, {"py/tuple": [0.1527777777777778, 230]}, {"py/tuple": [0.25, 31]}, {"py/tuple": [0.0, 1051]}, {"py/tuple": [0.4333333333333334, 60]}, {"py/tuple": [1, 4]}, {"py/tuple": [0.006535947712418301, 256]}, {"py/tuple": [0.0, 90]}, {"py/tuple": [1, 3]}, {"py/tuple": [0.25, 45]}, {"py/tuple": [0.0, 90]}, {"py/tuple": [0.0, 36]}, {"py/tuple": [1, 26]}, {"py/tuple": [0.13636363636363635, 276]}, {"py/tuple": [0.0, 10]}]}, "LSCC": {"py/object": "Statistics.InterestingStatistics", "classValues": [{"py/tuple": [0.05555555555555555, 130]}, {"py/tuple": [0.0, 86]}, {"py/tuple": [0.1, 28]}, {"py/tuple": [1, 35]}, {"py/tuple": [0.007575757575757576, 129]}, {"py/tuple": [0.26785714285714285, 96]}, {"py/tuple": [0.14285714285714285, 114]}, {"py/tuple": [1, 17]}, {"py/tuple": [1, 52]}, {"py/tuple": [0, 72]}, {"py/tuple": [0.0, 105]}, {"py/tuple": [0.23333333333333334, 37]}, {"py/tuple": [0.0, 113]}, {"py/tuple": [0, 45]}, {"py/tuple": [1, 32]}, {"py/tuple": [0.011904761904761904, 108]}, {"py/tuple": [0.0, 25]}, {"py/tuple": [0.0, 78]}, {"py/tuple": [0.0, 872]}, {"py/tuple": [0.06666666666666667, 112]}, {"py/tuple": [0, 115]}, {"py/tuple": [1, 3]}, {"py/tuple": [0.023809523809523808, 124]}, {"py/tuple": [0, 122]}, {"py/tuple": [1, 117]}, {"py/tuple": [0.6666666666666666, 121]}, {"py/tuple": [0.0, 156]}, {"py/tuple": [1, 128]}, {"py/tuple": [0.0, 689]}, {"py/tuple": [0, 641]}, {"py/tuple": [0.016666666666666666, 245]}, {"py/tuple": [0, 58]}, {"py/tuple": [1, 8]}, {"py/tuple": [0.0, 93]}, {"py/tuple": [0.02689075630252101, 433]}, {"py/tuple": [1, 26]}, {"py/tuple": [0.1, 534]}, {"py/tuple": [0.0, 95]}, {"py/tuple": [0.000966183574879227, 399]}, {"py/tuple": [0.0009671179883945841, 401]}, {"py/tuple": [0.026785714285714284, 69]}, {"py/tuple": [0.002435064935064935, 325]}, {"py/tuple": [0, 96]}, {"py/tuple": [0.0, 23]}, {"py/tuple": [0.0, 106]}, {"py/tuple": [0, 62]}, {"py/tuple": [0.3333333333333333, 73]}, {"py/tuple": [0, 13]}, {"py/tuple": [0.0, 44]}, {"py/tuple": [0.0005263157894736842, 153]}, {"py/tuple": [0.0024985302763080542, 299]}, {"py/tuple": [0.0, 20]}, {"py/tuple": [1, 40]}, {"py/tuple": [1, 44]}, {"py/tuple": [0, 60]}, {"py/tuple": [1, 22]}, {"py/tuple": [0, 47]}, {"py/tuple": [0, 31]}, {"py/tuple": [0, 60]}, {"py/tuple": [0.25, 436]}, {"py/tuple": [1, 391]}, {"py/tuple": [1, 21]}, {"py/tuple": [0.00904977375565611, 197]}, {"py/tuple": [0, 60]}, {"py/tuple": [0.02114695340501792, 664]}, {"py/tuple": [1, 1]}, {"py/tuple": [0, 10]}, {"py/tuple": [0.12962962962962962, 199]}, {"py/tuple": [0.16666666666666666, 46]}, {"py/tuple": [1, 29]}, {"py/tuple": [0.0, 192]}, {"py/tuple": [0, 106]}, {"py/tuple": [0.031746031746031744, 143]}, {"py/tuple": [1, 40]}, {"py/tuple": [0, 30]}, {"py/tuple": [0, 75]}, {"py/tuple": [1, 13]}, {"py/tuple": [0.3333333333333333, 64]}, {"py/tuple": [1, 9]}, {"py/tuple": [0.009523809523809525, 125]}, {"py/tuple": [0.24444444444444444, 159]}, {"py/tuple": [0.0, 471]}, {"py/tuple": [1, 0]}, {"py/tuple": [0.033862433862433865, 150]}, {"py/tuple": [0, 75]}, {"py/tuple": [0.03869047619047619, 165]}, {"py/tuple": [0.3333333333333333, 42]}, {"py/tuple": [0.15, 85]}, {"py/tuple": [0.0, 65]}, {"py/tuple": [0.3333333333333333, 30]}, {"py/tuple": [0.06428571428571428, 70]}, {"py/tuple": [0.5, 37]}, {"py/tuple": [0, 37]}, {"py/tuple": [1, 77]}, {"py/tuple": [1, 0]}, {"py/tuple": [0, 198]}, {"py/tuple": [1.0, 13]}, {"py/tuple": [0.0024122219244170464, 723]}, {"py/tuple": [0, 51]}, {"py/tuple": [0, 45]}, {"py/tuple": [0.75, 26]}, {"py/tuple": [1, 22]}, {"py/tuple": [1, 22]}, {"py/tuple": [0.0, 86]}, {"py/tuple": [0, 311]}, {"py/tuple": [0.0, 109]}, {"py/tuple": [0.2222222222222222, 52]}, {"py/tuple": [0, 108]}, {"py/tuple": [0.3333333333333333, 47]}, {"py/tuple": [0, 35]}, {"py/tuple": [0.047619047619047616, 60]}, {"py/tuple": [0, 50]}, {"py/tuple": [1, 21]}, {"py/tuple": [0.0, 102]}, {"py/tuple": [0.16666666666666666, 44]}, {"py/tuple": [0.8333333333333334, 101]}, {"py/tuple": [1, 13]}, {"py/tuple": [0.0, 131]}, {"py/tuple": [1, 112]}, {"py/tuple": [1, 32]}, {"py/tuple": [1, 1]}, {"py/tuple": [1, 6]}, {"py/tuple": [1, 3]}, {"py/tuple": [1, 71]}, {"py/tuple": [0.024793388429752067, 180]}, {"py/tuple": [0, 19]}, {"py/tuple": [1, 5]}, {"py/tuple": [0.0, 15]}, {"py/tuple": [0, 15]}, {"py/tuple": [0.0003083564600678384, 1164]}, {"py/tuple": [0, 16]}, {"py/tuple": [0, 71]}, {"py/tuple": [0.5, 13]}, {"py/tuple": [0.08235294117647059, 1193]}, {"py/tuple": [1, 7]}, {"py/tuple": [0.16666666666666666, 36]}, {"py/tuple": [1, 10]}, {"py/tuple": [1, 0]}, {"py/tuple": [1, 2]}, {"py/tuple": [1, 11]}, {"py/tuple": [0.13333333333333333, 68]}, {"py/tuple": [1, 123]}, {"py/tuple": [0.0735930735930736, 127]}, {"py/tuple": [0, 20]}, {"py/tuple": [1, 10]}, {"py/tuple": [0.4027777777777778, 161]}, {"py/tuple": [0, 61]}, {"py/tuple": [0.1, 48]}, {"py/tuple": [1, 18]}, {"py/tuple": [0, 25]}, {"py/tuple": [0.0, 64]}, {"py/tuple": [1, 60]}, {"py/tuple": [0.0, 11]}, {"py/tuple": [0, 162]}, {"py/tuple": [0.05087719298245614, 564]}, {"py/tuple": [0.0, 1829]}, {"py/tuple": [1, 32]}, {"py/tuple": [0, 53]}, {"py/tuple": [1, 136]}, {"py/tuple": [1, 52]}, {"py/tuple": [0.16666666666666666, 69]}, {"py/tuple": [0.21428571428571427, 154]}, {"py/tuple": [1, 41]}, {"py/tuple": [0, 349]}, {"py/tuple": [0.1, 117]}, {"py/tuple": [0, 26]}, {"py/tuple": [1, 11]}, {"py/tuple": [0.0, 45]}, {"py/tuple": [0.0262444729710455, 432]}, {"py/tuple": [0, 65]}, {"py/tuple": [0.1523809523809524, 79]}, {"py/tuple": [1, 57]}, {"py/tuple": [0.1277311794553174, 671]}, {"py/tuple": [1, 28]}, {"py/tuple": [1, 44]}, {"py/tuple": [0, 56]}, {"py/tuple": [0, 42]}, {"py/tuple": [0.016304347826086956, 398]}, {"py/tuple": [1, 4]}, {"py/tuple": [0.3333333333333333, 29]}, {"py/tuple": [0, 8]}, {"py/tuple": [0.3333333333333333, 16]}, {"py/tuple": [0.5, 49]}, {"py/tuple": [1, 9]}, {"py/tuple": [0, 90]}, {"py/tuple": [0.0029239766081871343, 389]}, {"py/tuple": [1, 19]}, {"py/tuple": [0.16666666666666666, 39]}, {"py/tuple": [1, 3]}, {"py/tuple": [1, 10]}, {"py/tuple": [1, 3]}, {"py/tuple": [0.2, 56]}, {"py/tuple": [1, 5]}, {"py/tuple": [1, 5]}, {"py/tuple": [0.5, 27]}, {"py/tuple": [0.0, 18]}, {"py/tuple": [0.0, 47]}, {"py/tuple": [1, 3]}, {"py/tuple": [1, 62]}, {"py/tuple": [1, 37]}, {"py/tuple": [0.0, 17]}, {"py/tuple": [1, 10]}, {"py/tuple": [1, 7]}, {"py/tuple": [0.0, 29]}, {"py/tuple": [1, 8]}, {"py/tuple": [0.0, 24]}, {"py/tuple": [0.004761904761904762, 441]}, {"py/tuple": [0.2, 52]}, {"py/tuple": [0.022095238095238095, 365]}, {"py/tuple": [0.0, 23]}, {"py/tuple": [0.0, 19]}, {"py/tuple": [0.017857142857142856, 59]}, {"py/tuple": [0, 87]}, {"py/tuple": [1, 32]}, {"py/tuple": [0, 95]}, {"py/tuple": [0, 35]}, {"py/tuple": [0.0, 230]}, {"py/tuple": [0, 158]}, {"py/tuple": [0.0, 20]}, {"py/tuple": [1, 69]}, {"py/tuple": [0.016042780748663103, 320]}, {"py/tuple": [0.0, 185]}, {"py/tuple": [0, 60]}, {"py/tuple": [0, 41]}, {"py/tuple": [0.075, 28]}, {"py/tuple": [0.15, 55]}, {"py/tuple": [0.16666666666666666, 21]}, {"py/tuple": [0.15178571428571427, 72]}, {"py/tuple": [1, 11]}, {"py/tuple": [0, 82]}, {"py/tuple": [0.1, 51]}, {"py/tuple": [0.0, 43]}, {"py/tuple": [0, 59]}, {"py/tuple": [0.0, 437]}, {"py/tuple": [0.0, 193]}, {"py/tuple": [1, 4]}, {"py/tuple": [0.25, 42]}, {"py/tuple": [0.0, 16]}, {"py/tuple": [0, 156]}, {"py/tuple": [1, 102]}, {"py/tuple": [0.0, 30]}, {"py/tuple": [0.0, 25]}, {"py/tuple": [0.010752688172043012, 472]}, {"py/tuple": [1, 5]}, {"py/tuple": [0, 62]}, {"py/tuple": [0, 85]}, {"py/tuple": [1, 6]}, {"py/tuple": [1, 8]}, {"py/tuple": [1.0, 10]}, {"py/tuple": [1, 3]}, {"py/tuple": [0.05, 78]}, {"py/tuple": [0.0, 38]}, {"py/tuple": [0.03333333333333333, 110]}, {"py/tuple": [1, 2]}, {"py/tuple": [0.16666666666666666, 19]}, {"py/tuple": [1, 23]}, {"py/tuple": [0, 205]}, {"py/tuple": [0, 29]}, {"py/tuple": [1, 2]}, {"py/tuple": [0, 72]}, {"py/tuple": [0, 56]}, {"py/tuple": [0.00974025974025974, 137]}, {"py/tuple": [0.0, 61]}, {"py/tuple": [0, 34]}, {"py/tuple": [0, 34]}, {"py/tuple": [0.014814814814814815, 88]}, {"py/tuple": [0.75, 60]}, {"py/tuple": [0.0, 50]}, {"py/tuple": [0.0, 50]}, {"py/tuple": [0, 50]}, {"py/tuple": [0, 81]}, {"py/tuple": [1, 112]}, {"py/tuple": [0, 18]}, {"py/tuple": [0.03229166666666667, 315]}, {"py/tuple": [0, 63]}, {"py/tuple": [0, 60]}, {"py/tuple": [1, 22]}, {"py/tuple": [1, 14]}, {"py/tuple": [0.03333333333333333, 34]}, {"py/tuple": [0.0, 34]}, {"py/tuple": [0.035256410256410256, 328]}, {"py/tuple": [0, 59]}, {"py/tuple": [0.5, 120]}, {"py/tuple": [1, 87]}, {"py/tuple": [1, 3]}, {"py/tuple": [0, 9]}, {"py/tuple": [0.0, 14]}, {"py/tuple": [0, 72]}, {"py/tuple": [1, 986]}, {"py/tuple": [0, 27]}, {"py/tuple": [1, 6]}, {"py/tuple": [0.0, 577]}, {"py/tuple": [1, 162]}, {"py/tuple": [1, 104]}, {"py/tuple": [0, 277]}, {"py/tuple": [0, 277]}, {"py/tuple": [0.0, 915]}, {"py/tuple": [1, 8]}, {"py/tuple": [1, 32]}, {"py/tuple": [0.015873015873015872, 68]}, {"py/tuple": [0, 68]}, {"py/tuple": [0.0, 48]}, {"py/tuple": [0.29411764705882354, 1084]}, {"py/tuple": [1, 10]}, {"py/tuple": [0, 42]}, {"py/tuple": [0.0175, 374]}, {"py/tuple": [0, 37]}, {"py/tuple": [0, 60]}, {"py/tuple": [0, 20]}, {"py/tuple": [0.06666666666666667, 48]}, {"py/tuple": [1, 3]}, {"py/tuple": [0, 13]}, {"py/tuple": [0.3333333333333333, 26]}, {"py/tuple": [0.09722222222222222, 230]}, {"py/tuple": [0.16666666666666666, 31]}, {"py/tuple": [0.0, 1051]}, {"py/tuple": [0.1, 60]}, {"py/tuple": [1, 4]}, {"py/tuple": [0.006535947712418301, 256]}, {"py/tuple": [0.0, 90]}, {"py/tuple": [1, 3]}, {"py/tuple": [0.25, 45]}, {"py/tuple": [0.0, 90]}, {"py/tuple": [0.0, 36]}, {"py/tuple": [1, 26]}, {"py/tuple": [0.08181818181818182, 276]}, {"py/tuple": [0.0, 10]}]}, "CC": {"py/object": "Statistics.InterestingStatistics", "classValues": [{"py/tuple": [0.13185185185185183, 130]}, {"py/tuple": [0.0, 86]}, {"py/tuple": [0.1, 28]}, {"py/tuple": [1, 35]}, {"py/tuple": [0.015151515151515152, 129]}, {"py/tuple": [0.5357142857142857, 96]}, {"py/tuple": [0.14285714285714285, 114]}, {"py/tuple": [1, 17]}, {"py/tuple": [1, 52]}, {"py/tuple": [1, 72]}, {"py/tuple": [0.0, 105]}, {"py/tuple": [0.26666666666666666, 37]}, {"py/tuple": [0.0, 113]}, {"py/tuple": [1, 45]}, {"py/tuple": [1, 32]}, {"py/tuple": [0.047619047619047616, 108]}, {"py/tuple": [0.0, 25]}, {"py/tuple": [0.0, 78]}, {"py/tuple": [0.0, 872]}, {"py/tuple": [0.06666666666666667, 112]}, {"py/tuple": [1, 115]}, {"py/tuple": [1, 3]}, {"py/tuple": [0.047619047619047616, 124]}, {"py/tuple": [1, 122]}, {"py/tuple": [1, 117]}, {"py/tuple": [0.6666666666666666, 121]}, {"py/tuple": [0.0, 156]}, {"py/tuple": [1, 128]}, {"py/tuple": [0.0, 689]}, {"py/tuple": [1, 641]}, {"py/tuple": [0.06833333333333333, 245]}, {"py/tuple": [1, 58]}, {"py/tuple": [1, 8]}, {"py/tuple": [0.0, 93]}, {"py/tuple": [0.06623535194963767, 433]}, {"py/tuple": [1, 26]}, {"py/tuple": [0.4, 534]}, {"py/tuple": [0.0, 95]}, {"py/tuple": [0.02077294685990338, 399]}, {"py/tuple": [0.020814061054579093, 401]}, {"py/tuple": [0.07142857142857142, 69]}, {"py/tuple": [0.012026515151515151, 325]}, {"py/tuple": [1, 96]}, {"py/tuple": [0.0, 23]}, {"py/tuple": [0.0, 106]}, {"py/tuple": [1, 62]}, {"py/tuple": [0.4666666666666666, 73]}, {"py/tuple": [1, 13]}, {"py/tuple": [0.0, 44]}, {"py/tuple": [0.003508771929824561, 153]}, {"py/tuple": [0.01988536155202822, 299]}, {"py/tuple": [0.0, 20]}, {"py/tuple": [1, 40]}, {"py/tuple": [1, 44]}, {"py/tuple": [1, 60]}, {"py/tuple": [1, 22]}, {"py/tuple": [1, 47]}, {"py/tuple": [1, 31]}, {"py/tuple": [1, 60]}, {"py/tuple": [1.0, 436]}, {"py/tuple": [1, 391]}, {"py/tuple": [1, 21]}, {"py/tuple": [0.053955568241282524, 197]}, {"py/tuple": [1, 60]}, {"py/tuple": [0.031148853855021856, 664]}, {"py/tuple": [1, 1]}, {"py/tuple": [1, 10]}, {"py/tuple": [0.15925925925925924, 199]}, {"py/tuple": [0.2916666666666667, 46]}, {"py/tuple": [1, 29]}, {"py/tuple": [0.0, 192]}, {"py/tuple": [1, 106]}, {"py/tuple": [0.19047619047619047, 143]}, {"py/tuple": [1, 40]}, {"py/tuple": [1, 30]}, {"py/tuple": [1, 75]}, {"py/tuple": [1, 13]}, {"py/tuple": [0.75, 64]}, {"py/tuple": [1, 9]}, {"py/tuple": [0.009523809523809523, 125]}, {"py/tuple": [0.3055555555555556, 159]}, {"py/tuple": [0.0, 471]}, {"py/tuple": [1, 0]}, {"py/tuple": [0.056145124716553294, 150]}, {"py/tuple": [1, 75]}, {"py/tuple": [0.12142857142857144, 165]}, {"py/tuple": [0.4166666666666667, 42]}, {"py/tuple": [0.18, 85]}, {"py/tuple": [0.0, 65]}, {"py/tuple": [0.3333333333333333, 30]}, {"py/tuple": [0.08571428571428572, 70]}, {"py/tuple": [0.5, 37]}, {"py/tuple": [1, 37]}, {"py/tuple": [1, 77]}, {"py/tuple": [1, 0]}, {"py/tuple": [1, 198]}, {"py/tuple": [1.0, 13]}, {"py/tuple": [0.0313588850174216, 723]}, {"py/tuple": [1, 51]}, {"py/tuple": [1, 45]}, {"py/tuple": [1.0, 26]}, {"py/tuple": [1, 22]}, {"py/tuple": [1, 22]}, {"py/tuple": [0.0, 86]}, {"py/tuple": [1, 311]}, {"py/tuple": [0.0, 109]}, {"py/tuple": [0.4166666666666667, 52]}, {"py/tuple": [1, 108]}, {"py/tuple": [0.3333333333333333, 47]}, {"py/tuple": [1, 35]}, {"py/tuple": [0.047619047619047616, 60]}, {"py/tuple": [1, 50]}, {"py/tuple": [1, 21]}, {"py/tuple": [0.0, 102]}, {"py/tuple": [0.16666666666666666, 44]}, {"py/tuple": [0.8333333333333334, 101]}, {"py/tuple": [1, 13]}, {"py/tuple": [0.0, 131]}, {"py/tuple": [1, 112]}, {"py/tuple": [1, 32]}, {"py/tuple": [1, 1]}, {"py/tuple": [1, 6]}, {"py/tuple": [1, 3]}, {"py/tuple": [1, 71]}, {"py/tuple": [0.09242424242424245, 180]}, {"py/tuple": [1, 19]}, {"py/tuple": [1, 5]}, {"py/tuple": [0.0, 15]}, {"py/tuple": [1, 15]}, {"py/tuple": [0.0009250693802035153, 1164]}, {"py/tuple": [1, 16]}, {"py/tuple": [1, 71]}, {"py/tuple": [0.5, 13]}, {"py/tuple": [0.1453781512605042, 1193]}, {"py/tuple": [1, 7]}, {"py/tuple": [0.16666666666666666, 36]}, {"py/tuple": [1, 10]}, {"py/tuple": [1, 0]}, {"py/tuple": [1, 2]}, {"py/tuple": [1, 11]}, {"py/tuple": [0.13333333333333333, 68]}, {"py/tuple": [1, 123]}, {"py/tuple": [0.13983371126228267, 127]}, {"py/tuple": [1, 20]}, {"py/tuple": [1, 10]}, {"py/tuple": [0.6111111111111112, 161]}, {"py/tuple": [1, 61]}, {"py/tuple": [0.1, 48]}, {"py/tuple": [1, 18]}, {"py/tuple": [1, 25]}, {"py/tuple": [0.0, 64]}, {"py/tuple": [1, 60]}, {"py/tuple": [0.0, 11]}, {"py/tuple": [1, 162]}, {"py/tuple": [0.24736842105263157, 564]}, {"py/tuple": [0.0, 1829]}, {"py/tuple": [1, 32]}, {"py/tuple": [1, 53]}, {"py/tuple": [1, 136]}, {"py/tuple": [1, 52]}, {"py/tuple": [0.16666666666666666, 69]}, {"py/tuple": [0.21428571428571427, 154]}, {"py/tuple": [1, 41]}, {"py/tuple": [1, 349]}, {"py/tuple": [0.4, 117]}, {"py/tuple": [1, 26]}, {"py/tuple": [1, 11]}, {"py/tuple": [0.0, 45]}, {"py/tuple": [0.09091280193426485, 432]}, {"py/tuple": [1, 65]}, {"py/tuple": [0.19523809523809527, 79]}, {"py/tuple": [1, 57]}, {"py/tuple": [0.26229107577146743, 671]}, {"py/tuple": [1, 28]}, {"py/tuple": [1, 44]}, {"py/tuple": [1, 56]}, {"py/tuple": [1, 42]}, {"py/tuple": [0.05253623188405797, 398]}, {"py/tuple": [1, 4]}, {"py/tuple": [1.0, 29]}, {"py/tuple": [1, 8]}, {"py/tuple": [0.3333333333333333, 16]}, {"py/tuple": [0.5, 49]}, {"py/tuple": [1, 9]}, {"py/tuple": [1, 90]}, {"py/tuple": [0.005847953216374269, 389]}, {"py/tuple": [1, 19]}, {"py/tuple": [0.16666666666666666, 39]}, {"py/tuple": [1, 3]}, {"py/tuple": [1, 10]}, {"py/tuple": [1, 3]}, {"py/tuple": [0.2, 56]}, {"py/tuple": [1, 5]}, {"py/tuple": [1, 5]}, {"py/tuple": [0.5, 27]}, {"py/tuple": [0.0, 18]}, {"py/tuple": [0.0, 47]}, {"py/tuple": [1, 3]}, {"py/tuple": [1, 62]}, {"py/tuple": [1, 37]}, {"py/tuple": [0.0, 17]}, {"py/tuple": [1, 10]}, {"py/tuple": [1, 7]}, {"py/tuple": [0.0, 29]}, {"py/tuple": [1, 8]}, {"py/tuple": [0.0, 24]}, {"py/tuple": [0.004761904761904762, 441]}, {"py/tuple": [1.0, 52]}, {"py/tuple": [0.10767106790916325, 365]}, {"py/tuple": [0.0, 23]}, {"py/tuple": [0.0, 19]}, {"py/tuple": [0.047619047619047616, 59]}, {"py/tuple": [1, 87]}, {"py/tuple": [1, 32]}, {"py/tuple": [1, 95]}, {"py/tuple": [1, 35]}, {"py/tuple": [0.0, 230]}, {"py/tuple": [1, 158]}, {"py/tuple": [0.0, 20]}, {"py/tuple": [1, 69]}, {"py/tuple": [0.026143790849673203, 320]}, {"py/tuple": [0.0, 185]}, {"py/tuple": [1, 60]}, {"py/tuple": [1, 41]}, {"py/tuple": [0.1, 28]}, {"py/tuple": [0.19666666666666663, 55]}, {"py/tuple": [0.16666666666666666, 21]}, {"py/tuple": [0.306547619047619, 72]}, {"py/tuple": [1, 11]}, {"py/tuple": [1, 82]}, {"py/tuple": [0.1, 51]}, {"py/tuple": [0.0, 43]}, {"py/tuple": [1, 59]}, {"py/tuple": [0.0, 437]}, {"py/tuple": [0.0, 193]}, {"py/tuple": [1, 4]}, {"py/tuple": [1.0, 42]}, {"py/tuple": [0.0, 16]}, {"py/tuple": [1, 156]}, {"py/tuple": [1, 102]}, {"py/tuple": [0.0, 30]}, {"py/tuple": [0.0, 25]}, {"py/tuple": [0.021505376344086023, 472]}, {"py/tuple": [1, 5]}, {"py/tuple": [1, 62]}, {"py/tuple": [1, 85]}, {"py/tuple": [1, 6]}, {"py/tuple": [1, 8]}, {"py/tuple": [1.0, 10]}, {"py/tuple": [1, 3]}, {"py/tuple": [0.2, 78]}, {"py/tuple": [0.0, 38]}, {"py/tuple": [0.03333333333333333, 110]}, {"py/tuple": [1, 2]}, {"py/tuple": [0.3333333333333333, 19]}, {"py/tuple": [1, 23]}, {"py/tuple": [1, 205]}, {"py/tuple": [1, 29]}, {"py/tuple": [1, 2]}, {"py/tuple": [1, 72]}, {"py/tuple": [1, 56]}, {"py/tuple": [0.10714285714285714, 137]}, {"py/tuple": [0.0, 61]}, {"py/tuple": [1, 34]}, {"py/tuple": [1, 34]}, {"py/tuple": [0.016666666666666666, 88]}, {"py/tuple": [0.75, 60]}, {"py/tuple": [0.0, 50]}, {"py/tuple": [0.0, 50]}, {"py/tuple": [1, 50]}, {"py/tuple": [1, 81]}, {"py/tuple": [1, 112]}, {"py/tuple": [1, 18]}, {"py/tuple": [0.08896224146224146, 315]}, {"py/tuple": [1, 63]}, {"py/tuple": [1, 60]}, {"py/tuple": [1, 22]}, {"py/tuple": [1, 14]}, {"py/tuple": [0.1, 34]}, {"py/tuple": [0.0, 34]}, {"py/tuple": [0.23076923076923078, 328]}, {"py/tuple": [1, 59]}, {"py/tuple": [1.0, 120]}, {"py/tuple": [1, 87]}, {"py/tuple": [1, 3]}, {"py/tuple": [1, 9]}, {"py/tuple": [0.0, 14]}, {"py/tuple": [1, 72]}, {"py/tuple": [1, 986]}, {"py/tuple": [1, 27]}, {"py/tuple": [1, 6]}, {"py/tuple": [0.0, 577]}, {"py/tuple": [1, 162]}, {"py/tuple": [1, 104]}, {"py/tuple": [1, 277]}, {"py/tuple": [1, 277]}, {"py/tuple": [0.0, 915]}, {"py/tuple": [1, 8]}, {"py/tuple": [1, 32]}, {"py/tuple": [0.031746031746031744, 68]}, {"py/tuple": [1, 68]}, {"py/tuple": [0.0, 48]}, {"py/tuple": [0.4117647058823529, 1084]}, {"py/tuple": [1, 10]}, {"py/tuple": [1, 42]}, {"py/tuple": [0.09960317460317461, 374]}, {"py/tuple": [1, 37]}, {"py/tuple": [1, 60]}, {"py/tuple": [1, 20]}, {"py/tuple": [0.2, 48]}, {"py/tuple": [1, 3]}, {"py/tuple": [1, 13]}, {"py/tuple": [1.0, 26]}, {"py/tuple": [0.1111111111111111, 230]}, {"py/tuple": [0.2222222222222222, 31]}, {"py/tuple": [0.0, 1051]}, {"py/tuple": [0.26666666666666666, 60]}, {"py/tuple": [1, 4]}, {"py/tuple": [0.006535947712418301, 256]}, {"py/tuple": [0.0, 90]}, {"py/tuple": [1, 3]}, {"py/tuple": [0.5, 45]}, {"py/tuple": [0.0, 90]}, {"py/tuple": [0.0, 36]}, {"py/tuple": [1, 26]}, {"py/tuple": [0.09090909090909091, 276]}, {"py/tuple": [0.0, 10]}]}, "LCOM5": {"py/object": "Statistics.InterestingStatistics", "classValues": [{"py/tuple": [0.75, 130]}, {"py/tuple": [1.0, 86]}, {"py/tuple": [0.6, 28]}, {"py/tuple": [0, 35]}, {"py/tuple": [0.9166666666666666, 129]}, {"py/tuple": [0.5625, 96]}, {"py/tuple": [0.5714285714285714, 114]}, {"py/tuple": [0, 17]}, {"py/tuple": [0, 52]}, {"py/tuple": [0, 72]}, {"py/tuple": [0.875, 105]}, {"py/tuple": [0.4666666666666667, 37]}, {"py/tuple": [0.6666666666666667, 113]}, {"py/tuple": [0, 45]}, {"py/tuple": [0.6666666666666667, 32]}, {"py/tuple": [0.8571428571428572, 108]}, {"py/tuple": [1.0, 25]}, {"py/tuple": [1.0, 78]}, {"py/tuple": [0.9880952380952381, 872]}, {"py/tuple": [0.6666666666666667, 112]}, {"py/tuple": [0, 115]}, {"py/tuple": [0, 3]}, {"py/tuple": [0.7857142857142857, 124]}, {"py/tuple": [0, 122]}, {"py/tuple": [0, 117]}, {"py/tuple": [0.16666666666666663, 121]}, {"py/tuple": [1.0, 156]}, {"py/tuple": [0, 128]}, {"py/tuple": [0.9714285714285714, 689]}, {"py/tuple": [0, 641]}, {"py/tuple": [0.888, 245]}, {"py/tuple": [0, 58]}, {"py/tuple": [0.0, 8]}, {"py/tuple": [1.0, 93]}, {"py/tuple": [0.8274509803921568, 433]}, {"py/tuple": [0, 26]}, {"py/tuple": [0.75, 534]}, {"py/tuple": [0.8333333333333334, 95]}, {"py/tuple": [0.9713438735177866, 399]}, {"py/tuple": [0.9709864603481625, 401]}, {"py/tuple": [0.78125, 69]}, {"py/tuple": [0.9415584415584416, 325]}, {"py/tuple": [0, 96]}, {"py/tuple": [0.8666666666666667, 23]}, {"py/tuple": [0.85, 106]}, {"py/tuple": [0, 62]}, {"py/tuple": [0.4, 73]}, {"py/tuple": [0, 13]}, {"py/tuple": [0.8, 44]}, {"py/tuple": [0.985, 153]}, {"py/tuple": [0.9523809523809523, 299]}, {"py/tuple": [0.6666666666666667, 20]}, {"py/tuple": [0, 40]}, {"py/tuple": [0, 44]}, {"py/tuple": [0, 60]}, {"py/tuple": [0, 22]}, {"py/tuple": [0, 47]}, {"py/tuple": [0, 31]}, {"py/tuple": [0, 60]}, {"py/tuple": [0.75, 436]}, {"py/tuple": [0, 391]}, {"py/tuple": [0, 21]}, {"py/tuple": [0.8991596638655462, 197]}, {"py/tuple": [0, 60]}, {"py/tuple": [0.8520833333333333, 664]}, {"py/tuple": [0, 1]}, {"py/tuple": [0, 10]}, {"py/tuple": [0.6481481481481481, 199]}, {"py/tuple": [0.5625, 46]}, {"py/tuple": [0, 29]}, {"py/tuple": [1.0, 192]}, {"py/tuple": [0, 106]}, {"py/tuple": [0.8809523809523809, 143]}, {"py/tuple": [0.5, 40]}, {"py/tuple": [0, 30]}, {"py/tuple": [0, 75]}, {"py/tuple": [0.0, 13]}, {"py/tuple": [0.5833333333333333, 64]}, {"py/tuple": [0, 9]}, {"py/tuple": [0.8666666666666667, 125]}, {"py/tuple": [0.52, 159]}, {"py/tuple": [1.0, 471]}, {"py/tuple": [0, 0]}, {"py/tuple": [0.8074074074074074, 150]}, {"py/tuple": [0, 75]}, {"py/tuple": [0.84375, 165]}, {"py/tuple": [0.41666666666666663, 42]}, {"py/tuple": [0.6, 85]}, {"py/tuple": [0.5, 65]}, {"py/tuple": [0.33333333333333337, 30]}, {"py/tuple": [0.7, 70]}, {"py/tuple": [0.25, 37]}, {"py/tuple": [0, 37]}, {"py/tuple": [0.0, 77]}, {"py/tuple": [0, 0]}, {"py/tuple": [0, 198]}, {"py/tuple": [0.0, 13]}, {"py/tuple": [0.9743589743589743, 723]}, {"py/tuple": [0, 51]}, {"py/tuple": [0, 45]}, {"py/tuple": [0.25, 26]}, {"py/tuple": [0, 22]}, {"py/tuple": [0.5, 22]}, {"py/tuple": [0.75, 86]}, {"py/tuple": [0, 311]}, {"py/tuple": [0.8571428571428572, 109]}, {"py/tuple": [0.5833333333333333, 52]}, {"py/tuple": [0, 108]}, {"py/tuple": [0.33333333333333337, 47]}, {"py/tuple": [0, 35]}, {"py/tuple": [0.7142857142857143, 60]}, {"py/tuple": [0, 50]}, {"py/tuple": [0, 21]}, {"py/tuple": [0.9722222222222222, 102]}, {"py/tuple": [0.5, 44]}, {"py/tuple": [0.08333333333333337, 101]}, {"py/tuple": [0, 13]}, {"py/tuple": [0.9375, 131]}, {"py/tuple": [0, 112]}, {"py/tuple": [0.0, 32]}, {"py/tuple": [0, 1]}, {"py/tuple": [0, 6]}, {"py/tuple": [0, 3]}, {"py/tuple": [0.0, 71]}, {"py/tuple": [0.8409090909090909, 180]}, {"py/tuple": [0, 19]}, {"py/tuple": [0.0, 5]}, {"py/tuple": [0.5, 15]}, {"py/tuple": [0, 15]}, {"py/tuple": [0.9787234042553191, 1164]}, {"py/tuple": [0, 16]}, {"py/tuple": [0, 71]}, {"py/tuple": [0.25, 13]}, {"py/tuple": [0.7342857142857142, 1193]}, {"py/tuple": [0, 7]}, {"py/tuple": [0.5, 36]}, {"py/tuple": [0, 10]}, {"py/tuple": [0, 0]}, {"py/tuple": [0, 2]}, {"py/tuple": [0.0, 11]}, {"py/tuple": [0.5833333333333333, 68]}, {"py/tuple": [0, 123]}, {"py/tuple": [0.6753246753246753, 127]}, {"py/tuple": [0, 20]}, {"py/tuple": [0, 10]}, {"py/tuple": [0.4444444444444444, 161]}, {"py/tuple": [0, 61]}, {"py/tuple": [0.6, 48]}, {"py/tuple": [0.0, 18]}, {"py/tuple": [0, 25]}, {"py/tuple": [1.0, 64]}, {"py/tuple": [0.8, 60]}, {"py/tuple": [0.5, 11]}, {"py/tuple": [0, 162]}, {"py/tuple": [0.8833333333333333, 564]}, {"py/tuple": [0.9833333333333333, 1829]}, {"py/tuple": [0, 32]}, {"py/tuple": [0, 53]}, {"py/tuple": [0.0, 136]}, {"py/tuple": [0, 52]}, {"py/tuple": [0.5, 69]}, {"py/tuple": [0.5, 154]}, {"py/tuple": [0.0, 41]}, {"py/tuple": [0, 349]}, {"py/tuple": [0.8333333333333334, 117]}, {"py/tuple": [0, 26]}, {"py/tuple": [0, 11]}, {"py/tuple": [1.0, 45]}, {"py/tuple": [0.8613607188703466, 432]}, {"py/tuple": [0, 65]}, {"py/tuple": [0.5714285714285714, 79]}, {"py/tuple": [0.0, 57]}, {"py/tuple": [0.7325256290773532, 671]}, {"py/tuple": [1.0, 28]}, {"py/tuple": [0, 44]}, {"py/tuple": [0, 56]}, {"py/tuple": [0, 42]}, {"py/tuple": [0.8958333333333334, 398]}, {"py/tuple": [0, 4]}, {"py/tuple": [0.6666666666666667, 29]}, {"py/tuple": [0, 8]}, {"py/tuple": [0.33333333333333337, 16]}, {"py/tuple": [0.25, 49]}, {"py/tuple": [0, 9]}, {"py/tuple": [0, 90]}, {"py/tuple": [0.9473684210526316, 389]}, {"py/tuple": [0, 19]}, {"py/tuple": [0.5, 39]}, {"py/tuple": [0, 3]}, {"py/tuple": [0.0, 10]}, {"py/tuple": [0, 3]}, {"py/tuple": [0.5, 56]}, {"py/tuple": [0, 5]}, {"py/tuple": [0, 5]}, {"py/tuple": [0.25, 27]}, {"py/tuple": [0.5, 18]}, {"py/tuple": [0.6666666666666667, 47]}, {"py/tuple": [0, 3]}, {"py/tuple": [0.0, 62]}, {"py/tuple": [0.0, 37]}, {"py/tuple": [0.6666666666666667, 17]}, {"py/tuple": [0.0, 10]}, {"py/tuple": [0, 7]}, {"py/tuple": [0.75, 29]}, {"py/tuple": [0.0, 8]}, {"py/tuple": [1.0, 24]}, {"py/tuple": [0.9047619047619048, 441]}, {"py/tuple": [0.8, 52]}, {"py/tuple": [0.8811111111111111, 365]}, {"py/tuple": [0.75, 23]}, {"py/tuple": [0.75, 19]}, {"py/tuple": [0.8125, 59]}, {"py/tuple": [0, 87]}, {"py/tuple": [0, 32]}, {"py/tuple": [0, 95]}, {"py/tuple": [0, 35]}, {"py/tuple": [0.9722222222222222, 230]}, {"py/tuple": [0, 158]}, {"py/tuple": [1.0, 20]}, {"py/tuple": [0.0, 69]}, {"py/tuple": [0.8663101604278075, 320]}, {"py/tuple": [0.9166666666666666, 185]}, {"py/tuple": [0, 60]}, {"py/tuple": [0, 41]}, {"py/tuple": [0.7, 28]}, {"py/tuple": [0.6, 55]}, {"py/tuple": [0.5, 21]}, {"py/tuple": [0.65625, 72]}, {"py/tuple": [0, 11]}, {"py/tuple": [0, 82]}, {"py/tuple": [0.6, 51]}, {"py/tuple": [1.0, 43]}, {"py/tuple": [0, 59]}, {"py/tuple": [0.9615384615384616, 437]}, {"py/tuple": [0.875, 193]}, {"py/tuple": [0, 4]}, {"py/tuple": [0.75, 42]}, {"py/tuple": [0.6666666666666667, 16]}, {"py/tuple": [0, 156]}, {"py/tuple": [0, 102]}, {"py/tuple": [0.5, 30]}, {"py/tuple": [0.5, 25]}, {"py/tuple": [0.9193548387096774, 472]}, {"py/tuple": [0, 5]}, {"py/tuple": [0, 62]}, {"py/tuple": [0, 85]}, {"py/tuple": [0.5, 6]}, {"py/tuple": [0, 8]}, {"py/tuple": [0.0, 10]}, {"py/tuple": [0, 3]}, {"py/tuple": [0.8333333333333334, 78]}, {"py/tuple": [0.6666666666666667, 38]}, {"py/tuple": [0.7333333333333334, 110]}, {"py/tuple": [0, 2]}, {"py/tuple": [0.5, 19]}, {"py/tuple": [0.0, 23]}, {"py/tuple": [0, 205]}, {"py/tuple": [0, 29]}, {"py/tuple": [0, 2]}, {"py/tuple": [0, 72]}, {"py/tuple": [0, 56]}, {"py/tuple": [0.9659090909090909, 137]}, {"py/tuple": [1.0, 61]}, {"py/tuple": [0, 34]}, {"py/tuple": [0, 34]}, {"py/tuple": [0.8148148148148149, 88]}, {"py/tuple": [0.125, 60]}, {"py/tuple": [0.8, 50]}, {"py/tuple": [0.8, 50]}, {"py/tuple": [0, 50]}, {"py/tuple": [0, 81]}, {"py/tuple": [0, 112]}, {"py/tuple": [0, 18]}, {"py/tuple": [0.8125, 315]}, {"py/tuple": [0, 63]}, {"py/tuple": [0, 60]}, {"py/tuple": [0, 22]}, {"py/tuple": [0.0, 14]}, {"py/tuple": [0.8, 34]}, {"py/tuple": [0.5, 34]}, {"py/tuple": [0.8846153846153846, 328]}, {"py/tuple": [0, 59]}, {"py/tuple": [0.5, 120]}, {"py/tuple": [0, 87]}, {"py/tuple": [0, 3]}, {"py/tuple": [0, 9]}, {"py/tuple": [0.5, 14]}, {"py/tuple": [0, 72]}, {"py/tuple": [1.0, 986]}, {"py/tuple": [0, 27]}, {"py/tuple": [0, 6]}, {"py/tuple": [0.9809523809523809, 577]}, {"py/tuple": [0.5555555555555556, 162]}, {"py/tuple": [0, 104]}, {"py/tuple": [0, 277]}, {"py/tuple": [0, 277]}, {"py/tuple": [1.0, 915]}, {"py/tuple": [0.0, 8]}, {"py/tuple": [0, 32]}, {"py/tuple": [0.8809523809523809, 68]}, {"py/tuple": [0, 68]}, {"py/tuple": [1.0, 48]}, {"py/tuple": [0.5378151260504201, 1084]}, {"py/tuple": [0, 10]}, {"py/tuple": [0, 42]}, {"py/tuple": [0.85625, 374]}, {"py/tuple": [0, 37]}, {"py/tuple": [0, 60]}, {"py/tuple": [0, 20]}, {"py/tuple": [0.7777777777777778, 48]}, {"py/tuple": [0, 3]}, {"py/tuple": [0, 13]}, {"py/tuple": [0.6666666666666667, 26]}, {"py/tuple": [0.6666666666666667, 230]}, {"py/tuple": [0.5833333333333333, 31]}, {"py/tuple": [1.0, 1051]}, {"py/tuple": [0.6666666666666667, 60]}, {"py/tuple": [0.0, 4]}, {"py/tuple": [0.8888888888888888, 256]}, {"py/tuple": [0.8857142857142857, 90]}, {"py/tuple": [0, 3]}, {"py/tuple": [0.5, 45]}, {"py/tuple": [0.9, 90]}, {"py/tuple": [0.8333333333333334, 36]}, {"py/tuple": [0, 26]}, {"py/tuple": [0.6818181818181819, 276]}, {"py/tuple": [0.5, 10]}]}, "CBAMU": {"py/object": "Statistics.InterestingStatistics", "classValues": [{"py/tuple": [0.18055555555555555, 130]}, {"py/tuple": [0.0, 86]}, {"py/tuple": [0.25, 28]}, {"py/tuple": [0.0, 35]}, {"py/tuple": [0.06439393939393939, 129]}, {"py/tuple": [0.26339285714285715, 96]}, {"py/tuple": [0.21428571428571427, 114]}, {"py/tuple": [0.0, 17]}, {"py/tuple": [0.0, 52]}, {"py/tuple": [0.0, 72]}, {"py/tuple": [0.0625, 105]}, {"py/tuple": [0.26666666666666666, 37]}, {"py/tuple": [0.3333333333333333, 113]}, {"py/tuple": [0.25, 45]}, {"py/tuple": [0.16666666666666666, 32]}, {"py/tuple": [0.07142857142857142, 108]}, {"py/tuple": [0.25, 25]}, {"py/tuple": [0.2, 78]}, {"py/tuple": [0.03891941391941392, 872]}, {"py/tuple": [0.26666666666666666, 112]}, {"py/tuple": [0.03571428571428571, 115]}, {"py/tuple": [0.0, 3]}, {"py/tuple": [0.13095238095238093, 124]}, {"py/tuple": [0.0, 122]}, {"py/tuple": [0.0, 117]}, {"py/tuple": [0.4166666666666667, 121]}, {"py/tuple": [0.08333333333333333, 156]}, {"py/tuple": [0.0, 128]}, {"py/tuple": [0.037815126050420166, 689]}, {"py/tuple": [0.005681818181818182, 641]}, {"py/tuple": [0.057666666666666665, 245]}, {"py/tuple": [0.0, 58]}, {"py/tuple": [0.5, 8]}, {"py/tuple": [0.13333333333333333, 93]}, {"py/tuple": [0.09341736694677871, 433]}, {"py/tuple": [0.0, 26]}, {"py/tuple": [0.15, 534]}, {"py/tuple": [0.08333333333333333, 95]}, {"py/tuple": [0.01577733860342556, 399]}, {"py/tuple": [0.015663106551173155, 401]}, {"py/tuple": [0.11830357142857142, 69]}, {"py/tuple": [0.03727002164502165, 325]}, {"py/tuple": [0.06363636363636363, 96]}, {"py/tuple": [0.09166666666666667, 23]}, {"py/tuple": [0.11666666666666667, 106]}, {"py/tuple": [0.05, 62]}, {"py/tuple": [0.3, 73]}, {"py/tuple": [0.1, 13]}, {"py/tuple": [0.15000000000000002, 44]}, {"py/tuple": [0.018026315789473682, 153]}, {"py/tuple": [0.03571428571428571, 299]}, {"py/tuple": [0.16666666666666666, 20]}, {"py/tuple": [0.0, 40]}, {"py/tuple": [0.0, 44]}, {"py/tuple": [0.25, 60]}, {"py/tuple": [0.0, 22]}, {"py/tuple": [0.25, 47]}, {"py/tuple": [0.25, 31]}, {"py/tuple": [0.2, 60]}, {"py/tuple": [0.125, 436]}, {"py/tuple": [0.0, 391]}, {"py/tuple": [0.0, 21]}, {"py/tuple": [0.05591467356173239, 197]}, {"py/tuple": [0.25, 60]}, {"py/tuple": [0.07698252688172043, 664]}, {"py/tuple": [0.0, 1]}, {"py/tuple": [0.0, 10]}, {"py/tuple": [0.21064814814814814, 199]}, {"py/tuple": [0.21875, 46]}, {"py/tuple": [0.0, 29]}, {"py/tuple": [0.009523809523809525, 192]}, {"py/tuple": [0.16666666666666666, 106]}, {"py/tuple": [0.08333333333333333, 143]}, {"py/tuple": [0.25, 40]}, {"py/tuple": [0.0, 30]}, {"py/tuple": [0.25, 75]}, {"py/tuple": [0.5, 13]}, {"py/tuple": [0.25, 64]}, {"py/tuple": [0.0, 9]}, {"py/tuple": [0.06666666666666667, 125]}, {"py/tuple": [0.3788888888888889, 159]}, {"py/tuple": [0.0004734848484848485, 471]}, {"py/tuple": [0.0, 0]}, {"py/tuple": [0.10582010582010581, 150]}, {"py/tuple": [0.25, 75]}, {"py/tuple": [0.12276785714285715, 165]}, {"py/tuple": [0.2916666666666667, 42]}, {"py/tuple": [0.325, 85]}, {"py/tuple": [0.25, 65]}, {"py/tuple": [0.3333333333333333, 30]}, {"py/tuple": [0.15, 70]}, {"py/tuple": [0.4583333333333333, 37]}, {"py/tuple": [0.0, 37]}, {"py/tuple": [0.5, 77]}, {"py/tuple": [0.0, 0]}, {"py/tuple": [0.05303030303030303, 198]}, {"py/tuple": [0.5, 13]}, {"py/tuple": [0.014853033145716073, 723]}, {"py/tuple": [0.08333333333333333, 51]}, {"py/tuple": [0.16666666666666666, 45]}, {"py/tuple": [0.625, 26]}, {"py/tuple": [0.0, 22]}, {"py/tuple": [0.25, 22]}, {"py/tuple": [0.125, 86]}, {"py/tuple": [0.017973856209150325, 311]}, {"py/tuple": [0.07142857142857142, 109]}, {"py/tuple": [0.2916666666666667, 52]}, {"py/tuple": [0.08333333333333333, 108]}, {"py/tuple": [0.41666666666666663, 47]}, {"py/tuple": [0.0, 35]}, {"py/tuple": [0.16666666666666666, 60]}, {"py/tuple": [0.0, 50]}, {"py/tuple": [0.0, 21]}, {"py/tuple": [0.013888888888888888, 102]}, {"py/tuple": [0.25, 44]}, {"py/tuple": [0.5083333333333333, 101]}, {"py/tuple": [0.0, 13]}, {"py/tuple": [0.12053571428571429, 131]}, {"py/tuple": [0.0, 112]}, {"py/tuple": [0.5, 32]}, {"py/tuple": [0.0, 1]}, {"py/tuple": [0.0, 6]}, {"py/tuple": [0.0, 3]}, {"py/tuple": [0.5, 71]}, {"py/tuple": [0.08712121212121213, 180]}, {"py/tuple": [0.0, 19]}, {"py/tuple": [0.5, 5]}, {"py/tuple": [0.25, 15]}, {"py/tuple": [0.0, 15]}, {"py/tuple": [0.014107308048103607, 1164]}, {"py/tuple": [0.0, 16]}, {"py/tuple": [0.08333333333333333, 71]}, {"py/tuple": [0.375, 13]}, {"py/tuple": [0.16899159663865548, 1193]}, {"py/tuple": [0.0, 7]}, {"py/tuple": [0.25, 36]}, {"py/tuple": [0.0, 10]}, {"py/tuple": [0.0, 0]}, {"py/tuple": [0.0, 2]}, {"py/tuple": [0.5, 11]}, {"py/tuple": [0.24166666666666667, 68]}, {"py/tuple": [0.0, 123]}, {"py/tuple": [0.17424242424242425, 127]}, {"py/tuple": [0.25, 20]}, {"py/tuple": [0.0, 10]}, {"py/tuple": [0.3541666666666667, 161]}, {"py/tuple": [0.16666666666666666, 61]}, {"py/tuple": [0.325, 48]}, {"py/tuple": [0.5, 18]}, {"py/tuple": [0.0, 25]}, {"py/tuple": [0.0, 64]}, {"py/tuple": [0.1, 60]}, {"py/tuple": [0.25, 11]}, {"py/tuple": [0.125, 162]}, {"py/tuple": [0.13464912280701755, 564]}, {"py/tuple": [0.009604519774011298, 1829]}, {"py/tuple": [0.0, 32]}, {"py/tuple": [0.25, 53]}, {"py/tuple": [0.5, 136]}, {"py/tuple": [0.0, 52]}, {"py/tuple": [0.2916666666666667, 69]}, {"py/tuple": [0.2857142857142857, 154]}, {"py/tuple": [0.5, 41]}, {"py/tuple": [0.025735294117647058, 349]}, {"py/tuple": [0.13333333333333333, 117]}, {"py/tuple": [0.0, 26]}, {"py/tuple": [0.0, 11]}, {"py/tuple": [0.0, 45]}, {"py/tuple": [0.08686350021394951, 432]}, {"py/tuple": [0.25, 65]}, {"py/tuple": [0.25, 79]}, {"py/tuple": [0.5, 57]}, {"py/tuple": [0.2482266749508129, 671]}, {"py/tuple": [0.0, 28]}, {"py/tuple": [0.0, 44]}, {"py/tuple": [0.0, 56]}, {"py/tuple": [0.08333333333333333, 42]}, {"py/tuple": [0.08197463768115942, 398]}, {"py/tuple": [0.0, 4]}, {"py/tuple": [0.16666666666666666, 29]}, {"py/tuple": [0.0, 8]}, {"py/tuple": [0.3333333333333333, 16]}, {"py/tuple": [0.4583333333333333, 49]}, {"py/tuple": [0.0, 9]}, {"py/tuple": [0.25, 90]}, {"py/tuple": [0.027777777777777776, 389]}, {"py/tuple": [0.0, 19]}, {"py/tuple": [0.25, 39]}, {"py/tuple": [0.0, 3]}, {"py/tuple": [0.5, 10]}, {"py/tuple": [0.0, 3]}, {"py/tuple": [0.325, 56]}, {"py/tuple": [0.0, 5]}, {"py/tuple": [0.0, 5]}, {"py/tuple": [0.375, 27]}, {"py/tuple": [0.25, 18]}, {"py/tuple": [0.16666666666666666, 47]}, {"py/tuple": [0.0, 3]}, {"py/tuple": [0.5, 62]}, {"py/tuple": [0.5, 37]}, {"py/tuple": [0.16666666666666666, 17]}, {"py/tuple": [0.5, 10]}, {"py/tuple": [0.0, 7]}, {"py/tuple": [0.125, 29]}, {"py/tuple": [0.5, 8]}, {"py/tuple": [0.0, 24]}, {"py/tuple": [0.052380952380952375, 441]}, {"py/tuple": [0.1, 52]}, {"py/tuple": [0.07333333333333333, 365]}, {"py/tuple": [0.125, 23]}, {"py/tuple": [0.125, 19]}, {"py/tuple": [0.10267857142857142, 59]}, {"py/tuple": [0.0, 87]}, {"py/tuple": [0.0, 32]}, {"py/tuple": [0.0, 95]}, {"py/tuple": [0.25, 35]}, {"py/tuple": [0.025252525252525252, 230]}, {"py/tuple": [0.0, 158]}, {"py/tuple": [0.0, 20]}, {"py/tuple": [0.5, 69]}, {"py/tuple": [0.07971256684491979, 320]}, {"py/tuple": [0.041666666666666664, 185]}, {"py/tuple": [0.08333333333333333, 60]}, {"py/tuple": [0.08333333333333333, 41]}, {"py/tuple": [0.175, 28]}, {"py/tuple": [0.25, 55]}, {"py/tuple": [0.25, 21]}, {"py/tuple": [0.19866071428571427, 72]}, {"py/tuple": [0.0, 11]}, {"py/tuple": [0.25, 82]}, {"py/tuple": [0.225, 51]}, {"py/tuple": [0.125, 43]}, {"py/tuple": [0.15, 59]}, {"py/tuple": [0.02076923076923077, 437]}, {"py/tuple": [0.11607142857142858, 193]}, {"py/tuple": [0.0, 4]}, {"py/tuple": [0.125, 42]}, {"py/tuple": [0.16666666666666666, 16]}, {"py/tuple": [0.0, 156]}, {"py/tuple": [0.0, 102]}, {"py/tuple": [0.25, 30]}, {"py/tuple": [0.25, 25]}, {"py/tuple": [0.043548387096774194, 472]}, {"py/tuple": [0.0, 5]}, {"py/tuple": [0.08333333333333333, 62]}, {"py/tuple": [0.0763888888888889, 85]}, {"py/tuple": [0.25, 6]}, {"py/tuple": [0.0, 8]}, {"py/tuple": [0.5, 10]}, {"py/tuple": [0.0, 3]}, {"py/tuple": [0.13333333333333333, 78]}, {"py/tuple": [0.16666666666666666, 38]}, {"py/tuple": [0.13333333333333333, 110]}, {"py/tuple": [0.0, 2]}, {"py/tuple": [0.25, 19]}, {"py/tuple": [0.5, 23]}, {"py/tuple": [0.005555555555555556, 205]}, {"py/tuple": [0.0, 29]}, {"py/tuple": [0.0, 2]}, {"py/tuple": [0.0, 72]}, {"py/tuple": [0.25, 56]}, {"py/tuple": [0.025974025974025972, 137]}, {"py/tuple": [0.0, 61]}, {"py/tuple": [0.0, 34]}, {"py/tuple": [0.0, 34]}, {"py/tuple": [0.09259259259259259, 88]}, {"py/tuple": [0.4375, 60]}, {"py/tuple": [0.1, 50]}, {"py/tuple": [0.1, 50]}, {"py/tuple": [0.08333333333333333, 50]}, {"py/tuple": [0.0, 81]}, {"py/tuple": [0.0, 112]}, {"py/tuple": [0.0, 18]}, {"py/tuple": [0.11458333333333333, 315]}, {"py/tuple": [0.25, 63]}, {"py/tuple": [0.0, 60]}, {"py/tuple": [0.0, 22]}, {"py/tuple": [0.5, 14]}, {"py/tuple": [0.1, 34]}, {"py/tuple": [0.25, 34]}, {"py/tuple": [0.06410256410256411, 328]}, {"py/tuple": [0.20833333333333334, 59]}, {"py/tuple": [0.5, 120]}, {"py/tuple": [0.0, 87]}, {"py/tuple": [0.0, 3]}, {"py/tuple": [0.0, 9]}, {"py/tuple": [0.5, 14]}, {"py/tuple": [0.25, 72]}, {"py/tuple": [0.0, 986]}, {"py/tuple": [0.0, 27]}, {"py/tuple": [0.0, 6]}, {"py/tuple": [0.014565826330532213, 577]}, {"py/tuple": [0.2222222222222222, 162]}, {"py/tuple": [0.0, 104]}, {"py/tuple": [0.0, 277]}, {"py/tuple": [0.0, 277]}, {"py/tuple": [0.0015527950310559005, 915]}, {"py/tuple": [0.5, 8]}, {"py/tuple": [0.0, 32]}, {"py/tuple": [0.07142857142857142, 68]}, {"py/tuple": [0.25, 68]}, {"py/tuple": [0.25, 48]}, {"py/tuple": [0.2734275528393176, 1084]}, {"py/tuple": [0.0, 10]}, {"py/tuple": [0.25, 42]}, {"py/tuple": [0.090625, 374]}, {"py/tuple": [0.0, 37]}, {"py/tuple": [0.041666666666666664, 60]}, {"py/tuple": [0.08333333333333333, 20]}, {"py/tuple": [0.14444444444444443, 48]}, {"py/tuple": [0.0, 3]}, {"py/tuple": [0.0, 13]}, {"py/tuple": [0.16666666666666666, 26]}, {"py/tuple": [0.18055555555555555, 230]}, {"py/tuple": [0.20833333333333334, 31]}, {"py/tuple": [0.0024154589371980675, 1051]}, {"py/tuple": [0.16666666666666666, 60]}, {"py/tuple": [0.5, 4]}, {"py/tuple": [0.058823529411764705, 256]}, {"py/tuple": [0.05714285714285714, 90]}, {"py/tuple": [0.0, 3]}, {"py/tuple": [0.25, 45]}, {"py/tuple": [0.05, 90]}, {"py/tuple": [0.08333333333333333, 36]}, {"py/tuple": [0.0, 26]}, {"py/tuple": [0.17272727272727273, 276]}, {"py/tuple": [0.25, 10]}]}}