{"AbstractOptional": {"className": "AbstractOptional", "members": {"py/set": ["value"]}, "methods": {}, "possibleFather": "", "py/object": "JavaParserVisitor.ClassInfo", "span": 2}, "AddOp": {"className": "AddOp", "members": {"py/set": ["right", "left"]}, "methods": {"AddOp": {"memberReferences": {"py/set": ["right", "left"]}, "methodName": "AddOp", "methodReferences": {"py/set": []}, "py/object": "JavaParserVisitor.MethodInfo"}, "equals": {"memberReferences": {"py/set": ["right", "left"]}, "methodName": "equals", "methodReferences": {"py/set": []}, "py/object": "JavaParserVisitor.MethodInfo"}, "hashCode": {"memberReferences": {"py/set": ["right", "left"]}, "methodName": "hashCode", "methodReferences": {"py/set": []}, "py/object": "JavaParserVisitor.MethodInfo"}, "value": {"memberReferences": {"py/set": ["right", "left"]}, "methodName": "value", "methodReferences": {"py/set": []}, "py/object": "JavaParserVisitor.MethodInfo"}}, "possibleFather": "", "py/object": "JavaParserVisitor.ClassInfo", "span": 45}, "ArrayListMultimapDeserializer": {"className": "ArrayListMultimapDeserializer", "members": {"py/set": []}, "methods": {"ArrayListMultimapDeserializer": {"memberReferences": {"py/set": []}, "methodName": "ArrayListMultimapDeserializer", "methodReferences": {"py/set": []}, "py/object": "JavaParserVisitor.MethodInfo"}, "_createContextual": {"memberReferences": {"py/set": []}, "methodName": "_createContextual", "methodReferences": {"py/set": []}, "py/object": "JavaParserVisitor.MethodInfo"}, "createMultimap": {"memberReferences": {"py/set": []}, "methodName": "createMultimap", "methodReferences": {"py/set": []}, "py/object": "JavaParserVisitor.MethodInfo"}}, "possibleFather": "GuavaMultimapDeserializer<ArrayListMultimap<Object,Object>>", "py/object": "JavaParserVisitor.ClassInfo", "span": 24}, "Bar": {"className": "Bar", "members": {"py/set": ["bar"]}, "methods": {"Bar": {"memberReferences": {"py/set": ["bar"]}, "methodName": "Bar", "methodReferences": {"py/set": []}, "py/object": "JavaParserVisitor.MethodInfo"}}, "possibleFather": "", "py/object": "JavaParserVisitor.ClassInfo", "span": 3}, "Baz": {"className": "Baz", "members": {"py/set": ["baz"]}, "methods": {"Baz": {"memberReferences": {"py/set": ["baz"]}, "methodName": "Baz", "methodReferences": {"py/set": []}, "py/object": "JavaParserVisitor.MethodInfo"}}, "possibleFather": "", "py/object": "JavaParserVisitor.ClassInfo", "span": 3}, "CaseChangingStringWrapper": {"className": "CaseChangingStringWrapper", "members": {"py/set": ["value"]}, "methods": {"CaseChangingStringWrapper": {"memberReferences": {"py/set": ["value"]}, "methodName": "CaseChangingStringWrapper", "methodReferences": {"py/set": []}, "py/object": "JavaParserVisitor.MethodInfo"}}, "possibleFather": "", "py/object": "JavaParserVisitor.ClassInfo", "span": 6}, "Child": {"className": "Child", "members": {"py/set": ["name"]}, "methods": {}, "possibleFather": "", "py/object": "JavaParserVisitor.ClassInfo", "span": 1}, "CollectionHolder": {"className": "CollectionHolder", "members": {"py/set": ["data"]}, "methods": {}, "possibleFather": "", "py/object": "JavaParserVisitor.ClassInfo", "span": 2}, "ComplexKey": {"className": "ComplexKey", "members": {"py/set": ["key2", "key1"]}, "methods": {"ComplexKey": {"memberReferences": {"py/set": ["key2", "key1"]}, "methodName": "ComplexKey", "methodReferences": {"py/set": []}, "py/object": "JavaParserVisitor.MethodInfo"}, "equals": {"memberReferences": {"py/set": ["key1", "key2"]}, "methodName": "equals", "methodReferences": {"py/set": ["equals"]}, "py/object": "JavaParserVisitor.MethodInfo"}, "hashCode": {"memberReferences": {"py/set": ["key1", "key2"]}, "methodName": "hashCode", "methodReferences": {"py/set": ["hashCode"]}, "py/object": "JavaParserVisitor.MethodInfo"}}, "possibleFather": "", "py/object": "JavaParserVisitor.ClassInfo", "span": 71}, "ComplexKeyModule": {"className": "ComplexKeyModule", "members": {"py/set": ["serialVersionUID"]}, "methods": {"ComplexKeyModule": {"memberReferences": {"py/set": []}, "methodName": "ComplexKeyModule", "methodReferences": {"py/set": []}, "py/object": "JavaParserVisitor.MethodInfo"}, "deserializeKey": {"memberReferences": {"py/set": []}, "methodName": "deserializeKey", "methodReferences": {"py/set": []}, "py/object": "JavaParserVisitor.MethodInfo"}, "serialize": {"memberReferences": {"py/set": []}, "methodName": "serialize", "methodReferences": {"py/set": []}, "py/object": "JavaParserVisitor.MethodInfo"}}, "possibleFather": "SimpleModule", "py/object": "JavaParserVisitor.ClassInfo", "span": 20}, "ContainedImpl": {"className": "ContainedImpl", "members": {"py/set": []}, "methods": {}, "possibleFather": "", "py/object": "JavaParserVisitor.ClassInfo", "span": 0}, "Container": {"className": "Container", "members": {"py/set": ["contained"]}, "methods": {}, "possibleFather": "", "py/object": "JavaParserVisitor.ClassInfo", "span": 1}, "ContainerA": {"className": "ContainerA", "members": {"py/set": ["name", "strategy"]}, "methods": {}, "possibleFather": "", "py/object": "JavaParserVisitor.ClassInfo", "span": 2}, "ContainerB": {"className": "ContainerB", "members": {"py/set": ["name", "strategy"]}, "methods": {}, "possibleFather": "", "py/object": "JavaParserVisitor.ClassInfo", "span": 2}, "FluentConverter": {"className": "FluentConverter", "members": {"py/set": ["instance"]}, "methods": {"convert": {"memberReferences": {"py/set": []}, "methodName": "convert", "methodReferences": {"py/set": []}, "py/object": "JavaParserVisitor.MethodInfo"}}, "possibleFather": "StdConverter<Object,Iterable<?>>", "py/object": "JavaParserVisitor.ClassInfo", "span": 5}, "FluentHolder": {"className": "FluentHolder", "members": {"py/set": ["value"]}, "methods": {}, "possibleFather": "", "py/object": "JavaParserVisitor.ClassInfo", "span": 1}, "FluentIterableTest": {"className": "FluentIterableTest", "members": {"py/set": ["MAPPER"]}, "methods": {"createFluentIterable": {"memberReferences": {"py/set": []}, "methodName": "createFluentIterable", "methodReferences": {"py/set": []}, "py/object": "JavaParserVisitor.MethodInfo"}, "testSerialization": {"memberReferences": {"py/set": []}, "methodName": "testSerialization", "methodReferences": {"py/set": []}, "py/object": "JavaParserVisitor.MethodInfo"}, "testSerializationWithoutModule": {"memberReferences": {"py/set": []}, "methodName": "testSerializationWithoutModule", "methodReferences": {"py/set": []}, "py/object": "JavaParserVisitor.MethodInfo"}, "testWrappedSerialization": {"memberReferences": {"py/set": []}, "methodName": "testWrappedSerialization", "methodReferences": {"py/set": []}, "py/object": "JavaParserVisitor.MethodInfo"}}, "possibleFather": "ModuleTestBase", "py/object": "JavaParserVisitor.ClassInfo", "span": 32}, "Foo": {"className": "Foo", "members": {"py/set": ["foo"]}, "methods": {"Foo": {"memberReferences": {"py/set": ["foo"]}, "methodName": "Foo", "methodReferences": {"py/set": []}, "py/object": "JavaParserVisitor.MethodInfo"}}, "possibleFather": "", "py/object": "JavaParserVisitor.ClassInfo", "span": 3}, "GuavaBeanSerializerModifier": {"className": "GuavaBeanSerializerModifier", "members": {"py/set": []}, "methods": {"changeProperties": {"memberReferences": {"py/set": []}, "methodName": "changeProperties", "methodReferences": {"py/set": []}, "py/object": "JavaParserVisitor.MethodInfo"}}, "possibleFather": "BeanSerializerModifier", "py/object": "JavaParserVisitor.ClassInfo", "span": 13}, "GuavaCollectionDeserializer": {"className": "GuavaCollectionDeserializer", "members": {"py/set": ["_valueDeserializer", "serialVersionUID", "_containerType", "_typeDeserializerForValue"]}, "methods": {"GuavaCollectionDeserializer": {"memberReferences": {"py/set": ["_valueDeserializer", "_containerType", "_typeDeserializerForValue"]}, "methodName": "GuavaCollectionDeserializer", "methodReferences": {"py/set": []}, "py/object": "JavaParserVisitor.MethodInfo"}, "_deserializeContents": {"memberReferences": {"py/set": []}, "methodName": "_deserializeContents", "methodReferences": {"py/set": []}, "py/object": "JavaParserVisitor.MethodInfo"}, "_deserializeFromSingleValue": {"memberReferences": {"py/set": []}, "methodName": "_deserializeFromSingleValue", "methodReferences": {"py/set": []}, "py/object": "JavaParserVisitor.MethodInfo"}, "createContextual": {"memberReferences": {"py/set": ["_valueDeserializer", "_typeDeserializerForValue"]}, "methodName": "createContextual", "methodReferences": {"py/set": ["withResolved"]}, "py/object": "JavaParserVisitor.MethodInfo"}, "deserialize": {"memberReferences": {"py/set": []}, "methodName": "deserialize", "methodReferences": {"py/set": ["_deserializeContents", "_deserializeFromSingleValue"]}, "py/object": "JavaParserVisitor.MethodInfo"}, "deserializeWithType": {"memberReferences": {"py/set": []}, "methodName": "deserializeWithType", "methodReferences": {"py/set": []}, "py/object": "JavaParserVisitor.MethodInfo"}, "withResolved": {"memberReferences": {"py/set": []}, "methodName": "withResolved", "methodReferences": {"py/set": []}, "py/object": "JavaParserVisitor.MethodInfo"}}, "possibleFather": "StdDeserializer<T>", "py/object": "JavaParserVisitor.ClassInfo", "span": 116}, "GuavaDeserializers": {"className": "GuavaDeserializers", "members": {"py/set": ["_defaultBoundType"]}, "methods": {"GuavaDeserializers": {"memberReferences": {"py/set": ["_defaultBoundType"]}, "methodName": "GuavaDeserializers", "methodReferences": {"py/set": []}, "py/object": "JavaParserVisitor.MethodInfo"}, "findBeanDeserializer": {"memberReferences": {"py/set": ["_defaultBoundType"]}, "methodName": "findBeanDeserializer", "methodReferences": {"py/set": []}, "py/object": "JavaParserVisitor.MethodInfo"}, "findCollectionDeserializer": {"memberReferences": {"py/set": []}, "methodName": "findCollectionDeserializer", "methodReferences": {"py/set": ["requireCollectionOfComparableElements"]}, "py/object": "JavaParserVisitor.MethodInfo"}, "findMapDeserializer": {"memberReferences": {"py/set": []}, "methodName": "findMapDeserializer", "methodReferences": {"py/set": []}, "py/object": "JavaParserVisitor.MethodInfo"}, "findMapLikeDeserializer": {"memberReferences": {"py/set": []}, "methodName": "findMapLikeDeserializer", "methodReferences": {"py/set": []}, "py/object": "JavaParserVisitor.MethodInfo"}, "findReferenceDeserializer": {"memberReferences": {"py/set": []}, "methodName": "findReferenceDeserializer", "methodReferences": {"py/set": []}, "py/object": "JavaParserVisitor.MethodInfo"}, "requireCollectionOfComparableElements": {"memberReferences": {"py/set": []}, "methodName": "requireCollectionOfComparableElements", "methodReferences": {"py/set": []}, "py/object": "JavaParserVisitor.MethodInfo"}}, "possibleFather": "Deserializers.Base", "py/object": "JavaParserVisitor.ClassInfo", "span": 249}, "GuavaImmutableCollectionDeserializer": {"className": "GuavaImmutableCollectionDeserializer", "members": {"py/set": ["serialVersionUID"]}, "methods": {"GuavaImmutableCollectionDeserializer": {"memberReferences": {"py/set": []}, "methodName": "GuavaImmutableCollectionDeserializer", "methodReferences": {"py/set": []}, "py/object": "JavaParserVisitor.MethodInfo"}, "_deserializeContents": {"memberReferences": {"py/set": []}, "methodName": "_deserializeContents", "methodReferences": {"py/set": ["createBuilder"]}, "py/object": "JavaParserVisitor.MethodInfo"}, "_deserializeFromSingleValue": {"memberReferences": {"py/set": []}, "methodName": "_deserializeFromSingleValue", "methodReferences": {"py/set": ["createBuilder"]}, "py/object": "JavaParserVisitor.MethodInfo"}, "createBuilder": {"memberReferences": {"py/set": []}, "methodName": "createBuilder", "methodReferences": {"py/set": []}, "py/object": "JavaParserVisitor.MethodInfo"}}, "possibleFather": "GuavaCollectionDeserializer<T>", "py/object": "JavaParserVisitor.ClassInfo", "span": 60}, "GuavaImmutableMapDeserializer": {"className": "GuavaImmutableMapDeserializer", "members": {"py/set": []}, "methods": {"GuavaImmutableMapDeserializer": {"memberReferences": {"py/set": []}, "methodName": "GuavaImmutableMapDeserializer", "methodReferences": {"py/set": []}, "py/object": "JavaParserVisitor.MethodInfo"}, "_deserializeEntries": {"memberReferences": {"py/set": []}, "methodName": "_deserializeEntries", "methodReferences": {"py/set": ["_handleNull", "createBuilder"]}, "py/object": "JavaParserVisitor.MethodInfo"}, "_handleNull": {"memberReferences": {"py/set": []}, "methodName": "_handleNull", "methodReferences": {"py/set": []}, "py/object": "JavaParserVisitor.MethodInfo"}, "createBuilder": {"memberReferences": {"py/set": []}, "methodName": "createBuilder", "methodReferences": {"py/set": []}, "py/object": "JavaParserVisitor.MethodInfo"}}, "possibleFather": "GuavaMapDeserializer<T>", "py/object": "JavaParserVisitor.ClassInfo", "span": 61}, "GuavaMapDeserializer": {"className": "GuavaMapDeserializer", "members": {"py/set": ["_valueDeserializer", "_keyDeserializer", "_mapType", "_typeDeserializerForValue"]}, "methods": {"GuavaMapDeserializer": {"memberReferences": {"py/set": ["_keyDeserializer", "_typeDeserializerForValue", "_valueDeserializer", "_mapType"]}, "methodName": "GuavaMapDeserializer", "methodReferences": {"py/set": []}, "py/object": "JavaParserVisitor.MethodInfo"}, "_deserializeEntries": {"memberReferences": {"py/set": []}, "methodName": "_deserializeEntries", "methodReferences": {"py/set": []}, "py/object": "JavaParserVisitor.MethodInfo"}, "createContextual": {"memberReferences": {"py/set": ["_keyDeserializer", "_typeDeserializerForValue", "_valueDeserializer"]}, "methodName": "createContextual", "methodReferences": {"py/set": ["withResolved"]}, "py/object": "JavaParserVisitor.MethodInfo"}, "deserialize": {"memberReferences": {"py/set": []}, "methodName": "deserialize", "methodReferences": {"py/set": ["_deserializeEntries"]}, "py/object": "JavaParserVisitor.MethodInfo"}, "deserializeWithType": {"memberReferences": {"py/set": []}, "methodName": "deserializeWithType", "methodReferences": {"py/set": []}, "py/object": "JavaParserVisitor.MethodInfo"}, "withResolved": {"memberReferences": {"py/set": []}, "methodName": "withResolved", "methodReferences": {"py/set": []}, "py/object": "JavaParserVisitor.MethodInfo"}}, "possibleFather": "JsonDeserializer<T>", "py/object": "JavaParserVisitor.ClassInfo", "span": 122}, "GuavaModule": {"className": "GuavaModule", "members": {"py/set": ["NAME", "_cfgHandleAbsentAsNull", "_defaultBoundType"]}, "methods": {"GuavaModule": {"memberReferences": {"py/set": []}, "methodName": "GuavaModule", "methodReferences": {"py/set": []}, "py/object": "JavaParserVisitor.MethodInfo"}, "configureAbsentsAsNulls": {"memberReferences": {"py/set": ["_cfgHandleAbsentAsNull"]}, "methodName": "configureAbsentsAsNulls", "methodReferences": {"py/set": []}, "py/object": "JavaParserVisitor.MethodInfo"}, "defaultBoundType": {"memberReferences": {"py/set": ["_defaultBoundType"]}, "methodName": "defaultBoundType", "methodReferences": {"py/set": []}, "py/object": "JavaParserVisitor.MethodInfo"}, "equals": {"memberReferences": {"py/set": []}, "methodName": "equals", "methodReferences": {"py/set": []}, "py/object": "JavaParserVisitor.MethodInfo"}, "getModuleName": {"memberReferences": {"py/set": ["NAME"]}, "methodName": "getModuleName", "methodReferences": {"py/set": []}, "py/object": "JavaParserVisitor.MethodInfo"}, "hashCode": {"memberReferences": {"py/set": []}, "methodName": "hashCode", "methodReferences": {"py/set": []}, "py/object": "JavaParserVisitor.MethodInfo"}, "setupModule": {"memberReferences": {"py/set": ["_cfgHandleAbsentAsNull"]}, "methodName": "setupModule", "methodReferences": {"py/set": []}, "py/object": "JavaParserVisitor.MethodInfo"}, "version": {"memberReferences": {"py/set": []}, "methodName": "version", "methodReferences": {"py/set": []}, "py/object": "JavaParserVisitor.MethodInfo"}}, "possibleFather": "Module", "py/object": "JavaParserVisitor.ClassInfo", "span": 83}, "GuavaMultimapDeserializer": {"className": "GuavaMultimapDeserializer", "members": {"py/set": ["keyDeserializer", "METHOD_NAMES", "creatorMethod", "elementTypeDeserializer", "elementDeserializer", "type"]}, "methods": {"GuavaMultimapDeserializer": {"memberReferences": {"py/set": ["keyDeserializer", "creatorMethod", "elementTypeDeserializer", "elementDeserializer", "type"]}, "methodName": "GuavaMultimapDeserializer", "methodReferences": {"py/set": []}, "py/object": "JavaParserVisitor.MethodInfo"}, "_createContextual": {"memberReferences": {"py/set": []}, "methodName": "_createContextual", "methodReferences": {"py/set": []}, "py/object": "JavaParserVisitor.MethodInfo"}, "_peel": {"memberReferences": {"py/set": []}, "methodName": "_peel", "methodReferences": {"py/set": []}, "py/object": "JavaParserVisitor.MethodInfo"}, "createContextual": {"memberReferences": {"py/set": ["keyDeserializer", "elementTypeDeserializer", "creatorMethod", "elementDeserializer", "type"]}, "methodName": "createContextual", "methodReferences": {"py/set": ["_createContextual"]}, "py/object": "JavaParserVisitor.MethodInfo"}, "createMultimap": {"memberReferences": {"py/set": []}, "methodName": "createMultimap", "methodReferences": {"py/set": []}, "py/object": "JavaParserVisitor.MethodInfo"}, "deserialize": {"memberReferences": {"py/set": ["keyDeserializer", "creatorMethod", "elementTypeDeserializer", "type"]}, "methodName": "deserialize", "methodReferences": {"py/set": ["createMultimap", "_peel", "expect"]}, "py/object": "JavaParserVisitor.MethodInfo"}, "expect": {"memberReferences": {"py/set": []}, "methodName": "expect", "methodReferences": {"py/set": []}, "py/object": "JavaParserVisitor.MethodInfo"}, "findTransformer": {"memberReferences": {"py/set": ["METHOD_NAMES"]}, "methodName": "findTransformer", "methodReferences": {"py/set": []}, "py/object": "JavaParserVisitor.MethodInfo"}}, "possibleFather": "JsonDeserializer<T>", "py/object": "JavaParserVisitor.ClassInfo", "span": 154}, "GuavaMultisetDeserializer": {"className": "GuavaMultisetDeserializer", "members": {"py/set": ["serialVersionUID"]}, "methods": {"GuavaMultisetDeserializer": {"memberReferences": {"py/set": []}, "methodName": "GuavaMultisetDeserializer", "methodReferences": {"py/set": []}, "py/object": "JavaParserVisitor.MethodInfo"}, "_deserializeContents": {"memberReferences": {"py/set": []}, "methodName": "_deserializeContents", "methodReferences": {"py/set": ["createMultiset"]}, "py/object": "JavaParserVisitor.MethodInfo"}, "_deserializeFromSingleValue": {"memberReferences": {"py/set": []}, "methodName": "_deserializeFromSingleValue", "methodReferences": {"py/set": ["createMultiset"]}, "py/object": "JavaParserVisitor.MethodInfo"}, "createMultiset": {"memberReferences": {"py/set": []}, "methodName": "createMultiset", "methodReferences": {"py/set": []}, "py/object": "JavaParserVisitor.MethodInfo"}}, "possibleFather": "GuavaCollectionDeserializer<T>", "py/object": "JavaParserVisitor.ClassInfo", "span": 53}, "GuavaOptionalBeanPropertyWriter": {"className": "GuavaOptionalBeanPropertyWriter", "members": {"py/set": ["serialVersionUID"]}, "methods": {"GuavaOptionalBeanPropertyWriter": {"memberReferences": {"py/set": []}, "methodName": "GuavaOptionalBeanPropertyWriter", "methodReferences": {"py/set": []}, "py/object": "JavaParserVisitor.MethodInfo"}, "_new": {"memberReferences": {"py/set": []}, "methodName": "_new", "methodReferences": {"py/set": []}, "py/object": "JavaParserVisitor.MethodInfo"}, "serializeAsField": {"memberReferences": {"py/set": []}, "methodName": "serializeAsField", "methodReferences": {"py/set": []}, "py/object": "JavaParserVisitor.MethodInfo"}, "unwrappingWriter": {"memberReferences": {"py/set": []}, "methodName": "unwrappingWriter", "methodReferences": {"py/set": []}, "py/object": "JavaParserVisitor.MethodInfo"}}, "possibleFather": "BeanPropertyWriter", "py/object": "JavaParserVisitor.ClassInfo", "span": 31}, "GuavaOptionalDeserializer": {"className": "GuavaOptionalDeserializer", "members": {"py/set": ["_valueTypeDeserializer", "_valueDeserializer", "serialVersionUID", "_fullType"]}, "methods": {"GuavaOptionalDeserializer": {"memberReferences": {"py/set": ["_valueDeserializer", "_fullType", "_valueTypeDeserializer"]}, "methodName": "GuavaOptionalDeserializer", "methodReferences": {"py/set": []}, "py/object": "JavaParserVisitor.MethodInfo"}, "createContextual": {"memberReferences": {"py/set": ["_valueTypeDeserializer", "_valueDeserializer", "_fullType"]}, "methodName": "createContextual", "methodReferences": {"py/set": ["withResolved"]}, "py/object": "JavaParserVisitor.MethodInfo"}, "deserialize": {"memberReferences": {"py/set": ["_valueTypeDeserializer"]}, "methodName": "deserialize", "methodReferences": {"py/set": []}, "py/object": "JavaParserVisitor.MethodInfo"}, "deserializeWithType": {"memberReferences": {"py/set": ["_valueTypeDeserializer"]}, "methodName": "deserializeWithType", "methodReferences": {"py/set": ["deserialize", "getNullValue"]}, "py/object": "JavaParserVisitor.MethodInfo"}, "getNullValue": {"memberReferences": {"py/set": []}, "methodName": "getNullValue", "methodReferences": {"py/set": []}, "py/object": "JavaParserVisitor.MethodInfo"}, "getValueType": {"memberReferences": {"py/set": ["_fullType"]}, "methodName": "getValueType", "methodReferences": {"py/set": []}, "py/object": "JavaParserVisitor.MethodInfo"}, "withResolved": {"memberReferences": {"py/set": ["_valueTypeDeserializer", "_valueDeserializer", "_fullType"]}, "methodName": "withResolved", "methodReferences": {"py/set": []}, "py/object": "JavaParserVisitor.MethodInfo"}}, "possibleFather": "StdDeserializer<Optional<?>>", "py/object": "JavaParserVisitor.ClassInfo", "span": 126}, "GuavaOptionalSerializer": {"className": "GuavaOptionalSerializer", "members": {"py/set": ["_valueSerializer", "_referredType", "_property", "_unwrapper", "_valueTypeSerializer", "_dynamicSerializers", "_contentInclusion"]}, "methods": {"GuavaOptionalSerializer": {"memberReferences": {"py/set": ["_valueSerializer", "_referredType", "_property", "_unwrapper", "_valueTypeSerializer", "_dynamicSerializers", "_contentInclusion"]}, "methodName": "GuavaOptionalSerializer", "methodReferences": {"py/set": []}, "py/object": "JavaParserVisitor.MethodInfo"}, "_findCachedSerializer": {"memberReferences": {"py/set": ["_unwrapper", "_dynamicSerializers", "_property"]}, "methodName": "_findCachedSerializer", "methodReferences": {"py/set": ["_findSerializer"]}, "py/object": "JavaParserVisitor.MethodInfo"}, "_findSerializer": {"memberReferences": {"py/set": []}, "methodName": "_findSerializer", "methodReferences": {"py/set": []}, "py/object": "JavaParserVisitor.MethodInfo"}, "_useStatic": {"memberReferences": {"py/set": []}, "methodName": "_useStatic", "methodReferences": {"py/set": []}, "py/object": "JavaParserVisitor.MethodInfo"}, "acceptJsonFormatVisitor": {"memberReferences": {"py/set": ["_valueSerializer", "_referredType", "_property", "_unwrapper"]}, "methodName": "acceptJsonFormatVisitor", "methodReferences": {"py/set": ["_findSerializer"]}, "py/object": "JavaParserVisitor.MethodInfo"}, "createContextual": {"memberReferences": {"py/set": ["_valueSerializer", "_referredType", "_property", "_unwrapper", "_valueTypeSerializer", "_contentInclusion"]}, "methodName": "createContextual", "methodReferences": {"py/set": ["_findSerializer", "_useStatic", "findContentSerializer", "withResolved"]}, "py/object": "JavaParserVisitor.MethodInfo"}, "findContentSerializer": {"memberReferences": {"py/set": []}, "methodName": "findContentSerializer", "methodReferences": {"py/set": []}, "py/object": "JavaParserVisitor.MethodInfo"}, "isEmpty": {"memberReferences": {"py/set": ["_valueSerializer", "_property", "_unwrapper", "_dynamicSerializers", "_contentInclusion"]}, "methodName": "isEmpty", "methodReferences": {"py/set": ["_findCachedSerializer"]}, "py/object": "JavaParserVisitor.MethodInfo"}, "isUnwrappingSerializer": {"memberReferences": {"py/set": ["_unwrapper"]}, "methodName": "isUnwrappingSerializer", "methodReferences": {"py/set": []}, "py/object": "JavaParserVisitor.MethodInfo"}, "serialize": {"memberReferences": {"py/set": ["_valueSerializer", "_property", "_unwrapper", "_valueTypeSerializer", "_dynamicSerializers"]}, "methodName": "serialize", "methodReferences": {"py/set": ["_findCachedSerializer"]}, "py/object": "JavaParserVisitor.MethodInfo"}, "serializeWithType": {"memberReferences": {"py/set": ["_unwrapper", "_valueSerializer", "_valueTypeSerializer", "_dynamicSerializers", "_property"]}, "methodName": "serializeWithType", "methodReferences": {"py/set": ["serialize"]}, "py/object": "JavaParserVisitor.MethodInfo"}, "unwrappingSerializer": {"memberReferences": {"py/set": ["_valueSerializer", "_property", "_unwrapper", "_valueTypeSerializer", "_contentInclusion"]}, "methodName": "unwrappingSerializer", "methodReferences": {"py/set": ["withResolved"]}, "py/object": "JavaParserVisitor.MethodInfo"}, "withResolved": {"memberReferences": {"py/set": ["_valueSerializer", "_property", "_unwrapper", "_valueTypeSerializer", "_contentInclusion"]}, "methodName": "withResolved", "methodReferences": {"py/set": []}, "py/object": "JavaParserVisitor.MethodInfo"}}, "possibleFather": "StdSerializer<Optional<?>>", "py/object": "JavaParserVisitor.ClassInfo", "span": 323}, "GuavaSerializers": {"className": "GuavaSerializers", "members": {"py/set": []}, "methods": {"_findDeclared": {"memberReferences": {"py/set": []}, "methodName": "_findDeclared", "methodReferences": {"py/set": []}, "py/object": "JavaParserVisitor.MethodInfo"}, "findMapLikeSerializer": {"memberReferences": {"py/set": []}, "methodName": "findMapLikeSerializer", "methodReferences": {"py/set": []}, "py/object": "JavaParserVisitor.MethodInfo"}, "findReferenceSerializer": {"memberReferences": {"py/set": []}, "methodName": "findReferenceSerializer", "methodReferences": {"py/set": []}, "py/object": "JavaParserVisitor.MethodInfo"}, "findSerializer": {"memberReferences": {"py/set": []}, "methodName": "findSerializer", "methodReferences": {"py/set": ["_findDeclared"]}, "py/object": "JavaParserVisitor.MethodInfo"}}, "possibleFather": "Serializers.Base", "py/object": "JavaParserVisitor.ClassInfo", "span": 78}, "GuavaTypeModifier": {"className": "GuavaTypeModifier", "members": {"py/set": []}, "methods": {"modifyType": {"memberReferences": {"py/set": []}, "methodName": "modifyType", "methodReferences": {"py/set": []}, "py/object": "JavaParserVisitor.MethodInfo"}}, "possibleFather": "TypeModifier", "py/object": "JavaParserVisitor.ClassInfo", "span": 19}, "GuavaUnwrappingOptionalBeanPropertyWriter": {"className": "GuavaUnwrappingOptionalBeanPropertyWriter", "members": {"py/set": ["serialVersionUID"]}, "methods": {"GuavaUnwrappingOptionalBeanPropertyWriter": {"memberReferences": {"py/set": []}, "methodName": "GuavaUnwrappingOptionalBeanPropertyWriter", "methodReferences": {"py/set": []}, "py/object": "JavaParserVisitor.MethodInfo"}, "_new": {"memberReferences": {"py/set": []}, "methodName": "_new", "methodReferences": {"py/set": []}, "py/object": "JavaParserVisitor.MethodInfo"}, "serializeAsField": {"memberReferences": {"py/set": []}, "methodName": "serializeAsField", "methodReferences": {"py/set": []}, "py/object": "JavaParserVisitor.MethodInfo"}}, "possibleFather": "UnwrappingBeanPropertyWriter", "py/object": "JavaParserVisitor.ClassInfo", "span": 29}, "HashCodeDeserializer": {"className": "HashCodeDeserializer", "members": {"py/set": ["std", "serialVersionUID"]}, "methods": {"HashCodeDeserializer": {"memberReferences": {"py/set": []}, "methodName": "HashCodeDeserializer", "methodReferences": {"py/set": []}, "py/object": "JavaParserVisitor.MethodInfo"}, "_deserialize": {"memberReferences": {"py/set": []}, "methodName": "_deserialize", "methodReferences": {"py/set": []}, "py/object": "JavaParserVisitor.MethodInfo"}}, "possibleFather": "FromStringDeserializer<HashCode>", "py/object": "JavaParserVisitor.ClassInfo", "span": 11}, "HashCodeTest": {"className": "HashCodeTest", "members": {"py/set": ["MAPPER"]}, "methods": {"testDeserialization": {"memberReferences": {"py/set": ["MAPPER"]}, "methodName": "testDeserialization", "methodReferences": {"py/set": []}, "py/object": "JavaParserVisitor.MethodInfo"}, "testSerialization": {"memberReferences": {"py/set": []}, "methodName": "testSerialization", "methodReferences": {"py/set": []}, "py/object": "JavaParserVisitor.MethodInfo"}}, "possibleFather": "ModuleTestBase", "py/object": "JavaParserVisitor.ClassInfo", "span": 22}, "HashMultimapDeserializer": {"className": "HashMultimapDeserializer", "members": {"py/set": []}, "methods": {"HashMultimapDeserializer": {"memberReferences": {"py/set": []}, "methodName": "HashMultimapDeserializer", "methodReferences": {"py/set": []}, "py/object": "JavaParserVisitor.MethodInfo"}, "_createContextual": {"memberReferences": {"py/set": []}, "methodName": "_createContextual", "methodReferences": {"py/set": []}, "py/object": "JavaParserVisitor.MethodInfo"}, "createMultimap": {"memberReferences": {"py/set": []}, "methodName": "createMultimap", "methodReferences": {"py/set": []}, "py/object": "JavaParserVisitor.MethodInfo"}}, "possibleFather": "GuavaMultimapDeserializer<HashMultimap<Object,Object>>", "py/object": "JavaParserVisitor.ClassInfo", "span": 24}, "HashMultisetDeserializer": {"className": "HashMultisetDeserializer", "members": {"py/set": ["serialVersionUID"]}, "methods": {"HashMultisetDeserializer": {"memberReferences": {"py/set": []}, "methodName": "HashMultisetDeserializer", "methodReferences": {"py/set": []}, "py/object": "JavaParserVisitor.MethodInfo"}, "createMultiset": {"memberReferences": {"py/set": []}, "methodName": "createMultiset", "methodReferences": {"py/set": []}, "py/object": "JavaParserVisitor.MethodInfo"}, "withResolved": {"memberReferences": {"py/set": []}, "methodName": "withResolved", "methodReferences": {"py/set": []}, "py/object": "JavaParserVisitor.MethodInfo"}}, "possibleFather": "GuavaMultisetDeserializer<HashMultiset<Object>>", "py/object": "JavaParserVisitor.ClassInfo", "span": 20}, "Holder": {"className": "Holder", "members": {"py/set": ["value"]}, "methods": {"Holder": {"memberReferences": {"py/set": ["value"]}, "methodName": "Holder", "methodReferences": {"py/set": []}, "py/object": "JavaParserVisitor.MethodInfo"}}, "possibleFather": "", "py/object": "JavaParserVisitor.ClassInfo", "span": 6}, "HostAndPortDeserializer": {"className": "HostAndPortDeserializer", "members": {"py/set": ["std", "serialVersionUID"]}, "methods": {"HostAndPortDeserializer": {"memberReferences": {"py/set": []}, "methodName": "HostAndPortDeserializer", "methodReferences": {"py/set": []}, "py/object": "JavaParserVisitor.MethodInfo"}, "_deserialize": {"memberReferences": {"py/set": []}, "methodName": "_deserialize", "methodReferences": {"py/set": []}, "py/object": "JavaParserVisitor.MethodInfo"}, "deserialize": {"memberReferences": {"py/set": []}, "methodName": "deserialize", "methodReferences": {"py/set": []}, "py/object": "JavaParserVisitor.MethodInfo"}}, "possibleFather": "FromStringDeserializer<HostAndPort>", "py/object": "JavaParserVisitor.ClassInfo", "span": 29}, "HostAndPortTest": {"className": "HostAndPortTest", "members": {"py/set": ["MAPPER"]}, "methods": {"testDeserialization": {"memberReferences": {"py/set": ["MAPPER"]}, "methodName": "testDeserialization", "methodReferences": {"py/set": []}, "py/object": "JavaParserVisitor.MethodInfo"}, "testSerialization": {"memberReferences": {"py/set": []}, "methodName": "testSerialization", "methodReferences": {"py/set": []}, "py/object": "JavaParserVisitor.MethodInfo"}}, "possibleFather": "ModuleTestBase", "py/object": "JavaParserVisitor.ClassInfo", "span": 31}, "ImmutableBiMapDeserializer": {"className": "ImmutableBiMapDeserializer", "members": {"py/set": []}, "methods": {"ImmutableBiMapDeserializer": {"memberReferences": {"py/set": []}, "methodName": "ImmutableBiMapDeserializer", "methodReferences": {"py/set": []}, "py/object": "JavaParserVisitor.MethodInfo"}, "createBuilder": {"memberReferences": {"py/set": []}, "methodName": "createBuilder", "methodReferences": {"py/set": []}, "py/object": "JavaParserVisitor.MethodInfo"}, "withResolved": {"memberReferences": {"py/set": []}, "methodName": "withResolved", "methodReferences": {"py/set": []}, "py/object": "JavaParserVisitor.MethodInfo"}}, "possibleFather": "GuavaImmutableMapDeserializer<ImmutableBiMap<Object,Object>>", "py/object": "JavaParserVisitor.ClassInfo", "span": 14}, "ImmutableListDeserializer": {"className": "ImmutableListDeserializer", "members": {"py/set": ["serialVersionUID"]}, "methods": {"ImmutableListDeserializer": {"memberReferences": {"py/set": []}, "methodName": "ImmutableListDeserializer", "methodReferences": {"py/set": []}, "py/object": "JavaParserVisitor.MethodInfo"}, "createBuilder": {"memberReferences": {"py/set": []}, "methodName": "createBuilder", "methodReferences": {"py/set": []}, "py/object": "JavaParserVisitor.MethodInfo"}, "withResolved": {"memberReferences": {"py/set": []}, "methodName": "withResolved", "methodReferences": {"py/set": []}, "py/object": "JavaParserVisitor.MethodInfo"}}, "possibleFather": "GuavaImmutableCollectionDeserializer<ImmutableList<Object>>", "py/object": "JavaParserVisitor.ClassInfo", "span": 26}, "ImmutableMapDeserializer": {"className": "ImmutableMapDeserializer", "members": {"py/set": []}, "methods": {"ImmutableMapDeserializer": {"memberReferences": {"py/set": []}, "methodName": "ImmutableMapDeserializer", "methodReferences": {"py/set": []}, "py/object": "JavaParserVisitor.MethodInfo"}, "createBuilder": {"memberReferences": {"py/set": []}, "methodName": "createBuilder", "methodReferences": {"py/set": []}, "py/object": "JavaParserVisitor.MethodInfo"}, "withResolved": {"memberReferences": {"py/set": []}, "methodName": "withResolved", "methodReferences": {"py/set": []}, "py/object": "JavaParserVisitor.MethodInfo"}}, "possibleFather": "GuavaImmutableMapDeserializer<ImmutableMap<Object,Object>>", "py/object": "JavaParserVisitor.ClassInfo", "span": 18}, "ImmutableMultimapWrapper": {"className": "ImmutableMultimapWrapper", "members": {"py/set": ["multimap"]}, "methods": {"ImmutableMultimapWrapper": {"memberReferences": {"py/set": ["multimap"]}, "methodName": "ImmutableMultimapWrapper", "methodReferences": {"py/set": []}, "py/object": "JavaParserVisitor.MethodInfo"}, "equals": {"memberReferences": {"py/set": ["multimap"]}, "methodName": "equals", "methodReferences": {"py/set": ["equals"]}, "py/object": "JavaParserVisitor.MethodInfo"}, "hashCode": {"memberReferences": {"py/set": ["multimap"]}, "methodName": "hashCode", "methodReferences": {"py/set": ["hashCode"]}, "py/object": "JavaParserVisitor.MethodInfo"}}, "possibleFather": "", "py/object": "JavaParserVisitor.ClassInfo", "span": 35}, "ImmutableMultisetDeserializer": {"className": "ImmutableMultisetDeserializer", "members": {"py/set": ["serialVersionUID"]}, "methods": {"ImmutableMultisetDeserializer": {"memberReferences": {"py/set": []}, "methodName": "ImmutableMultisetDeserializer", "methodReferences": {"py/set": []}, "py/object": "JavaParserVisitor.MethodInfo"}, "createBuilder": {"memberReferences": {"py/set": []}, "methodName": "createBuilder", "methodReferences": {"py/set": []}, "py/object": "JavaParserVisitor.MethodInfo"}, "withResolved": {"memberReferences": {"py/set": []}, "methodName": "withResolved", "methodReferences": {"py/set": []}, "py/object": "JavaParserVisitor.MethodInfo"}}, "possibleFather": "GuavaImmutableCollectionDeserializer<ImmutableMultiset<Object>>", "py/object": "JavaParserVisitor.ClassInfo", "span": 16}, "ImmutableSetDeserializer": {"className": "ImmutableSetDeserializer", "members": {"py/set": ["serialVersionUID"]}, "methods": {"ImmutableSetDeserializer": {"memberReferences": {"py/set": []}, "methodName": "ImmutableSetDeserializer", "methodReferences": {"py/set": []}, "py/object": "JavaParserVisitor.MethodInfo"}, "createBuilder": {"memberReferences": {"py/set": []}, "methodName": "createBuilder", "methodReferences": {"py/set": []}, "py/object": "JavaParserVisitor.MethodInfo"}, "withResolved": {"memberReferences": {"py/set": []}, "methodName": "withResolved", "methodReferences": {"py/set": []}, "py/object": "JavaParserVisitor.MethodInfo"}}, "possibleFather": "GuavaImmutableCollectionDeserializer<ImmutableSet<Object>>", "py/object": "JavaParserVisitor.ClassInfo", "span": 19}, "ImmutableSortedMapDeserializer": {"className": "ImmutableSortedMapDeserializer", "members": {"py/set": []}, "methods": {"ImmutableSortedMapDeserializer": {"memberReferences": {"py/set": []}, "methodName": "ImmutableSortedMapDeserializer", "methodReferences": {"py/set": []}, "py/object": "JavaParserVisitor.MethodInfo"}, "createBuilder": {"memberReferences": {"py/set": []}, "methodName": "createBuilder", "methodReferences": {"py/set": []}, "py/object": "JavaParserVisitor.MethodInfo"}, "withResolved": {"memberReferences": {"py/set": []}, "methodName": "withResolved", "methodReferences": {"py/set": []}, "py/object": "JavaParserVisitor.MethodInfo"}}, "possibleFather": "GuavaImmutableMapDeserializer<ImmutableSortedMap<Object,Object>>", "py/object": "JavaParserVisitor.ClassInfo", "span": 24}, "ImmutableSortedMultisetDeserializer": {"className": "ImmutableSortedMultisetDeserializer", "members": {"py/set": ["serialVersionUID"]}, "methods": {"ImmutableSortedMultisetDeserializer": {"memberReferences": {"py/set": []}, "methodName": "ImmutableSortedMultisetDeserializer", "methodReferences": {"py/set": []}, "py/object": "JavaParserVisitor.MethodInfo"}, "createBuilder": {"memberReferences": {"py/set": []}, "methodName": "createBuilder", "methodReferences": {"py/set": []}, "py/object": "JavaParserVisitor.MethodInfo"}, "withResolved": {"memberReferences": {"py/set": []}, "methodName": "withResolved", "methodReferences": {"py/set": []}, "py/object": "JavaParserVisitor.MethodInfo"}}, "possibleFather": "GuavaImmutableCollectionDeserializer<ImmutableSortedMultiset<Object>>", "py/object": "JavaParserVisitor.ClassInfo", "span": 19}, "ImmutableSortedSetDeserializer": {"className": "ImmutableSortedSetDeserializer", "members": {"py/set": ["serialVersionUID"]}, "methods": {"ImmutableSortedSetDeserializer": {"memberReferences": {"py/set": []}, "methodName": "ImmutableSortedSetDeserializer", "methodReferences": {"py/set": []}, "py/object": "JavaParserVisitor.MethodInfo"}, "createBuilder": {"memberReferences": {"py/set": []}, "methodName": "createBuilder", "methodReferences": {"py/set": []}, "py/object": "JavaParserVisitor.MethodInfo"}, "withResolved": {"memberReferences": {"py/set": []}, "methodName": "withResolved", "methodReferences": {"py/set": []}, "py/object": "JavaParserVisitor.MethodInfo"}}, "possibleFather": "GuavaImmutableCollectionDeserializer<ImmutableSortedSet<Object>>", "py/object": "JavaParserVisitor.ClassInfo", "span": 27}, "InternetDomainNameDeserializer": {"className": "InternetDomainNameDeserializer", "members": {"py/set": ["std", "serialVersionUID"]}, "methods": {"InternetDomainNameDeserializer": {"memberReferences": {"py/set": []}, "methodName": "InternetDomainNameDeserializer", "methodReferences": {"py/set": []}, "py/object": "JavaParserVisitor.MethodInfo"}, "_deserialize": {"memberReferences": {"py/set": []}, "methodName": "_deserialize", "methodReferences": {"py/set": []}, "py/object": "JavaParserVisitor.MethodInfo"}}, "possibleFather": "FromStringDeserializer<InternetDomainName>", "py/object": "JavaParserVisitor.ClassInfo", "span": 11}, "IterableWrapper": {"className": "IterableWrapper", "members": {"py/set": ["values"]}, "methods": {"IterableWrapper": {"memberReferences": {"py/set": ["values"]}, "methodName": "IterableWrapper", "methodReferences": {"py/set": []}, "py/object": "JavaParserVisitor.MethodInfo"}}, "possibleFather": "", "py/object": "JavaParserVisitor.ClassInfo", "span": 3}, "IterablesTest": {"className": "IterablesTest", "members": {"py/set": ["MAPPER"]}, "methods": {"apply": {"memberReferences": {"py/set": []}, "methodName": "apply", "methodReferences": {"py/set": []}, "py/object": "JavaParserVisitor.MethodInfo"}, "testIterablesSerialization": {"memberReferences": {"py/set": ["MAPPER"]}, "methodName": "testIterablesSerialization", "methodReferences": {"py/set": []}, "py/object": "JavaParserVisitor.MethodInfo"}, "testIterablesWithTransform": {"memberReferences": {"py/set": []}, "methodName": "testIterablesWithTransform", "methodReferences": {"py/set": []}, "py/object": "JavaParserVisitor.MethodInfo"}}, "possibleFather": "ModuleTestBase", "py/object": "JavaParserVisitor.ClassInfo", "span": 39}, "LinkedHashMultimapDeserializer": {"className": "LinkedHashMultimapDeserializer", "members": {"py/set": []}, "methods": {"LinkedHashMultimapDeserializer": {"memberReferences": {"py/set": []}, "methodName": "LinkedHashMultimapDeserializer", "methodReferences": {"py/set": []}, "py/object": "JavaParserVisitor.MethodInfo"}, "_createContextual": {"memberReferences": {"py/set": []}, "methodName": "_createContextual", "methodReferences": {"py/set": []}, "py/object": "JavaParserVisitor.MethodInfo"}, "createMultimap": {"memberReferences": {"py/set": []}, "methodName": "createMultimap", "methodReferences": {"py/set": []}, "py/object": "JavaParserVisitor.MethodInfo"}}, "possibleFather": "GuavaMultimapDeserializer<LinkedHashMultimap<Object,Object>>", "py/object": "JavaParserVisitor.ClassInfo", "span": 24}, "LinkedHashMultisetDeserializer": {"className": "LinkedHashMultisetDeserializer", "members": {"py/set": ["serialVersionUID"]}, "methods": {"LinkedHashMultisetDeserializer": {"memberReferences": {"py/set": []}, "methodName": "LinkedHashMultisetDeserializer", "methodReferences": {"py/set": []}, "py/object": "JavaParserVisitor.MethodInfo"}, "createMultiset": {"memberReferences": {"py/set": []}, "methodName": "createMultiset", "methodReferences": {"py/set": []}, "py/object": "JavaParserVisitor.MethodInfo"}, "withResolved": {"memberReferences": {"py/set": []}, "methodName": "withResolved", "methodReferences": {"py/set": []}, "py/object": "JavaParserVisitor.MethodInfo"}}, "possibleFather": "GuavaMultisetDeserializer<LinkedHashMultiset<Object>>", "py/object": "JavaParserVisitor.ClassInfo", "span": 16}, "LinkedListMultimapDeserializer": {"className": "LinkedListMultimapDeserializer", "members": {"py/set": []}, "methods": {"LinkedListMultimapDeserializer": {"memberReferences": {"py/set": []}, "methodName": "LinkedListMultimapDeserializer", "methodReferences": {"py/set": []}, "py/object": "JavaParserVisitor.MethodInfo"}, "_createContextual": {"memberReferences": {"py/set": []}, "methodName": "_createContextual", "methodReferences": {"py/set": []}, "py/object": "JavaParserVisitor.MethodInfo"}, "createMultimap": {"memberReferences": {"py/set": []}, "methodName": "createMultimap", "methodReferences": {"py/set": []}, "py/object": "JavaParserVisitor.MethodInfo"}}, "possibleFather": "GuavaMultimapDeserializer<LinkedListMultimap<Object,Object>>", "py/object": "JavaParserVisitor.ClassInfo", "span": 24}, "LowerCasingDeserializer": {"className": "LowerCasingDeserializer", "members": {"py/set": []}, "methods": {"LowerCasingDeserializer": {"memberReferences": {"py/set": []}, "methodName": "LowerCasingDeserializer", "methodReferences": {"py/set": []}, "py/object": "JavaParserVisitor.MethodInfo"}, "deserialize": {"memberReferences": {"py/set": []}, "methodName": "deserialize", "methodReferences": {"py/set": []}, "py/object": "JavaParserVisitor.MethodInfo"}}, "possibleFather": "StdScalarDeserializer<String>", "py/object": "JavaParserVisitor.ClassInfo", "span": 7}, "ModuleTestBase": {"className": "ModuleTestBase", "members": {"py/set": []}, "methods": {"ModuleTestBase": {"memberReferences": {"py/set": []}, "methodName": "ModuleTestBase", "methodReferences": {"py/set": []}, "py/object": "JavaParserVisitor.MethodInfo"}, "aposToQuotes": {"memberReferences": {"py/set": []}, "methodName": "aposToQuotes", "methodReferences": {"py/set": []}, "py/object": "JavaParserVisitor.MethodInfo"}, "mapperWithModule": {"memberReferences": {"py/set": []}, "methodName": "mapperWithModule", "methodReferences": {"py/set": []}, "py/object": "JavaParserVisitor.MethodInfo"}, "quote": {"memberReferences": {"py/set": []}, "methodName": "quote", "methodReferences": {"py/set": []}, "py/object": "JavaParserVisitor.MethodInfo"}, "verifyException": {"memberReferences": {"py/set": []}, "methodName": "verifyException", "methodReferences": {"py/set": []}, "py/object": "JavaParserVisitor.MethodInfo"}}, "possibleFather": "junit.framework.TestCase", "py/object": "JavaParserVisitor.ClassInfo", "span": 35}, "MulOp": {"className": "MulOp", "members": {"py/set": ["right", "left"]}, "methods": {"MulOp": {"memberReferences": {"py/set": ["right", "left"]}, "methodName": "MulOp", "methodReferences": {"py/set": []}, "py/object": "JavaParserVisitor.MethodInfo"}, "equals": {"memberReferences": {"py/set": ["right", "left"]}, "methodName": "equals", "methodReferences": {"py/set": []}, "py/object": "JavaParserVisitor.MethodInfo"}, "hashCode": {"memberReferences": {"py/set": ["right", "left"]}, "methodName": "hashCode", "methodReferences": {"py/set": []}, "py/object": "JavaParserVisitor.MethodInfo"}, "value": {"memberReferences": {"py/set": ["right", "left"]}, "methodName": "value", "methodReferences": {"py/set": []}, "py/object": "JavaParserVisitor.MethodInfo"}}, "possibleFather": "", "py/object": "JavaParserVisitor.ClassInfo", "span": 45}, "MultiMapWithIgnores": {"className": "MultiMapWithIgnores", "members": {"py/set": ["map"]}, "methods": {"MultiMapWithIgnores": {"memberReferences": {"py/set": []}, "methodName": "MultiMapWithIgnores", "methodReferences": {"py/set": []}, "py/object": "JavaParserVisitor.MethodInfo"}}, "possibleFather": "", "py/object": "JavaParserVisitor.ClassInfo", "span": 7}, "MultiMapWrapper": {"className": "MultiMapWrapper", "members": {"py/set": ["map"]}, "methods": {}, "possibleFather": "", "py/object": "JavaParserVisitor.ClassInfo", "span": 2}, "MultimapSerializer": {"className": "MultimapSerializer", "members": {"py/set": ["_valueSerializer", "_property", "serialVersionUID", "_sortKeys", "_dynamicValueSerializers", "_valueTypeSerializer", "_ignoredEntries", "_type", "_filterId", "_keySerializer"]}, "methods": {"MultimapSerializer": {"memberReferences": {"py/set": ["_valueSerializer", "_valueTypeSerializer", "_type", "_keySerializer", "_property", "_sortKeys", "_dynamicValueSerializers", "_ignoredEntries", "_filterId"]}, "methodName": "MultimapSerializer", "methodReferences": {"py/set": []}, "py/object": "JavaParserVisitor.MethodInfo"}, "_findAndAddDynamic": {"memberReferences": {"py/set": ["_dynamicValueSerializers"]}, "methodName": "_findAndAddDynamic", "methodReferences": {"py/set": []}, "py/object": "JavaParserVisitor.MethodInfo"}, "_withValueTypeSerializer": {"memberReferences": {"py/set": ["_valueSerializer", "_property", "_sortKeys", "_ignoredEntries", "_filterId", "_keySerializer"]}, "methodName": "_withValueTypeSerializer", "methodReferences": {"py/set": []}, "py/object": "JavaParserVisitor.MethodInfo"}, "acceptJsonFormatVisitor": {"memberReferences": {"py/set": ["_valueSerializer", "_dynamicValueSerializers", "_keySerializer"]}, "methodName": "acceptJsonFormatVisitor", "methodReferences": {"py/set": ["_findAndAddDynamic"]}, "py/object": "JavaParserVisitor.MethodInfo"}, "createContextual": {"memberReferences": {"py/set": ["_valueSerializer", "_valueTypeSerializer", "_ignoredEntries", "_filterId", "_keySerializer"]}, "methodName": "createContextual", "methodReferences": {"py/set": ["withResolved", "createContextual"]}, "py/object": "JavaParserVisitor.MethodInfo"}, "getContentSerializer": {"memberReferences": {"py/set": ["_valueSerializer"]}, "methodName": "getContentSerializer", "methodReferences": {"py/set": []}, "py/object": "JavaParserVisitor.MethodInfo"}, "getContentType": {"memberReferences": {"py/set": []}, "methodName": "getContentType", "methodReferences": {"py/set": []}, "py/object": "JavaParserVisitor.MethodInfo"}, "hasSingleElement": {"memberReferences": {"py/set": []}, "methodName": "hasSingleElement", "methodReferences": {"py/set": []}, "py/object": "JavaParserVisitor.MethodInfo"}, "isEmpty": {"memberReferences": {"py/set": []}, "methodName": "isEmpty", "methodReferences": {"py/set": []}, "py/object": "JavaParserVisitor.MethodInfo"}, "serialize": {"memberReferences": {"py/set": ["_dynamicValueSerializers", "_valueSerializer", "_valueTypeSerializer", "_ignoredEntries", "_property", "_filterId"]}, "methodName": "serialize", "methodReferences": {"py/set": ["serializeFields", "serializeOptionalFields"]}, "py/object": "JavaParserVisitor.MethodInfo"}, "serializeFields": {"memberReferences": {"py/set": ["_valueSerializer", "_property", "_dynamicValueSerializers", "_valueTypeSerializer", "_ignoredEntries", "_filterId"]}, "methodName": "serializeFields", "methodReferences": {"py/set": ["_findAndAddDynamic", "serialize"]}, "py/object": "JavaParserVisitor.MethodInfo"}, "serializeOptionalFields": {"memberReferences": {"py/set": ["_valueSerializer", "_property", "_valueTypeSerializer", "_ignoredEntries", "_filterId"]}, "methodName": "serializeOptionalFields", "methodReferences": {"py/set": []}, "py/object": "JavaParserVisitor.MethodInfo"}, "serializeWithType": {"memberReferences": {"py/set": ["_dynamicValueSerializers", "_valueSerializer", "_valueTypeSerializer", "_ignoredEntries", "_property", "_filterId"]}, "methodName": "serializeWithType", "methodReferences": {"py/set": ["serializeFields", "serializeOptionalFields"]}, "py/object": "JavaParserVisitor.MethodInfo"}, "withResolved": {"memberReferences": {"py/set": []}, "methodName": "withResolved", "methodReferences": {"py/set": []}, "py/object": "JavaParserVisitor.MethodInfo"}}, "possibleFather": "ContainerSerializer<Multimap<?,?>>", "py/object": "JavaParserVisitor.ClassInfo", "span": 370}, "OptionalBasicTest": {"className": "OptionalBasicTest", "members": {"py/set": ["MAPPER"]}, "methods": {"testCustomSerializer": {"memberReferences": {"py/set": []}, "methodName": "testCustomSerializer", "methodReferences": {"py/set": []}, "py/object": "JavaParserVisitor.MethodInfo"}, "testDeserAbsent": {"memberReferences": {"py/set": []}, "methodName": "testDeserAbsent", "methodReferences": {"py/set": []}, "py/object": "JavaParserVisitor.MethodInfo"}, "testDeserComplexObject": {"memberReferences": {"py/set": []}, "methodName": "testDeserComplexObject", "methodReferences": {"py/set": []}, "py/object": "JavaParserVisitor.MethodInfo"}, "testDeserGeneric": {"memberReferences": {"py/set": []}, "methodName": "testDeserGeneric", "methodReferences": {"py/set": []}, "py/object": "JavaParserVisitor.MethodInfo"}, "testDeserInsideObject": {"memberReferences": {"py/set": ["MAPPER"]}, "methodName": "testDeserInsideObject", "methodReferences": {"py/set": []}, "py/object": "JavaParserVisitor.MethodInfo"}, "testDeserNull": {"memberReferences": {"py/set": []}, "methodName": "testDeserNull", "methodReferences": {"py/set": []}, "py/object": "JavaParserVisitor.MethodInfo"}, "testDeserSimpleString": {"memberReferences": {"py/set": []}, "methodName": "testDeserSimpleString", "methodReferences": {"py/set": []}, "py/object": "JavaParserVisitor.MethodInfo"}, "testObjectId": {"memberReferences": {"py/set": ["MAPPER"]}, "methodName": "testObjectId", "methodReferences": {"py/set": []}, "py/object": "JavaParserVisitor.MethodInfo"}, "testOptionalCollection": {"memberReferences": {"py/set": []}, "methodName": "testOptionalCollection", "methodReferences": {"py/set": []}, "py/object": "JavaParserVisitor.MethodInfo"}, "testOptionalTypeResolution": {"memberReferences": {"py/set": ["MAPPER"]}, "methodName": "testOptionalTypeResolution", "methodReferences": {"py/set": []}, "py/object": "JavaParserVisitor.MethodInfo"}, "testPolymorphic": {"memberReferences": {"py/set": ["MAPPER"]}, "methodName": "testPolymorphic", "methodReferences": {"py/set": []}, "py/object": "JavaParserVisitor.MethodInfo"}, "testSerAbsent": {"memberReferences": {"py/set": ["MAPPER"]}, "methodName": "testSerAbsent", "methodReferences": {"py/set": []}, "py/object": "JavaParserVisitor.MethodInfo"}, "testSerComplexObject": {"memberReferences": {"py/set": ["MAPPER"]}, "methodName": "testSerComplexObject", "methodReferences": {"py/set": []}, "py/object": "JavaParserVisitor.MethodInfo"}, "testSerGeneric": {"memberReferences": {"py/set": ["MAPPER"]}, "methodName": "testSerGeneric", "methodReferences": {"py/set": []}, "py/object": "JavaParserVisitor.MethodInfo"}, "testSerInsideObject": {"memberReferences": {"py/set": []}, "methodName": "testSerInsideObject", "methodReferences": {"py/set": []}, "py/object": "JavaParserVisitor.MethodInfo"}, "testSerNonNull": {"memberReferences": {"py/set": []}, "methodName": "testSerNonNull", "methodReferences": {"py/set": []}, "py/object": "JavaParserVisitor.MethodInfo"}, "testSerOptDefault": {"memberReferences": {"py/set": []}, "methodName": "testSerOptDefault", "methodReferences": {"py/set": []}, "py/object": "JavaParserVisitor.MethodInfo"}, "testSerOptDisableAsNull": {"memberReferences": {"py/set": []}, "methodName": "testSerOptDisableAsNull", "methodReferences": {"py/set": []}, "py/object": "JavaParserVisitor.MethodInfo"}, "testSerOptNonDefault": {"memberReferences": {"py/set": []}, "methodName": "testSerOptNonDefault", "methodReferences": {"py/set": []}, "py/object": "JavaParserVisitor.MethodInfo"}, "testSerOptNonEmpty": {"memberReferences": {"py/set": []}, "methodName": "testSerOptNonEmpty", "methodReferences": {"py/set": []}, "py/object": "JavaParserVisitor.MethodInfo"}, "testSerOptNull": {"memberReferences": {"py/set": []}, "methodName": "testSerOptNull", "methodReferences": {"py/set": []}, "py/object": "JavaParserVisitor.MethodInfo"}, "testSerSimpleString": {"memberReferences": {"py/set": ["MAPPER"]}, "methodName": "testSerSimpleString", "methodReferences": {"py/set": []}, "py/object": "JavaParserVisitor.MethodInfo"}, "testWithCustomDeserializer": {"memberReferences": {"py/set": ["MAPPER"]}, "methodName": "testWithCustomDeserializer", "methodReferences": {"py/set": []}, "py/object": "JavaParserVisitor.MethodInfo"}, "testWithTypingEnabled": {"memberReferences": {"py/set": []}, "methodName": "testWithTypingEnabled", "methodReferences": {"py/set": []}, "py/object": "JavaParserVisitor.MethodInfo"}}, "possibleFather": "ModuleTestBase", "py/object": "JavaParserVisitor.ClassInfo", "span": 295}, "OptionalData": {"className": "OptionalData", "members": {"py/set": ["myString"]}, "methods": {}, "possibleFather": "", "py/object": "JavaParserVisitor.ClassInfo", "span": 1}, "OptionalGenericData": {"className": "OptionalGenericData", "members": {"py/set": ["myData"]}, "methods": {}, "possibleFather": "", "py/object": "JavaParserVisitor.ClassInfo", "span": 1}, "OptionalParent": {"className": "OptionalParent", "members": {"py/set": ["child"]}, "methods": {}, "possibleFather": "", "py/object": "JavaParserVisitor.ClassInfo", "span": 2}, "OptionalSchema83Test": {"className": "OptionalSchema83Test", "members": {"py/set": []}, "methods": {"testOptionalTypeSchema83": {"memberReferences": {"py/set": []}, "methodName": "testOptionalTypeSchema83", "methodReferences": {"py/set": []}, "py/object": "JavaParserVisitor.MethodInfo"}}, "possibleFather": "ModuleTestBase", "py/object": "JavaParserVisitor.ClassInfo", "span": 118}, "OptionalUnwrappedTest": {"className": "OptionalUnwrappedTest", "members": {"py/set": []}, "methods": {"testUntypedWithNullEqOptionals": {"memberReferences": {"py/set": []}, "methodName": "testUntypedWithNullEqOptionals", "methodReferences": {"py/set": []}, "py/object": "JavaParserVisitor.MethodInfo"}}, "possibleFather": "ModuleTestBase", "py/object": "JavaParserVisitor.ClassInfo", "span": 24}, "Parent": {"className": "Parent", "members": {"py/set": ["child"]}, "methods": {}, "possibleFather": "", "py/object": "JavaParserVisitor.ClassInfo", "span": 4}, "RangeDeserializer": {"className": "RangeDeserializer", "members": {"py/set": ["_endpointDeserializer", "serialVersionUID", "_defaultBoundType", "_rangeType"]}, "methods": {"RangeDeserializer": {"memberReferences": {"py/set": ["_rangeType", "_endpointDeserializer", "_defaultBoundType"]}, "methodName": "RangeDeserializer", "methodReferences": {"py/set": []}, "py/object": "JavaParserVisitor.MethodInfo"}, "createContextual": {"memberReferences": {"py/set": ["_endpointDeserializer", "_defaultBoundType", "_rangeType"]}, "methodName": "createContextual", "methodReferences": {"py/set": []}, "py/object": "JavaParserVisitor.MethodInfo"}, "deserialize": {"memberReferences": {"py/set": ["_defaultBoundType"]}, "methodName": "deserialize", "methodReferences": {"py/set": ["deserializeBoundType", "deserializeEndpoint", "expect"]}, "py/object": "JavaParserVisitor.MethodInfo"}, "deserializeBoundType": {"memberReferences": {"py/set": []}, "methodName": "deserializeBoundType", "methodReferences": {"py/set": ["expect"]}, "py/object": "JavaParserVisitor.MethodInfo"}, "deserializeEndpoint": {"memberReferences": {"py/set": []}, "methodName": "deserializeEndpoint", "methodReferences": {"py/set": []}, "py/object": "JavaParserVisitor.MethodInfo"}, "deserializeWithType": {"memberReferences": {"py/set": []}, "methodName": "deserializeWithType", "methodReferences": {"py/set": []}, "py/object": "JavaParserVisitor.MethodInfo"}, "expect": {"memberReferences": {"py/set": []}, "methodName": "expect", "methodReferences": {"py/set": []}, "py/object": "JavaParserVisitor.MethodInfo"}, "getValueType": {"memberReferences": {"py/set": ["_rangeType"]}, "methodName": "getValueType", "methodReferences": {"py/set": []}, "py/object": "JavaParserVisitor.MethodInfo"}}, "possibleFather": "StdDeserializer<Range<?>>", "py/object": "JavaParserVisitor.ClassInfo", "span": 167}, "RangeFactory": {"className": "RangeFactory", "members": {"py/set": ["LEGACY_ALL_METHOD_NAME", "LEGACY_UP_TO_METHOD_NAME", "LEGACY_DOWN_TO_METHOD_NAME", "legacyDownToMethod", "legacyRangeMethod", "legacyUpToMethod", "legacyAllMethod", "LEGACY_RANGE_METHOD_NAME", "LEGACY_RANGES_CLASS_NAME"]}, "methods": {"RangeFactory": {"memberReferences": {"py/set": []}, "methodName": "RangeFactory", "methodReferences": {"py/set": []}, "py/object": "JavaParserVisitor.MethodInfo"}, "all": {"memberReferences": {"py/set": ["legacyAllMethod"]}, "methodName": "all", "methodReferences": {"py/set": ["createRange"]}, "py/object": "JavaParserVisitor.MethodInfo"}, "atLeast": {"memberReferences": {"py/set": ["legacyDownToMethod"]}, "methodName": "atLeast", "methodReferences": {"py/set": ["downTo"]}, "py/object": "JavaParserVisitor.MethodInfo"}, "atMost": {"memberReferences": {"py/set": ["legacyUpToMethod"]}, "methodName": "atMost", "methodReferences": {"py/set": ["upTo"]}, "py/object": "JavaParserVisitor.MethodInfo"}, "call": {"memberReferences": {"py/set": []}, "methodName": "call", "methodReferences": {"py/set": []}, "py/object": "JavaParserVisitor.MethodInfo"}, "closed": {"memberReferences": {"py/set": ["legacyRangeMethod"]}, "methodName": "closed", "methodReferences": {"py/set": ["range"]}, "py/object": "JavaParserVisitor.MethodInfo"}, "closedOpen": {"memberReferences": {"py/set": ["legacyRangeMethod"]}, "methodName": "closedOpen", "methodReferences": {"py/set": ["range"]}, "py/object": "JavaParserVisitor.MethodInfo"}, "createRange": {"memberReferences": {"py/set": []}, "methodName": "createRange", "methodReferences": {"py/set": ["invokeLegacyRangeFactoryMethod"]}, "py/object": "JavaParserVisitor.MethodInfo"}, "downTo": {"memberReferences": {"py/set": ["legacyDownToMethod"]}, "methodName": "downTo", "methodReferences": {"py/set": ["createRange"]}, "py/object": "JavaParserVisitor.MethodInfo"}, "findMethod": {"memberReferences": {"py/set": []}, "methodName": "findMethod", "methodReferences": {"py/set": []}, "py/object": "JavaParserVisitor.MethodInfo"}, "greaterThan": {"memberReferences": {"py/set": ["legacyDownToMethod"]}, "methodName": "greaterThan", "methodReferences": {"py/set": ["downTo"]}, "py/object": "JavaParserVisitor.MethodInfo"}, "initLegacyRangeFactoryMethods": {"memberReferences": {"py/set": ["LEGACY_ALL_METHOD_NAME", "LEGACY_UP_TO_METHOD_NAME", "legacyDownToMethod", "LEGACY_DOWN_TO_METHOD_NAME", "legacyRangeMethod", "legacyUpToMethod", "legacyAllMethod", "LEGACY_RANGE_METHOD_NAME"]}, "methodName": "initLegacyRangeFactoryMethods", "methodReferences": {"py/set": ["findMethod"]}, "py/object": "JavaParserVisitor.MethodInfo"}, "invokeLegacyRangeFactoryMethod": {"memberReferences": {"py/set": []}, "methodName": "invokeLegacyRangeFactoryMethod", "methodReferences": {"py/set": []}, "py/object": "JavaParserVisitor.MethodInfo"}, "lessThan": {"memberReferences": {"py/set": ["legacyUpToMethod"]}, "methodName": "lessThan", "methodReferences": {"py/set": ["upTo"]}, "py/object": "JavaParserVisitor.MethodInfo"}, "open": {"memberReferences": {"py/set": ["legacyRangeMethod"]}, "methodName": "open", "methodReferences": {"py/set": ["range"]}, "py/object": "JavaParserVisitor.MethodInfo"}, "openClosed": {"memberReferences": {"py/set": ["legacyRangeMethod"]}, "methodName": "openClosed", "methodReferences": {"py/set": ["range"]}, "py/object": "JavaParserVisitor.MethodInfo"}, "range": {"memberReferences": {"py/set": ["legacyRangeMethod"]}, "methodName": "range", "methodReferences": {"py/set": ["createRange"]}, "py/object": "JavaParserVisitor.MethodInfo"}, "singleton": {"memberReferences": {"py/set": ["legacyRangeMethod"]}, "methodName": "singleton", "methodReferences": {"py/set": ["createRange"]}, "py/object": "JavaParserVisitor.MethodInfo"}, "upTo": {"memberReferences": {"py/set": ["legacyUpToMethod"]}, "methodName": "upTo", "methodReferences": {"py/set": ["createRange"]}, "py/object": "JavaParserVisitor.MethodInfo"}}, "possibleFather": "", "py/object": "JavaParserVisitor.ClassInfo", "span": 162}, "RangeSerializer": {"className": "RangeSerializer", "members": {"py/set": ["_endpointSerializer", "_rangeType"]}, "methods": {"RangeSerializer": {"memberReferences": {"py/set": ["_endpointSerializer", "_rangeType"]}, "methodName": "RangeSerializer", "methodReferences": {"py/set": []}, "py/object": "JavaParserVisitor.MethodInfo"}, "_writeContents": {"memberReferences": {"py/set": ["_endpointSerializer"]}, "methodName": "_writeContents", "methodReferences": {"py/set": ["serialize"]}, "py/object": "JavaParserVisitor.MethodInfo"}, "acceptJsonFormatVisitor": {"memberReferences": {"py/set": ["_endpointSerializer"]}, "methodName": "acceptJsonFormatVisitor", "methodReferences": {"py/set": []}, "py/object": "JavaParserVisitor.MethodInfo"}, "createContextual": {"memberReferences": {"py/set": ["_endpointSerializer", "_rangeType"]}, "methodName": "createContextual", "methodReferences": {"py/set": ["createContextual"]}, "py/object": "JavaParserVisitor.MethodInfo"}, "isEmpty": {"memberReferences": {"py/set": []}, "methodName": "isEmpty", "methodReferences": {"py/set": []}, "py/object": "JavaParserVisitor.MethodInfo"}, "serialize": {"memberReferences": {"py/set": ["_endpointSerializer"]}, "methodName": "serialize", "methodReferences": {"py/set": ["_writeContents"]}, "py/object": "JavaParserVisitor.MethodInfo"}, "serializeWithType": {"memberReferences": {"py/set": ["_endpointSerializer"]}, "methodName": "serializeWithType", "methodReferences": {"py/set": ["_writeContents"]}, "py/object": "JavaParserVisitor.MethodInfo"}}, "possibleFather": "StdSerializer<Range<?>>", "py/object": "JavaParserVisitor.ClassInfo", "span": 125}, "ScalarTypesTest": {"className": "ScalarTypesTest", "members": {"py/set": ["MAPPER"]}, "methods": {"testInternetDomainNameDeserialization": {"memberReferences": {"py/set": []}, "methodName": "testInternetDomainNameDeserialization", "methodReferences": {"py/set": []}, "py/object": "JavaParserVisitor.MethodInfo"}, "testInternetDomainNameSerialization": {"memberReferences": {"py/set": []}, "methodName": "testInternetDomainNameSerialization", "methodReferences": {"py/set": []}, "py/object": "JavaParserVisitor.MethodInfo"}}, "possibleFather": "ModuleTestBase", "py/object": "JavaParserVisitor.ClassInfo", "span": 17}, "TableSerializationTest": {"className": "TableSerializationTest", "members": {"py/set": ["MAPPER"]}, "methods": {"testComplexKeyImmutableTableSerde": {"memberReferences": {"py/set": ["MAPPER"]}, "methodName": "testComplexKeyImmutableTableSerde", "methodReferences": {"py/set": []}, "py/object": "JavaParserVisitor.MethodInfo"}, "testSimpleKeyImmutableTableSerde": {"memberReferences": {"py/set": []}, "methodName": "testSimpleKeyImmutableTableSerde", "methodReferences": {"py/set": []}, "py/object": "JavaParserVisitor.MethodInfo"}}, "possibleFather": "ModuleTestBase", "py/object": "JavaParserVisitor.ClassInfo", "span": 142}, "TableSerializer": {"className": "TableSerializer", "members": {"py/set": ["_valueSerializer", "_columnSerializer", "_property", "serialVersionUID", "_valueTypeSerializer", "_type", "_rowMapSerializer", "_rowSerializer"]}, "methods": {"TableSerializer": {"memberReferences": {"py/set": ["_valueSerializer", "_columnSerializer", "_property", "_valueTypeSerializer", "_type", "_rowMapSerializer", "_rowSerializer"]}, "methodName": "TableSerializer", "methodReferences": {"py/set": []}, "py/object": "JavaParserVisitor.MethodInfo"}, "_withValueTypeSerializer": {"memberReferences": {"py/set": []}, "methodName": "_withValueTypeSerializer", "methodReferences": {"py/set": []}, "py/object": "JavaParserVisitor.MethodInfo"}, "createContextual": {"memberReferences": {"py/set": ["_valueSerializer", "_columnSerializer", "_valueTypeSerializer", "_rowSerializer"]}, "methodName": "createContextual", "methodReferences": {"py/set": ["withResolved", "createContextual"]}, "py/object": "JavaParserVisitor.MethodInfo"}, "getContentSerializer": {"memberReferences": {"py/set": ["_valueSerializer"]}, "methodName": "getContentSerializer", "methodReferences": {"py/set": []}, "py/object": "JavaParserVisitor.MethodInfo"}, "getContentType": {"memberReferences": {"py/set": []}, "methodName": "getContentType", "methodReferences": {"py/set": []}, "py/object": "JavaParserVisitor.MethodInfo"}, "hasSingleElement": {"memberReferences": {"py/set": []}, "methodName": "hasSingleElement", "methodReferences": {"py/set": []}, "py/object": "JavaParserVisitor.MethodInfo"}, "isEmpty": {"memberReferences": {"py/set": []}, "methodName": "isEmpty", "methodReferences": {"py/set": []}, "py/object": "JavaParserVisitor.MethodInfo"}, "serialize": {"memberReferences": {"py/set": ["_rowMapSerializer"]}, "methodName": "serialize", "methodReferences": {"py/set": ["serializeFields"]}, "py/object": "JavaParserVisitor.MethodInfo"}, "serializeFields": {"memberReferences": {"py/set": ["_rowMapSerializer"]}, "methodName": "serializeFields", "methodReferences": {"py/set": ["serializeFields"]}, "py/object": "JavaParserVisitor.MethodInfo"}, "serializeWithType": {"memberReferences": {"py/set": ["_rowMapSerializer"]}, "methodName": "serializeWithType", "methodReferences": {"py/set": ["serializeFields"]}, "py/object": "JavaParserVisitor.MethodInfo"}, "withResolved": {"memberReferences": {"py/set": []}, "methodName": "withResolved", "methodReferences": {"py/set": []}, "py/object": "JavaParserVisitor.MethodInfo"}}, "possibleFather": "ContainerSerializer<Table<?,?,?>>", "py/object": "JavaParserVisitor.ClassInfo", "span": 209}, "TestImmutables": {"className": "TestImmutables", "members": {"py/set": ["MAPPER"]}, "methods": {"testImmutableBiMap": {"memberReferences": {"py/set": []}, "methodName": "testImmutableBiMap", "methodReferences": {"py/set": []}, "py/object": "JavaParserVisitor.MethodInfo"}, "testImmutableList": {"memberReferences": {"py/set": []}, "methodName": "testImmutableList", "methodReferences": {"py/set": []}, "py/object": "JavaParserVisitor.MethodInfo"}, "testImmutableMap": {"memberReferences": {"py/set": []}, "methodName": "testImmutableMap", "methodReferences": {"py/set": []}, "py/object": "JavaParserVisitor.MethodInfo"}, "testImmutableSet": {"memberReferences": {"py/set": []}, "methodName": "testImmutableSet", "methodReferences": {"py/set": []}, "py/object": "JavaParserVisitor.MethodInfo"}, "testImmutableSetFromSingle": {"memberReferences": {"py/set": []}, "methodName": "testImmutableSetFromSingle", "methodReferences": {"py/set": []}, "py/object": "JavaParserVisitor.MethodInfo"}, "testImmutableSortedMap": {"memberReferences": {"py/set": []}, "methodName": "testImmutableSortedMap", "methodReferences": {"py/set": []}, "py/object": "JavaParserVisitor.MethodInfo"}, "testImmutableSortedSet": {"memberReferences": {"py/set": []}, "methodName": "testImmutableSortedSet", "methodReferences": {"py/set": []}, "py/object": "JavaParserVisitor.MethodInfo"}, "testTypedImmutableMap": {"memberReferences": {"py/set": ["MAPPER"]}, "methodName": "testTypedImmutableMap", "methodReferences": {"py/set": []}, "py/object": "JavaParserVisitor.MethodInfo"}, "testTypedImmutableset": {"memberReferences": {"py/set": ["MAPPER"]}, "methodName": "testTypedImmutableset", "methodReferences": {"py/set": []}, "py/object": "JavaParserVisitor.MethodInfo"}, "testWithoutDeserializers": {"memberReferences": {"py/set": []}, "methodName": "testWithoutDeserializers", "methodReferences": {"py/set": []}, "py/object": "JavaParserVisitor.MethodInfo"}, "testWithoutSerializers": {"memberReferences": {"py/set": []}, "methodName": "testWithoutSerializers", "methodReferences": {"py/set": []}, "py/object": "JavaParserVisitor.MethodInfo"}}, "possibleFather": "ModuleTestBase", "py/object": "JavaParserVisitor.ClassInfo", "span": 221}, "TestMultimaps": {"className": "TestMultimaps", "members": {"py/set": ["STRING_STRING_MULTIMAP", "MAPPER"]}, "methods": {"_testMultimap": {"memberReferences": {"py/set": ["MAPPER"]}, "methodName": "_testMultimap", "methodReferences": {"py/set": []}, "py/object": "JavaParserVisitor.MethodInfo"}, "_verifyMultiMapRead": {"memberReferences": {"py/set": []}, "methodName": "_verifyMultiMapRead", "methodReferences": {"py/set": []}, "py/object": "JavaParserVisitor.MethodInfo"}, "listBasedHelper": {"memberReferences": {"py/set": []}, "methodName": "listBasedHelper", "methodReferences": {"py/set": []}, "py/object": "JavaParserVisitor.MethodInfo"}, "testArrayListMultimap": {"memberReferences": {"py/set": []}, "methodName": "testArrayListMultimap", "methodReferences": {"py/set": ["listBasedHelper"]}, "py/object": "JavaParserVisitor.MethodInfo"}, "testEmptyMapExclusion": {"memberReferences": {"py/set": []}, "methodName": "testEmptyMapExclusion", "methodReferences": {"py/set": []}, "py/object": "JavaParserVisitor.MethodInfo"}, "testEnumKey": {"memberReferences": {"py/set": []}, "methodName": "testEnumKey", "methodReferences": {"py/set": []}, "py/object": "JavaParserVisitor.MethodInfo"}, "testHashMultimap": {"memberReferences": {"py/set": []}, "methodName": "testHashMultimap", "methodReferences": {"py/set": ["_verifyMultiMapRead"]}, "py/object": "JavaParserVisitor.MethodInfo"}, "testImmutableSetMultimap": {"memberReferences": {"py/set": []}, "methodName": "testImmutableSetMultimap", "methodReferences": {"py/set": ["_verifyMultiMapRead"]}, "py/object": "JavaParserVisitor.MethodInfo"}, "testIssue67": {"memberReferences": {"py/set": []}, "methodName": "testIssue67", "methodReferences": {"py/set": []}, "py/object": "JavaParserVisitor.MethodInfo"}, "testLinkedHashMultimap": {"memberReferences": {"py/set": []}, "methodName": "testLinkedHashMultimap", "methodReferences": {"py/set": ["_verifyMultiMapRead"]}, "py/object": "JavaParserVisitor.MethodInfo"}, "testLinkedListMultimap": {"memberReferences": {"py/set": []}, "methodName": "testLinkedListMultimap", "methodReferences": {"py/set": ["listBasedHelper"]}, "py/object": "JavaParserVisitor.MethodInfo"}, "testMultimap": {"memberReferences": {"py/set": ["MAPPER"]}, "methodName": "testMultimap", "methodReferences": {"py/set": ["_testMultimap"]}, "py/object": "JavaParserVisitor.MethodInfo"}, "testMultimapIssue3": {"memberReferences": {"py/set": ["MAPPER"]}, "methodName": "testMultimapIssue3", "methodReferences": {"py/set": []}, "py/object": "JavaParserVisitor.MethodInfo"}, "testMultimapWithIgnores": {"memberReferences": {"py/set": []}, "methodName": "testMultimapWithIgnores", "methodReferences": {"py/set": []}, "py/object": "JavaParserVisitor.MethodInfo"}, "testNullHandling": {"memberReferences": {"py/set": []}, "methodName": "testNullHandling", "methodReferences": {"py/set": []}, "py/object": "JavaParserVisitor.MethodInfo"}, "testPolymorphicValue": {"memberReferences": {"py/set": ["MAPPER"]}, "methodName": "testPolymorphicValue", "methodReferences": {"py/set": []}, "py/object": "JavaParserVisitor.MethodInfo"}}, "possibleFather": "ModuleTestBase", "py/object": "JavaParserVisitor.ClassInfo", "span": 287}, "TestMultisets": {"className": "TestMultisets", "members": {"py/set": ["MAPPER"]}, "methods": {"testDefaultMultiset": {"memberReferences": {"py/set": []}, "methodName": "testDefaultMultiset", "methodReferences": {"py/set": []}, "py/object": "JavaParserVisitor.MethodInfo"}, "testDefaultSortedMultiset": {"memberReferences": {"py/set": []}, "methodName": "testDefaultSortedMultiset", "methodReferences": {"py/set": []}, "py/object": "JavaParserVisitor.MethodInfo"}, "testFromSingle": {"memberReferences": {"py/set": []}, "methodName": "testFromSingle", "methodReferences": {"py/set": []}, "py/object": "JavaParserVisitor.MethodInfo"}, "testHashMultiset": {"memberReferences": {"py/set": []}, "methodName": "testHashMultiset", "methodReferences": {"py/set": []}, "py/object": "JavaParserVisitor.MethodInfo"}, "testImmutableMultiset": {"memberReferences": {"py/set": []}, "methodName": "testImmutableMultiset", "methodReferences": {"py/set": []}, "py/object": "JavaParserVisitor.MethodInfo"}, "testImmutableSortedMultiset": {"memberReferences": {"py/set": []}, "methodName": "testImmutableSortedMultiset", "methodReferences": {"py/set": []}, "py/object": "JavaParserVisitor.MethodInfo"}, "testLinkedHashMultiset": {"memberReferences": {"py/set": []}, "methodName": "testLinkedHashMultiset", "methodReferences": {"py/set": []}, "py/object": "JavaParserVisitor.MethodInfo"}, "testTreeMultiset": {"memberReferences": {"py/set": []}, "methodName": "testTreeMultiset", "methodReferences": {"py/set": []}, "py/object": "JavaParserVisitor.MethodInfo"}, "testWithoutDeserializers": {"memberReferences": {"py/set": []}, "methodName": "testWithoutDeserializers", "methodReferences": {"py/set": []}, "py/object": "JavaParserVisitor.MethodInfo"}, "testWithoutSerializers": {"memberReferences": {"py/set": []}, "methodName": "testWithoutSerializers", "methodReferences": {"py/set": []}, "py/object": "JavaParserVisitor.MethodInfo"}}, "possibleFather": "ModuleTestBase", "py/object": "JavaParserVisitor.ClassInfo", "span": 109}, "TestOptionalWithPolymorphic": {"className": "TestOptionalWithPolymorphic", "members": {"py/set": ["MAPPER"]}, "methods": {"_test": {"memberReferences": {"py/set": []}, "methodName": "_test", "methodReferences": {"py/set": []}, "py/object": "JavaParserVisitor.MethodInfo"}, "testOptionalMapsBar": {"memberReferences": {"py/set": ["MAPPER"]}, "methodName": "testOptionalMapsBar", "methodReferences": {"py/set": ["_test"]}, "py/object": "JavaParserVisitor.MethodInfo"}, "testOptionalMapsBaz": {"memberReferences": {"py/set": ["MAPPER"]}, "methodName": "testOptionalMapsBaz", "methodReferences": {"py/set": ["_test"]}, "py/object": "JavaParserVisitor.MethodInfo"}, "testOptionalMapsFoo": {"memberReferences": {"py/set": ["MAPPER"]}, "methodName": "testOptionalMapsFoo", "methodReferences": {"py/set": ["_test"]}, "py/object": "JavaParserVisitor.MethodInfo"}, "testOptionalWithTypeAnnotation": {"memberReferences": {"py/set": ["MAPPER"]}, "methodName": "testOptionalWithTypeAnnotation", "methodReferences": {"py/set": []}, "py/object": "JavaParserVisitor.MethodInfo"}}, "possibleFather": "ModuleTestBase", "py/object": "JavaParserVisitor.ClassInfo", "span": 109}, "TestRange": {"className": "TestRange", "members": {"py/set": ["MAPPER"]}, "methods": {"testDefaultBoundTypeBothBoundTypesClosed": {"memberReferences": {"py/set": ["MAPPER"]}, "methodName": "testDefaultBoundTypeBothBoundTypesClosed", "methodReferences": {"py/set": []}, "py/object": "JavaParserVisitor.MethodInfo"}, "testDefaultBoundTypeBothBoundTypesClosedWithOpenConfigured": {"memberReferences": {"py/set": []}, "methodName": "testDefaultBoundTypeBothBoundTypesClosedWithOpenConfigured", "methodReferences": {"py/set": []}, "py/object": "JavaParserVisitor.MethodInfo"}, "testDefaultBoundTypeBothBoundTypesOpen": {"memberReferences": {"py/set": ["MAPPER"]}, "methodName": "testDefaultBoundTypeBothBoundTypesOpen", "methodReferences": {"py/set": []}, "py/object": "JavaParserVisitor.MethodInfo"}, "testDefaultBoundTypeBothBoundTypesOpenWithClosedConfigured": {"memberReferences": {"py/set": []}, "methodName": "testDefaultBoundTypeBothBoundTypesOpenWithClosedConfigured", "methodReferences": {"py/set": []}, "py/object": "JavaParserVisitor.MethodInfo"}, "testDefaultBoundTypeNoBoundTypeInformed": {"memberReferences": {"py/set": ["MAPPER"]}, "methodName": "testDefaultBoundTypeNoBoundTypeInformed", "methodReferences": {"py/set": []}, "py/object": "JavaParserVisitor.MethodInfo"}, "testDefaultBoundTypeNoBoundTypeInformedWithClosedConfigured": {"memberReferences": {"py/set": []}, "methodName": "testDefaultBoundTypeNoBoundTypeInformedWithClosedConfigured", "methodReferences": {"py/set": []}, "py/object": "JavaParserVisitor.MethodInfo"}, "testDefaultBoundTypeOnlyLowerBoundTypeInformed": {"memberReferences": {"py/set": ["MAPPER"]}, "methodName": "testDefaultBoundTypeOnlyLowerBoundTypeInformed", "methodReferences": {"py/set": []}, "py/object": "JavaParserVisitor.MethodInfo"}, "testDefaultBoundTypeOnlyLowerBoundTypeInformedWithClosedConfigured": {"memberReferences": {"py/set": []}, "methodName": "testDefaultBoundTypeOnlyLowerBoundTypeInformedWithClosedConfigured", "methodReferences": {"py/set": []}, "py/object": "JavaParserVisitor.MethodInfo"}, "testDefaultBoundTypeOnlyUpperBoundTypeInformed": {"memberReferences": {"py/set": ["MAPPER"]}, "methodName": "testDefaultBoundTypeOnlyUpperBoundTypeInformed", "methodReferences": {"py/set": []}, "py/object": "JavaParserVisitor.MethodInfo"}, "testDefaultBoundTypeOnlyUpperBoundTypeInformedWithClosedConfigured": {"memberReferences": {"py/set": []}, "methodName": "testDefaultBoundTypeOnlyUpperBoundTypeInformedWithClosedConfigured", "methodReferences": {"py/set": []}, "py/object": "JavaParserVisitor.MethodInfo"}, "testDeserialization": {"memberReferences": {"py/set": ["MAPPER"]}, "methodName": "testDeserialization", "methodReferences": {"py/set": []}, "py/object": "JavaParserVisitor.MethodInfo"}, "testSerialization": {"memberReferences": {"py/set": []}, "methodName": "testSerialization", "methodReferences": {"py/set": []}, "py/object": "JavaParserVisitor.MethodInfo"}, "testSerializationWithoutModule": {"memberReferences": {"py/set": []}, "methodName": "testSerializationWithoutModule", "methodReferences": {"py/set": []}, "py/object": "JavaParserVisitor.MethodInfo"}, "testSerializationWrapped": {"memberReferences": {"py/set": []}, "methodName": "testSerializationWrapped", "methodReferences": {"py/set": []}, "py/object": "JavaParserVisitor.MethodInfo"}, "testUntyped": {"memberReferences": {"py/set": ["MAPPER"]}, "methodName": "testUntyped", "methodReferences": {"py/set": []}, "py/object": "JavaParserVisitor.MethodInfo"}, "testWrappedSerialization": {"memberReferences": {"py/set": ["MAPPER"]}, "methodName": "testWrappedSerialization", "methodReferences": {"py/set": ["testSerializationWrapped"]}, "py/object": "JavaParserVisitor.MethodInfo"}}, "possibleFather": "ModuleTestBase", "py/object": "JavaParserVisitor.ClassInfo", "span": 233}, "TestVersions": {"className": "TestVersions", "members": {"py/set": []}, "methods": {"assertVersion": {"memberReferences": {"py/set": []}, "methodName": "assertVersion", "methodReferences": {"py/set": []}, "py/object": "JavaParserVisitor.MethodInfo"}, "testMapperVersions": {"memberReferences": {"py/set": []}, "methodName": "testMapperVersions", "methodReferences": {"py/set": ["assertVersion"]}, "py/object": "JavaParserVisitor.MethodInfo"}, "testPackageVersion": {"memberReferences": {"py/set": []}, "methodName": "testPackageVersion", "methodReferences": {"py/set": []}, "py/object": "JavaParserVisitor.MethodInfo"}}, "possibleFather": "ModuleTestBase", "py/object": "JavaParserVisitor.ClassInfo", "span": 24}, "TopLevel": {"className": "TopLevel", "members": {"py/set": ["values"]}, "methods": {}, "possibleFather": "", "py/object": "JavaParserVisitor.ClassInfo", "span": 2}, "TreeMultisetDeserializer": {"className": "TreeMultisetDeserializer", "members": {"py/set": ["serialVersionUID"]}, "methods": {"TreeMultisetDeserializer": {"memberReferences": {"py/set": []}, "methodName": "TreeMultisetDeserializer", "methodReferences": {"py/set": []}, "py/object": "JavaParserVisitor.MethodInfo"}, "createMultiset": {"memberReferences": {"py/set": []}, "methodName": "createMultiset", "methodReferences": {"py/set": []}, "py/object": "JavaParserVisitor.MethodInfo"}, "withResolved": {"memberReferences": {"py/set": []}, "methodName": "withResolved", "methodReferences": {"py/set": []}, "py/object": "JavaParserVisitor.MethodInfo"}}, "possibleFather": "GuavaMultisetDeserializer<TreeMultiset<Object>>", "py/object": "JavaParserVisitor.ClassInfo", "span": 19}, "Unit": {"className": "Unit", "members": {"py/set": ["baseUnit"]}, "methods": {"Unit": {"memberReferences": {"py/set": ["baseUnit"]}, "methodName": "Unit", "methodReferences": {"py/set": []}, "py/object": "JavaParserVisitor.MethodInfo"}, "link": {"memberReferences": {"py/set": ["baseUnit"]}, "methodName": "link", "methodReferences": {"py/set": []}, "py/object": "JavaParserVisitor.MethodInfo"}}, "possibleFather": "", "py/object": "JavaParserVisitor.ClassInfo", "span": 9}, "Untyped": {"className": "Untyped", "members": {"py/set": ["range"]}, "methods": {"Untyped": {"memberReferences": {"py/set": ["range"]}, "methodName": "Untyped", "methodReferences": {"py/set": []}, "py/object": "JavaParserVisitor.MethodInfo"}}, "possibleFather": "", "py/object": "JavaParserVisitor.ClassInfo", "span": 6}, "UpperCasingSerializer": {"className": "UpperCasingSerializer", "members": {"py/set": []}, "methods": {"UpperCasingSerializer": {"memberReferences": {"py/set": []}, "methodName": "UpperCasingSerializer", "methodReferences": {"py/set": []}, "py/object": "JavaParserVisitor.MethodInfo"}, "serialize": {"memberReferences": {"py/set": []}, "methodName": "serialize", "methodReferences": {"py/set": []}, "py/object": "JavaParserVisitor.MethodInfo"}}, "possibleFather": "StdScalarSerializer<String>", "py/object": "JavaParserVisitor.ClassInfo", "span": 7}, "ValueHolder": {"className": "ValueHolder", "members": {"py/set": ["value"]}, "methods": {}, "possibleFather": "", "py/object": "JavaParserVisitor.ClassInfo", "span": 2}, "VisitorWrapper": {"className": "VisitorWrapper", "members": {"py/set": ["baseName", "serializerProvider", "traversedProperties"]}, "methods": {"VisitorWrapper": {"memberReferences": {"py/set": ["baseName", "serializerProvider", "traversedProperties"]}, "methodName": "VisitorWrapper", "methodReferences": {"py/set": []}, "py/object": "JavaParserVisitor.MethodInfo"}, "anyProperty": {"memberReferences": {"py/set": ["baseName", "serializerProvider", "traversedProperties"]}, "methodName": "anyProperty", "methodReferences": {"py/set": ["createSubtraverser"]}, "py/object": "JavaParserVisitor.MethodInfo"}, "createSubtraverser": {"memberReferences": {"py/set": ["serializerProvider", "traversedProperties"]}, "methodName": "createSubtraverser", "methodReferences": {"py/set": ["getProvider"]}, "py/object": "JavaParserVisitor.MethodInfo"}, "expectAnyFormat": {"memberReferences": {"py/set": []}, "methodName": "expectAnyFormat", "methodReferences": {"py/set": []}, "py/object": "JavaParserVisitor.MethodInfo"}, "expectArrayFormat": {"memberReferences": {"py/set": ["baseName", "serializerProvider", "traversedProperties"]}, "methodName": "expectArrayFormat", "methodReferences": {"py/set": ["createSubtraverser"]}, "py/object": "JavaParserVisitor.MethodInfo"}, "expectBooleanFormat": {"memberReferences": {"py/set": []}, "methodName": "expectBooleanFormat", "methodReferences": {"py/set": []}, "py/object": "JavaParserVisitor.MethodInfo"}, "expectIntegerFormat": {"memberReferences": {"py/set": []}, "methodName": "expectIntegerFormat", "methodReferences": {"py/set": []}, "py/object": "JavaParserVisitor.MethodInfo"}, "expectMapFormat": {"memberReferences": {"py/set": ["serializerProvider"]}, "methodName": "expectMapFormat", "methodReferences": {"py/set": []}, "py/object": "JavaParserVisitor.MethodInfo"}, "expectNullFormat": {"memberReferences": {"py/set": []}, "methodName": "expectNullFormat", "methodReferences": {"py/set": []}, "py/object": "JavaParserVisitor.MethodInfo"}, "expectNumberFormat": {"memberReferences": {"py/set": []}, "methodName": "expectNumberFormat", "methodReferences": {"py/set": []}, "py/object": "JavaParserVisitor.MethodInfo"}, "expectObjectFormat": {"memberReferences": {"py/set": ["serializerProvider"]}, "methodName": "expectObjectFormat", "methodReferences": {"py/set": []}, "py/object": "JavaParserVisitor.MethodInfo"}, "expectStringFormat": {"memberReferences": {"py/set": []}, "methodName": "expectStringFormat", "methodReferences": {"py/set": []}, "py/object": "JavaParserVisitor.MethodInfo"}, "getProvider": {"memberReferences": {"py/set": ["serializerProvider"]}, "methodName": "getProvider", "methodReferences": {"py/set": []}, "py/object": "JavaParserVisitor.MethodInfo"}, "getTraversedProperties": {"memberReferences": {"py/set": ["traversedProperties"]}, "methodName": "getTraversedProperties", "methodReferences": {"py/set": []}, "py/object": "JavaParserVisitor.MethodInfo"}, "optionalProperty": {"memberReferences": {"py/set": ["baseName", "serializerProvider", "traversedProperties"]}, "methodName": "optionalProperty", "methodReferences": {"py/set": ["anyProperty"]}, "py/object": "JavaParserVisitor.MethodInfo"}, "property": {"memberReferences": {"py/set": ["baseName", "serializerProvider", "traversedProperties"]}, "methodName": "property", "methodReferences": {"py/set": ["anyProperty"]}, "py/object": "JavaParserVisitor.MethodInfo"}, "setProvider": {"memberReferences": {"py/set": ["serializerProvider"]}, "methodName": "setProvider", "methodReferences": {"py/set": []}, "py/object": "JavaParserVisitor.MethodInfo"}}, "possibleFather": "", "py/object": "JavaParserVisitor.ClassInfo", "span": 90}, "Wrapped": {"className": "Wrapped", "members": {"py/set": ["r"]}, "methods": {"Wrapped": {"memberReferences": {"py/set": ["r"]}, "methodName": "Wrapped", "methodReferences": {"py/set": []}, "py/object": "JavaParserVisitor.MethodInfo"}}, "possibleFather": "", "py/object": "JavaParserVisitor.ClassInfo", "span": 4}}