{"SCOM": {"py/object": "Statistics.InterestingStatistics", "classValues": [{"py/tuple": [1, 2]}, {"py/tuple": [1.0, 45]}, {"py/tuple": [0.0, 24]}, {"py/tuple": [1, 3]}, {"py/tuple": [1, 3]}, {"py/tuple": [1, 6]}, {"py/tuple": [1, 1]}, {"py/tuple": [1, 2]}, {"py/tuple": [1.0, 71]}, {"py/tuple": [0.0, 20]}, {"py/tuple": [1, 0]}, {"py/tuple": [1, 1]}, {"py/tuple": [1, 2]}, {"py/tuple": [1, 2]}, {"py/tuple": [1, 5]}, {"py/tuple": [1, 1]}, {"py/tuple": [0.0, 32]}, {"py/tuple": [1, 3]}, {"py/tuple": [1, 13]}, {"py/tuple": [0.03571428571428571, 116]}, {"py/tuple": [0.047619047619047616, 249]}, {"py/tuple": [0.0, 60]}, {"py/tuple": [0.0, 61]}, {"py/tuple": [0.06666666666666667, 122]}, {"py/tuple": [0.011904761904761904, 83]}, {"py/tuple": [0.08928571428571429, 154]}, {"py/tuple": [0.0, 53]}, {"py/tuple": [0.0, 31]}, {"py/tuple": [0.44047619047619047, 126]}, {"py/tuple": [0.4353479853479855, 323]}, {"py/tuple": [0.0, 78]}, {"py/tuple": [1, 19]}, {"py/tuple": [0.0, 29]}, {"py/tuple": [0.0, 11]}, {"py/tuple": [0.0, 22]}, {"py/tuple": [0.0, 24]}, {"py/tuple": [0.0, 20]}, {"py/tuple": [1, 6]}, {"py/tuple": [0.0, 29]}, {"py/tuple": [0.0, 31]}, {"py/tuple": [0.0, 14]}, {"py/tuple": [0.0, 26]}, {"py/tuple": [0.0, 18]}, {"py/tuple": [1.0, 35]}, {"py/tuple": [0.0, 16]}, {"py/tuple": [0.0, 19]}, {"py/tuple": [0.0, 24]}, {"py/tuple": [0.0, 19]}, {"py/tuple": [0.0, 27]}, {"py/tuple": [0.0, 11]}, {"py/tuple": [1, 3]}, {"py/tuple": [0.0, 39]}, {"py/tuple": [0.0, 24]}, {"py/tuple": [0.0, 16]}, {"py/tuple": [0.0, 24]}, {"py/tuple": [0.0, 7]}, {"py/tuple": [0.0, 35]}, {"py/tuple": [1.0, 45]}, {"py/tuple": [1, 7]}, {"py/tuple": [1, 2]}, {"py/tuple": [0.2734065934065935, 370]}, {"py/tuple": [0.13043478260869565, 295]}, {"py/tuple": [1, 1]}, {"py/tuple": [1, 1]}, {"py/tuple": [1, 2]}, {"py/tuple": [1, 118]}, {"py/tuple": [1, 24]}, {"py/tuple": [1, 4]}, {"py/tuple": [0.13392857142857142, 167]}, {"py/tuple": [0.0812215724496426, 162]}, {"py/tuple": [0.5714285714285714, 125]}, {"py/tuple": [0.0, 17]}, {"py/tuple": [0.0, 142]}, {"py/tuple": [0.09545454545454546, 209]}, {"py/tuple": [0.01818181818181818, 221]}, {"py/tuple": [0.025, 287]}, {"py/tuple": [0.0, 109]}, {"py/tuple": [0.6, 109]}, {"py/tuple": [0.23333333333333334, 233]}, {"py/tuple": [0.0, 24]}, {"py/tuple": [1, 2]}, {"py/tuple": [0.0, 19]}, {"py/tuple": [1.0, 9]}, {"py/tuple": [1, 6]}, {"py/tuple": [0.0, 7]}, {"py/tuple": [1, 2]}, {"py/tuple": [0.3333333333333335, 90]}, {"py/tuple": [1, 4]}]}, "LSCC": {"py/object": "Statistics.InterestingStatistics", "classValues": [{"py/tuple": [1, 2]}, {"py/tuple": [1.0, 45]}, {"py/tuple": [0, 24]}, {"py/tuple": [1, 3]}, {"py/tuple": [1, 3]}, {"py/tuple": [1, 6]}, {"py/tuple": [1, 1]}, {"py/tuple": [1, 2]}, {"py/tuple": [1.0, 71]}, {"py/tuple": [0.0, 20]}, {"py/tuple": [1, 0]}, {"py/tuple": [1, 1]}, {"py/tuple": [1, 2]}, {"py/tuple": [1, 2]}, {"py/tuple": [1, 5]}, {"py/tuple": [1, 1]}, {"py/tuple": [0.0, 32]}, {"py/tuple": [1, 3]}, {"py/tuple": [1, 13]}, {"py/tuple": [0.023809523809523808, 116]}, {"py/tuple": [0.047619047619047616, 249]}, {"py/tuple": [0.0, 60]}, {"py/tuple": [0, 61]}, {"py/tuple": [0.05, 122]}, {"py/tuple": [0.011904761904761904, 83]}, {"py/tuple": [0.07738095238095238, 154]}, {"py/tuple": [0.0, 53]}, {"py/tuple": [0.0, 31]}, {"py/tuple": [0.2261904761904762, 126]}, {"py/tuple": [0.2692307692307692, 323]}, {"py/tuple": [0, 78]}, {"py/tuple": [1, 19]}, {"py/tuple": [0.0, 29]}, {"py/tuple": [0.0, 11]}, {"py/tuple": [0.0, 22]}, {"py/tuple": [0, 24]}, {"py/tuple": [0.0, 20]}, {"py/tuple": [1, 6]}, {"py/tuple": [0.0, 29]}, {"py/tuple": [0.0, 31]}, {"py/tuple": [0, 14]}, {"py/tuple": [0.0, 26]}, {"py/tuple": [0, 18]}, {"py/tuple": [1.0, 35]}, {"py/tuple": [0.0, 16]}, {"py/tuple": [0.0, 19]}, {"py/tuple": [0, 24]}, {"py/tuple": [0.0, 19]}, {"py/tuple": [0.0, 27]}, {"py/tuple": [0.0, 11]}, {"py/tuple": [1, 3]}, {"py/tuple": [0.0, 39]}, {"py/tuple": [0, 24]}, {"py/tuple": [0.0, 16]}, {"py/tuple": [0, 24]}, {"py/tuple": [0, 7]}, {"py/tuple": [0, 35]}, {"py/tuple": [1.0, 45]}, {"py/tuple": [1, 7]}, {"py/tuple": [1, 2]}, {"py/tuple": [0.14285714285714285, 370]}, {"py/tuple": [0.13043478260869565, 295]}, {"py/tuple": [1, 1]}, {"py/tuple": [1, 1]}, {"py/tuple": [1, 2]}, {"py/tuple": [1, 118]}, {"py/tuple": [1, 24]}, {"py/tuple": [1, 4]}, {"py/tuple": [0.0625, 167]}, {"py/tuple": [0.022092267706302793, 162]}, {"py/tuple": [0.38095238095238093, 125]}, {"py/tuple": [0.0, 17]}, {"py/tuple": [0.0, 142]}, {"py/tuple": [0.02727272727272727, 209]}, {"py/tuple": [0.01818181818181818, 221]}, {"py/tuple": [0.025, 287]}, {"py/tuple": [0.0, 109]}, {"py/tuple": [0.6, 109]}, {"py/tuple": [0.23333333333333334, 233]}, {"py/tuple": [0, 24]}, {"py/tuple": [1, 2]}, {"py/tuple": [0.0, 19]}, {"py/tuple": [1.0, 9]}, {"py/tuple": [1, 6]}, {"py/tuple": [0, 7]}, {"py/tuple": [1, 2]}, {"py/tuple": [0.18627450980392157, 90]}, {"py/tuple": [1, 4]}]}, "CC": {"py/object": "Statistics.InterestingStatistics", "classValues": [{"py/tuple": [1, 2]}, {"py/tuple": [1.0, 45]}, {"py/tuple": [1, 24]}, {"py/tuple": [1, 3]}, {"py/tuple": [1, 3]}, {"py/tuple": [1, 6]}, {"py/tuple": [1, 1]}, {"py/tuple": [1, 2]}, {"py/tuple": [1.0, 71]}, {"py/tuple": [0.0, 20]}, {"py/tuple": [1, 0]}, {"py/tuple": [1, 1]}, {"py/tuple": [1, 2]}, {"py/tuple": [1, 2]}, {"py/tuple": [1, 5]}, {"py/tuple": [1, 1]}, {"py/tuple": [0.0, 32]}, {"py/tuple": [1, 3]}, {"py/tuple": [1, 13]}, {"py/tuple": [0.031746031746031744, 116]}, {"py/tuple": [0.047619047619047616, 249]}, {"py/tuple": [0.0, 60]}, {"py/tuple": [1, 61]}, {"py/tuple": [0.05, 122]}, {"py/tuple": [0.03571428571428571, 83]}, {"py/tuple": [0.09285714285714286, 154]}, {"py/tuple": [0.0, 53]}, {"py/tuple": [0.0, 31]}, {"py/tuple": [0.3333333333333333, 126]}, {"py/tuple": [0.31224053724053735, 323]}, {"py/tuple": [1, 78]}, {"py/tuple": [1, 19]}, {"py/tuple": [0.0, 29]}, {"py/tuple": [0.0, 11]}, {"py/tuple": [0.0, 22]}, {"py/tuple": [1, 24]}, {"py/tuple": [0.0, 20]}, {"py/tuple": [1, 6]}, {"py/tuple": [0.0, 29]}, {"py/tuple": [0.0, 31]}, {"py/tuple": [1, 14]}, {"py/tuple": [0.0, 26]}, {"py/tuple": [1, 18]}, {"py/tuple": [1.0, 35]}, {"py/tuple": [0.0, 16]}, {"py/tuple": [0.0, 19]}, {"py/tuple": [1, 24]}, {"py/tuple": [0.0, 19]}, {"py/tuple": [0.0, 27]}, {"py/tuple": [0.0, 11]}, {"py/tuple": [1, 3]}, {"py/tuple": [0.0, 39]}, {"py/tuple": [1, 24]}, {"py/tuple": [0.0, 16]}, {"py/tuple": [1, 24]}, {"py/tuple": [1, 7]}, {"py/tuple": [1, 35]}, {"py/tuple": [1.0, 45]}, {"py/tuple": [1, 7]}, {"py/tuple": [1, 2]}, {"py/tuple": [0.20559916274201986, 370]}, {"py/tuple": [0.13043478260869565, 295]}, {"py/tuple": [1, 1]}, {"py/tuple": [1, 1]}, {"py/tuple": [1, 2]}, {"py/tuple": [1, 118]}, {"py/tuple": [1, 24]}, {"py/tuple": [1, 4]}, {"py/tuple": [0.08333333333333333, 167]}, {"py/tuple": [0.13230994152046785, 162]}, {"py/tuple": [0.5238095238095238, 125]}, {"py/tuple": [0.0, 17]}, {"py/tuple": [0.0, 142]}, {"py/tuple": [0.07987012987012986, 209]}, {"py/tuple": [0.01818181818181818, 221]}, {"py/tuple": [0.05, 287]}, {"py/tuple": [0.0, 109]}, {"py/tuple": [0.6, 109]}, {"py/tuple": [0.23333333333333334, 233]}, {"py/tuple": [1, 24]}, {"py/tuple": [1, 2]}, {"py/tuple": [0.0, 19]}, {"py/tuple": [1.0, 9]}, {"py/tuple": [1, 6]}, {"py/tuple": [1, 7]}, {"py/tuple": [1, 2]}, {"py/tuple": [0.22181372549019596, 90]}, {"py/tuple": [1, 4]}]}, "LCOM5": {"py/object": "Statistics.InterestingStatistics", "classValues": [{"py/tuple": [0, 2]}, {"py/tuple": [0.0, 45]}, {"py/tuple": [0, 24]}, {"py/tuple": [0.0, 3]}, {"py/tuple": [0.0, 3]}, {"py/tuple": [0.0, 6]}, {"py/tuple": [0, 1]}, {"py/tuple": [0, 2]}, {"py/tuple": [0.0, 71]}, {"py/tuple": [1.0, 20]}, {"py/tuple": [0, 0]}, {"py/tuple": [0, 1]}, {"py/tuple": [0, 2]}, {"py/tuple": [0, 2]}, {"py/tuple": [1.0, 5]}, {"py/tuple": [0, 1]}, {"py/tuple": [1.0, 32]}, {"py/tuple": [0.0, 3]}, {"py/tuple": [0, 13]}, {"py/tuple": [0.8214285714285714, 116]}, {"py/tuple": [0.7142857142857143, 249]}, {"py/tuple": [1.0, 60]}, {"py/tuple": [0, 61]}, {"py/tuple": [0.7083333333333333, 122]}, {"py/tuple": [0.8333333333333334, 83]}, {"py/tuple": [0.6875, 154]}, {"py/tuple": [1.0, 53]}, {"py/tuple": [1.0, 31]}, {"py/tuple": [0.5714285714285714, 126]}, {"py/tuple": [0.4945054945054945, 323]}, {"py/tuple": [0, 78]}, {"py/tuple": [0, 19]}, {"py/tuple": [1.0, 29]}, {"py/tuple": [1.0, 11]}, {"py/tuple": [0.5, 22]}, {"py/tuple": [0, 24]}, {"py/tuple": [1.0, 20]}, {"py/tuple": [0.0, 6]}, {"py/tuple": [1.0, 29]}, {"py/tuple": [0.5, 31]}, {"py/tuple": [0, 14]}, {"py/tuple": [1.0, 26]}, {"py/tuple": [0, 18]}, {"py/tuple": [0.0, 35]}, {"py/tuple": [1.0, 16]}, {"py/tuple": [1.0, 19]}, {"py/tuple": [0, 24]}, {"py/tuple": [1.0, 19]}, {"py/tuple": [1.0, 27]}, {"py/tuple": [1.0, 11]}, {"py/tuple": [0.0, 3]}, {"py/tuple": [0.6666666666666667, 39]}, {"py/tuple": [0, 24]}, {"py/tuple": [1.0, 16]}, {"py/tuple": [0, 24]}, {"py/tuple": [0, 7]}, {"py/tuple": [0, 35]}, {"py/tuple": [0.0, 45]}, {"py/tuple": [1.0, 7]}, {"py/tuple": [0, 2]}, {"py/tuple": [0.6571428571428571, 370]}, {"py/tuple": [0.625, 295]}, {"py/tuple": [0, 1]}, {"py/tuple": [0, 1]}, {"py/tuple": [0, 2]}, {"py/tuple": [0, 118]}, {"py/tuple": [0, 24]}, {"py/tuple": [0, 4]}, {"py/tuple": [0.75, 167]}, {"py/tuple": [0.8771929824561404, 162]}, {"py/tuple": [0.4285714285714286, 125]}, {"py/tuple": [1.0, 17]}, {"py/tuple": [0.5, 142]}, {"py/tuple": [0.8295454545454546, 209]}, {"py/tuple": [0.8181818181818181, 221]}, {"py/tuple": [0.875, 287]}, {"py/tuple": [1.0, 109]}, {"py/tuple": [0.19999999999999996, 109]}, {"py/tuple": [0.5, 233]}, {"py/tuple": [0, 24]}, {"py/tuple": [0, 2]}, {"py/tuple": [1.0, 19]}, {"py/tuple": [0.0, 9]}, {"py/tuple": [0.0, 6]}, {"py/tuple": [0, 7]}, {"py/tuple": [0, 2]}, {"py/tuple": [0.5686274509803921, 90]}, {"py/tuple": [0.0, 4]}]}, "CBAMU": {"py/object": "Statistics.InterestingStatistics", "classValues": [{"py/tuple": [0.0, 2]}, {"py/tuple": [0.5, 45]}, {"py/tuple": [0.0, 24]}, {"py/tuple": [0.5, 3]}, {"py/tuple": [0.5, 3]}, {"py/tuple": [0.5, 6]}, {"py/tuple": [0.0, 1]}, {"py/tuple": [0.0, 2]}, {"py/tuple": [0.5, 71]}, {"py/tuple": [0.0, 20]}, {"py/tuple": [0.0, 0]}, {"py/tuple": [0.0, 1]}, {"py/tuple": [0.0, 2]}, {"py/tuple": [0.0, 2]}, {"py/tuple": [0.0, 5]}, {"py/tuple": [0.0, 1]}, {"py/tuple": [0.0, 32]}, {"py/tuple": [0.5, 3]}, {"py/tuple": [0.0, 13]}, {"py/tuple": [0.125, 116]}, {"py/tuple": [0.15476190476190477, 249]}, {"py/tuple": [0.08333333333333333, 60]}, {"py/tuple": [0.08333333333333333, 61]}, {"py/tuple": [0.17916666666666667, 122]}, {"py/tuple": [0.08333333333333333, 83]}, {"py/tuple": [0.1919642857142857, 154]}, {"py/tuple": [0.08333333333333333, 53]}, {"py/tuple": [0.0, 31]}, {"py/tuple": [0.25, 126]}, {"py/tuple": [0.2976190476190476, 323]}, {"py/tuple": [0.041666666666666664, 78]}, {"py/tuple": [0.0, 19]}, {"py/tuple": [0.0, 29]}, {"py/tuple": [0.0, 11]}, {"py/tuple": [0.25, 22]}, {"py/tuple": [0.0, 24]}, {"py/tuple": [0.0, 20]}, {"py/tuple": [0.5, 6]}, {"py/tuple": [0.0, 29]}, {"py/tuple": [0.25, 31]}, {"py/tuple": [0.0, 14]}, {"py/tuple": [0.0, 26]}, {"py/tuple": [0.0, 18]}, {"py/tuple": [0.5, 35]}, {"py/tuple": [0.0, 16]}, {"py/tuple": [0.0, 19]}, {"py/tuple": [0.0, 24]}, {"py/tuple": [0.0, 19]}, {"py/tuple": [0.0, 27]}, {"py/tuple": [0.0, 11]}, {"py/tuple": [0.5, 3]}, {"py/tuple": [0.16666666666666666, 39]}, {"py/tuple": [0.0, 24]}, {"py/tuple": [0.0, 16]}, {"py/tuple": [0.0, 24]}, {"py/tuple": [0.0, 7]}, {"py/tuple": [0.0, 35]}, {"py/tuple": [0.5, 45]}, {"py/tuple": [0.0, 7]}, {"py/tuple": [0.0, 2]}, {"py/tuple": [0.2043956043956044, 370]}, {"py/tuple": [0.1875, 295]}, {"py/tuple": [0.0, 1]}, {"py/tuple": [0.0, 1]}, {"py/tuple": [0.0, 2]}, {"py/tuple": [0.0, 118]}, {"py/tuple": [0.0, 24]}, {"py/tuple": [0.0, 4]}, {"py/tuple": [0.1607142857142857, 167]}, {"py/tuple": [0.11403508771929824, 162]}, {"py/tuple": [0.3333333333333333, 125]}, {"py/tuple": [0.0, 17]}, {"py/tuple": [0.25, 142]}, {"py/tuple": [0.09886363636363636, 209]}, {"py/tuple": [0.09090909090909091, 221]}, {"py/tuple": [0.075, 287]}, {"py/tuple": [0.0, 109]}, {"py/tuple": [0.47500000000000003, 109]}, {"py/tuple": [0.2520833333333333, 233]}, {"py/tuple": [0.08333333333333333, 24]}, {"py/tuple": [0.0, 2]}, {"py/tuple": [0.0, 19]}, {"py/tuple": [0.5, 9]}, {"py/tuple": [0.5, 6]}, {"py/tuple": [0.0, 7]}, {"py/tuple": [0.0, 2]}, {"py/tuple": [0.23590686274509806, 90]}, {"py/tuple": [0.5, 4]}]}}