{"SCOM": {"py/object": "Statistics.InterestingStatistics", "classValues": [{"py/tuple": [1, 20]}, {"py/tuple": [1, 7]}, {"py/tuple": [1, 4]}, {"py/tuple": [0.611111111111111, 50]}, {"py/tuple": [1, 20]}, {"py/tuple": [1, 3]}, {"py/tuple": [1, 31]}, {"py/tuple": [1, 9]}, {"py/tuple": [1, 3]}, {"py/tuple": [0.06666666666666667, 84]}, {"py/tuple": [1, 5]}, {"py/tuple": [0.0, 29]}, {"py/tuple": [0.7777777777777778, 59]}, {"py/tuple": [1, 5]}, {"py/tuple": [0.0, 43]}, {"py/tuple": [0.0, 47]}, {"py/tuple": [1, 12]}, {"py/tuple": [1, 1]}, {"py/tuple": [1, 7]}, {"py/tuple": [1.0, 50]}, {"py/tuple": [0.8412698412698412, 119]}, {"py/tuple": [1, 1]}, {"py/tuple": [1, 10]}, {"py/tuple": [1, 5]}, {"py/tuple": [1, 11]}, {"py/tuple": [1, 12]}]}, "LSCC": {"py/object": "Statistics.InterestingStatistics", "classValues": [{"py/tuple": [1, 20]}, {"py/tuple": [1, 7]}, {"py/tuple": [1, 4]}, {"py/tuple": [0.3888888888888889, 50]}, {"py/tuple": [1, 20]}, {"py/tuple": [1, 3]}, {"py/tuple": [1, 31]}, {"py/tuple": [1, 9]}, {"py/tuple": [1, 3]}, {"py/tuple": [0.03333333333333333, 84]}, {"py/tuple": [1, 5]}, {"py/tuple": [0.0, 29]}, {"py/tuple": [0.3888888888888889, 59]}, {"py/tuple": [1, 5]}, {"py/tuple": [0, 43]}, {"py/tuple": [0.0, 47]}, {"py/tuple": [1, 12]}, {"py/tuple": [1, 1]}, {"py/tuple": [1, 7]}, {"py/tuple": [1.0, 50]}, {"py/tuple": [0.5873015873015873, 119]}, {"py/tuple": [1, 1]}, {"py/tuple": [1, 10]}, {"py/tuple": [1, 5]}, {"py/tuple": [1, 11]}, {"py/tuple": [1, 12]}]}, "CC": {"py/object": "Statistics.InterestingStatistics", "classValues": [{"py/tuple": [1, 20]}, {"py/tuple": [1, 7]}, {"py/tuple": [1, 4]}, {"py/tuple": [0.5277777777777778, 50]}, {"py/tuple": [1, 20]}, {"py/tuple": [1, 3]}, {"py/tuple": [1, 31]}, {"py/tuple": [1, 9]}, {"py/tuple": [1, 3]}, {"py/tuple": [0.05, 84]}, {"py/tuple": [1, 5]}, {"py/tuple": [0.0, 29]}, {"py/tuple": [0.5555555555555555, 59]}, {"py/tuple": [1, 5]}, {"py/tuple": [1, 43]}, {"py/tuple": [0.0, 47]}, {"py/tuple": [1, 12]}, {"py/tuple": [1, 1]}, {"py/tuple": [1, 7]}, {"py/tuple": [1.0, 50]}, {"py/tuple": [0.7142857142857141, 119]}, {"py/tuple": [1, 1]}, {"py/tuple": [1, 10]}, {"py/tuple": [1, 5]}, {"py/tuple": [1, 11]}, {"py/tuple": [1, 12]}]}, "LCOM5": {"py/object": "Statistics.InterestingStatistics", "classValues": [{"py/tuple": [0, 20]}, {"py/tuple": [0, 7]}, {"py/tuple": [0, 4]}, {"py/tuple": [0.41666666666666663, 50]}, {"py/tuple": [0.6666666666666667, 20]}, {"py/tuple": [0, 3]}, {"py/tuple": [0.0, 31]}, {"py/tuple": [0, 9]}, {"py/tuple": [0, 3]}, {"py/tuple": [0.8, 84]}, {"py/tuple": [0, 5]}, {"py/tuple": [1.0, 29]}, {"py/tuple": [0.41666666666666663, 59]}, {"py/tuple": [0, 5]}, {"py/tuple": [0, 43]}, {"py/tuple": [0.95, 47]}, {"py/tuple": [0, 12]}, {"py/tuple": [0, 1]}, {"py/tuple": [0, 7]}, {"py/tuple": [0.0, 50]}, {"py/tuple": [0.2857142857142857, 119]}, {"py/tuple": [0, 1]}, {"py/tuple": [0.0, 10]}, {"py/tuple": [0, 5]}, {"py/tuple": [0.0, 11]}, {"py/tuple": [0, 12]}]}, "CBAMU": {"py/object": "Statistics.InterestingStatistics", "classValues": [{"py/tuple": [0.0, 20]}, {"py/tuple": [0.0, 7]}, {"py/tuple": [0.0, 4]}, {"py/tuple": [0.2916666666666667, 50]}, {"py/tuple": [0.16666666666666666, 20]}, {"py/tuple": [0.0, 3]}, {"py/tuple": [0.5, 31]}, {"py/tuple": [0.0, 9]}, {"py/tuple": [0.0, 3]}, {"py/tuple": [0.1, 84]}, {"py/tuple": [0.0, 5]}, {"py/tuple": [0.25, 29]}, {"py/tuple": [0.2916666666666667, 59]}, {"py/tuple": [0.0, 5]}, {"py/tuple": [0.0, 43]}, {"py/tuple": [0.025, 47]}, {"py/tuple": [0.0, 12]}, {"py/tuple": [0.0, 1]}, {"py/tuple": [0.0, 7]}, {"py/tuple": [0.525, 50]}, {"py/tuple": [0.35714285714285715, 119]}, {"py/tuple": [0.0, 1]}, {"py/tuple": [0.5, 10]}, {"py/tuple": [0.0, 5]}, {"py/tuple": [0.5, 11]}, {"py/tuple": [0.0, 12]}]}}